Writing log to /Users/yuntsy/My/Projects/Java/WebAnalyzer/output/tai-e.log
java.version: 17.0.11
java.version.date: 2024-04-16
java.runtime.version: 17.0.11+7-LTS-207
java.vendor: Oracle Corporation
java.vendor.version: null
os.name: Mac OS X
os.version: 26.3
os.arch: aarch64
Tai-e Version: 0.5.1
Manifest does not contain Tai-e commit information
Tai-e Commit: Unknown
Writing analysis plan to /Users/yuntsy/My/Projects/Java/WebAnalyzer/output/tai-e-plan.yml
WorldBuilder starts ...
Warning: main class was not given!
27984 classes with 243001 methods in the world
WorldBuilder finishes, elapsed time: 22.52s
ir-dumper starts ...
Dumping IR in /Users/yuntsy/My/Projects/Java/WebAnalyzer/output/tir
13740 classes in scope (APP) of class analyses
ir-dumper finishes, elapsed time: 12.41s
routerAnalysis starts ...
Router analysis started at: 2026-02-28 21:31:53
Router analysis completed at: 2026-02-28 21:31:53 (Duration: 17ms)
routerAnalysis finishes, elapsed time: 0.02s
beanAnalysis starts ...
beanAnalysis finishes, elapsed time: 0.02s
injectPointsAnalysis starts ...
injectPointsAnalysis finishes, elapsed time: 0.01s
aspectAnalysis starts ...
Starting AOP aspect analysis...
aspectAnalysis finishes, elapsed time: 0.01s
resultAnalysis starts ...
============================================================
                 Spring Analysis Result Summary             
============================================================
Router Methods (Endpoints)     : 327
Spring Beans                   : 168
Aspect Methods (Advice)        : 1
============================================================
resultAnalysis finishes, elapsed time: 0.00s
srfaAnalysis starts ...
SRFA Analysis started at: 2026-02-28 21:31:53
Loaded 48 controller classes from RouterAnalysis
Discovering mapper paths from 28 appClassPath entries
Auto-discovered 74 mapper path(s)
  - /Users/yuntsy/My/Graduate/Data/final/jeesite5/modules/app/src/main/resources/mappings/modules/app
  - /Users/yuntsy/My/Graduate/Data/final/jeesite5/modules/cms/src/main/resources/mappings/modules/cms
  - /Users/yuntsy/My/Graduate/Data/final/jeesite5/modules/core/src/main/resources/config
  - /Users/yuntsy/My/Graduate/Data/final/jeesite5/modules/core/src/main/resources/templates/modules/gen
  - /Users/yuntsy/My/Graduate/Data/final/jeesite5/modules/core/src/main/resources/templates/modules/gen/app
  - /Users/yuntsy/My/Graduate/Data/final/jeesite5/modules/core/src/main/resources/templates/modules/gen/module_vue
  - /Users/yuntsy/My/Graduate/Data/final/jeesite5/modules/core/src/main/resources/templates/modules/gen/module_vue/api
  - /Users/yuntsy/My/Graduate/Data/final/jeesite5/modules/core/src/main/resources/templates/modules/gen/module_vue/views
  - /Users/yuntsy/My/Graduate/Data/final/jeesite5/modules/core/src/main/resources/templates/modules/gen/module
  - /Users/yuntsy/My/Graduate/Data/final/jeesite5/modules/core/src/main/resources/templates/modules/gen/module/bin
  - /Users/yuntsy/My/Graduate/Data/final/jeesite5/modules/core/src/main/resources/templates/modules/gen/module/db
  - /Users/yuntsy/My/Graduate/Data/final/jeesite5/modules/core/src/main/resources/templates/modules/gen/module/src/main/resources
  - /Users/yuntsy/My/Graduate/Data/final/jeesite5/modules/core/src/main/resources/templates/modules/gen/module/src/main/resources/config
  - /Users/yuntsy/My/Graduate/Data/final/jeesite5/modules/core/src/main/resources/templates/modules/gen/module/src/main/resources/static
  - /Users/yuntsy/My/Graduate/Data/final/jeesite5/modules/core/src/main/resources/templates/modules/gen/module/src/main/resources/db
  - /Users/yuntsy/My/Graduate/Data/final/jeesite5/modules/core/src/main/resources/templates/modules/gen/module/src/main/java
  - /Users/yuntsy/My/Graduate/Data/final/jeesite5/modules/core/src/main/resources/templates/modules/gen/vue
  - /Users/yuntsy/My/Graduate/Data/final/jeesite5/modules/core/src/main/resources/templates/modules/gen/module_cloud
  - /Users/yuntsy/My/Graduate/Data/final/jeesite5/modules/core/src/main/resources/templates/modules/gen/module_cloud/web
  - /Users/yuntsy/My/Graduate/Data/final/jeesite5/modules/core/src/main/resources/templates/modules/gen/module_cloud/web/bin
  - /Users/yuntsy/My/Graduate/Data/final/jeesite5/modules/core/src/main/resources/templates/modules/gen/module_cloud/web/bin/docker
  - /Users/yuntsy/My/Graduate/Data/final/jeesite5/modules/core/src/main/resources/templates/modules/gen/module_cloud/web/db
  - /Users/yuntsy/My/Graduate/Data/final/jeesite5/modules/core/src/main/resources/templates/modules/gen/module_cloud/web/src/main/resources/config
  - /Users/yuntsy/My/Graduate/Data/final/jeesite5/modules/core/src/main/resources/templates/modules/gen/module_cloud/web/src/main/resources/static
  - /Users/yuntsy/My/Graduate/Data/final/jeesite5/modules/core/src/main/resources/templates/modules/gen/module_cloud/web/src/main/webapp/WEB-INF
  - /Users/yuntsy/My/Graduate/Data/final/jeesite5/modules/core/src/main/resources/templates/modules/gen/module_cloud/web/src/main/java
  - /Users/yuntsy/My/Graduate/Data/final/jeesite5/modules/core/src/main/resources/templates/modules/gen/module_cloud/client
  - /Users/yuntsy/My/Graduate/Data/final/jeesite5/modules/core/src/main/resources/templates/modules/gen/module_cloud/client/bin
  - /Users/yuntsy/My/Graduate/Data/final/jeesite5/modules/core/src/main/resources/templates/modules/gen/module_cloud/client/src/main/java
  - /Users/yuntsy/My/Graduate/Data/final/jeesite5/modules/core/src/main/resources/templates/modules/gen/crud_cloud
  - /Users/yuntsy/My/Graduate/Data/final/jeesite5/modules/core/src/main/resources/templates/modules/gen/crud
  - /Users/yuntsy/My/Graduate/Data/final/jeesite5/modules/core/src/main/resources/templates/modules/gen/query
  - /Users/yuntsy/My/Graduate/Data/final/jeesite5/modules/core/src/main/resources/mappings/modules/biz
  - /Users/yuntsy/My/Graduate/Data/final/jeesite5/modules/core/src/main/resources/mappings/modules/msg
  - /Users/yuntsy/My/Graduate/Data/final/jeesite5/modules/core/src/main/resources/mappings/modules/sys
  - /Users/yuntsy/My/Graduate/Data/final/jeesite5/modules/test/src/main/resources/mappings/modules/test
  - /Users/yuntsy/My/Graduate/Data/final/jeesite5/web/src/main/resources/config
  - /Users/yuntsy/My/Graduate/Data/final/jeesite5/web-ai/web-ai-cms/src/main/resources/config
  - /Users/yuntsy/My/Graduate/Data/final/jeesite5/web-ai/web-ai-mcp/src/main/resources/config
  - /Users/yuntsy/My/Graduate/Data/final/jeesite5/web-api/src/main/resources/config
  - /Users/yuntsy/My/Graduate/Data/final/jeesite5/web-fast/src/main/resources/config
  - /Users/yuntsy/My/Graduate/Data/final/jeesite5/web-mini/src/main/resources/config
  - /var/folders/n9/gm62bg6x77xgx7pk8ttb_v640000gn/T/srfa-mapper-cache/jakarta_servlet-api-4_0_4_1592488715000/META-INF/maven/jakarta.servlet/jakarta.servlet-api
  - /var/folders/n9/gm62bg6x77xgx7pk8ttb_v640000gn/T/srfa-mapper-cache/javax_servlet-api-4_0_1_1532351392000/META-INF/maven/javax.servlet/javax.servlet-api
  - /var/folders/n9/gm62bg6x77xgx7pk8ttb_v640000gn/T/srfa-mapper-cache/spring-web-6_2_1_1733996318000/META-INF
  - /var/folders/n9/gm62bg6x77xgx7pk8ttb_v640000gn/T/srfa-mapper-cache/spring-jdbc-6_2_0_1731602316000/org/springframework/jdbc/support
  - /var/folders/n9/gm62bg6x77xgx7pk8ttb_v640000gn/T/srfa-mapper-cache/jakarta_servlet-api-6_0_0_1720887509497/META-INF/maven/jakarta.servlet/jakarta.servlet-api
  - /var/folders/n9/gm62bg6x77xgx7pk8ttb_v640000gn/T/srfa-mapper-cache/spring-context-6_2_0_1731602337000/org/springframework/remoting/rmi
  - /var/folders/n9/gm62bg6x77xgx7pk8ttb_v640000gn/T/srfa-mapper-cache/mybatis-3_4_6_1520782006000/META-INF/maven/ognl/ognl
  - /var/folders/n9/gm62bg6x77xgx7pk8ttb_v640000gn/T/srfa-mapper-cache/mybatis-3_4_6_1520782006000/META-INF/maven/org.javassist/javassist
  - /var/folders/n9/gm62bg6x77xgx7pk8ttb_v640000gn/T/srfa-mapper-cache/mybatis-3_4_6_1520782006000/META-INF/maven/org.mybatis/mybatis
  - /var/folders/n9/gm62bg6x77xgx7pk8ttb_v640000gn/T/srfa-mapper-cache/tomcat-catalina-10_1_18_1704467231000/org/apache/catalina
  - /var/folders/n9/gm62bg6x77xgx7pk8ttb_v640000gn/T/srfa-mapper-cache/tomcat-catalina-10_1_18_1704467231000/org/apache/catalina/core
  - /var/folders/n9/gm62bg6x77xgx7pk8ttb_v640000gn/T/srfa-mapper-cache/tomcat-catalina-10_1_18_1704467231000/org/apache/catalina/valves
  - /var/folders/n9/gm62bg6x77xgx7pk8ttb_v640000gn/T/srfa-mapper-cache/tomcat-catalina-10_1_18_1704467231000/org/apache/catalina/valves/rewrite
  - /var/folders/n9/gm62bg6x77xgx7pk8ttb_v640000gn/T/srfa-mapper-cache/tomcat-catalina-10_1_18_1704467231000/org/apache/catalina/mbeans
  - /var/folders/n9/gm62bg6x77xgx7pk8ttb_v640000gn/T/srfa-mapper-cache/tomcat-catalina-10_1_18_1704467231000/org/apache/catalina/deploy
  - /var/folders/n9/gm62bg6x77xgx7pk8ttb_v640000gn/T/srfa-mapper-cache/tomcat-catalina-10_1_18_1704467231000/org/apache/catalina/mapper
  - /var/folders/n9/gm62bg6x77xgx7pk8ttb_v640000gn/T/srfa-mapper-cache/tomcat-catalina-10_1_18_1704467231000/org/apache/catalina/webresources
  - /var/folders/n9/gm62bg6x77xgx7pk8ttb_v640000gn/T/srfa-mapper-cache/tomcat-catalina-10_1_18_1704467231000/org/apache/catalina/loader
  - /var/folders/n9/gm62bg6x77xgx7pk8ttb_v640000gn/T/srfa-mapper-cache/tomcat-catalina-10_1_18_1704467231000/org/apache/catalina/users
  - /var/folders/n9/gm62bg6x77xgx7pk8ttb_v640000gn/T/srfa-mapper-cache/tomcat-catalina-10_1_18_1704467231000/org/apache/catalina/connector
  - /var/folders/n9/gm62bg6x77xgx7pk8ttb_v640000gn/T/srfa-mapper-cache/tomcat-catalina-10_1_18_1704467231000/org/apache/catalina/authenticator
  - /var/folders/n9/gm62bg6x77xgx7pk8ttb_v640000gn/T/srfa-mapper-cache/tomcat-catalina-10_1_18_1704467231000/org/apache/catalina/startup
  - /var/folders/n9/gm62bg6x77xgx7pk8ttb_v640000gn/T/srfa-mapper-cache/tomcat-catalina-10_1_18_1704467231000/org/apache/catalina/realm
  - /var/folders/n9/gm62bg6x77xgx7pk8ttb_v640000gn/T/srfa-mapper-cache/tomcat-catalina-10_1_18_1704467231000/org/apache/catalina/session
  - /var/folders/n9/gm62bg6x77xgx7pk8ttb_v640000gn/T/srfa-mapper-cache/mybatis-3_5_15_1702536962000/META-INF/maven/ognl/ognl
  - /var/folders/n9/gm62bg6x77xgx7pk8ttb_v640000gn/T/srfa-mapper-cache/mybatis-3_5_15_1702536962000/META-INF/maven/org.javassist/javassist
  - /var/folders/n9/gm62bg6x77xgx7pk8ttb_v640000gn/T/srfa-mapper-cache/mybatis-3_5_15_1702536962000/META-INF/maven/org.mybatis/mybatis
  - /var/folders/n9/gm62bg6x77xgx7pk8ttb_v640000gn/T/srfa-mapper-cache/shiro-web-1_13_0_1699061658000/META-INF/maven/org.apache.shiro/shiro-web
  - /var/folders/n9/gm62bg6x77xgx7pk8ttb_v640000gn/T/srfa-mapper-cache/shiro-core-1_13_0_1699061656000/META-INF/maven/org.apache.shiro/shiro-core
  - /var/folders/n9/gm62bg6x77xgx7pk8ttb_v640000gn/T/srfa-mapper-cache/quartz-2_3_2_1571857751000
  - /var/folders/n9/gm62bg6x77xgx7pk8ttb_v640000gn/T/srfa-mapper-cache/quartz-2_3_2_1571857751000/org/quartz/impl/jdbcjobstore
  - /var/folders/n9/gm62bg6x77xgx7pk8ttb_v640000gn/T/srfa-mapper-cache/quartz-2_3_2_1571857751000/META-INF/maven/org.quartz-scheduler/quartz
Using 74 mapper search path(s):
  - /Users/yuntsy/My/Graduate/Data/final/jeesite5/modules/app/src/main/resources/mappings/modules/app
  - /Users/yuntsy/My/Graduate/Data/final/jeesite5/modules/cms/src/main/resources/mappings/modules/cms
  - /Users/yuntsy/My/Graduate/Data/final/jeesite5/modules/core/src/main/resources/config
  - /Users/yuntsy/My/Graduate/Data/final/jeesite5/modules/core/src/main/resources/templates/modules/gen
  - /Users/yuntsy/My/Graduate/Data/final/jeesite5/modules/core/src/main/resources/templates/modules/gen/app
  - /Users/yuntsy/My/Graduate/Data/final/jeesite5/modules/core/src/main/resources/templates/modules/gen/module_vue
  - /Users/yuntsy/My/Graduate/Data/final/jeesite5/modules/core/src/main/resources/templates/modules/gen/module_vue/api
  - /Users/yuntsy/My/Graduate/Data/final/jeesite5/modules/core/src/main/resources/templates/modules/gen/module_vue/views
  - /Users/yuntsy/My/Graduate/Data/final/jeesite5/modules/core/src/main/resources/templates/modules/gen/module
  - /Users/yuntsy/My/Graduate/Data/final/jeesite5/modules/core/src/main/resources/templates/modules/gen/module/bin
  - /Users/yuntsy/My/Graduate/Data/final/jeesite5/modules/core/src/main/resources/templates/modules/gen/module/db
  - /Users/yuntsy/My/Graduate/Data/final/jeesite5/modules/core/src/main/resources/templates/modules/gen/module/src/main/resources
  - /Users/yuntsy/My/Graduate/Data/final/jeesite5/modules/core/src/main/resources/templates/modules/gen/module/src/main/resources/config
  - /Users/yuntsy/My/Graduate/Data/final/jeesite5/modules/core/src/main/resources/templates/modules/gen/module/src/main/resources/static
  - /Users/yuntsy/My/Graduate/Data/final/jeesite5/modules/core/src/main/resources/templates/modules/gen/module/src/main/resources/db
  - /Users/yuntsy/My/Graduate/Data/final/jeesite5/modules/core/src/main/resources/templates/modules/gen/module/src/main/java
  - /Users/yuntsy/My/Graduate/Data/final/jeesite5/modules/core/src/main/resources/templates/modules/gen/vue
  - /Users/yuntsy/My/Graduate/Data/final/jeesite5/modules/core/src/main/resources/templates/modules/gen/module_cloud
  - /Users/yuntsy/My/Graduate/Data/final/jeesite5/modules/core/src/main/resources/templates/modules/gen/module_cloud/web
  - /Users/yuntsy/My/Graduate/Data/final/jeesite5/modules/core/src/main/resources/templates/modules/gen/module_cloud/web/bin
  - /Users/yuntsy/My/Graduate/Data/final/jeesite5/modules/core/src/main/resources/templates/modules/gen/module_cloud/web/bin/docker
  - /Users/yuntsy/My/Graduate/Data/final/jeesite5/modules/core/src/main/resources/templates/modules/gen/module_cloud/web/db
  - /Users/yuntsy/My/Graduate/Data/final/jeesite5/modules/core/src/main/resources/templates/modules/gen/module_cloud/web/src/main/resources/config
  - /Users/yuntsy/My/Graduate/Data/final/jeesite5/modules/core/src/main/resources/templates/modules/gen/module_cloud/web/src/main/resources/static
  - /Users/yuntsy/My/Graduate/Data/final/jeesite5/modules/core/src/main/resources/templates/modules/gen/module_cloud/web/src/main/webapp/WEB-INF
  - /Users/yuntsy/My/Graduate/Data/final/jeesite5/modules/core/src/main/resources/templates/modules/gen/module_cloud/web/src/main/java
  - /Users/yuntsy/My/Graduate/Data/final/jeesite5/modules/core/src/main/resources/templates/modules/gen/module_cloud/client
  - /Users/yuntsy/My/Graduate/Data/final/jeesite5/modules/core/src/main/resources/templates/modules/gen/module_cloud/client/bin
  - /Users/yuntsy/My/Graduate/Data/final/jeesite5/modules/core/src/main/resources/templates/modules/gen/module_cloud/client/src/main/java
  - /Users/yuntsy/My/Graduate/Data/final/jeesite5/modules/core/src/main/resources/templates/modules/gen/crud_cloud
  - /Users/yuntsy/My/Graduate/Data/final/jeesite5/modules/core/src/main/resources/templates/modules/gen/crud
  - /Users/yuntsy/My/Graduate/Data/final/jeesite5/modules/core/src/main/resources/templates/modules/gen/query
  - /Users/yuntsy/My/Graduate/Data/final/jeesite5/modules/core/src/main/resources/mappings/modules/biz
  - /Users/yuntsy/My/Graduate/Data/final/jeesite5/modules/core/src/main/resources/mappings/modules/msg
  - /Users/yuntsy/My/Graduate/Data/final/jeesite5/modules/core/src/main/resources/mappings/modules/sys
  - /Users/yuntsy/My/Graduate/Data/final/jeesite5/modules/test/src/main/resources/mappings/modules/test
  - /Users/yuntsy/My/Graduate/Data/final/jeesite5/web/src/main/resources/config
  - /Users/yuntsy/My/Graduate/Data/final/jeesite5/web-ai/web-ai-cms/src/main/resources/config
  - /Users/yuntsy/My/Graduate/Data/final/jeesite5/web-ai/web-ai-mcp/src/main/resources/config
  - /Users/yuntsy/My/Graduate/Data/final/jeesite5/web-api/src/main/resources/config
  - /Users/yuntsy/My/Graduate/Data/final/jeesite5/web-fast/src/main/resources/config
  - /Users/yuntsy/My/Graduate/Data/final/jeesite5/web-mini/src/main/resources/config
  - /var/folders/n9/gm62bg6x77xgx7pk8ttb_v640000gn/T/srfa-mapper-cache/jakarta_servlet-api-4_0_4_1592488715000/META-INF/maven/jakarta.servlet/jakarta.servlet-api
  - /var/folders/n9/gm62bg6x77xgx7pk8ttb_v640000gn/T/srfa-mapper-cache/javax_servlet-api-4_0_1_1532351392000/META-INF/maven/javax.servlet/javax.servlet-api
  - /var/folders/n9/gm62bg6x77xgx7pk8ttb_v640000gn/T/srfa-mapper-cache/spring-web-6_2_1_1733996318000/META-INF
  - /var/folders/n9/gm62bg6x77xgx7pk8ttb_v640000gn/T/srfa-mapper-cache/spring-jdbc-6_2_0_1731602316000/org/springframework/jdbc/support
  - /var/folders/n9/gm62bg6x77xgx7pk8ttb_v640000gn/T/srfa-mapper-cache/jakarta_servlet-api-6_0_0_1720887509497/META-INF/maven/jakarta.servlet/jakarta.servlet-api
  - /var/folders/n9/gm62bg6x77xgx7pk8ttb_v640000gn/T/srfa-mapper-cache/spring-context-6_2_0_1731602337000/org/springframework/remoting/rmi
  - /var/folders/n9/gm62bg6x77xgx7pk8ttb_v640000gn/T/srfa-mapper-cache/mybatis-3_4_6_1520782006000/META-INF/maven/ognl/ognl
  - /var/folders/n9/gm62bg6x77xgx7pk8ttb_v640000gn/T/srfa-mapper-cache/mybatis-3_4_6_1520782006000/META-INF/maven/org.javassist/javassist
  - /var/folders/n9/gm62bg6x77xgx7pk8ttb_v640000gn/T/srfa-mapper-cache/mybatis-3_4_6_1520782006000/META-INF/maven/org.mybatis/mybatis
  - /var/folders/n9/gm62bg6x77xgx7pk8ttb_v640000gn/T/srfa-mapper-cache/tomcat-catalina-10_1_18_1704467231000/org/apache/catalina
  - /var/folders/n9/gm62bg6x77xgx7pk8ttb_v640000gn/T/srfa-mapper-cache/tomcat-catalina-10_1_18_1704467231000/org/apache/catalina/core
  - /var/folders/n9/gm62bg6x77xgx7pk8ttb_v640000gn/T/srfa-mapper-cache/tomcat-catalina-10_1_18_1704467231000/org/apache/catalina/valves
  - /var/folders/n9/gm62bg6x77xgx7pk8ttb_v640000gn/T/srfa-mapper-cache/tomcat-catalina-10_1_18_1704467231000/org/apache/catalina/valves/rewrite
  - /var/folders/n9/gm62bg6x77xgx7pk8ttb_v640000gn/T/srfa-mapper-cache/tomcat-catalina-10_1_18_1704467231000/org/apache/catalina/mbeans
  - /var/folders/n9/gm62bg6x77xgx7pk8ttb_v640000gn/T/srfa-mapper-cache/tomcat-catalina-10_1_18_1704467231000/org/apache/catalina/deploy
  - /var/folders/n9/gm62bg6x77xgx7pk8ttb_v640000gn/T/srfa-mapper-cache/tomcat-catalina-10_1_18_1704467231000/org/apache/catalina/mapper
  - /var/folders/n9/gm62bg6x77xgx7pk8ttb_v640000gn/T/srfa-mapper-cache/tomcat-catalina-10_1_18_1704467231000/org/apache/catalina/webresources
  - /var/folders/n9/gm62bg6x77xgx7pk8ttb_v640000gn/T/srfa-mapper-cache/tomcat-catalina-10_1_18_1704467231000/org/apache/catalina/loader
  - /var/folders/n9/gm62bg6x77xgx7pk8ttb_v640000gn/T/srfa-mapper-cache/tomcat-catalina-10_1_18_1704467231000/org/apache/catalina/users
  - /var/folders/n9/gm62bg6x77xgx7pk8ttb_v640000gn/T/srfa-mapper-cache/tomcat-catalina-10_1_18_1704467231000/org/apache/catalina/connector
  - /var/folders/n9/gm62bg6x77xgx7pk8ttb_v640000gn/T/srfa-mapper-cache/tomcat-catalina-10_1_18_1704467231000/org/apache/catalina/authenticator
  - /var/folders/n9/gm62bg6x77xgx7pk8ttb_v640000gn/T/srfa-mapper-cache/tomcat-catalina-10_1_18_1704467231000/org/apache/catalina/startup
  - /var/folders/n9/gm62bg6x77xgx7pk8ttb_v640000gn/T/srfa-mapper-cache/tomcat-catalina-10_1_18_1704467231000/org/apache/catalina/realm
  - /var/folders/n9/gm62bg6x77xgx7pk8ttb_v640000gn/T/srfa-mapper-cache/tomcat-catalina-10_1_18_1704467231000/org/apache/catalina/session
  - /var/folders/n9/gm62bg6x77xgx7pk8ttb_v640000gn/T/srfa-mapper-cache/mybatis-3_5_15_1702536962000/META-INF/maven/ognl/ognl
  - /var/folders/n9/gm62bg6x77xgx7pk8ttb_v640000gn/T/srfa-mapper-cache/mybatis-3_5_15_1702536962000/META-INF/maven/org.javassist/javassist
  - /var/folders/n9/gm62bg6x77xgx7pk8ttb_v640000gn/T/srfa-mapper-cache/mybatis-3_5_15_1702536962000/META-INF/maven/org.mybatis/mybatis
  - /var/folders/n9/gm62bg6x77xgx7pk8ttb_v640000gn/T/srfa-mapper-cache/shiro-web-1_13_0_1699061658000/META-INF/maven/org.apache.shiro/shiro-web
  - /var/folders/n9/gm62bg6x77xgx7pk8ttb_v640000gn/T/srfa-mapper-cache/shiro-core-1_13_0_1699061656000/META-INF/maven/org.apache.shiro/shiro-core
  - /var/folders/n9/gm62bg6x77xgx7pk8ttb_v640000gn/T/srfa-mapper-cache/quartz-2_3_2_1571857751000
  - /var/folders/n9/gm62bg6x77xgx7pk8ttb_v640000gn/T/srfa-mapper-cache/quartz-2_3_2_1571857751000/org/quartz/impl/jdbcjobstore
  - /var/folders/n9/gm62bg6x77xgx7pk8ttb_v640000gn/T/srfa-mapper-cache/quartz-2_3_2_1571857751000/META-INF/maven/org.quartz-scheduler/quartz
Parsed 8 MyBatis mapper files
Parsed 8 MyBatis mapper files
  Mapper namespace: com.jeesite.modules.cms.dao.ArticleDao
    Operation: id=updateExpiredWeight, type=update, hasDollar=true
      Risky var: ${{_prefix}}
    Operation: id=updateHitsAddOne, type=update, hasDollar=true
      Risky var: ${{_prefix}}
    Operation: id=findList, type=select, hasDollar=true
      Risky var: ${{sqlMap.column.toSql()}}
      Risky var: ${{sqlMap.table.toSql()}}
      Risky var: ${{_prefix}}
      Risky var: ${{sqlMap.where.toSql()}}
      Risky var: ${{sqlMap.order.toSql()}}
    Operation: id=getHits, type=select, hasDollar=true
      Risky var: ${{_prefix}}
  Mapper namespace: com.jeesite.modules.msg.dao.MsgInnerDao
    Operation: id=findList, type=select, hasDollar=true
      Risky var: ${{sqlMap.column.toSql()}}
      Risky var: ${{sqlMap.table.toSql()}}
      Risky var: ${{_prefix}}
      Risky var: ${{sqlMap.where.toSql()}}
      Risky var: ${{sqlMap.order.toSql()}}
  Mapper namespace: com.jeesite.modules.msg.dao.MsgInnerRecordDao
    Operation: id=updateReadStatus, type=update, hasDollar=true
      Risky var: ${{_prefix}}
  Mapper namespace: com.jeesite.modules.sys.dao.LogDao
    Operation: id=deleteLogBefore, type=delete, hasDollar=true
      Risky var: ${{_prefix}}
  Mapper namespace: com.jeesite.modules.sys.dao.EmpUserDao
    Operation: id=findList, type=select, hasDollar=true
      Risky var: ${{sqlMap.column.toSql()}}
      Risky var: ${{sqlMap.table.toSql()}}
      Risky var: ${{_prefix}}
      Risky var: ${{_prefix}}
      Risky var: ${{sqlMap.where.toSql()}}
      Risky var: ${{_prefix}}
      Risky var: ${{sqlMap.order.toSql()}}
    Operation: id=findUserList, type=select, hasDollar=true
      Risky var: ${{_prefix}}
    Operation: id=findUserListByOfficeCodes, type=select, hasDollar=true
      Risky var: ${{_prefix}}
      Risky var: ${{_prefix}}
      Risky var: ${{_prefix}}
    Operation: id=findUserListByCompanyCodes, type=select, hasDollar=true
      Risky var: ${{_prefix}}
      Risky var: ${{_prefix}}
      Risky var: ${{_prefix}}
    Operation: id=findUserListByRoleCodes, type=select, hasDollar=true
      Risky var: ${{_prefix}}
      Risky var: ${{_prefix}}
      Risky var: ${{_prefix}}
    Operation: id=findUserListByPostCodes, type=select, hasDollar=true
      Risky var: ${{_prefix}}
      Risky var: ${{_prefix}}
      Risky var: ${{_prefix}}
      Risky var: ${{_prefix}}
  Mapper namespace: com.jeesite.modules.sys.dao.PostDao
    Operation: id=findList, type=select, hasDollar=true
      Risky var: ${{sqlMap.column.toSql()}}
      Risky var: ${{sqlMap.table.toSql()}}
      Risky var: ${{_prefix}}
      Risky var: ${{_prefix}}
      Risky var: ${{_prefix}}
      Risky var: ${{sqlMap.where.toSql()}}
      Risky var: ${{sqlMap.group.toGroupSql()}}
      Risky var: ${{sqlMap.order.toOrderSql()}}
  Mapper namespace: com.jeesite.modules.sys.dao.OfficeDao
    Operation: id=findList, type=select, hasDollar=true
      Risky var: ${{sqlMap.column.toSql()}}
      Risky var: ${{sqlMap.table.toSql()}}
      Risky var: ${{_prefix}}
      Risky var: ${{_prefix}}
      Risky var: ${{sqlMap.where.toSql()}}
      Risky var: ${{sqlMap.order.toSql()}}
  Mapper namespace: com.jeesite.modules.test.dao.TestDataDao
    Operation: id=findListForMap, type=select, hasDollar=true
      Risky var: ${{page.orderBy}}
Collected 7 write field names from INSERT/UPDATE operations
Extracted 573 source metadata entries (before filtering)
Resolving 8 mapper namespaces...
  Namespace resolve: com.jeesite.modules.cms.dao.ArticleDao -> com.jeesite.modules.cms.dao.ArticleDao
  Namespace resolve: com.jeesite.modules.msg.dao.MsgInnerDao -> com.jeesite.modules.msg.dao.MsgInnerDao
  Namespace resolve: com.jeesite.modules.msg.dao.MsgInnerRecordDao -> com.jeesite.modules.msg.dao.MsgInnerRecordDao
  Namespace resolve: com.jeesite.modules.sys.dao.LogDao -> com.jeesite.modules.sys.dao.LogDao
  Namespace resolve: com.jeesite.modules.sys.dao.EmpUserDao -> com.jeesite.modules.sys.dao.EmpUserDao
  Namespace resolve: com.jeesite.modules.sys.dao.PostDao -> com.jeesite.modules.sys.dao.PostDao
  Namespace resolve: com.jeesite.modules.sys.dao.OfficeDao -> com.jeesite.modules.sys.dao.OfficeDao
  Namespace resolve: com.jeesite.modules.test.dao.TestDataDao -> com.jeesite.modules.test.dao.TestDataDao
Extracted 11 sink metadata entries (deduplicated, before risk filtering)
Sources: 573 generated, 0 filtered, 0 deduplicated
Sinks: 11 generated (risky), 0 filtered (safe), 0 deduplicated
  Note: 'risky' means uses string concatenation ($), 'safe' means uses prepared statement (#)
Written taint config to: output/taint-config-generated.yml
  Sources: 573 (SRFA param) + framework call sources
  Sinks: 11 (SRFA) + common predefined sinks
  Transfers: standard set included
SRFA Analysis completed at: 2026-02-28 21:31:53 (Duration: 333ms)
srfaAnalysis finishes, elapsed time: 0.33s
pta starts ...
Loading taint config from /Users/yuntsy/My/Projects/Java/WebAnalyzer/output/taint-config-generated.yml
Cannot find source method '<org.springframework.security.core.context.SecurityContextHolder: org.springframework.security.core.context.SecurityContext getContext()>'
Cannot find source method '<org.springframework.security.core.context.SecurityContext: org.springframework.security.core.Authentication getAuthentication()>'
Cannot find source method '<org.springframework.security.core.Authentication: java.lang.Object getPrincipal()>'
Cannot find source method '<org.springframework.security.core.Authentication: java.lang.Object getDetails()>'
Cannot find source method '<org.springframework.security.core.Authentication: java.lang.String getName()>'
Cannot find source method '<org.springframework.security.core.Authentication: java.util.Collection getAuthorities()>'
Cannot find source method '<org.springframework.security.core.userdetails.UserDetails: java.lang.String getUsername()>'
Cannot find source method '<javax.servlet.http.HttpServletRequest: java.lang.String getParameter(java.lang.String)>'
Cannot find source method '<javax.servlet.http.HttpServletRequest: java.lang.Object getAttribute(java.lang.String)>'
Cannot find source method '<java.lang.InheritableThreadLocal: java.lang.Object get()>'
Cannot find sink method '<javax.persistence.EntityManager: javax.persistence.Query createQuery(java.lang.String)>'
Cannot find sink method '<javax.persistence.EntityManager: javax.persistence.Query createNativeQuery(java.lang.String)>'
Cannot find sink method '<javax.persistence.EntityManager: javax.persistence.Query createNativeQuery(java.lang.String,java.lang.Class)>'
Cannot find sink method '<org.hibernate.Session: org.hibernate.Query createQuery(java.lang.String)>'
Cannot find sink method '<org.hibernate.Session: org.hibernate.SQLQuery createSQLQuery(java.lang.String)>'
Cannot find sink method '<javax.servlet.ServletOutputStream: void write(byte[])>'
Cannot find sink method '<javax.servlet.jsp.JspWriter: void print(java.lang.String)>'
Cannot find sink method '<javax.servlet.jsp.JspWriter: void println(java.lang.String)>'
Cannot find sink method '<javax.servlet.jsp.JspWriter: void write(java.lang.String)>'
Cannot find sink method '<org.apache.http.client.HttpClient: org.apache.http.HttpResponse execute(org.apache.http.client.methods.HttpUriRequest)>'
Cannot find sink method '<org.springframework.web.client.RestTemplate: java.lang.Object getForObject(java.lang.String,java.lang.Class)>'
Cannot find sink method '<org.springframework.web.client.RestTemplate: org.springframework.http.ResponseEntity getForEntity(java.lang.String,java.lang.Class)>'
Cannot find sink method '<org.springframework.web.client.RestTemplate: java.lang.Object postForObject(java.lang.String,java.lang.Object,java.lang.Class)>'
Cannot find sink method '<org.springframework.web.client.RestTemplate: org.springframework.http.ResponseEntity exchange(java.lang.String,org.springframework.http.HttpMethod,org.springframework.http.HttpEntity,java.lang.Class)>'
Cannot find sink method '<org.springframework.ldap.core.LdapTemplate: java.util.List search(java.lang.String,java.lang.String,javax.naming.directory.SearchControls,org.springframework.ldap.core.AttributesMapper)>'
Cannot find sink method '<org.springframework.expression.ExpressionParser: org.springframework.expression.Expression parseExpression(java.lang.String)>'
Cannot find sink method '<org.springframework.expression.spel.standard.SpelExpressionParser: org.springframework.expression.Expression parseExpression(java.lang.String)>'
Cannot find sink method '<ognl.Ognl: java.lang.Object parseExpression(java.lang.String)>'
Cannot find sink method '<ognl.Ognl: java.lang.Object getValue(java.lang.String,java.lang.Object)>'
Cannot find sink method '<org.mvel2.MVEL: java.lang.Object eval(java.lang.String)>'
Cannot find sink method '<org.mvel2.MVEL: java.lang.Object eval(java.lang.String,java.lang.Object)>'
Cannot find sink method '<org.apache.commons.jexl3.JexlEngine: org.apache.commons.jexl3.JexlExpression createExpression(java.lang.String)>'
Cannot find sink method '<org.apache.commons.jexl3.JexlEngine: org.apache.commons.jexl3.JexlScript createScript(java.lang.String)>'
Cannot find sink method '<freemarker.template.Template: void <init>(java.lang.String,java.io.Reader)>'
Cannot find sink method '<org.apache.velocity.app.VelocityEngine: boolean evaluate(org.apache.velocity.context.Context,java.io.Writer,java.lang.String,java.lang.String)>'
Cannot find sink method '<com.alibaba.fastjson.JSON: java.lang.Object parse(java.lang.String)>'
Cannot find sink method '<com.alibaba.fastjson.JSON: java.lang.Object parseObject(java.lang.String)>'
Cannot find sink method '<com.alibaba.fastjson.JSON: java.lang.Object parseObject(java.lang.String,java.lang.Class)>'
Cannot find sink method '<com.fasterxml.jackson.databind.ObjectMapper: java.lang.Object readValue(java.lang.String,java.lang.Class)>'
Cannot find sink method '<org.yaml.snakeyaml.Yaml: java.lang.Object load(java.lang.String)>'
Cannot find sink method '<org.yaml.snakeyaml.Yaml: java.lang.Object load(java.io.InputStream)>'
Cannot find sink method '<org.apache.logging.log4j.Logger: void info(java.lang.String)>'
Cannot find sink method '<org.apache.logging.log4j.Logger: void warn(java.lang.String)>'
Cannot find sink method '<org.apache.logging.log4j.Logger: void error(java.lang.String)>'
Cannot find sink method '<org.apache.logging.log4j.Logger: void debug(java.lang.String)>'
Cannot find sink method '<org.apache.logging.log4j.Logger: void fatal(java.lang.String)>'
Cannot find sink method '<org.slf4j.Logger: void info(java.lang.String)>'
Cannot find sink method '<org.slf4j.Logger: void warn(java.lang.String)>'
Cannot find sink method '<org.slf4j.Logger: void error(java.lang.String)>'
Cannot find sink method '<org.slf4j.Logger: void debug(java.lang.String)>'
Cannot find sink method '<javax.servlet.http.HttpServletRequest: javax.servlet.RequestDispatcher getRequestDispatcher(java.lang.String)>'
Cannot find taint-transfer method '<java.util.LinkedHashMap: java.lang.Object put(java.lang.Object,java.lang.Object)>'
Cannot find taint-transfer method '<javax.servlet.http.HttpServletRequest: java.lang.String getParameter(java.lang.String)>'
Cannot find taint-transfer method '<javax.servlet.http.HttpServletRequest: java.lang.String[] getParameterValues(java.lang.String)>'
Cannot find taint-transfer method '<javax.servlet.http.HttpServletRequest: java.lang.String getRemoteAddr()>'
Cannot find taint-transfer method '<javax.servlet.http.HttpServletRequest: java.lang.Object getAttribute(java.lang.String)>'
Cannot find taint-transfer method '<org.springframework.security.core.context.SecurityContext: org.springframework.security.core.Authentication getAuthentication()>'
Cannot find taint-transfer method '<org.springframework.security.core.Authentication: java.lang.Object getPrincipal()>'
Cannot find taint-transfer method '<org.springframework.security.core.Authentication: java.lang.Object getDetails()>'
Cannot find taint-transfer method '<org.springframework.security.core.Authentication: java.lang.String getName()>'
Cannot find taint-transfer method '<org.springframework.security.core.Authentication: java.util.Collection getAuthorities()>'
Cannot find taint-transfer method '<org.springframework.security.core.userdetails.UserDetails: java.lang.String getUsername()>'
Cannot find taint-transfer method '<org.springframework.security.core.GrantedAuthority: java.lang.String getAuthority()>'
Cannot find taint-transfer method '<java.lang.InheritableThreadLocal: java.lang.Object get()>'
TaintConfig:
sources:
  - { kind: "param", method: "<com.jeesite.modules.ai.cms.web.CmsAiChatController: java.util.List message(java.lang.String)>", index: "0", type: "java.lang.String" }
  - { kind: "param", method: "<com.jeesite.modules.ai.cms.web.CmsAiChatController: java.lang.String save(java.lang.String,java.lang.String)>", index: "0", type: "java.lang.String" }
  - { kind: "param", method: "<com.jeesite.modules.ai.cms.web.CmsAiChatController: java.lang.String save(java.lang.String,java.lang.String)>", index: "1", type: "java.lang.String" }
  - { kind: "param", method: "<com.jeesite.modules.ai.cms.web.CmsAiChatController: java.lang.String delete(java.lang.String)>", index: "0", type: "java.lang.String" }
  - { kind: "param", method: "<com.jeesite.modules.ai.cms.web.CmsAiChatController: reactor.core.publisher.Flux stream(java.lang.String,java.lang.String,jakarta.servlet.http.HttpServletRequest)>", index: "0", type: "java.lang.String" }
  - { kind: "param", method: "<com.jeesite.modules.ai.cms.web.CmsAiChatController: reactor.core.publisher.Flux stream(java.lang.String,java.lang.String,jakarta.servlet.http.HttpServletRequest)>", index: "1", type: "java.lang.String" }
  - { kind: "param", method: "<com.jeesite.modules.ai.cms.web.CmsAiChatController: reactor.core.publisher.Flux stream(java.lang.String,java.lang.String,jakarta.servlet.http.HttpServletRequest)>", index: "2", type: "jakarta.servlet.http.HttpServletRequest" }
  - { kind: "param", method: "<com.jeesite.modules.ai.cms.web.CmsAiChatController: java.lang.String text(java.lang.String)>", index: "0", type: "java.lang.String" }
  - { kind: "param", method: "<com.jeesite.modules.ai.cms.web.CmsAiChatController: java.util.Map json(java.lang.String)>", index: "0", type: "java.lang.String" }
  - { kind: "param", method: "<com.jeesite.modules.ai.cms.web.CmsAiChatController: java.util.List entity(java.lang.String)>", index: "0", type: "java.lang.String" }
  - { kind: "param", method: "<com.jeesite.modules.app.web.AppUpgradeController: java.lang.String list(com.jeesite.modules.app.entity.AppUpgrade,org.springframework.ui.Model)>", index: "0", type: "com.jeesite.modules.app.entity.AppUpgrade" }
  - { kind: "param", method: "<com.jeesite.modules.app.web.AppUpgradeController: com.jeesite.common.entity.Page listData(com.jeesite.modules.app.entity.AppUpgrade,jakarta.servlet.http.HttpServletRequest,jakarta.servlet.http.HttpServletResponse)>", index: "0", type: "com.jeesite.modules.app.entity.AppUpgrade" }
  - { kind: "param", method: "<com.jeesite.modules.app.web.AppUpgradeController: com.jeesite.common.entity.Page listData(com.jeesite.modules.app.entity.AppUpgrade,jakarta.servlet.http.HttpServletRequest,jakarta.servlet.http.HttpServletResponse)>", index: "1", type: "jakarta.servlet.http.HttpServletRequest" }
  - { kind: "param", method: "<com.jeesite.modules.app.web.AppUpgradeController: com.jeesite.common.entity.Page listData(com.jeesite.modules.app.entity.AppUpgrade,jakarta.servlet.http.HttpServletRequest,jakarta.servlet.http.HttpServletResponse)>", index: "2", type: "jakarta.servlet.http.HttpServletResponse" }
  - { kind: "param", method: "<com.jeesite.modules.app.web.AppUpgradeController: java.lang.String form(com.jeesite.modules.app.entity.AppUpgrade,org.springframework.ui.Model)>", index: "0", type: "com.jeesite.modules.app.entity.AppUpgrade" }
  - { kind: "param", method: "<com.jeesite.modules.app.web.AppUpgradeController: java.lang.String save(com.jeesite.modules.app.entity.AppUpgrade)>", index: "0", type: "com.jeesite.modules.app.entity.AppUpgrade" }
  - { kind: "param", method: "<com.jeesite.modules.app.web.AppUpgradeController: java.lang.String disable(com.jeesite.modules.app.entity.AppUpgrade)>", index: "0", type: "com.jeesite.modules.app.entity.AppUpgrade" }
  - { kind: "param", method: "<com.jeesite.modules.app.web.AppUpgradeController: java.lang.String enable(com.jeesite.modules.app.entity.AppUpgrade)>", index: "0", type: "com.jeesite.modules.app.entity.AppUpgrade" }
  - { kind: "param", method: "<com.jeesite.modules.app.web.AppUpgradeController: java.lang.String delete(com.jeesite.modules.app.entity.AppUpgrade)>", index: "0", type: "com.jeesite.modules.app.entity.AppUpgrade" }
  - { kind: "param", method: "<com.jeesite.modules.app.web.AppPublicServiceController: java.lang.String upgradeCheck(java.lang.String,java.lang.Integer)>", index: "0", type: "java.lang.String" }
  - { kind: "param", method: "<com.jeesite.modules.app.web.AppPublicServiceController: java.lang.String upgradeCheck(java.lang.String,java.lang.Integer)>", index: "1", type: "java.lang.Integer" }
  - { kind: "param", method: "<com.jeesite.modules.app.web.AppPublicServiceController: java.lang.String commentSave(com.jeesite.modules.app.entity.AppComment)>", index: "0", type: "com.jeesite.modules.app.entity.AppComment" }
  - { kind: "param", method: "<com.jeesite.modules.app.web.AppCommentController: java.lang.String list(com.jeesite.modules.app.entity.AppComment,org.springframework.ui.Model)>", index: "0", type: "com.jeesite.modules.app.entity.AppComment" }
  - { kind: "param", method: "<com.jeesite.modules.app.web.AppCommentController: com.jeesite.common.entity.Page listData(com.jeesite.modules.app.entity.AppComment,jakarta.servlet.http.HttpServletRequest,jakarta.servlet.http.HttpServletResponse)>", index: "0", type: "com.jeesite.modules.app.entity.AppComment" }
  - { kind: "param", method: "<com.jeesite.modules.app.web.AppCommentController: com.jeesite.common.entity.Page listData(com.jeesite.modules.app.entity.AppComment,jakarta.servlet.http.HttpServletRequest,jakarta.servlet.http.HttpServletResponse)>", index: "1", type: "jakarta.servlet.http.HttpServletRequest" }
  - { kind: "param", method: "<com.jeesite.modules.app.web.AppCommentController: com.jeesite.common.entity.Page listData(com.jeesite.modules.app.entity.AppComment,jakarta.servlet.http.HttpServletRequest,jakarta.servlet.http.HttpServletResponse)>", index: "2", type: "jakarta.servlet.http.HttpServletResponse" }
  - { kind: "param", method: "<com.jeesite.modules.app.web.AppCommentController: java.lang.String form(com.jeesite.modules.app.entity.AppComment,org.springframework.ui.Model)>", index: "0", type: "com.jeesite.modules.app.entity.AppComment" }
  - { kind: "param", method: "<com.jeesite.modules.app.web.AppCommentController: java.lang.String save(com.jeesite.modules.app.entity.AppComment)>", index: "0", type: "com.jeesite.modules.app.entity.AppComment" }
  - { kind: "param", method: "<com.jeesite.modules.app.web.AppCommentController: java.lang.String disable(com.jeesite.modules.app.entity.AppComment)>", index: "0", type: "com.jeesite.modules.app.entity.AppComment" }
  - { kind: "param", method: "<com.jeesite.modules.app.web.AppCommentController: java.lang.String enable(com.jeesite.modules.app.entity.AppComment)>", index: "0", type: "com.jeesite.modules.app.entity.AppComment" }
  - { kind: "param", method: "<com.jeesite.modules.app.web.AppCommentController: java.lang.String delete(com.jeesite.modules.app.entity.AppComment)>", index: "0", type: "com.jeesite.modules.app.entity.AppComment" }
  - { kind: "param", method: "<com.jeesite.modules.cms.web.ReportController: java.lang.String list(com.jeesite.modules.cms.entity.Report,org.springframework.ui.Model)>", index: "0", type: "com.jeesite.modules.cms.entity.Report" }
  - { kind: "param", method: "<com.jeesite.modules.cms.web.ReportController: com.jeesite.common.entity.Page listData(com.jeesite.modules.cms.entity.Report,jakarta.servlet.http.HttpServletRequest,jakarta.servlet.http.HttpServletResponse)>", index: "0", type: "com.jeesite.modules.cms.entity.Report" }
  - { kind: "param", method: "<com.jeesite.modules.cms.web.ReportController: com.jeesite.common.entity.Page listData(com.jeesite.modules.cms.entity.Report,jakarta.servlet.http.HttpServletRequest,jakarta.servlet.http.HttpServletResponse)>", index: "1", type: "jakarta.servlet.http.HttpServletRequest" }
  - { kind: "param", method: "<com.jeesite.modules.cms.web.ReportController: com.jeesite.common.entity.Page listData(com.jeesite.modules.cms.entity.Report,jakarta.servlet.http.HttpServletRequest,jakarta.servlet.http.HttpServletResponse)>", index: "2", type: "jakarta.servlet.http.HttpServletResponse" }
  - { kind: "param", method: "<com.jeesite.modules.cms.web.ReportController: java.lang.String form(com.jeesite.modules.cms.entity.Report,org.springframework.ui.Model)>", index: "0", type: "com.jeesite.modules.cms.entity.Report" }
  - { kind: "param", method: "<com.jeesite.modules.cms.web.ReportController: java.lang.String save(com.jeesite.modules.cms.entity.Report)>", index: "0", type: "com.jeesite.modules.cms.entity.Report" }
  - { kind: "param", method: "<com.jeesite.modules.cms.web.ReportController: java.lang.String disable(com.jeesite.modules.cms.entity.Report)>", index: "0", type: "com.jeesite.modules.cms.entity.Report" }
  - { kind: "param", method: "<com.jeesite.modules.cms.web.ReportController: java.lang.String enable(com.jeesite.modules.cms.entity.Report)>", index: "0", type: "com.jeesite.modules.cms.entity.Report" }
  - { kind: "param", method: "<com.jeesite.modules.cms.web.ReportController: java.lang.String delete(com.jeesite.modules.cms.entity.Report)>", index: "0", type: "com.jeesite.modules.cms.entity.Report" }
  - { kind: "param", method: "<com.jeesite.modules.cms.web.SiteController: java.lang.String list(com.jeesite.modules.cms.entity.Site,org.springframework.ui.Model)>", index: "0", type: "com.jeesite.modules.cms.entity.Site" }
  - { kind: "param", method: "<com.jeesite.modules.cms.web.SiteController: com.jeesite.common.entity.Page listData(com.jeesite.modules.cms.entity.Site,jakarta.servlet.http.HttpServletRequest,jakarta.servlet.http.HttpServletResponse)>", index: "0", type: "com.jeesite.modules.cms.entity.Site" }
  - { kind: "param", method: "<com.jeesite.modules.cms.web.SiteController: com.jeesite.common.entity.Page listData(com.jeesite.modules.cms.entity.Site,jakarta.servlet.http.HttpServletRequest,jakarta.servlet.http.HttpServletResponse)>", index: "1", type: "jakarta.servlet.http.HttpServletRequest" }
  - { kind: "param", method: "<com.jeesite.modules.cms.web.SiteController: com.jeesite.common.entity.Page listData(com.jeesite.modules.cms.entity.Site,jakarta.servlet.http.HttpServletRequest,jakarta.servlet.http.HttpServletResponse)>", index: "2", type: "jakarta.servlet.http.HttpServletResponse" }
  - { kind: "param", method: "<com.jeesite.modules.cms.web.SiteController: java.lang.String form(com.jeesite.modules.cms.entity.Site,org.springframework.ui.Model)>", index: "0", type: "com.jeesite.modules.cms.entity.Site" }
  - { kind: "param", method: "<com.jeesite.modules.cms.web.SiteController: java.lang.String save(com.jeesite.modules.cms.entity.Site)>", index: "0", type: "com.jeesite.modules.cms.entity.Site" }
  - { kind: "param", method: "<com.jeesite.modules.cms.web.SiteController: java.lang.String disable(com.jeesite.modules.cms.entity.Site)>", index: "0", type: "com.jeesite.modules.cms.entity.Site" }
  - { kind: "param", method: "<com.jeesite.modules.cms.web.SiteController: java.lang.String enable(com.jeesite.modules.cms.entity.Site)>", index: "0", type: "com.jeesite.modules.cms.entity.Site" }
  - { kind: "param", method: "<com.jeesite.modules.cms.web.SiteController: java.lang.String delete(com.jeesite.modules.cms.entity.Site)>", index: "0", type: "com.jeesite.modules.cms.entity.Site" }
  - { kind: "param", method: "<com.jeesite.modules.cms.web.SiteController: java.lang.String rebuildIndex(com.jeesite.modules.cms.entity.Site)>", index: "0", type: "com.jeesite.modules.cms.entity.Site" }
  - { kind: "param", method: "<com.jeesite.modules.cms.web.SiteController: java.lang.String rebuildVectorStore(com.jeesite.modules.cms.entity.Site)>", index: "0", type: "com.jeesite.modules.cms.entity.Site" }
  - { kind: "param", method: "<com.jeesite.modules.cms.web.SiteController: java.lang.String select(java.lang.String,java.lang.String,jakarta.servlet.http.HttpServletRequest,jakarta.servlet.http.HttpServletResponse)>", index: "0", type: "java.lang.String" }
  - { kind: "param", method: "<com.jeesite.modules.cms.web.SiteController: java.lang.String select(java.lang.String,java.lang.String,jakarta.servlet.http.HttpServletRequest,jakarta.servlet.http.HttpServletResponse)>", index: "1", type: "java.lang.String" }
  - { kind: "param", method: "<com.jeesite.modules.cms.web.SiteController: java.lang.String select(java.lang.String,java.lang.String,jakarta.servlet.http.HttpServletRequest,jakarta.servlet.http.HttpServletResponse)>", index: "2", type: "jakarta.servlet.http.HttpServletRequest" }
  - { kind: "param", method: "<com.jeesite.modules.cms.web.SiteController: java.lang.String select(java.lang.String,java.lang.String,jakarta.servlet.http.HttpServletRequest,jakarta.servlet.http.HttpServletResponse)>", index: "3", type: "jakarta.servlet.http.HttpServletResponse" }
  - { kind: "param", method: "<com.jeesite.modules.cms.web.FileTemplateController: java.lang.String form(java.lang.String,org.springframework.ui.Model)>", index: "0", type: "java.lang.String" }
  - { kind: "param", method: "<com.jeesite.modules.cms.web.FileTemplateController: java.lang.String saveFileTemplate(java.lang.String,java.lang.String)>", index: "0", type: "java.lang.String" }
  - { kind: "param", method: "<com.jeesite.modules.cms.web.FileTemplateController: java.lang.String saveFileTemplate(java.lang.String,java.lang.String)>", index: "1", type: "java.lang.String" }
  - { kind: "param", method: "<com.jeesite.modules.cms.web.FileTemplateController: java.lang.String deleteFileTemplate(java.lang.String)>", index: "0", type: "java.lang.String" }
  - { kind: "param", method: "<com.jeesite.modules.cms.web.CategoryController: java.lang.String index(com.jeesite.modules.cms.entity.Category,org.springframework.ui.Model)>", index: "0", type: "com.jeesite.modules.cms.entity.Category" }
  - { kind: "param", method: "<com.jeesite.modules.cms.web.CategoryController: java.lang.String list(com.jeesite.modules.cms.entity.Category,org.springframework.ui.Model)>", index: "0", type: "com.jeesite.modules.cms.entity.Category" }
  - { kind: "param", method: "<com.jeesite.modules.cms.web.CategoryController: java.util.List listData(com.jeesite.modules.cms.entity.Category)>", index: "0", type: "com.jeesite.modules.cms.entity.Category" }
  - { kind: "param", method: "<com.jeesite.modules.cms.web.CategoryController: java.lang.String form(com.jeesite.modules.cms.entity.Category,org.springframework.ui.Model)>", index: "0", type: "com.jeesite.modules.cms.entity.Category" }
  - { kind: "param", method: "<com.jeesite.modules.cms.web.CategoryController: com.jeesite.modules.cms.entity.Category createNextNode(com.jeesite.modules.cms.entity.Category)>", index: "0", type: "com.jeesite.modules.cms.entity.Category" }
  - { kind: "param", method: "<com.jeesite.modules.cms.web.CategoryController: java.lang.String save(com.jeesite.modules.cms.entity.Category)>", index: "0", type: "com.jeesite.modules.cms.entity.Category" }
  - { kind: "param", method: "<com.jeesite.modules.cms.web.CategoryController: java.lang.String disable(com.jeesite.modules.cms.entity.Category)>", index: "0", type: "com.jeesite.modules.cms.entity.Category" }
  - { kind: "param", method: "<com.jeesite.modules.cms.web.CategoryController: java.lang.String enable(com.jeesite.modules.cms.entity.Category)>", index: "0", type: "com.jeesite.modules.cms.entity.Category" }
  - { kind: "param", method: "<com.jeesite.modules.cms.web.CategoryController: java.lang.String delete(com.jeesite.modules.cms.entity.Category)>", index: "0", type: "com.jeesite.modules.cms.entity.Category" }
  - { kind: "param", method: "<com.jeesite.modules.cms.web.CategoryController: java.lang.String rebuildIndex(com.jeesite.modules.cms.entity.Category)>", index: "0", type: "com.jeesite.modules.cms.entity.Category" }
  - { kind: "param", method: "<com.jeesite.modules.cms.web.CategoryController: java.lang.String rebuildVectorStore(com.jeesite.modules.cms.entity.Category)>", index: "0", type: "com.jeesite.modules.cms.entity.Category" }
  - { kind: "param", method: "<com.jeesite.modules.cms.web.CategoryController: java.util.List treeData(java.lang.String,java.lang.String,java.lang.String,java.lang.Boolean,java.lang.String)>", index: "0", type: "java.lang.String" }
  - { kind: "param", method: "<com.jeesite.modules.cms.web.CategoryController: java.util.List treeData(java.lang.String,java.lang.String,java.lang.String,java.lang.Boolean,java.lang.String)>", index: "1", type: "java.lang.String" }
  - { kind: "param", method: "<com.jeesite.modules.cms.web.CategoryController: java.util.List treeData(java.lang.String,java.lang.String,java.lang.String,java.lang.Boolean,java.lang.String)>", index: "2", type: "java.lang.String" }
  - { kind: "param", method: "<com.jeesite.modules.cms.web.CategoryController: java.util.List treeData(java.lang.String,java.lang.String,java.lang.String,java.lang.Boolean,java.lang.String)>", index: "3", type: "java.lang.Boolean" }
  - { kind: "param", method: "<com.jeesite.modules.cms.web.CategoryController: java.util.List treeData(java.lang.String,java.lang.String,java.lang.String,java.lang.Boolean,java.lang.String)>", index: "4", type: "java.lang.String" }
  - { kind: "param", method: "<com.jeesite.modules.cms.web.CategoryController: java.lang.String fixTreeData(com.jeesite.modules.cms.entity.Category)>", index: "0", type: "com.jeesite.modules.cms.entity.Category" }
  - { kind: "param", method: "<com.jeesite.modules.cms.web.CommentController: java.lang.String list(com.jeesite.modules.cms.entity.Comment,org.springframework.ui.Model)>", index: "0", type: "com.jeesite.modules.cms.entity.Comment" }
  - { kind: "param", method: "<com.jeesite.modules.cms.web.CommentController: com.jeesite.common.entity.Page listData(com.jeesite.modules.cms.entity.Comment,jakarta.servlet.http.HttpServletRequest,jakarta.servlet.http.HttpServletResponse)>", index: "0", type: "com.jeesite.modules.cms.entity.Comment" }
  - { kind: "param", method: "<com.jeesite.modules.cms.web.CommentController: com.jeesite.common.entity.Page listData(com.jeesite.modules.cms.entity.Comment,jakarta.servlet.http.HttpServletRequest,jakarta.servlet.http.HttpServletResponse)>", index: "1", type: "jakarta.servlet.http.HttpServletRequest" }
  - { kind: "param", method: "<com.jeesite.modules.cms.web.CommentController: com.jeesite.common.entity.Page listData(com.jeesite.modules.cms.entity.Comment,jakarta.servlet.http.HttpServletRequest,jakarta.servlet.http.HttpServletResponse)>", index: "2", type: "jakarta.servlet.http.HttpServletResponse" }
  - { kind: "param", method: "<com.jeesite.modules.cms.web.CommentController: java.lang.String form(com.jeesite.modules.cms.entity.Comment,org.springframework.ui.Model)>", index: "0", type: "com.jeesite.modules.cms.entity.Comment" }
  - { kind: "param", method: "<com.jeesite.modules.cms.web.CommentController: java.lang.String save(com.jeesite.modules.cms.entity.Comment)>", index: "0", type: "com.jeesite.modules.cms.entity.Comment" }
  - { kind: "param", method: "<com.jeesite.modules.cms.web.CommentController: java.lang.String disable(com.jeesite.modules.cms.entity.Comment)>", index: "0", type: "com.jeesite.modules.cms.entity.Comment" }
  - { kind: "param", method: "<com.jeesite.modules.cms.web.CommentController: java.lang.String enable(com.jeesite.modules.cms.entity.Comment)>", index: "0", type: "com.jeesite.modules.cms.entity.Comment" }
  - { kind: "param", method: "<com.jeesite.modules.cms.web.CommentController: java.lang.String delete(com.jeesite.modules.cms.entity.Comment)>", index: "0", type: "com.jeesite.modules.cms.entity.Comment" }
  - { kind: "param", method: "<com.jeesite.modules.cms.web.ArticleController: java.lang.String list(com.jeesite.modules.cms.entity.Article,java.lang.Boolean,org.springframework.ui.Model)>", index: "0", type: "com.jeesite.modules.cms.entity.Article" }
  - { kind: "param", method: "<com.jeesite.modules.cms.web.ArticleController: java.lang.String list(com.jeesite.modules.cms.entity.Article,java.lang.Boolean,org.springframework.ui.Model)>", index: "1", type: "java.lang.Boolean" }
  - { kind: "param", method: "<com.jeesite.modules.cms.web.ArticleController: com.jeesite.common.entity.Page listData(com.jeesite.modules.cms.entity.Article,java.lang.Boolean,jakarta.servlet.http.HttpServletRequest,jakarta.servlet.http.HttpServletResponse)>", index: "0", type: "com.jeesite.modules.cms.entity.Article" }
  - { kind: "param", method: "<com.jeesite.modules.cms.web.ArticleController: com.jeesite.common.entity.Page listData(com.jeesite.modules.cms.entity.Article,java.lang.Boolean,jakarta.servlet.http.HttpServletRequest,jakarta.servlet.http.HttpServletResponse)>", index: "1", type: "java.lang.Boolean" }
  - { kind: "param", method: "<com.jeesite.modules.cms.web.ArticleController: com.jeesite.common.entity.Page listData(com.jeesite.modules.cms.entity.Article,java.lang.Boolean,jakarta.servlet.http.HttpServletRequest,jakarta.servlet.http.HttpServletResponse)>", index: "2", type: "jakarta.servlet.http.HttpServletRequest" }
  - { kind: "param", method: "<com.jeesite.modules.cms.web.ArticleController: com.jeesite.common.entity.Page listData(com.jeesite.modules.cms.entity.Article,java.lang.Boolean,jakarta.servlet.http.HttpServletRequest,jakarta.servlet.http.HttpServletResponse)>", index: "3", type: "jakarta.servlet.http.HttpServletResponse" }
  - { kind: "param", method: "<com.jeesite.modules.cms.web.ArticleController: java.lang.String form(com.jeesite.modules.cms.entity.Article,org.springframework.ui.Model)>", index: "0", type: "com.jeesite.modules.cms.entity.Article" }
  - { kind: "param", method: "<com.jeesite.modules.cms.web.ArticleController: java.lang.String save(com.jeesite.modules.cms.entity.Article)>", index: "0", type: "com.jeesite.modules.cms.entity.Article" }
  - { kind: "param", method: "<com.jeesite.modules.cms.web.ArticleController: java.lang.String disable(com.jeesite.modules.cms.entity.Article)>", index: "0", type: "com.jeesite.modules.cms.entity.Article" }
  - { kind: "param", method: "<com.jeesite.modules.cms.web.ArticleController: java.lang.String enable(com.jeesite.modules.cms.entity.Article)>", index: "0", type: "com.jeesite.modules.cms.entity.Article" }
  - { kind: "param", method: "<com.jeesite.modules.cms.web.ArticleController: java.lang.String delete(com.jeesite.modules.cms.entity.Article)>", index: "0", type: "com.jeesite.modules.cms.entity.Article" }
  - { kind: "param", method: "<com.jeesite.modules.cmsfront.web.FrontSearchController: java.lang.String search(java.lang.String,java.lang.String,java.lang.String,java.lang.String,java.lang.String,java.lang.String,java.lang.String,jakarta.servlet.http.HttpServletRequest,jakarta.servlet.http.HttpServletResponse,org.springframework.ui.Model)>", index: "0", type: "java.lang.String" }
  - { kind: "param", method: "<com.jeesite.modules.cmsfront.web.FrontSearchController: java.lang.String search(java.lang.String,java.lang.String,java.lang.String,java.lang.String,java.lang.String,java.lang.String,java.lang.String,jakarta.servlet.http.HttpServletRequest,jakarta.servlet.http.HttpServletResponse,org.springframework.ui.Model)>", index: "1", type: "java.lang.String" }
  - { kind: "param", method: "<com.jeesite.modules.cmsfront.web.FrontSearchController: java.lang.String search(java.lang.String,java.lang.String,java.lang.String,java.lang.String,java.lang.String,java.lang.String,java.lang.String,jakarta.servlet.http.HttpServletRequest,jakarta.servlet.http.HttpServletResponse,org.springframework.ui.Model)>", index: "2", type: "java.lang.String" }
  - { kind: "param", method: "<com.jeesite.modules.cmsfront.web.FrontSearchController: java.lang.String search(java.lang.String,java.lang.String,java.lang.String,java.lang.String,java.lang.String,java.lang.String,java.lang.String,jakarta.servlet.http.HttpServletRequest,jakarta.servlet.http.HttpServletResponse,org.springframework.ui.Model)>", index: "3", type: "java.lang.String" }
  - { kind: "param", method: "<com.jeesite.modules.cmsfront.web.FrontSearchController: java.lang.String search(java.lang.String,java.lang.String,java.lang.String,java.lang.String,java.lang.String,java.lang.String,java.lang.String,jakarta.servlet.http.HttpServletRequest,jakarta.servlet.http.HttpServletResponse,org.springframework.ui.Model)>", index: "4", type: "java.lang.String" }
  - { kind: "param", method: "<com.jeesite.modules.cmsfront.web.FrontSearchController: java.lang.String search(java.lang.String,java.lang.String,java.lang.String,java.lang.String,java.lang.String,java.lang.String,java.lang.String,jakarta.servlet.http.HttpServletRequest,jakarta.servlet.http.HttpServletResponse,org.springframework.ui.Model)>", index: "5", type: "java.lang.String" }
  - { kind: "param", method: "<com.jeesite.modules.cmsfront.web.FrontSearchController: java.lang.String search(java.lang.String,java.lang.String,java.lang.String,java.lang.String,java.lang.String,java.lang.String,java.lang.String,jakarta.servlet.http.HttpServletRequest,jakarta.servlet.http.HttpServletResponse,org.springframework.ui.Model)>", index: "6", type: "java.lang.String" }
  - { kind: "param", method: "<com.jeesite.modules.cmsfront.web.FrontSearchController: java.lang.String search(java.lang.String,java.lang.String,java.lang.String,java.lang.String,java.lang.String,java.lang.String,java.lang.String,jakarta.servlet.http.HttpServletRequest,jakarta.servlet.http.HttpServletResponse,org.springframework.ui.Model)>", index: "7", type: "jakarta.servlet.http.HttpServletRequest" }
  - { kind: "param", method: "<com.jeesite.modules.cmsfront.web.FrontSearchController: java.lang.String search(java.lang.String,java.lang.String,java.lang.String,java.lang.String,java.lang.String,java.lang.String,java.lang.String,jakarta.servlet.http.HttpServletRequest,jakarta.servlet.http.HttpServletResponse,org.springframework.ui.Model)>", index: "8", type: "jakarta.servlet.http.HttpServletResponse" }
  - { kind: "param", method: "<com.jeesite.modules.cmsfront.web.FrontController: java.lang.String index(java.lang.String,org.springframework.ui.Model)>", index: "0", type: "java.lang.String" }
  - { kind: "param", method: "<com.jeesite.modules.cmsfront.web.FrontController: java.lang.String list(java.lang.String,java.lang.Integer,java.lang.Integer,org.springframework.ui.Model,jakarta.servlet.http.HttpServletRequest)>", index: "0", type: "java.lang.String" }
  - { kind: "param", method: "<com.jeesite.modules.cmsfront.web.FrontController: java.lang.String list(java.lang.String,java.lang.Integer,java.lang.Integer,org.springframework.ui.Model,jakarta.servlet.http.HttpServletRequest)>", index: "1", type: "java.lang.Integer" }
  - { kind: "param", method: "<com.jeesite.modules.cmsfront.web.FrontController: java.lang.String list(java.lang.String,java.lang.Integer,java.lang.Integer,org.springframework.ui.Model,jakarta.servlet.http.HttpServletRequest)>", index: "2", type: "java.lang.Integer" }
  - { kind: "param", method: "<com.jeesite.modules.cmsfront.web.FrontController: java.lang.String list(java.lang.String,java.lang.Integer,java.lang.Integer,org.springframework.ui.Model,jakarta.servlet.http.HttpServletRequest)>", index: "4", type: "jakarta.servlet.http.HttpServletRequest" }
  - { kind: "param", method: "<com.jeesite.modules.cmsfront.web.FrontController: java.lang.String listCustom(java.lang.String,java.lang.String,java.lang.Integer,java.lang.Integer,org.springframework.ui.Model,jakarta.servlet.http.HttpServletRequest)>", index: "0", type: "java.lang.String" }
  - { kind: "param", method: "<com.jeesite.modules.cmsfront.web.FrontController: java.lang.String listCustom(java.lang.String,java.lang.String,java.lang.Integer,java.lang.Integer,org.springframework.ui.Model,jakarta.servlet.http.HttpServletRequest)>", index: "1", type: "java.lang.String" }
  - { kind: "param", method: "<com.jeesite.modules.cmsfront.web.FrontController: java.lang.String listCustom(java.lang.String,java.lang.String,java.lang.Integer,java.lang.Integer,org.springframework.ui.Model,jakarta.servlet.http.HttpServletRequest)>", index: "2", type: "java.lang.Integer" }
  - { kind: "param", method: "<com.jeesite.modules.cmsfront.web.FrontController: java.lang.String listCustom(java.lang.String,java.lang.String,java.lang.Integer,java.lang.Integer,org.springframework.ui.Model,jakarta.servlet.http.HttpServletRequest)>", index: "3", type: "java.lang.Integer" }
  - { kind: "param", method: "<com.jeesite.modules.cmsfront.web.FrontController: java.lang.String listCustom(java.lang.String,java.lang.String,java.lang.Integer,java.lang.Integer,org.springframework.ui.Model,jakarta.servlet.http.HttpServletRequest)>", index: "5", type: "jakarta.servlet.http.HttpServletRequest" }
  - { kind: "param", method: "<com.jeesite.modules.cmsfront.web.FrontController: java.lang.String view(java.lang.String,java.lang.String,org.springframework.ui.Model,jakarta.servlet.http.HttpServletRequest)>", index: "0", type: "java.lang.String" }
  - { kind: "param", method: "<com.jeesite.modules.cmsfront.web.FrontController: java.lang.String view(java.lang.String,java.lang.String,org.springframework.ui.Model,jakarta.servlet.http.HttpServletRequest)>", index: "1", type: "java.lang.String" }
  - { kind: "param", method: "<com.jeesite.modules.cmsfront.web.FrontController: java.lang.String view(java.lang.String,java.lang.String,org.springframework.ui.Model,jakarta.servlet.http.HttpServletRequest)>", index: "3", type: "jakarta.servlet.http.HttpServletRequest" }
  - { kind: "param", method: "<com.jeesite.modules.cmsfront.web.FrontController: long articleHits(java.lang.String)>", index: "0", type: "java.lang.String" }
  - { kind: "param", method: "<com.jeesite.modules.cmsfront.web.FrontController: java.lang.String comment(com.jeesite.modules.cms.entity.Comment,java.lang.String,jakarta.servlet.http.HttpServletRequest,jakarta.servlet.http.HttpServletResponse,org.springframework.ui.Model)>", index: "0", type: "com.jeesite.modules.cms.entity.Comment" }
  - { kind: "param", method: "<com.jeesite.modules.cmsfront.web.FrontController: java.lang.String comment(com.jeesite.modules.cms.entity.Comment,java.lang.String,jakarta.servlet.http.HttpServletRequest,jakarta.servlet.http.HttpServletResponse,org.springframework.ui.Model)>", index: "1", type: "java.lang.String" }
  - { kind: "param", method: "<com.jeesite.modules.cmsfront.web.FrontController: java.lang.String comment(com.jeesite.modules.cms.entity.Comment,java.lang.String,jakarta.servlet.http.HttpServletRequest,jakarta.servlet.http.HttpServletResponse,org.springframework.ui.Model)>", index: "2", type: "jakarta.servlet.http.HttpServletRequest" }
  - { kind: "param", method: "<com.jeesite.modules.cmsfront.web.FrontController: java.lang.String comment(com.jeesite.modules.cms.entity.Comment,java.lang.String,jakarta.servlet.http.HttpServletRequest,jakarta.servlet.http.HttpServletResponse,org.springframework.ui.Model)>", index: "3", type: "jakarta.servlet.http.HttpServletResponse" }
  - { kind: "param", method: "<com.jeesite.modules.cmsfront.web.FrontController: java.lang.String commentSave(com.jeesite.modules.cms.entity.Comment,java.lang.String,java.lang.String,jakarta.servlet.http.HttpServletRequest)>", index: "0", type: "com.jeesite.modules.cms.entity.Comment" }
  - { kind: "param", method: "<com.jeesite.modules.cmsfront.web.FrontController: java.lang.String commentSave(com.jeesite.modules.cms.entity.Comment,java.lang.String,java.lang.String,jakarta.servlet.http.HttpServletRequest)>", index: "1", type: "java.lang.String" }
  - { kind: "param", method: "<com.jeesite.modules.cmsfront.web.FrontController: java.lang.String commentSave(com.jeesite.modules.cms.entity.Comment,java.lang.String,java.lang.String,jakarta.servlet.http.HttpServletRequest)>", index: "2", type: "java.lang.String" }
  - { kind: "param", method: "<com.jeesite.modules.cmsfront.web.FrontController: java.lang.String commentSave(com.jeesite.modules.cms.entity.Comment,java.lang.String,java.lang.String,jakarta.servlet.http.HttpServletRequest)>", index: "3", type: "jakarta.servlet.http.HttpServletRequest" }
  - { kind: "param", method: "<com.jeesite.modules.cmsfront.web.FrontController: java.lang.String map(java.lang.String,org.springframework.ui.Model)>", index: "0", type: "java.lang.String" }
  - { kind: "param", method: "<com.jeesite.modules.biz.web.BizCategoryController: java.lang.String index(com.jeesite.modules.biz.entity.BizCategory,org.springframework.ui.Model)>", index: "0", type: "com.jeesite.modules.biz.entity.BizCategory" }
  - { kind: "param", method: "<com.jeesite.modules.biz.web.BizCategoryController: java.lang.String list(com.jeesite.modules.biz.entity.BizCategory,org.springframework.ui.Model)>", index: "0", type: "com.jeesite.modules.biz.entity.BizCategory" }
  - { kind: "param", method: "<com.jeesite.modules.biz.web.BizCategoryController: java.util.List listData(com.jeesite.modules.biz.entity.BizCategory)>", index: "0", type: "com.jeesite.modules.biz.entity.BizCategory" }
  - { kind: "param", method: "<com.jeesite.modules.biz.web.BizCategoryController: java.lang.String form(com.jeesite.modules.biz.entity.BizCategory,org.springframework.ui.Model)>", index: "0", type: "com.jeesite.modules.biz.entity.BizCategory" }
  - { kind: "param", method: "<com.jeesite.modules.biz.web.BizCategoryController: com.jeesite.modules.biz.entity.BizCategory createNextNode(com.jeesite.modules.biz.entity.BizCategory)>", index: "0", type: "com.jeesite.modules.biz.entity.BizCategory" }
  - { kind: "param", method: "<com.jeesite.modules.biz.web.BizCategoryController: java.lang.String save(com.jeesite.modules.biz.entity.BizCategory)>", index: "0", type: "com.jeesite.modules.biz.entity.BizCategory" }
  - { kind: "param", method: "<com.jeesite.modules.biz.web.BizCategoryController: java.lang.String disable(com.jeesite.modules.biz.entity.BizCategory)>", index: "0", type: "com.jeesite.modules.biz.entity.BizCategory" }
  - { kind: "param", method: "<com.jeesite.modules.biz.web.BizCategoryController: java.lang.String enable(com.jeesite.modules.biz.entity.BizCategory)>", index: "0", type: "com.jeesite.modules.biz.entity.BizCategory" }
  - { kind: "param", method: "<com.jeesite.modules.biz.web.BizCategoryController: java.lang.String delete(com.jeesite.modules.biz.entity.BizCategory)>", index: "0", type: "com.jeesite.modules.biz.entity.BizCategory" }
  - { kind: "param", method: "<com.jeesite.modules.biz.web.BizCategoryController: java.util.List treeData(java.lang.String,java.lang.String,java.lang.String)>", index: "0", type: "java.lang.String" }
  - { kind: "param", method: "<com.jeesite.modules.biz.web.BizCategoryController: java.util.List treeData(java.lang.String,java.lang.String,java.lang.String)>", index: "1", type: "java.lang.String" }
  - { kind: "param", method: "<com.jeesite.modules.biz.web.BizCategoryController: java.util.List treeData(java.lang.String,java.lang.String,java.lang.String)>", index: "2", type: "java.lang.String" }
  - { kind: "param", method: "<com.jeesite.modules.biz.web.BizCategoryController: java.lang.String fixTreeData(com.jeesite.modules.biz.entity.BizCategory)>", index: "0", type: "com.jeesite.modules.biz.entity.BizCategory" }
  - { kind: "param", method: "<com.jeesite.modules.msg.web.MsgInnerController: java.lang.String list(com.jeesite.modules.msg.entity.MsgInner,org.springframework.ui.Model)>", index: "0", type: "com.jeesite.modules.msg.entity.MsgInner" }
  - { kind: "param", method: "<com.jeesite.modules.msg.web.MsgInnerController: com.jeesite.common.entity.Page listData(com.jeesite.modules.msg.entity.MsgInner,jakarta.servlet.http.HttpServletRequest,jakarta.servlet.http.HttpServletResponse)>", index: "0", type: "com.jeesite.modules.msg.entity.MsgInner" }
  - { kind: "param", method: "<com.jeesite.modules.msg.web.MsgInnerController: com.jeesite.common.entity.Page listData(com.jeesite.modules.msg.entity.MsgInner,jakarta.servlet.http.HttpServletRequest,jakarta.servlet.http.HttpServletResponse)>", index: "1", type: "jakarta.servlet.http.HttpServletRequest" }
  - { kind: "param", method: "<com.jeesite.modules.msg.web.MsgInnerController: com.jeesite.common.entity.Page listData(com.jeesite.modules.msg.entity.MsgInner,jakarta.servlet.http.HttpServletRequest,jakarta.servlet.http.HttpServletResponse)>", index: "2", type: "jakarta.servlet.http.HttpServletResponse" }
  - { kind: "param", method: "<com.jeesite.modules.msg.web.MsgInnerController: java.lang.String form(com.jeesite.modules.msg.entity.MsgInner,org.springframework.ui.Model)>", index: "0", type: "com.jeesite.modules.msg.entity.MsgInner" }
  - { kind: "param", method: "<com.jeesite.modules.msg.web.MsgInnerController: java.lang.String view(com.jeesite.modules.msg.entity.MsgInner,org.springframework.ui.Model)>", index: "0", type: "com.jeesite.modules.msg.entity.MsgInner" }
  - { kind: "param", method: "<com.jeesite.modules.msg.web.MsgInnerController: java.lang.String save(com.jeesite.modules.msg.entity.MsgInner,jakarta.servlet.http.HttpServletRequest)>", index: "0", type: "com.jeesite.modules.msg.entity.MsgInner" }
  - { kind: "param", method: "<com.jeesite.modules.msg.web.MsgInnerController: java.lang.String save(com.jeesite.modules.msg.entity.MsgInner,jakarta.servlet.http.HttpServletRequest)>", index: "1", type: "jakarta.servlet.http.HttpServletRequest" }
  - { kind: "param", method: "<com.jeesite.modules.msg.web.MsgInnerController: java.lang.String delete(com.jeesite.modules.msg.entity.MsgInner,jakarta.servlet.http.HttpServletRequest)>", index: "0", type: "com.jeesite.modules.msg.entity.MsgInner" }
  - { kind: "param", method: "<com.jeesite.modules.msg.web.MsgInnerController: java.lang.String delete(com.jeesite.modules.msg.entity.MsgInner,jakarta.servlet.http.HttpServletRequest)>", index: "1", type: "jakarta.servlet.http.HttpServletRequest" }
  - { kind: "param", method: "<com.jeesite.modules.file.web.UeditorController: java.lang.String upload(jakarta.servlet.http.HttpServletRequest,jakarta.servlet.http.HttpServletResponse)>", index: "0", type: "jakarta.servlet.http.HttpServletRequest" }
  - { kind: "param", method: "<com.jeesite.modules.file.web.UeditorController: java.lang.String upload(jakarta.servlet.http.HttpServletRequest,jakarta.servlet.http.HttpServletResponse)>", index: "1", type: "jakarta.servlet.http.HttpServletResponse" }
  - { kind: "param", method: "<com.jeesite.modules.file.web.UeditorController: java.lang.String upload(java.lang.String,jakarta.servlet.http.HttpServletRequest,jakarta.servlet.http.HttpServletResponse)>", index: "0", type: "java.lang.String" }
  - { kind: "param", method: "<com.jeesite.modules.file.web.UeditorController: java.lang.String upload(java.lang.String,jakarta.servlet.http.HttpServletRequest,jakarta.servlet.http.HttpServletResponse)>", index: "1", type: "jakarta.servlet.http.HttpServletRequest" }
  - { kind: "param", method: "<com.jeesite.modules.file.web.UeditorController: java.lang.String upload(java.lang.String,jakarta.servlet.http.HttpServletRequest,jakarta.servlet.http.HttpServletResponse)>", index: "2", type: "jakarta.servlet.http.HttpServletResponse" }
  - { kind: "param", method: "<com.jeesite.modules.file.web.FileUploadController: java.util.Map uploadFile(com.jeesite.modules.file.entity.FileUploadParams)>", index: "0", type: "com.jeesite.modules.file.entity.FileUploadParams" }
  - { kind: "param", method: "<com.jeesite.modules.file.web.FileUploadController: java.lang.String downloadFile(java.lang.String,java.lang.String,jakarta.servlet.http.HttpServletRequest,jakarta.servlet.http.HttpServletResponse)>", index: "0", type: "java.lang.String" }
  - { kind: "param", method: "<com.jeesite.modules.file.web.FileUploadController: java.lang.String downloadFile(java.lang.String,java.lang.String,jakarta.servlet.http.HttpServletRequest,jakarta.servlet.http.HttpServletResponse)>", index: "1", type: "java.lang.String" }
  - { kind: "param", method: "<com.jeesite.modules.file.web.FileUploadController: java.lang.String downloadFile(java.lang.String,java.lang.String,jakarta.servlet.http.HttpServletRequest,jakarta.servlet.http.HttpServletResponse)>", index: "2", type: "jakarta.servlet.http.HttpServletRequest" }
  - { kind: "param", method: "<com.jeesite.modules.file.web.FileUploadController: java.lang.String downloadFile(java.lang.String,java.lang.String,jakarta.servlet.http.HttpServletRequest,jakarta.servlet.http.HttpServletResponse)>", index: "3", type: "jakarta.servlet.http.HttpServletResponse" }
  - { kind: "param", method: "<com.jeesite.modules.file.web.FileUploadController: java.lang.String getFileList(com.jeesite.modules.file.entity.FileUpload,java.lang.Boolean)>", index: "0", type: "com.jeesite.modules.file.entity.FileUpload" }
  - { kind: "param", method: "<com.jeesite.modules.file.web.FileUploadController: java.lang.String getFileList(com.jeesite.modules.file.entity.FileUpload,java.lang.Boolean)>", index: "1", type: "java.lang.Boolean" }
  - { kind: "param", method: "<com.jeesite.modules.file.web.VditorController: java.util.Map upload(org.springframework.web.multipart.MultipartFile[],java.lang.String,java.lang.String,java.lang.String,java.lang.String)>", index: "0", type: "org.springframework.web.multipart.MultipartFile[]" }
  - { kind: "param", method: "<com.jeesite.modules.file.web.VditorController: java.util.Map upload(org.springframework.web.multipart.MultipartFile[],java.lang.String,java.lang.String,java.lang.String,java.lang.String)>", index: "1", type: "java.lang.String" }
  - { kind: "param", method: "<com.jeesite.modules.file.web.VditorController: java.util.Map upload(org.springframework.web.multipart.MultipartFile[],java.lang.String,java.lang.String,java.lang.String,java.lang.String)>", index: "2", type: "java.lang.String" }
  - { kind: "param", method: "<com.jeesite.modules.file.web.VditorController: java.util.Map upload(org.springframework.web.multipart.MultipartFile[],java.lang.String,java.lang.String,java.lang.String,java.lang.String)>", index: "3", type: "java.lang.String" }
  - { kind: "param", method: "<com.jeesite.modules.file.web.VditorController: java.util.Map upload(org.springframework.web.multipart.MultipartFile[],java.lang.String,java.lang.String,java.lang.String,java.lang.String)>", index: "4", type: "java.lang.String" }
  - { kind: "param", method: "<com.jeesite.modules.file.web.UserfilesController: java.lang.String fileStreamDown(jakarta.servlet.http.HttpServletRequest,jakarta.servlet.http.HttpServletResponse)>", index: "0", type: "jakarta.servlet.http.HttpServletRequest" }
  - { kind: "param", method: "<com.jeesite.modules.file.web.UserfilesController: java.lang.String fileStreamDown(jakarta.servlet.http.HttpServletRequest,jakarta.servlet.http.HttpServletResponse)>", index: "1", type: "jakarta.servlet.http.HttpServletResponse" }
  - { kind: "param", method: "<com.jeesite.modules.sys.web.SsoController: java.lang.String sso(java.lang.String,java.lang.String,java.lang.String,java.lang.String,jakarta.servlet.http.HttpServletRequest,jakarta.servlet.http.HttpServletResponse,org.springframework.ui.Model)>", index: "0", type: "java.lang.String" }
  - { kind: "param", method: "<com.jeesite.modules.sys.web.SsoController: java.lang.String sso(java.lang.String,java.lang.String,java.lang.String,java.lang.String,jakarta.servlet.http.HttpServletRequest,jakarta.servlet.http.HttpServletResponse,org.springframework.ui.Model)>", index: "1", type: "java.lang.String" }
  - { kind: "param", method: "<com.jeesite.modules.sys.web.SsoController: java.lang.String sso(java.lang.String,java.lang.String,java.lang.String,java.lang.String,jakarta.servlet.http.HttpServletRequest,jakarta.servlet.http.HttpServletResponse,org.springframework.ui.Model)>", index: "2", type: "java.lang.String" }
  - { kind: "param", method: "<com.jeesite.modules.sys.web.SsoController: java.lang.String sso(java.lang.String,java.lang.String,java.lang.String,java.lang.String,jakarta.servlet.http.HttpServletRequest,jakarta.servlet.http.HttpServletResponse,org.springframework.ui.Model)>", index: "3", type: "java.lang.String" }
  - { kind: "param", method: "<com.jeesite.modules.sys.web.SsoController: java.lang.String sso(java.lang.String,java.lang.String,java.lang.String,java.lang.String,jakarta.servlet.http.HttpServletRequest,jakarta.servlet.http.HttpServletResponse,org.springframework.ui.Model)>", index: "4", type: "jakarta.servlet.http.HttpServletRequest" }
  - { kind: "param", method: "<com.jeesite.modules.sys.web.SsoController: java.lang.String sso(java.lang.String,java.lang.String,java.lang.String,java.lang.String,jakarta.servlet.http.HttpServletRequest,jakarta.servlet.http.HttpServletResponse,org.springframework.ui.Model)>", index: "5", type: "jakarta.servlet.http.HttpServletResponse" }
  - { kind: "param", method: "<com.jeesite.modules.sys.web.TagsController: java.lang.String treeselect(jakarta.servlet.http.HttpServletRequest,org.springframework.ui.Model)>", index: "0", type: "jakarta.servlet.http.HttpServletRequest" }
  - { kind: "param", method: "<com.jeesite.modules.sys.web.TagsController: java.lang.String iconselect(jakarta.servlet.http.HttpServletRequest,org.springframework.ui.Model)>", index: "0", type: "jakarta.servlet.http.HttpServletRequest" }
  - { kind: "param", method: "<com.jeesite.modules.sys.web.TagsController: java.lang.String imageclip(jakarta.servlet.http.HttpServletRequest,org.springframework.ui.Model)>", index: "0", type: "jakarta.servlet.http.HttpServletRequest" }
  - { kind: "param", method: "<com.jeesite.modules.sys.web.PostController: java.lang.String list(com.jeesite.modules.sys.entity.Post,org.springframework.ui.Model)>", index: "0", type: "com.jeesite.modules.sys.entity.Post" }
  - { kind: "param", method: "<com.jeesite.modules.sys.web.PostController: com.jeesite.common.entity.Page listData(com.jeesite.modules.sys.entity.Post,jakarta.servlet.http.HttpServletRequest,jakarta.servlet.http.HttpServletResponse)>", index: "0", type: "com.jeesite.modules.sys.entity.Post" }
  - { kind: "param", method: "<com.jeesite.modules.sys.web.PostController: com.jeesite.common.entity.Page listData(com.jeesite.modules.sys.entity.Post,jakarta.servlet.http.HttpServletRequest,jakarta.servlet.http.HttpServletResponse)>", index: "1", type: "jakarta.servlet.http.HttpServletRequest" }
  - { kind: "param", method: "<com.jeesite.modules.sys.web.PostController: com.jeesite.common.entity.Page listData(com.jeesite.modules.sys.entity.Post,jakarta.servlet.http.HttpServletRequest,jakarta.servlet.http.HttpServletResponse)>", index: "2", type: "jakarta.servlet.http.HttpServletResponse" }
  - { kind: "param", method: "<com.jeesite.modules.sys.web.PostController: java.lang.String form(com.jeesite.modules.sys.entity.Post,org.springframework.ui.Model)>", index: "0", type: "com.jeesite.modules.sys.entity.Post" }
  - { kind: "param", method: "<com.jeesite.modules.sys.web.PostController: java.lang.String save(com.jeesite.modules.sys.entity.Post,jakarta.servlet.http.HttpServletRequest)>", index: "0", type: "com.jeesite.modules.sys.entity.Post" }
  - { kind: "param", method: "<com.jeesite.modules.sys.web.PostController: java.lang.String save(com.jeesite.modules.sys.entity.Post,jakarta.servlet.http.HttpServletRequest)>", index: "1", type: "jakarta.servlet.http.HttpServletRequest" }
  - { kind: "param", method: "<com.jeesite.modules.sys.web.PostController: java.lang.String disable(com.jeesite.modules.sys.entity.Post,jakarta.servlet.http.HttpServletRequest,jakarta.servlet.http.HttpServletResponse,org.springframework.ui.Model)>", index: "0", type: "com.jeesite.modules.sys.entity.Post" }
  - { kind: "param", method: "<com.jeesite.modules.sys.web.PostController: java.lang.String disable(com.jeesite.modules.sys.entity.Post,jakarta.servlet.http.HttpServletRequest,jakarta.servlet.http.HttpServletResponse,org.springframework.ui.Model)>", index: "1", type: "jakarta.servlet.http.HttpServletRequest" }
  - { kind: "param", method: "<com.jeesite.modules.sys.web.PostController: java.lang.String disable(com.jeesite.modules.sys.entity.Post,jakarta.servlet.http.HttpServletRequest,jakarta.servlet.http.HttpServletResponse,org.springframework.ui.Model)>", index: "2", type: "jakarta.servlet.http.HttpServletResponse" }
  - { kind: "param", method: "<com.jeesite.modules.sys.web.PostController: java.lang.String enable(com.jeesite.modules.sys.entity.Post,jakarta.servlet.http.HttpServletRequest,jakarta.servlet.http.HttpServletResponse,org.springframework.ui.Model)>", index: "0", type: "com.jeesite.modules.sys.entity.Post" }
  - { kind: "param", method: "<com.jeesite.modules.sys.web.PostController: java.lang.String enable(com.jeesite.modules.sys.entity.Post,jakarta.servlet.http.HttpServletRequest,jakarta.servlet.http.HttpServletResponse,org.springframework.ui.Model)>", index: "1", type: "jakarta.servlet.http.HttpServletRequest" }
  - { kind: "param", method: "<com.jeesite.modules.sys.web.PostController: java.lang.String enable(com.jeesite.modules.sys.entity.Post,jakarta.servlet.http.HttpServletRequest,jakarta.servlet.http.HttpServletResponse,org.springframework.ui.Model)>", index: "2", type: "jakarta.servlet.http.HttpServletResponse" }
  - { kind: "param", method: "<com.jeesite.modules.sys.web.PostController: java.lang.String delete(com.jeesite.modules.sys.entity.Post)>", index: "0", type: "com.jeesite.modules.sys.entity.Post" }
  - { kind: "param", method: "<com.jeesite.modules.sys.web.PostController: java.lang.String checkPostName(java.lang.String,java.lang.String)>", index: "0", type: "java.lang.String" }
  - { kind: "param", method: "<com.jeesite.modules.sys.web.PostController: java.lang.String checkPostName(java.lang.String,java.lang.String)>", index: "1", type: "java.lang.String" }
  - { kind: "param", method: "<com.jeesite.modules.sys.web.PostController: java.util.List treeData(java.lang.String,java.lang.String,java.lang.String)>", index: "0", type: "java.lang.String" }
  - { kind: "param", method: "<com.jeesite.modules.sys.web.PostController: java.util.List treeData(java.lang.String,java.lang.String,java.lang.String)>", index: "1", type: "java.lang.String" }
  - { kind: "param", method: "<com.jeesite.modules.sys.web.PostController: java.util.List treeData(java.lang.String,java.lang.String,java.lang.String)>", index: "2", type: "java.lang.String" }
  - { kind: "param", method: "<com.jeesite.modules.sys.web.DictTypeController: java.lang.String list(com.jeesite.modules.sys.entity.DictType,org.springframework.ui.Model)>", index: "0", type: "com.jeesite.modules.sys.entity.DictType" }
  - { kind: "param", method: "<com.jeesite.modules.sys.web.DictTypeController: com.jeesite.common.entity.Page listData(com.jeesite.modules.sys.entity.DictType,jakarta.servlet.http.HttpServletRequest,jakarta.servlet.http.HttpServletResponse)>", index: "0", type: "com.jeesite.modules.sys.entity.DictType" }
  - { kind: "param", method: "<com.jeesite.modules.sys.web.DictTypeController: com.jeesite.common.entity.Page listData(com.jeesite.modules.sys.entity.DictType,jakarta.servlet.http.HttpServletRequest,jakarta.servlet.http.HttpServletResponse)>", index: "1", type: "jakarta.servlet.http.HttpServletRequest" }
  - { kind: "param", method: "<com.jeesite.modules.sys.web.DictTypeController: com.jeesite.common.entity.Page listData(com.jeesite.modules.sys.entity.DictType,jakarta.servlet.http.HttpServletRequest,jakarta.servlet.http.HttpServletResponse)>", index: "2", type: "jakarta.servlet.http.HttpServletResponse" }
  - { kind: "param", method: "<com.jeesite.modules.sys.web.DictTypeController: java.lang.String form(com.jeesite.modules.sys.entity.DictType,org.springframework.ui.Model)>", index: "0", type: "com.jeesite.modules.sys.entity.DictType" }
  - { kind: "param", method: "<com.jeesite.modules.sys.web.DictTypeController: java.lang.String save(com.jeesite.modules.sys.entity.DictType,jakarta.servlet.http.HttpServletRequest)>", index: "0", type: "com.jeesite.modules.sys.entity.DictType" }
  - { kind: "param", method: "<com.jeesite.modules.sys.web.DictTypeController: java.lang.String save(com.jeesite.modules.sys.entity.DictType,jakarta.servlet.http.HttpServletRequest)>", index: "1", type: "jakarta.servlet.http.HttpServletRequest" }
  - { kind: "param", method: "<com.jeesite.modules.sys.web.DictTypeController: java.lang.String checkDictType(java.lang.String,java.lang.String)>", index: "0", type: "java.lang.String" }
  - { kind: "param", method: "<com.jeesite.modules.sys.web.DictTypeController: java.lang.String checkDictType(java.lang.String,java.lang.String)>", index: "1", type: "java.lang.String" }
  - { kind: "param", method: "<com.jeesite.modules.sys.web.DictTypeController: java.lang.String disable(com.jeesite.modules.sys.entity.DictType)>", index: "0", type: "com.jeesite.modules.sys.entity.DictType" }
  - { kind: "param", method: "<com.jeesite.modules.sys.web.DictTypeController: java.lang.String enable(com.jeesite.modules.sys.entity.DictType)>", index: "0", type: "com.jeesite.modules.sys.entity.DictType" }
  - { kind: "param", method: "<com.jeesite.modules.sys.web.DictTypeController: java.lang.String delete(com.jeesite.modules.sys.entity.DictType,jakarta.servlet.http.HttpServletRequest)>", index: "0", type: "com.jeesite.modules.sys.entity.DictType" }
  - { kind: "param", method: "<com.jeesite.modules.sys.web.DictTypeController: java.lang.String delete(com.jeesite.modules.sys.entity.DictType,jakarta.servlet.http.HttpServletRequest)>", index: "1", type: "jakarta.servlet.http.HttpServletRequest" }
  - { kind: "param", method: "<com.jeesite.modules.sys.web.DictTypeController: java.util.List treeData(java.lang.String,java.lang.String,java.lang.String)>", index: "0", type: "java.lang.String" }
  - { kind: "param", method: "<com.jeesite.modules.sys.web.DictTypeController: java.util.List treeData(java.lang.String,java.lang.String,java.lang.String)>", index: "1", type: "java.lang.String" }
  - { kind: "param", method: "<com.jeesite.modules.sys.web.DictTypeController: java.util.List treeData(java.lang.String,java.lang.String,java.lang.String)>", index: "2", type: "java.lang.String" }
  - { kind: "param", method: "<com.jeesite.modules.sys.web.ConfigController: java.lang.String list(com.jeesite.modules.sys.entity.Config,org.springframework.ui.Model)>", index: "0", type: "com.jeesite.modules.sys.entity.Config" }
  - { kind: "param", method: "<com.jeesite.modules.sys.web.ConfigController: com.jeesite.common.entity.Page listData(com.jeesite.modules.sys.entity.Config,jakarta.servlet.http.HttpServletRequest,jakarta.servlet.http.HttpServletResponse)>", index: "0", type: "com.jeesite.modules.sys.entity.Config" }
  - { kind: "param", method: "<com.jeesite.modules.sys.web.ConfigController: com.jeesite.common.entity.Page listData(com.jeesite.modules.sys.entity.Config,jakarta.servlet.http.HttpServletRequest,jakarta.servlet.http.HttpServletResponse)>", index: "1", type: "jakarta.servlet.http.HttpServletRequest" }
  - { kind: "param", method: "<com.jeesite.modules.sys.web.ConfigController: com.jeesite.common.entity.Page listData(com.jeesite.modules.sys.entity.Config,jakarta.servlet.http.HttpServletRequest,jakarta.servlet.http.HttpServletResponse)>", index: "2", type: "jakarta.servlet.http.HttpServletResponse" }
  - { kind: "param", method: "<com.jeesite.modules.sys.web.ConfigController: java.lang.String form(com.jeesite.modules.sys.entity.Config,org.springframework.ui.Model)>", index: "0", type: "com.jeesite.modules.sys.entity.Config" }
  - { kind: "param", method: "<com.jeesite.modules.sys.web.ConfigController: java.lang.String save(com.jeesite.modules.sys.entity.Config,jakarta.servlet.http.HttpServletRequest)>", index: "0", type: "com.jeesite.modules.sys.entity.Config" }
  - { kind: "param", method: "<com.jeesite.modules.sys.web.ConfigController: java.lang.String save(com.jeesite.modules.sys.entity.Config,jakarta.servlet.http.HttpServletRequest)>", index: "1", type: "jakarta.servlet.http.HttpServletRequest" }
  - { kind: "param", method: "<com.jeesite.modules.sys.web.ConfigController: java.lang.String checkConfigKey(java.lang.String,java.lang.String)>", index: "0", type: "java.lang.String" }
  - { kind: "param", method: "<com.jeesite.modules.sys.web.ConfigController: java.lang.String checkConfigKey(java.lang.String,java.lang.String)>", index: "1", type: "java.lang.String" }
  - { kind: "param", method: "<com.jeesite.modules.sys.web.ConfigController: java.lang.String delete(com.jeesite.modules.sys.entity.Config,jakarta.servlet.http.HttpServletRequest)>", index: "0", type: "com.jeesite.modules.sys.entity.Config" }
  - { kind: "param", method: "<com.jeesite.modules.sys.web.ConfigController: java.lang.String delete(com.jeesite.modules.sys.entity.Config,jakarta.servlet.http.HttpServletRequest)>", index: "1", type: "jakarta.servlet.http.HttpServletRequest" }
  - { kind: "param", method: "<com.jeesite.modules.sys.web.AuditController: java.lang.String auditList(com.jeesite.modules.sys.entity.Audit,org.springframework.ui.Model)>", index: "0", type: "com.jeesite.modules.sys.entity.Audit" }
  - { kind: "param", method: "<com.jeesite.modules.sys.web.AuditController: com.jeesite.common.entity.Page auditListData(com.jeesite.modules.sys.entity.Audit,jakarta.servlet.http.HttpServletRequest,jakarta.servlet.http.HttpServletResponse)>", index: "0", type: "com.jeesite.modules.sys.entity.Audit" }
  - { kind: "param", method: "<com.jeesite.modules.sys.web.AuditController: com.jeesite.common.entity.Page auditListData(com.jeesite.modules.sys.entity.Audit,jakarta.servlet.http.HttpServletRequest,jakarta.servlet.http.HttpServletResponse)>", index: "1", type: "jakarta.servlet.http.HttpServletRequest" }
  - { kind: "param", method: "<com.jeesite.modules.sys.web.AuditController: com.jeesite.common.entity.Page auditListData(com.jeesite.modules.sys.entity.Audit,jakarta.servlet.http.HttpServletRequest,jakarta.servlet.http.HttpServletResponse)>", index: "2", type: "jakarta.servlet.http.HttpServletResponse" }
  - { kind: "param", method: "<com.jeesite.modules.sys.web.AuditController: void auditExportData(com.jeesite.modules.sys.entity.Audit,jakarta.servlet.http.HttpServletRequest,jakarta.servlet.http.HttpServletResponse)>", index: "0", type: "com.jeesite.modules.sys.entity.Audit" }
  - { kind: "param", method: "<com.jeesite.modules.sys.web.AuditController: void auditExportData(com.jeesite.modules.sys.entity.Audit,jakarta.servlet.http.HttpServletRequest,jakarta.servlet.http.HttpServletResponse)>", index: "1", type: "jakarta.servlet.http.HttpServletRequest" }
  - { kind: "param", method: "<com.jeesite.modules.sys.web.AuditController: void auditExportData(com.jeesite.modules.sys.entity.Audit,jakarta.servlet.http.HttpServletRequest,jakarta.servlet.http.HttpServletResponse)>", index: "2", type: "jakarta.servlet.http.HttpServletResponse" }
  - { kind: "param", method: "<com.jeesite.modules.sys.web.AuditController: java.lang.String userList(com.jeesite.modules.sys.entity.Audit,org.springframework.ui.Model)>", index: "0", type: "com.jeesite.modules.sys.entity.Audit" }
  - { kind: "param", method: "<com.jeesite.modules.sys.web.AuditController: com.jeesite.common.entity.Page userListData(com.jeesite.modules.sys.entity.Audit,jakarta.servlet.http.HttpServletRequest,jakarta.servlet.http.HttpServletResponse)>", index: "0", type: "com.jeesite.modules.sys.entity.Audit" }
  - { kind: "param", method: "<com.jeesite.modules.sys.web.AuditController: com.jeesite.common.entity.Page userListData(com.jeesite.modules.sys.entity.Audit,jakarta.servlet.http.HttpServletRequest,jakarta.servlet.http.HttpServletResponse)>", index: "1", type: "jakarta.servlet.http.HttpServletRequest" }
  - { kind: "param", method: "<com.jeesite.modules.sys.web.AuditController: com.jeesite.common.entity.Page userListData(com.jeesite.modules.sys.entity.Audit,jakarta.servlet.http.HttpServletRequest,jakarta.servlet.http.HttpServletResponse)>", index: "2", type: "jakarta.servlet.http.HttpServletResponse" }
  - { kind: "param", method: "<com.jeesite.modules.sys.web.AuditController: java.lang.String menuList(com.jeesite.modules.sys.entity.Audit,org.springframework.ui.Model)>", index: "0", type: "com.jeesite.modules.sys.entity.Audit" }
  - { kind: "param", method: "<com.jeesite.modules.sys.web.AuditController: java.util.Map menuListData(com.jeesite.modules.sys.entity.Audit)>", index: "0", type: "com.jeesite.modules.sys.entity.Audit" }
  - { kind: "param", method: "<com.jeesite.modules.sys.web.LoginController: java.lang.String login(jakarta.servlet.http.HttpServletRequest,jakarta.servlet.http.HttpServletResponse,org.springframework.ui.Model)>", index: "0", type: "jakarta.servlet.http.HttpServletRequest" }
  - { kind: "param", method: "<com.jeesite.modules.sys.web.LoginController: java.lang.String login(jakarta.servlet.http.HttpServletRequest,jakarta.servlet.http.HttpServletResponse,org.springframework.ui.Model)>", index: "1", type: "jakarta.servlet.http.HttpServletResponse" }
  - { kind: "param", method: "<com.jeesite.modules.sys.web.LoginController: java.lang.String loginFailure(jakarta.servlet.http.HttpServletRequest,jakarta.servlet.http.HttpServletResponse,org.springframework.ui.Model)>", index: "0", type: "jakarta.servlet.http.HttpServletRequest" }
  - { kind: "param", method: "<com.jeesite.modules.sys.web.LoginController: java.lang.String loginFailure(jakarta.servlet.http.HttpServletRequest,jakarta.servlet.http.HttpServletResponse,org.springframework.ui.Model)>", index: "1", type: "jakarta.servlet.http.HttpServletResponse" }
  - { kind: "param", method: "<com.jeesite.modules.sys.web.LoginController: java.lang.String index(jakarta.servlet.http.HttpServletRequest,jakarta.servlet.http.HttpServletResponse,org.springframework.ui.Model)>", index: "0", type: "jakarta.servlet.http.HttpServletRequest" }
  - { kind: "param", method: "<com.jeesite.modules.sys.web.LoginController: java.lang.String index(jakarta.servlet.http.HttpServletRequest,jakarta.servlet.http.HttpServletResponse,org.springframework.ui.Model)>", index: "1", type: "jakarta.servlet.http.HttpServletResponse" }
  - { kind: "param", method: "<com.jeesite.modules.sys.web.LoginController: java.lang.String indexMenuTree(java.lang.String)>", index: "0", type: "java.lang.String" }
  - { kind: "param", method: "<com.jeesite.modules.sys.web.LoginController: java.util.List menuTree(java.lang.String)>", index: "0", type: "java.lang.String" }
  - { kind: "param", method: "<com.jeesite.modules.sys.web.LoginController: java.util.List menuRoute(java.lang.String)>", index: "0", type: "java.lang.String" }
  - { kind: "param", method: "<com.jeesite.modules.sys.web.LoginController: java.lang.String desktop(jakarta.servlet.http.HttpServletRequest,jakarta.servlet.http.HttpServletResponse,org.springframework.ui.Model)>", index: "0", type: "jakarta.servlet.http.HttpServletRequest" }
  - { kind: "param", method: "<com.jeesite.modules.sys.web.LoginController: java.lang.String desktop(jakarta.servlet.http.HttpServletRequest,jakarta.servlet.http.HttpServletResponse,org.springframework.ui.Model)>", index: "1", type: "jakarta.servlet.http.HttpServletResponse" }
  - { kind: "param", method: "<com.jeesite.modules.sys.web.SwitchController: java.lang.String switchSys(java.lang.String,jakarta.servlet.http.HttpServletRequest,jakarta.servlet.http.HttpServletResponse)>", index: "0", type: "java.lang.String" }
  - { kind: "param", method: "<com.jeesite.modules.sys.web.SwitchController: java.lang.String switchSys(java.lang.String,jakarta.servlet.http.HttpServletRequest,jakarta.servlet.http.HttpServletResponse)>", index: "1", type: "jakarta.servlet.http.HttpServletRequest" }
  - { kind: "param", method: "<com.jeesite.modules.sys.web.SwitchController: java.lang.String switchSys(java.lang.String,jakarta.servlet.http.HttpServletRequest,jakarta.servlet.http.HttpServletResponse)>", index: "2", type: "jakarta.servlet.http.HttpServletResponse" }
  - { kind: "param", method: "<com.jeesite.modules.sys.web.SwitchController: java.lang.String switchRole(java.lang.String,jakarta.servlet.http.HttpServletRequest,jakarta.servlet.http.HttpServletResponse)>", index: "0", type: "java.lang.String" }
  - { kind: "param", method: "<com.jeesite.modules.sys.web.SwitchController: java.lang.String switchRole(java.lang.String,jakarta.servlet.http.HttpServletRequest,jakarta.servlet.http.HttpServletResponse)>", index: "1", type: "jakarta.servlet.http.HttpServletRequest" }
  - { kind: "param", method: "<com.jeesite.modules.sys.web.SwitchController: java.lang.String switchRole(java.lang.String,jakarta.servlet.http.HttpServletRequest,jakarta.servlet.http.HttpServletResponse)>", index: "2", type: "jakarta.servlet.http.HttpServletResponse" }
  - { kind: "param", method: "<com.jeesite.modules.sys.web.SwitchController: java.lang.String switchPost(java.lang.String,jakarta.servlet.http.HttpServletRequest,jakarta.servlet.http.HttpServletResponse)>", index: "0", type: "java.lang.String" }
  - { kind: "param", method: "<com.jeesite.modules.sys.web.SwitchController: java.lang.String switchPost(java.lang.String,jakarta.servlet.http.HttpServletRequest,jakarta.servlet.http.HttpServletResponse)>", index: "1", type: "jakarta.servlet.http.HttpServletRequest" }
  - { kind: "param", method: "<com.jeesite.modules.sys.web.SwitchController: java.lang.String switchPost(java.lang.String,jakarta.servlet.http.HttpServletRequest,jakarta.servlet.http.HttpServletResponse)>", index: "2", type: "jakarta.servlet.http.HttpServletResponse" }
  - { kind: "param", method: "<com.jeesite.modules.sys.web.SwitchController: java.lang.String switchSkin(java.lang.String,java.lang.String,jakarta.servlet.http.HttpServletRequest,jakarta.servlet.http.HttpServletResponse)>", index: "0", type: "java.lang.String" }
  - { kind: "param", method: "<com.jeesite.modules.sys.web.SwitchController: java.lang.String switchSkin(java.lang.String,java.lang.String,jakarta.servlet.http.HttpServletRequest,jakarta.servlet.http.HttpServletResponse)>", index: "1", type: "java.lang.String" }
  - { kind: "param", method: "<com.jeesite.modules.sys.web.SwitchController: java.lang.String switchSkin(java.lang.String,java.lang.String,jakarta.servlet.http.HttpServletRequest,jakarta.servlet.http.HttpServletResponse)>", index: "2", type: "jakarta.servlet.http.HttpServletRequest" }
  - { kind: "param", method: "<com.jeesite.modules.sys.web.SwitchController: java.lang.String switchSkin(java.lang.String,java.lang.String,jakarta.servlet.http.HttpServletRequest,jakarta.servlet.http.HttpServletResponse)>", index: "3", type: "jakarta.servlet.http.HttpServletResponse" }
  - { kind: "param", method: "<com.jeesite.modules.sys.web.AccountController: java.lang.String getLoginValidCode(java.lang.String,java.lang.String,java.lang.String,jakarta.servlet.http.HttpServletRequest)>", index: "0", type: "java.lang.String" }
  - { kind: "param", method: "<com.jeesite.modules.sys.web.AccountController: java.lang.String getLoginValidCode(java.lang.String,java.lang.String,java.lang.String,jakarta.servlet.http.HttpServletRequest)>", index: "1", type: "java.lang.String" }
  - { kind: "param", method: "<com.jeesite.modules.sys.web.AccountController: java.lang.String getLoginValidCode(java.lang.String,java.lang.String,java.lang.String,jakarta.servlet.http.HttpServletRequest)>", index: "2", type: "java.lang.String" }
  - { kind: "param", method: "<com.jeesite.modules.sys.web.AccountController: java.lang.String getLoginValidCode(java.lang.String,java.lang.String,java.lang.String,jakarta.servlet.http.HttpServletRequest)>", index: "3", type: "jakarta.servlet.http.HttpServletRequest" }
  - { kind: "param", method: "<com.jeesite.modules.sys.web.AccountController: java.lang.String loginByValidCode(java.lang.String,java.lang.String,jakarta.servlet.http.HttpServletRequest,jakarta.servlet.http.HttpServletResponse)>", index: "0", type: "java.lang.String" }
  - { kind: "param", method: "<com.jeesite.modules.sys.web.AccountController: java.lang.String loginByValidCode(java.lang.String,java.lang.String,jakarta.servlet.http.HttpServletRequest,jakarta.servlet.http.HttpServletResponse)>", index: "1", type: "java.lang.String" }
  - { kind: "param", method: "<com.jeesite.modules.sys.web.AccountController: java.lang.String loginByValidCode(java.lang.String,java.lang.String,jakarta.servlet.http.HttpServletRequest,jakarta.servlet.http.HttpServletResponse)>", index: "2", type: "jakarta.servlet.http.HttpServletRequest" }
  - { kind: "param", method: "<com.jeesite.modules.sys.web.AccountController: java.lang.String loginByValidCode(java.lang.String,java.lang.String,jakarta.servlet.http.HttpServletRequest,jakarta.servlet.http.HttpServletResponse)>", index: "3", type: "jakarta.servlet.http.HttpServletResponse" }
  - { kind: "param", method: "<com.jeesite.modules.sys.web.AccountController: java.lang.String getFpValidCode(com.jeesite.modules.sys.entity.User,java.lang.String,java.lang.String,java.lang.String,jakarta.servlet.http.HttpServletRequest)>", index: "0", type: "com.jeesite.modules.sys.entity.User" }
  - { kind: "param", method: "<com.jeesite.modules.sys.web.AccountController: java.lang.String getFpValidCode(com.jeesite.modules.sys.entity.User,java.lang.String,java.lang.String,java.lang.String,jakarta.servlet.http.HttpServletRequest)>", index: "1", type: "java.lang.String" }
  - { kind: "param", method: "<com.jeesite.modules.sys.web.AccountController: java.lang.String getFpValidCode(com.jeesite.modules.sys.entity.User,java.lang.String,java.lang.String,java.lang.String,jakarta.servlet.http.HttpServletRequest)>", index: "2", type: "java.lang.String" }
  - { kind: "param", method: "<com.jeesite.modules.sys.web.AccountController: java.lang.String getFpValidCode(com.jeesite.modules.sys.entity.User,java.lang.String,java.lang.String,java.lang.String,jakarta.servlet.http.HttpServletRequest)>", index: "3", type: "java.lang.String" }
  - { kind: "param", method: "<com.jeesite.modules.sys.web.AccountController: java.lang.String getFpValidCode(com.jeesite.modules.sys.entity.User,java.lang.String,java.lang.String,java.lang.String,jakarta.servlet.http.HttpServletRequest)>", index: "4", type: "jakarta.servlet.http.HttpServletRequest" }
  - { kind: "param", method: "<com.jeesite.modules.sys.web.AccountController: java.lang.String savePwdByValidCode(java.lang.String,java.lang.String,jakarta.servlet.http.HttpServletRequest)>", index: "0", type: "java.lang.String" }
  - { kind: "param", method: "<com.jeesite.modules.sys.web.AccountController: java.lang.String savePwdByValidCode(java.lang.String,java.lang.String,jakarta.servlet.http.HttpServletRequest)>", index: "1", type: "java.lang.String" }
  - { kind: "param", method: "<com.jeesite.modules.sys.web.AccountController: java.lang.String savePwdByValidCode(java.lang.String,java.lang.String,jakarta.servlet.http.HttpServletRequest)>", index: "2", type: "jakarta.servlet.http.HttpServletRequest" }
  - { kind: "param", method: "<com.jeesite.modules.sys.web.AccountController: java.lang.String getPwdQuestion(java.lang.String,java.lang.String,java.lang.String,jakarta.servlet.http.HttpServletRequest)>", index: "0", type: "java.lang.String" }
  - { kind: "param", method: "<com.jeesite.modules.sys.web.AccountController: java.lang.String getPwdQuestion(java.lang.String,java.lang.String,java.lang.String,jakarta.servlet.http.HttpServletRequest)>", index: "1", type: "java.lang.String" }
  - { kind: "param", method: "<com.jeesite.modules.sys.web.AccountController: java.lang.String getPwdQuestion(java.lang.String,java.lang.String,java.lang.String,jakarta.servlet.http.HttpServletRequest)>", index: "2", type: "java.lang.String" }
  - { kind: "param", method: "<com.jeesite.modules.sys.web.AccountController: java.lang.String getPwdQuestion(java.lang.String,java.lang.String,java.lang.String,jakarta.servlet.http.HttpServletRequest)>", index: "3", type: "jakarta.servlet.http.HttpServletRequest" }
  - { kind: "param", method: "<com.jeesite.modules.sys.web.AccountController: java.lang.String savePwdByPwdQuestion(com.jeesite.modules.sys.entity.User,jakarta.servlet.http.HttpServletRequest)>", index: "0", type: "com.jeesite.modules.sys.entity.User" }
  - { kind: "param", method: "<com.jeesite.modules.sys.web.AccountController: java.lang.String savePwdByPwdQuestion(com.jeesite.modules.sys.entity.User,jakarta.servlet.http.HttpServletRequest)>", index: "1", type: "jakarta.servlet.http.HttpServletRequest" }
  - { kind: "param", method: "<com.jeesite.modules.sys.web.AccountController: java.lang.String registerUser(com.jeesite.modules.sys.entity.User,jakarta.servlet.http.HttpServletRequest)>", index: "0", type: "com.jeesite.modules.sys.entity.User" }
  - { kind: "param", method: "<com.jeesite.modules.sys.web.AccountController: java.lang.String registerUser(com.jeesite.modules.sys.entity.User,jakarta.servlet.http.HttpServletRequest)>", index: "1", type: "jakarta.servlet.http.HttpServletRequest" }
  - { kind: "param", method: "<com.jeesite.modules.sys.web.AccountController: java.lang.String getRegValidCode(com.jeesite.modules.sys.entity.User,java.lang.String,java.lang.String,jakarta.servlet.http.HttpServletRequest)>", index: "0", type: "com.jeesite.modules.sys.entity.User" }
  - { kind: "param", method: "<com.jeesite.modules.sys.web.AccountController: java.lang.String getRegValidCode(com.jeesite.modules.sys.entity.User,java.lang.String,java.lang.String,jakarta.servlet.http.HttpServletRequest)>", index: "1", type: "java.lang.String" }
  - { kind: "param", method: "<com.jeesite.modules.sys.web.AccountController: java.lang.String getRegValidCode(com.jeesite.modules.sys.entity.User,java.lang.String,java.lang.String,jakarta.servlet.http.HttpServletRequest)>", index: "2", type: "java.lang.String" }
  - { kind: "param", method: "<com.jeesite.modules.sys.web.AccountController: java.lang.String getRegValidCode(com.jeesite.modules.sys.entity.User,java.lang.String,java.lang.String,jakarta.servlet.http.HttpServletRequest)>", index: "3", type: "jakarta.servlet.http.HttpServletRequest" }
  - { kind: "param", method: "<com.jeesite.modules.sys.web.AccountController: java.lang.String saveRegByValidCode(com.jeesite.modules.sys.entity.User,java.lang.String,jakarta.servlet.http.HttpServletRequest)>", index: "0", type: "com.jeesite.modules.sys.entity.User" }
  - { kind: "param", method: "<com.jeesite.modules.sys.web.AccountController: java.lang.String saveRegByValidCode(com.jeesite.modules.sys.entity.User,java.lang.String,jakarta.servlet.http.HttpServletRequest)>", index: "1", type: "java.lang.String" }
  - { kind: "param", method: "<com.jeesite.modules.sys.web.AccountController: java.lang.String saveRegByValidCode(com.jeesite.modules.sys.entity.User,java.lang.String,jakarta.servlet.http.HttpServletRequest)>", index: "2", type: "jakarta.servlet.http.HttpServletRequest" }
  - { kind: "param", method: "<com.jeesite.modules.sys.web.user.CorpAdminController: java.lang.String list(com.jeesite.modules.sys.entity.User,org.springframework.ui.Model)>", index: "0", type: "com.jeesite.modules.sys.entity.User" }
  - { kind: "param", method: "<com.jeesite.modules.sys.web.user.CorpAdminController: com.jeesite.common.entity.Page listData(com.jeesite.modules.sys.entity.User,jakarta.servlet.http.HttpServletRequest,jakarta.servlet.http.HttpServletResponse)>", index: "0", type: "com.jeesite.modules.sys.entity.User" }
  - { kind: "param", method: "<com.jeesite.modules.sys.web.user.CorpAdminController: com.jeesite.common.entity.Page listData(com.jeesite.modules.sys.entity.User,jakarta.servlet.http.HttpServletRequest,jakarta.servlet.http.HttpServletResponse)>", index: "1", type: "jakarta.servlet.http.HttpServletRequest" }
  - { kind: "param", method: "<com.jeesite.modules.sys.web.user.CorpAdminController: com.jeesite.common.entity.Page listData(com.jeesite.modules.sys.entity.User,jakarta.servlet.http.HttpServletRequest,jakarta.servlet.http.HttpServletResponse)>", index: "2", type: "jakarta.servlet.http.HttpServletResponse" }
  - { kind: "param", method: "<com.jeesite.modules.sys.web.user.CorpAdminController: java.lang.String form(com.jeesite.modules.sys.entity.User,java.lang.String,org.springframework.ui.Model)>", index: "0", type: "com.jeesite.modules.sys.entity.User" }
  - { kind: "param", method: "<com.jeesite.modules.sys.web.user.CorpAdminController: java.lang.String form(com.jeesite.modules.sys.entity.User,java.lang.String,org.springframework.ui.Model)>", index: "1", type: "java.lang.String" }
  - { kind: "param", method: "<com.jeesite.modules.sys.web.user.CorpAdminController: java.lang.String save(com.jeesite.modules.sys.entity.User,java.lang.String,jakarta.servlet.http.HttpServletRequest)>", index: "0", type: "com.jeesite.modules.sys.entity.User" }
  - { kind: "param", method: "<com.jeesite.modules.sys.web.user.CorpAdminController: java.lang.String save(com.jeesite.modules.sys.entity.User,java.lang.String,jakarta.servlet.http.HttpServletRequest)>", index: "1", type: "java.lang.String" }
  - { kind: "param", method: "<com.jeesite.modules.sys.web.user.CorpAdminController: java.lang.String save(com.jeesite.modules.sys.entity.User,java.lang.String,jakarta.servlet.http.HttpServletRequest)>", index: "2", type: "jakarta.servlet.http.HttpServletRequest" }
  - { kind: "param", method: "<com.jeesite.modules.sys.web.user.CorpAdminController: java.lang.String disable(com.jeesite.modules.sys.entity.User)>", index: "0", type: "com.jeesite.modules.sys.entity.User" }
  - { kind: "param", method: "<com.jeesite.modules.sys.web.user.CorpAdminController: java.lang.String enable(com.jeesite.modules.sys.entity.User)>", index: "0", type: "com.jeesite.modules.sys.entity.User" }
  - { kind: "param", method: "<com.jeesite.modules.sys.web.user.CorpAdminController: java.lang.String resetpwd(com.jeesite.modules.sys.entity.User)>", index: "0", type: "com.jeesite.modules.sys.entity.User" }
  - { kind: "param", method: "<com.jeesite.modules.sys.web.user.CorpAdminController: java.lang.String delete(com.jeesite.modules.sys.entity.User)>", index: "0", type: "com.jeesite.modules.sys.entity.User" }
  - { kind: "param", method: "<com.jeesite.modules.sys.web.user.CorpAdminController: java.util.List treeData(java.lang.String,java.lang.String)>", index: "0", type: "java.lang.String" }
  - { kind: "param", method: "<com.jeesite.modules.sys.web.user.CorpAdminController: java.util.List treeData(java.lang.String,java.lang.String)>", index: "1", type: "java.lang.String" }
  - { kind: "param", method: "<com.jeesite.modules.sys.web.user.CorpAdminController: java.lang.String switchCorp(java.lang.String)>", index: "0", type: "java.lang.String" }
  - { kind: "param", method: "<com.jeesite.modules.sys.web.user.EmpUserController: java.lang.String index(com.jeesite.modules.sys.entity.EmpUser,org.springframework.ui.Model)>", index: "0", type: "com.jeesite.modules.sys.entity.EmpUser" }
  - { kind: "param", method: "<com.jeesite.modules.sys.web.user.EmpUserController: java.lang.String list(com.jeesite.modules.sys.entity.EmpUser,org.springframework.ui.Model)>", index: "0", type: "com.jeesite.modules.sys.entity.EmpUser" }
  - { kind: "param", method: "<com.jeesite.modules.sys.web.user.EmpUserController: com.jeesite.common.entity.Page listData(com.jeesite.modules.sys.entity.EmpUser,java.lang.Boolean,java.lang.String,jakarta.servlet.http.HttpServletRequest,jakarta.servlet.http.HttpServletResponse)>", index: "0", type: "com.jeesite.modules.sys.entity.EmpUser" }
  - { kind: "param", method: "<com.jeesite.modules.sys.web.user.EmpUserController: com.jeesite.common.entity.Page listData(com.jeesite.modules.sys.entity.EmpUser,java.lang.Boolean,java.lang.String,jakarta.servlet.http.HttpServletRequest,jakarta.servlet.http.HttpServletResponse)>", index: "1", type: "java.lang.Boolean" }
  - { kind: "param", method: "<com.jeesite.modules.sys.web.user.EmpUserController: com.jeesite.common.entity.Page listData(com.jeesite.modules.sys.entity.EmpUser,java.lang.Boolean,java.lang.String,jakarta.servlet.http.HttpServletRequest,jakarta.servlet.http.HttpServletResponse)>", index: "2", type: "java.lang.String" }
  - { kind: "param", method: "<com.jeesite.modules.sys.web.user.EmpUserController: com.jeesite.common.entity.Page listData(com.jeesite.modules.sys.entity.EmpUser,java.lang.Boolean,java.lang.String,jakarta.servlet.http.HttpServletRequest,jakarta.servlet.http.HttpServletResponse)>", index: "3", type: "jakarta.servlet.http.HttpServletRequest" }
  - { kind: "param", method: "<com.jeesite.modules.sys.web.user.EmpUserController: com.jeesite.common.entity.Page listData(com.jeesite.modules.sys.entity.EmpUser,java.lang.Boolean,java.lang.String,jakarta.servlet.http.HttpServletRequest,jakarta.servlet.http.HttpServletResponse)>", index: "4", type: "jakarta.servlet.http.HttpServletResponse" }
  - { kind: "param", method: "<com.jeesite.modules.sys.web.user.EmpUserController: java.lang.String form(com.jeesite.modules.sys.entity.EmpUser,java.lang.String,org.springframework.ui.Model)>", index: "0", type: "com.jeesite.modules.sys.entity.EmpUser" }
  - { kind: "param", method: "<com.jeesite.modules.sys.web.user.EmpUserController: java.lang.String form(com.jeesite.modules.sys.entity.EmpUser,java.lang.String,org.springframework.ui.Model)>", index: "1", type: "java.lang.String" }
  - { kind: "param", method: "<com.jeesite.modules.sys.web.user.EmpUserController: java.lang.String save(com.jeesite.modules.sys.entity.EmpUser,java.lang.String,jakarta.servlet.http.HttpServletRequest)>", index: "0", type: "com.jeesite.modules.sys.entity.EmpUser" }
  - { kind: "param", method: "<com.jeesite.modules.sys.web.user.EmpUserController: java.lang.String save(com.jeesite.modules.sys.entity.EmpUser,java.lang.String,jakarta.servlet.http.HttpServletRequest)>", index: "1", type: "java.lang.String" }
  - { kind: "param", method: "<com.jeesite.modules.sys.web.user.EmpUserController: java.lang.String save(com.jeesite.modules.sys.entity.EmpUser,java.lang.String,jakarta.servlet.http.HttpServletRequest)>", index: "2", type: "jakarta.servlet.http.HttpServletRequest" }
  - { kind: "param", method: "<com.jeesite.modules.sys.web.user.EmpUserController: java.lang.String checkEmpNo(java.lang.String,java.lang.String)>", index: "0", type: "java.lang.String" }
  - { kind: "param", method: "<com.jeesite.modules.sys.web.user.EmpUserController: java.lang.String checkEmpNo(java.lang.String,java.lang.String)>", index: "1", type: "java.lang.String" }
  - { kind: "param", method: "<com.jeesite.modules.sys.web.user.EmpUserController: void exportData(com.jeesite.modules.sys.entity.EmpUser,java.lang.Boolean,java.lang.String,jakarta.servlet.http.HttpServletResponse)>", index: "0", type: "com.jeesite.modules.sys.entity.EmpUser" }
  - { kind: "param", method: "<com.jeesite.modules.sys.web.user.EmpUserController: void exportData(com.jeesite.modules.sys.entity.EmpUser,java.lang.Boolean,java.lang.String,jakarta.servlet.http.HttpServletResponse)>", index: "1", type: "java.lang.Boolean" }
  - { kind: "param", method: "<com.jeesite.modules.sys.web.user.EmpUserController: void exportData(com.jeesite.modules.sys.entity.EmpUser,java.lang.Boolean,java.lang.String,jakarta.servlet.http.HttpServletResponse)>", index: "2", type: "java.lang.String" }
  - { kind: "param", method: "<com.jeesite.modules.sys.web.user.EmpUserController: void exportData(com.jeesite.modules.sys.entity.EmpUser,java.lang.Boolean,java.lang.String,jakarta.servlet.http.HttpServletResponse)>", index: "3", type: "jakarta.servlet.http.HttpServletResponse" }
  - { kind: "param", method: "<com.jeesite.modules.sys.web.user.EmpUserController: void importTemplate(jakarta.servlet.http.HttpServletResponse)>", index: "0", type: "jakarta.servlet.http.HttpServletResponse" }
  - { kind: "param", method: "<com.jeesite.modules.sys.web.user.EmpUserController: java.lang.String importData(org.springframework.web.multipart.MultipartFile,java.lang.String)>", index: "0", type: "org.springframework.web.multipart.MultipartFile" }
  - { kind: "param", method: "<com.jeesite.modules.sys.web.user.EmpUserController: java.lang.String importData(org.springframework.web.multipart.MultipartFile,java.lang.String)>", index: "1", type: "java.lang.String" }
  - { kind: "param", method: "<com.jeesite.modules.sys.web.user.EmpUserController: java.lang.String disable(com.jeesite.modules.sys.entity.EmpUser,boolean)>", index: "0", type: "com.jeesite.modules.sys.entity.EmpUser" }
  - { kind: "param", method: "<com.jeesite.modules.sys.web.user.EmpUserController: java.lang.String disable(com.jeesite.modules.sys.entity.EmpUser,boolean)>", index: "1", type: "boolean" }
  - { kind: "param", method: "<com.jeesite.modules.sys.web.user.EmpUserController: java.lang.String enable(com.jeesite.modules.sys.entity.EmpUser,boolean)>", index: "0", type: "com.jeesite.modules.sys.entity.EmpUser" }
  - { kind: "param", method: "<com.jeesite.modules.sys.web.user.EmpUserController: java.lang.String enable(com.jeesite.modules.sys.entity.EmpUser,boolean)>", index: "1", type: "boolean" }
  - { kind: "param", method: "<com.jeesite.modules.sys.web.user.EmpUserController: java.lang.String resetpwd(com.jeesite.modules.sys.entity.EmpUser)>", index: "0", type: "com.jeesite.modules.sys.entity.EmpUser" }
  - { kind: "param", method: "<com.jeesite.modules.sys.web.user.EmpUserController: java.lang.String delete(com.jeesite.modules.sys.entity.EmpUser)>", index: "0", type: "com.jeesite.modules.sys.entity.EmpUser" }
  - { kind: "param", method: "<com.jeesite.modules.sys.web.user.EmpUserController: java.lang.String formAuthDataScope(com.jeesite.modules.sys.entity.EmpUser,org.springframework.ui.Model,jakarta.servlet.http.HttpServletRequest)>", index: "0", type: "com.jeesite.modules.sys.entity.EmpUser" }
  - { kind: "param", method: "<com.jeesite.modules.sys.web.user.EmpUserController: java.lang.String formAuthDataScope(com.jeesite.modules.sys.entity.EmpUser,org.springframework.ui.Model,jakarta.servlet.http.HttpServletRequest)>", index: "2", type: "jakarta.servlet.http.HttpServletRequest" }
  - { kind: "param", method: "<com.jeesite.modules.sys.web.user.EmpUserController: java.lang.String saveAuthDataScope(com.jeesite.modules.sys.entity.EmpUser,jakarta.servlet.http.HttpServletRequest)>", index: "0", type: "com.jeesite.modules.sys.entity.EmpUser" }
  - { kind: "param", method: "<com.jeesite.modules.sys.web.user.EmpUserController: java.lang.String saveAuthDataScope(com.jeesite.modules.sys.entity.EmpUser,jakarta.servlet.http.HttpServletRequest)>", index: "1", type: "jakarta.servlet.http.HttpServletRequest" }
  - { kind: "param", method: "<com.jeesite.modules.sys.web.user.EmpUserController: java.util.List treeData(java.lang.String,java.lang.String[],java.lang.String,java.lang.String,java.lang.String,java.lang.Boolean,java.lang.String,java.lang.String)>", index: "0", type: "java.lang.String" }
  - { kind: "param", method: "<com.jeesite.modules.sys.web.user.EmpUserController: java.util.List treeData(java.lang.String,java.lang.String[],java.lang.String,java.lang.String,java.lang.String,java.lang.Boolean,java.lang.String,java.lang.String)>", index: "1", type: "java.lang.String[]" }
  - { kind: "param", method: "<com.jeesite.modules.sys.web.user.EmpUserController: java.util.List treeData(java.lang.String,java.lang.String[],java.lang.String,java.lang.String,java.lang.String,java.lang.Boolean,java.lang.String,java.lang.String)>", index: "2", type: "java.lang.String" }
  - { kind: "param", method: "<com.jeesite.modules.sys.web.user.EmpUserController: java.util.List treeData(java.lang.String,java.lang.String[],java.lang.String,java.lang.String,java.lang.String,java.lang.Boolean,java.lang.String,java.lang.String)>", index: "3", type: "java.lang.String" }
  - { kind: "param", method: "<com.jeesite.modules.sys.web.user.EmpUserController: java.util.List treeData(java.lang.String,java.lang.String[],java.lang.String,java.lang.String,java.lang.String,java.lang.Boolean,java.lang.String,java.lang.String)>", index: "4", type: "java.lang.String" }
  - { kind: "param", method: "<com.jeesite.modules.sys.web.user.EmpUserController: java.util.List treeData(java.lang.String,java.lang.String[],java.lang.String,java.lang.String,java.lang.String,java.lang.Boolean,java.lang.String,java.lang.String)>", index: "5", type: "java.lang.Boolean" }
  - { kind: "param", method: "<com.jeesite.modules.sys.web.user.EmpUserController: java.util.List treeData(java.lang.String,java.lang.String[],java.lang.String,java.lang.String,java.lang.String,java.lang.Boolean,java.lang.String,java.lang.String)>", index: "6", type: "java.lang.String" }
  - { kind: "param", method: "<com.jeesite.modules.sys.web.user.EmpUserController: java.util.List treeData(java.lang.String,java.lang.String[],java.lang.String,java.lang.String,java.lang.String,java.lang.Boolean,java.lang.String,java.lang.String)>", index: "7", type: "java.lang.String" }
  - { kind: "param", method: "<com.jeesite.modules.sys.web.user.EmpUserController: java.lang.String empUserSelect(com.jeesite.modules.sys.entity.EmpUser,java.lang.String,org.springframework.ui.Model)>", index: "0", type: "com.jeesite.modules.sys.entity.EmpUser" }
  - { kind: "param", method: "<com.jeesite.modules.sys.web.user.EmpUserController: java.lang.String empUserSelect(com.jeesite.modules.sys.entity.EmpUser,java.lang.String,org.springframework.ui.Model)>", index: "1", type: "java.lang.String" }
  - { kind: "param", method: "<com.jeesite.modules.sys.web.user.EmpUserController: java.lang.String switchOffice(java.lang.String,jakarta.servlet.http.HttpServletRequest,jakarta.servlet.http.HttpServletResponse)>", index: "0", type: "java.lang.String" }
  - { kind: "param", method: "<com.jeesite.modules.sys.web.user.EmpUserController: java.lang.String switchOffice(java.lang.String,jakarta.servlet.http.HttpServletRequest,jakarta.servlet.http.HttpServletResponse)>", index: "1", type: "jakarta.servlet.http.HttpServletRequest" }
  - { kind: "param", method: "<com.jeesite.modules.sys.web.user.EmpUserController: java.lang.String switchOffice(java.lang.String,jakarta.servlet.http.HttpServletRequest,jakarta.servlet.http.HttpServletResponse)>", index: "2", type: "jakarta.servlet.http.HttpServletResponse" }
  - { kind: "param", method: "<com.jeesite.modules.sys.web.user.SecAdminController: java.lang.String list(com.jeesite.modules.sys.entity.User,org.springframework.ui.Model)>", index: "0", type: "com.jeesite.modules.sys.entity.User" }
  - { kind: "param", method: "<com.jeesite.modules.sys.web.user.SecAdminController: com.jeesite.common.entity.Page listData(com.jeesite.modules.sys.entity.User,jakarta.servlet.http.HttpServletRequest,jakarta.servlet.http.HttpServletResponse)>", index: "0", type: "com.jeesite.modules.sys.entity.User" }
  - { kind: "param", method: "<com.jeesite.modules.sys.web.user.SecAdminController: com.jeesite.common.entity.Page listData(com.jeesite.modules.sys.entity.User,jakarta.servlet.http.HttpServletRequest,jakarta.servlet.http.HttpServletResponse)>", index: "1", type: "jakarta.servlet.http.HttpServletRequest" }
  - { kind: "param", method: "<com.jeesite.modules.sys.web.user.SecAdminController: com.jeesite.common.entity.Page listData(com.jeesite.modules.sys.entity.User,jakarta.servlet.http.HttpServletRequest,jakarta.servlet.http.HttpServletResponse)>", index: "2", type: "jakarta.servlet.http.HttpServletResponse" }
  - { kind: "param", method: "<com.jeesite.modules.sys.web.user.SecAdminController: java.lang.String form(com.jeesite.modules.sys.entity.User,org.springframework.ui.Model)>", index: "0", type: "com.jeesite.modules.sys.entity.User" }
  - { kind: "param", method: "<com.jeesite.modules.sys.web.user.SecAdminController: java.lang.String save(com.jeesite.modules.sys.entity.User)>", index: "0", type: "com.jeesite.modules.sys.entity.User" }
  - { kind: "param", method: "<com.jeesite.modules.sys.web.user.SecAdminController: java.lang.String delete(com.jeesite.modules.sys.entity.User)>", index: "0", type: "com.jeesite.modules.sys.entity.User" }
  - { kind: "param", method: "<com.jeesite.modules.sys.web.user.UserController: com.jeesite.common.entity.Page listData(com.jeesite.modules.sys.entity.User,jakarta.servlet.http.HttpServletRequest,jakarta.servlet.http.HttpServletResponse)>", index: "0", type: "com.jeesite.modules.sys.entity.User" }
  - { kind: "param", method: "<com.jeesite.modules.sys.web.user.UserController: com.jeesite.common.entity.Page listData(com.jeesite.modules.sys.entity.User,jakarta.servlet.http.HttpServletRequest,jakarta.servlet.http.HttpServletResponse)>", index: "1", type: "jakarta.servlet.http.HttpServletRequest" }
  - { kind: "param", method: "<com.jeesite.modules.sys.web.user.UserController: com.jeesite.common.entity.Page listData(com.jeesite.modules.sys.entity.User,jakarta.servlet.http.HttpServletRequest,jakarta.servlet.http.HttpServletResponse)>", index: "2", type: "jakarta.servlet.http.HttpServletResponse" }
  - { kind: "param", method: "<com.jeesite.modules.sys.web.user.UserController: java.lang.String checkLoginCode(java.lang.String,java.lang.String)>", index: "0", type: "java.lang.String" }
  - { kind: "param", method: "<com.jeesite.modules.sys.web.user.UserController: java.lang.String checkLoginCode(java.lang.String,java.lang.String)>", index: "1", type: "java.lang.String" }
  - { kind: "param", method: "<com.jeesite.modules.sys.web.user.UserController: java.lang.String info(java.lang.String,org.springframework.ui.Model)>", index: "0", type: "java.lang.String" }
  - { kind: "param", method: "<com.jeesite.modules.sys.web.user.UserController: java.lang.String infoSaveBase(com.jeesite.modules.sys.entity.User)>", index: "0", type: "com.jeesite.modules.sys.entity.User" }
  - { kind: "param", method: "<com.jeesite.modules.sys.web.user.UserController: java.lang.String infoSavePwd(java.lang.String,java.lang.String,java.lang.String)>", index: "0", type: "java.lang.String" }
  - { kind: "param", method: "<com.jeesite.modules.sys.web.user.UserController: java.lang.String infoSavePwd(java.lang.String,java.lang.String,java.lang.String)>", index: "1", type: "java.lang.String" }
  - { kind: "param", method: "<com.jeesite.modules.sys.web.user.UserController: java.lang.String infoSavePwd(java.lang.String,java.lang.String,java.lang.String)>", index: "2", type: "java.lang.String" }
  - { kind: "param", method: "<com.jeesite.modules.sys.web.user.UserController: java.lang.String infoSavePqa(com.jeesite.modules.sys.entity.User,java.lang.String,java.lang.String,java.lang.String,java.lang.String)>", index: "0", type: "com.jeesite.modules.sys.entity.User" }
  - { kind: "param", method: "<com.jeesite.modules.sys.web.user.UserController: java.lang.String infoSavePqa(com.jeesite.modules.sys.entity.User,java.lang.String,java.lang.String,java.lang.String,java.lang.String)>", index: "1", type: "java.lang.String" }
  - { kind: "param", method: "<com.jeesite.modules.sys.web.user.UserController: java.lang.String infoSavePqa(com.jeesite.modules.sys.entity.User,java.lang.String,java.lang.String,java.lang.String,java.lang.String)>", index: "2", type: "java.lang.String" }
  - { kind: "param", method: "<com.jeesite.modules.sys.web.user.UserController: java.lang.String infoSavePqa(com.jeesite.modules.sys.entity.User,java.lang.String,java.lang.String,java.lang.String,java.lang.String)>", index: "3", type: "java.lang.String" }
  - { kind: "param", method: "<com.jeesite.modules.sys.web.user.UserController: java.lang.String infoSavePqa(com.jeesite.modules.sys.entity.User,java.lang.String,java.lang.String,java.lang.String,java.lang.String)>", index: "4", type: "java.lang.String" }
  - { kind: "param", method: "<com.jeesite.modules.sys.web.user.UserController: java.lang.String userSelect(com.jeesite.modules.sys.entity.User,java.lang.String,org.springframework.ui.Model)>", index: "0", type: "com.jeesite.modules.sys.entity.User" }
  - { kind: "param", method: "<com.jeesite.modules.sys.web.user.UserController: java.lang.String userSelect(com.jeesite.modules.sys.entity.User,java.lang.String,org.springframework.ui.Model)>", index: "1", type: "java.lang.String" }
  - { kind: "param", method: "<com.jeesite.modules.sys.web.RoleController: java.lang.String list(com.jeesite.modules.sys.entity.Role,org.springframework.ui.Model)>", index: "0", type: "com.jeesite.modules.sys.entity.Role" }
  - { kind: "param", method: "<com.jeesite.modules.sys.web.RoleController: com.jeesite.common.entity.Page listData(com.jeesite.modules.sys.entity.Role,java.lang.String,jakarta.servlet.http.HttpServletRequest,jakarta.servlet.http.HttpServletResponse)>", index: "0", type: "com.jeesite.modules.sys.entity.Role" }
  - { kind: "param", method: "<com.jeesite.modules.sys.web.RoleController: com.jeesite.common.entity.Page listData(com.jeesite.modules.sys.entity.Role,java.lang.String,jakarta.servlet.http.HttpServletRequest,jakarta.servlet.http.HttpServletResponse)>", index: "1", type: "java.lang.String" }
  - { kind: "param", method: "<com.jeesite.modules.sys.web.RoleController: com.jeesite.common.entity.Page listData(com.jeesite.modules.sys.entity.Role,java.lang.String,jakarta.servlet.http.HttpServletRequest,jakarta.servlet.http.HttpServletResponse)>", index: "2", type: "jakarta.servlet.http.HttpServletRequest" }
  - { kind: "param", method: "<com.jeesite.modules.sys.web.RoleController: com.jeesite.common.entity.Page listData(com.jeesite.modules.sys.entity.Role,java.lang.String,jakarta.servlet.http.HttpServletRequest,jakarta.servlet.http.HttpServletResponse)>", index: "3", type: "jakarta.servlet.http.HttpServletResponse" }
  - { kind: "param", method: "<com.jeesite.modules.sys.web.RoleController: java.lang.String form(com.jeesite.modules.sys.entity.Role,java.lang.String,org.springframework.ui.Model)>", index: "0", type: "com.jeesite.modules.sys.entity.Role" }
  - { kind: "param", method: "<com.jeesite.modules.sys.web.RoleController: java.lang.String form(com.jeesite.modules.sys.entity.Role,java.lang.String,org.springframework.ui.Model)>", index: "1", type: "java.lang.String" }
  - { kind: "param", method: "<com.jeesite.modules.sys.web.RoleController: java.lang.String save(com.jeesite.modules.sys.entity.Role,java.lang.String,jakarta.servlet.http.HttpServletRequest)>", index: "0", type: "com.jeesite.modules.sys.entity.Role" }
  - { kind: "param", method: "<com.jeesite.modules.sys.web.RoleController: java.lang.String save(com.jeesite.modules.sys.entity.Role,java.lang.String,jakarta.servlet.http.HttpServletRequest)>", index: "1", type: "java.lang.String" }
  - { kind: "param", method: "<com.jeesite.modules.sys.web.RoleController: java.lang.String save(com.jeesite.modules.sys.entity.Role,java.lang.String,jakarta.servlet.http.HttpServletRequest)>", index: "2", type: "jakarta.servlet.http.HttpServletRequest" }
  - { kind: "param", method: "<com.jeesite.modules.sys.web.RoleController: java.lang.String checkRoleName(java.lang.String,java.lang.String)>", index: "0", type: "java.lang.String" }
  - { kind: "param", method: "<com.jeesite.modules.sys.web.RoleController: java.lang.String checkRoleName(java.lang.String,java.lang.String)>", index: "1", type: "java.lang.String" }
  - { kind: "param", method: "<com.jeesite.modules.sys.web.RoleController: java.lang.String disable(com.jeesite.modules.sys.entity.Role,jakarta.servlet.http.HttpServletRequest)>", index: "0", type: "com.jeesite.modules.sys.entity.Role" }
  - { kind: "param", method: "<com.jeesite.modules.sys.web.RoleController: java.lang.String disable(com.jeesite.modules.sys.entity.Role,jakarta.servlet.http.HttpServletRequest)>", index: "1", type: "jakarta.servlet.http.HttpServletRequest" }
  - { kind: "param", method: "<com.jeesite.modules.sys.web.RoleController: java.lang.String enable(com.jeesite.modules.sys.entity.Role,jakarta.servlet.http.HttpServletRequest)>", index: "0", type: "com.jeesite.modules.sys.entity.Role" }
  - { kind: "param", method: "<com.jeesite.modules.sys.web.RoleController: java.lang.String enable(com.jeesite.modules.sys.entity.Role,jakarta.servlet.http.HttpServletRequest)>", index: "1", type: "jakarta.servlet.http.HttpServletRequest" }
  - { kind: "param", method: "<com.jeesite.modules.sys.web.RoleController: java.lang.String delete(com.jeesite.modules.sys.entity.Role,jakarta.servlet.http.HttpServletRequest)>", index: "0", type: "com.jeesite.modules.sys.entity.Role" }
  - { kind: "param", method: "<com.jeesite.modules.sys.web.RoleController: java.lang.String delete(com.jeesite.modules.sys.entity.Role,jakarta.servlet.http.HttpServletRequest)>", index: "1", type: "jakarta.servlet.http.HttpServletRequest" }
  - { kind: "param", method: "<com.jeesite.modules.sys.web.RoleController: java.lang.Boolean hasUserRole(java.lang.String,java.lang.String)>", index: "0", type: "java.lang.String" }
  - { kind: "param", method: "<com.jeesite.modules.sys.web.RoleController: java.lang.Boolean hasUserRole(java.lang.String,java.lang.String)>", index: "1", type: "java.lang.String" }
  - { kind: "param", method: "<com.jeesite.modules.sys.web.RoleController: java.util.Map menuTreeData(com.jeesite.modules.sys.entity.Role)>", index: "0", type: "com.jeesite.modules.sys.entity.Role" }
  - { kind: "param", method: "<com.jeesite.modules.sys.web.RoleController: java.util.List menuTreeDataByRoleCode(java.lang.String,java.lang.String)>", index: "0", type: "java.lang.String" }
  - { kind: "param", method: "<com.jeesite.modules.sys.web.RoleController: java.util.List menuTreeDataByRoleCode(java.lang.String,java.lang.String)>", index: "1", type: "java.lang.String" }
  - { kind: "param", method: "<com.jeesite.modules.sys.web.RoleController: java.lang.String formAuthDataScope(com.jeesite.modules.sys.entity.Role,org.springframework.ui.Model,jakarta.servlet.http.HttpServletRequest)>", index: "0", type: "com.jeesite.modules.sys.entity.Role" }
  - { kind: "param", method: "<com.jeesite.modules.sys.web.RoleController: java.lang.String formAuthDataScope(com.jeesite.modules.sys.entity.Role,org.springframework.ui.Model,jakarta.servlet.http.HttpServletRequest)>", index: "2", type: "jakarta.servlet.http.HttpServletRequest" }
  - { kind: "param", method: "<com.jeesite.modules.sys.web.RoleController: java.lang.String saveAuthDataScope(com.jeesite.modules.sys.entity.Role,jakarta.servlet.http.HttpServletRequest)>", index: "0", type: "com.jeesite.modules.sys.entity.Role" }
  - { kind: "param", method: "<com.jeesite.modules.sys.web.RoleController: java.lang.String saveAuthDataScope(com.jeesite.modules.sys.entity.Role,jakarta.servlet.http.HttpServletRequest)>", index: "1", type: "jakarta.servlet.http.HttpServletRequest" }
  - { kind: "param", method: "<com.jeesite.modules.sys.web.RoleController: java.util.List treeData(java.lang.String,java.lang.Boolean,java.lang.String,java.lang.String)>", index: "0", type: "java.lang.String" }
  - { kind: "param", method: "<com.jeesite.modules.sys.web.RoleController: java.util.List treeData(java.lang.String,java.lang.Boolean,java.lang.String,java.lang.String)>", index: "1", type: "java.lang.Boolean" }
  - { kind: "param", method: "<com.jeesite.modules.sys.web.RoleController: java.util.List treeData(java.lang.String,java.lang.Boolean,java.lang.String,java.lang.String)>", index: "2", type: "java.lang.String" }
  - { kind: "param", method: "<com.jeesite.modules.sys.web.RoleController: java.util.List treeData(java.lang.String,java.lang.Boolean,java.lang.String,java.lang.String)>", index: "3", type: "java.lang.String" }
  - { kind: "param", method: "<com.jeesite.modules.sys.web.RoleController: java.lang.String formAuthUser(com.jeesite.modules.sys.entity.Role,org.springframework.ui.Model,jakarta.servlet.http.HttpServletRequest)>", index: "0", type: "com.jeesite.modules.sys.entity.Role" }
  - { kind: "param", method: "<com.jeesite.modules.sys.web.RoleController: java.lang.String formAuthUser(com.jeesite.modules.sys.entity.Role,org.springframework.ui.Model,jakarta.servlet.http.HttpServletRequest)>", index: "2", type: "jakarta.servlet.http.HttpServletRequest" }
  - { kind: "param", method: "<com.jeesite.modules.sys.web.RoleController: java.lang.String saveAuthUser(com.jeesite.modules.sys.entity.Role,jakarta.servlet.http.HttpServletRequest)>", index: "0", type: "com.jeesite.modules.sys.entity.Role" }
  - { kind: "param", method: "<com.jeesite.modules.sys.web.RoleController: java.lang.String saveAuthUser(com.jeesite.modules.sys.entity.Role,jakarta.servlet.http.HttpServletRequest)>", index: "1", type: "jakarta.servlet.http.HttpServletRequest" }
  - { kind: "param", method: "<com.jeesite.modules.sys.web.RoleController: java.lang.String deleteAuthUser(com.jeesite.modules.sys.entity.Role,jakarta.servlet.http.HttpServletRequest)>", index: "0", type: "com.jeesite.modules.sys.entity.Role" }
  - { kind: "param", method: "<com.jeesite.modules.sys.web.RoleController: java.lang.String deleteAuthUser(com.jeesite.modules.sys.entity.Role,jakarta.servlet.http.HttpServletRequest)>", index: "1", type: "jakarta.servlet.http.HttpServletRequest" }
  - { kind: "param", method: "<com.jeesite.modules.sys.web.DictDataController: java.lang.String list(com.jeesite.modules.sys.entity.DictData,org.springframework.ui.Model)>", index: "0", type: "com.jeesite.modules.sys.entity.DictData" }
  - { kind: "param", method: "<com.jeesite.modules.sys.web.DictDataController: java.util.List listData(com.jeesite.modules.sys.entity.DictData)>", index: "0", type: "com.jeesite.modules.sys.entity.DictData" }
  - { kind: "param", method: "<com.jeesite.modules.sys.web.DictDataController: java.lang.String form(com.jeesite.modules.sys.entity.DictData,java.lang.String,org.springframework.ui.Model)>", index: "0", type: "com.jeesite.modules.sys.entity.DictData" }
  - { kind: "param", method: "<com.jeesite.modules.sys.web.DictDataController: java.lang.String form(com.jeesite.modules.sys.entity.DictData,java.lang.String,org.springframework.ui.Model)>", index: "1", type: "java.lang.String" }
  - { kind: "param", method: "<com.jeesite.modules.sys.web.DictDataController: com.jeesite.modules.sys.entity.DictData createNextNode(com.jeesite.modules.sys.entity.DictData)>", index: "0", type: "com.jeesite.modules.sys.entity.DictData" }
  - { kind: "param", method: "<com.jeesite.modules.sys.web.DictDataController: java.lang.String save(com.jeesite.modules.sys.entity.DictData,jakarta.servlet.http.HttpServletRequest)>", index: "0", type: "com.jeesite.modules.sys.entity.DictData" }
  - { kind: "param", method: "<com.jeesite.modules.sys.web.DictDataController: java.lang.String save(com.jeesite.modules.sys.entity.DictData,jakarta.servlet.http.HttpServletRequest)>", index: "1", type: "jakarta.servlet.http.HttpServletRequest" }
  - { kind: "param", method: "<com.jeesite.modules.sys.web.DictDataController: java.lang.String disable(com.jeesite.modules.sys.entity.DictData,jakarta.servlet.http.HttpServletRequest)>", index: "0", type: "com.jeesite.modules.sys.entity.DictData" }
  - { kind: "param", method: "<com.jeesite.modules.sys.web.DictDataController: java.lang.String disable(com.jeesite.modules.sys.entity.DictData,jakarta.servlet.http.HttpServletRequest)>", index: "1", type: "jakarta.servlet.http.HttpServletRequest" }
  - { kind: "param", method: "<com.jeesite.modules.sys.web.DictDataController: java.lang.String enable(com.jeesite.modules.sys.entity.DictData,jakarta.servlet.http.HttpServletRequest)>", index: "0", type: "com.jeesite.modules.sys.entity.DictData" }
  - { kind: "param", method: "<com.jeesite.modules.sys.web.DictDataController: java.lang.String enable(com.jeesite.modules.sys.entity.DictData,jakarta.servlet.http.HttpServletRequest)>", index: "1", type: "jakarta.servlet.http.HttpServletRequest" }
  - { kind: "param", method: "<com.jeesite.modules.sys.web.DictDataController: java.lang.String delete(com.jeesite.modules.sys.entity.DictData,jakarta.servlet.http.HttpServletRequest)>", index: "0", type: "com.jeesite.modules.sys.entity.DictData" }
  - { kind: "param", method: "<com.jeesite.modules.sys.web.DictDataController: java.lang.String delete(com.jeesite.modules.sys.entity.DictData,jakarta.servlet.http.HttpServletRequest)>", index: "1", type: "jakarta.servlet.http.HttpServletRequest" }
  - { kind: "param", method: "<com.jeesite.modules.sys.web.DictDataController: java.util.List treeData(java.lang.String,java.lang.String,java.lang.String,boolean)>", index: "0", type: "java.lang.String" }
  - { kind: "param", method: "<com.jeesite.modules.sys.web.DictDataController: java.util.List treeData(java.lang.String,java.lang.String,java.lang.String,boolean)>", index: "1", type: "java.lang.String" }
  - { kind: "param", method: "<com.jeesite.modules.sys.web.DictDataController: java.util.List treeData(java.lang.String,java.lang.String,java.lang.String,boolean)>", index: "2", type: "java.lang.String" }
  - { kind: "param", method: "<com.jeesite.modules.sys.web.DictDataController: java.util.List treeData(java.lang.String,java.lang.String,java.lang.String,boolean)>", index: "3", type: "boolean" }
  - { kind: "param", method: "<com.jeesite.modules.sys.web.DictDataController: java.lang.String fixTreeData(com.jeesite.modules.sys.entity.DictData)>", index: "0", type: "com.jeesite.modules.sys.entity.DictData" }
  - { kind: "param", method: "<com.jeesite.modules.sys.web.AreaController: java.lang.String index(com.jeesite.modules.sys.entity.Area,org.springframework.ui.Model)>", index: "0", type: "com.jeesite.modules.sys.entity.Area" }
  - { kind: "param", method: "<com.jeesite.modules.sys.web.AreaController: java.lang.String list(com.jeesite.modules.sys.entity.Area,org.springframework.ui.Model)>", index: "0", type: "com.jeesite.modules.sys.entity.Area" }
  - { kind: "param", method: "<com.jeesite.modules.sys.web.AreaController: java.util.List listData(com.jeesite.modules.sys.entity.Area)>", index: "0", type: "com.jeesite.modules.sys.entity.Area" }
  - { kind: "param", method: "<com.jeesite.modules.sys.web.AreaController: com.jeesite.common.entity.Page listPageData(com.jeesite.modules.sys.entity.Area,jakarta.servlet.http.HttpServletRequest,jakarta.servlet.http.HttpServletResponse)>", index: "0", type: "com.jeesite.modules.sys.entity.Area" }
  - { kind: "param", method: "<com.jeesite.modules.sys.web.AreaController: com.jeesite.common.entity.Page listPageData(com.jeesite.modules.sys.entity.Area,jakarta.servlet.http.HttpServletRequest,jakarta.servlet.http.HttpServletResponse)>", index: "1", type: "jakarta.servlet.http.HttpServletRequest" }
  - { kind: "param", method: "<com.jeesite.modules.sys.web.AreaController: com.jeesite.common.entity.Page listPageData(com.jeesite.modules.sys.entity.Area,jakarta.servlet.http.HttpServletRequest,jakarta.servlet.http.HttpServletResponse)>", index: "2", type: "jakarta.servlet.http.HttpServletResponse" }
  - { kind: "param", method: "<com.jeesite.modules.sys.web.AreaController: java.lang.String form(com.jeesite.modules.sys.entity.Area,org.springframework.ui.Model)>", index: "0", type: "com.jeesite.modules.sys.entity.Area" }
  - { kind: "param", method: "<com.jeesite.modules.sys.web.AreaController: com.jeesite.modules.sys.entity.Area createNextNode(com.jeesite.modules.sys.entity.Area)>", index: "0", type: "com.jeesite.modules.sys.entity.Area" }
  - { kind: "param", method: "<com.jeesite.modules.sys.web.AreaController: java.lang.String save(com.jeesite.modules.sys.entity.Area)>", index: "0", type: "com.jeesite.modules.sys.entity.Area" }
  - { kind: "param", method: "<com.jeesite.modules.sys.web.AreaController: java.lang.String disable(com.jeesite.modules.sys.entity.Area)>", index: "0", type: "com.jeesite.modules.sys.entity.Area" }
  - { kind: "param", method: "<com.jeesite.modules.sys.web.AreaController: java.lang.String enable(com.jeesite.modules.sys.entity.Area)>", index: "0", type: "com.jeesite.modules.sys.entity.Area" }
  - { kind: "param", method: "<com.jeesite.modules.sys.web.AreaController: java.lang.String delete(com.jeesite.modules.sys.entity.Area)>", index: "0", type: "com.jeesite.modules.sys.entity.Area" }
  - { kind: "param", method: "<com.jeesite.modules.sys.web.AreaController: java.util.List treeData(java.lang.String,java.lang.String,java.lang.String)>", index: "0", type: "java.lang.String" }
  - { kind: "param", method: "<com.jeesite.modules.sys.web.AreaController: java.util.List treeData(java.lang.String,java.lang.String,java.lang.String)>", index: "1", type: "java.lang.String" }
  - { kind: "param", method: "<com.jeesite.modules.sys.web.AreaController: java.util.List treeData(java.lang.String,java.lang.String,java.lang.String)>", index: "2", type: "java.lang.String" }
  - { kind: "param", method: "<com.jeesite.modules.sys.web.AreaController: java.lang.String fixTreeData(com.jeesite.modules.sys.entity.Area)>", index: "0", type: "com.jeesite.modules.sys.entity.Area" }
  - { kind: "param", method: "<com.jeesite.modules.sys.web.OfficeController: java.lang.String index(com.jeesite.modules.sys.entity.Office,org.springframework.ui.Model)>", index: "0", type: "com.jeesite.modules.sys.entity.Office" }
  - { kind: "param", method: "<com.jeesite.modules.sys.web.OfficeController: java.lang.String list(com.jeesite.modules.sys.entity.Office,org.springframework.ui.Model)>", index: "0", type: "com.jeesite.modules.sys.entity.Office" }
  - { kind: "param", method: "<com.jeesite.modules.sys.web.OfficeController: java.util.List listData(com.jeesite.modules.sys.entity.Office,java.lang.String)>", index: "0", type: "com.jeesite.modules.sys.entity.Office" }
  - { kind: "param", method: "<com.jeesite.modules.sys.web.OfficeController: java.util.List listData(com.jeesite.modules.sys.entity.Office,java.lang.String)>", index: "1", type: "java.lang.String" }
  - { kind: "param", method: "<com.jeesite.modules.sys.web.OfficeController: java.lang.String form(com.jeesite.modules.sys.entity.Office,org.springframework.ui.Model)>", index: "0", type: "com.jeesite.modules.sys.entity.Office" }
  - { kind: "param", method: "<com.jeesite.modules.sys.web.OfficeController: com.jeesite.modules.sys.entity.Office createNextNode(com.jeesite.modules.sys.entity.Office)>", index: "0", type: "com.jeesite.modules.sys.entity.Office" }
  - { kind: "param", method: "<com.jeesite.modules.sys.web.OfficeController: java.lang.String save(com.jeesite.modules.sys.entity.Office)>", index: "0", type: "com.jeesite.modules.sys.entity.Office" }
  - { kind: "param", method: "<com.jeesite.modules.sys.web.OfficeController: void exportData(com.jeesite.modules.sys.entity.Office,java.lang.Boolean,java.lang.String,jakarta.servlet.http.HttpServletResponse)>", index: "0", type: "com.jeesite.modules.sys.entity.Office" }
  - { kind: "param", method: "<com.jeesite.modules.sys.web.OfficeController: void exportData(com.jeesite.modules.sys.entity.Office,java.lang.Boolean,java.lang.String,jakarta.servlet.http.HttpServletResponse)>", index: "1", type: "java.lang.Boolean" }
  - { kind: "param", method: "<com.jeesite.modules.sys.web.OfficeController: void exportData(com.jeesite.modules.sys.entity.Office,java.lang.Boolean,java.lang.String,jakarta.servlet.http.HttpServletResponse)>", index: "2", type: "java.lang.String" }
  - { kind: "param", method: "<com.jeesite.modules.sys.web.OfficeController: void exportData(com.jeesite.modules.sys.entity.Office,java.lang.Boolean,java.lang.String,jakarta.servlet.http.HttpServletResponse)>", index: "3", type: "jakarta.servlet.http.HttpServletResponse" }
  - { kind: "param", method: "<com.jeesite.modules.sys.web.OfficeController: void importTemplate(jakarta.servlet.http.HttpServletResponse)>", index: "0", type: "jakarta.servlet.http.HttpServletResponse" }
  - { kind: "param", method: "<com.jeesite.modules.sys.web.OfficeController: java.lang.String importData(org.springframework.web.multipart.MultipartFile,java.lang.String)>", index: "0", type: "org.springframework.web.multipart.MultipartFile" }
  - { kind: "param", method: "<com.jeesite.modules.sys.web.OfficeController: java.lang.String importData(org.springframework.web.multipart.MultipartFile,java.lang.String)>", index: "1", type: "java.lang.String" }
  - { kind: "param", method: "<com.jeesite.modules.sys.web.OfficeController: java.lang.String disable(com.jeesite.modules.sys.entity.Office)>", index: "0", type: "com.jeesite.modules.sys.entity.Office" }
  - { kind: "param", method: "<com.jeesite.modules.sys.web.OfficeController: java.lang.String enable(com.jeesite.modules.sys.entity.Office)>", index: "0", type: "com.jeesite.modules.sys.entity.Office" }
  - { kind: "param", method: "<com.jeesite.modules.sys.web.OfficeController: java.lang.String delete(com.jeesite.modules.sys.entity.Office)>", index: "0", type: "com.jeesite.modules.sys.entity.Office" }
  - { kind: "param", method: "<com.jeesite.modules.sys.web.OfficeController: java.util.List treeData(java.lang.String,java.lang.String,java.lang.Boolean,java.lang.String,java.lang.String,java.lang.String,java.lang.String,java.lang.String,java.lang.String,java.lang.String,java.lang.String,java.lang.String)>", index: "0", type: "java.lang.String" }
  - { kind: "param", method: "<com.jeesite.modules.sys.web.OfficeController: java.util.List treeData(java.lang.String,java.lang.String,java.lang.Boolean,java.lang.String,java.lang.String,java.lang.String,java.lang.String,java.lang.String,java.lang.String,java.lang.String,java.lang.String,java.lang.String)>", index: "1", type: "java.lang.String" }
  - { kind: "param", method: "<com.jeesite.modules.sys.web.OfficeController: java.util.List treeData(java.lang.String,java.lang.String,java.lang.Boolean,java.lang.String,java.lang.String,java.lang.String,java.lang.String,java.lang.String,java.lang.String,java.lang.String,java.lang.String,java.lang.String)>", index: "2", type: "java.lang.Boolean" }
  - { kind: "param", method: "<com.jeesite.modules.sys.web.OfficeController: java.util.List treeData(java.lang.String,java.lang.String,java.lang.Boolean,java.lang.String,java.lang.String,java.lang.String,java.lang.String,java.lang.String,java.lang.String,java.lang.String,java.lang.String,java.lang.String)>", index: "3", type: "java.lang.String" }
  - { kind: "param", method: "<com.jeesite.modules.sys.web.OfficeController: java.util.List treeData(java.lang.String,java.lang.String,java.lang.Boolean,java.lang.String,java.lang.String,java.lang.String,java.lang.String,java.lang.String,java.lang.String,java.lang.String,java.lang.String,java.lang.String)>", index: "4", type: "java.lang.String" }
  - { kind: "param", method: "<com.jeesite.modules.sys.web.OfficeController: java.util.List treeData(java.lang.String,java.lang.String,java.lang.Boolean,java.lang.String,java.lang.String,java.lang.String,java.lang.String,java.lang.String,java.lang.String,java.lang.String,java.lang.String,java.lang.String)>", index: "5", type: "java.lang.String" }
  - { kind: "param", method: "<com.jeesite.modules.sys.web.OfficeController: java.util.List treeData(java.lang.String,java.lang.String,java.lang.Boolean,java.lang.String,java.lang.String,java.lang.String,java.lang.String,java.lang.String,java.lang.String,java.lang.String,java.lang.String,java.lang.String)>", index: "6", type: "java.lang.String" }
  - { kind: "param", method: "<com.jeesite.modules.sys.web.OfficeController: java.util.List treeData(java.lang.String,java.lang.String,java.lang.Boolean,java.lang.String,java.lang.String,java.lang.String,java.lang.String,java.lang.String,java.lang.String,java.lang.String,java.lang.String,java.lang.String)>", index: "7", type: "java.lang.String" }
  - { kind: "param", method: "<com.jeesite.modules.sys.web.OfficeController: java.util.List treeData(java.lang.String,java.lang.String,java.lang.Boolean,java.lang.String,java.lang.String,java.lang.String,java.lang.String,java.lang.String,java.lang.String,java.lang.String,java.lang.String,java.lang.String)>", index: "8", type: "java.lang.String" }
  - { kind: "param", method: "<com.jeesite.modules.sys.web.OfficeController: java.util.List treeData(java.lang.String,java.lang.String,java.lang.Boolean,java.lang.String,java.lang.String,java.lang.String,java.lang.String,java.lang.String,java.lang.String,java.lang.String,java.lang.String,java.lang.String)>", index: "9", type: "java.lang.String" }
  - { kind: "param", method: "<com.jeesite.modules.sys.web.OfficeController: java.util.List treeData(java.lang.String,java.lang.String,java.lang.Boolean,java.lang.String,java.lang.String,java.lang.String,java.lang.String,java.lang.String,java.lang.String,java.lang.String,java.lang.String,java.lang.String)>", index: "10", type: "java.lang.String" }
  - { kind: "param", method: "<com.jeesite.modules.sys.web.OfficeController: java.util.List treeData(java.lang.String,java.lang.String,java.lang.Boolean,java.lang.String,java.lang.String,java.lang.String,java.lang.String,java.lang.String,java.lang.String,java.lang.String,java.lang.String,java.lang.String)>", index: "11", type: "java.lang.String" }
  - { kind: "param", method: "<com.jeesite.modules.sys.web.OfficeController: java.lang.String fixTreeData(com.jeesite.modules.sys.entity.Office)>", index: "0", type: "com.jeesite.modules.sys.entity.Office" }
  - { kind: "param", method: "<com.jeesite.modules.sys.web.LogController: java.lang.String list(com.jeesite.modules.sys.entity.Log,org.springframework.ui.Model)>", index: "0", type: "com.jeesite.modules.sys.entity.Log" }
  - { kind: "param", method: "<com.jeesite.modules.sys.web.LogController: com.jeesite.common.entity.Page listData(com.jeesite.modules.sys.entity.Log,jakarta.servlet.http.HttpServletRequest,jakarta.servlet.http.HttpServletResponse)>", index: "0", type: "com.jeesite.modules.sys.entity.Log" }
  - { kind: "param", method: "<com.jeesite.modules.sys.web.LogController: com.jeesite.common.entity.Page listData(com.jeesite.modules.sys.entity.Log,jakarta.servlet.http.HttpServletRequest,jakarta.servlet.http.HttpServletResponse)>", index: "1", type: "jakarta.servlet.http.HttpServletRequest" }
  - { kind: "param", method: "<com.jeesite.modules.sys.web.LogController: com.jeesite.common.entity.Page listData(com.jeesite.modules.sys.entity.Log,jakarta.servlet.http.HttpServletRequest,jakarta.servlet.http.HttpServletResponse)>", index: "2", type: "jakarta.servlet.http.HttpServletResponse" }
  - { kind: "param", method: "<com.jeesite.modules.sys.web.LogController: java.lang.String form(com.jeesite.modules.sys.entity.Log,org.springframework.ui.Model)>", index: "0", type: "com.jeesite.modules.sys.entity.Log" }
  - { kind: "param", method: "<com.jeesite.modules.sys.web.CompanyController: java.lang.String index(com.jeesite.modules.sys.entity.Company,org.springframework.ui.Model)>", index: "0", type: "com.jeesite.modules.sys.entity.Company" }
  - { kind: "param", method: "<com.jeesite.modules.sys.web.CompanyController: java.lang.String list(com.jeesite.modules.sys.entity.Company,org.springframework.ui.Model)>", index: "0", type: "com.jeesite.modules.sys.entity.Company" }
  - { kind: "param", method: "<com.jeesite.modules.sys.web.CompanyController: java.util.List listData(com.jeesite.modules.sys.entity.Company,java.lang.String)>", index: "0", type: "com.jeesite.modules.sys.entity.Company" }
  - { kind: "param", method: "<com.jeesite.modules.sys.web.CompanyController: java.util.List listData(com.jeesite.modules.sys.entity.Company,java.lang.String)>", index: "1", type: "java.lang.String" }
  - { kind: "param", method: "<com.jeesite.modules.sys.web.CompanyController: java.lang.String form(com.jeesite.modules.sys.entity.Company,org.springframework.ui.Model,jakarta.servlet.http.HttpServletRequest)>", index: "0", type: "com.jeesite.modules.sys.entity.Company" }
  - { kind: "param", method: "<com.jeesite.modules.sys.web.CompanyController: java.lang.String form(com.jeesite.modules.sys.entity.Company,org.springframework.ui.Model,jakarta.servlet.http.HttpServletRequest)>", index: "2", type: "jakarta.servlet.http.HttpServletRequest" }
  - { kind: "param", method: "<com.jeesite.modules.sys.web.CompanyController: com.jeesite.modules.sys.entity.Company createNextNode(com.jeesite.modules.sys.entity.Company)>", index: "0", type: "com.jeesite.modules.sys.entity.Company" }
  - { kind: "param", method: "<com.jeesite.modules.sys.web.CompanyController: java.lang.String save(com.jeesite.modules.sys.entity.Company)>", index: "0", type: "com.jeesite.modules.sys.entity.Company" }
  - { kind: "param", method: "<com.jeesite.modules.sys.web.CompanyController: java.lang.String disable(com.jeesite.modules.sys.entity.Company)>", index: "0", type: "com.jeesite.modules.sys.entity.Company" }
  - { kind: "param", method: "<com.jeesite.modules.sys.web.CompanyController: java.lang.String enable(com.jeesite.modules.sys.entity.Company)>", index: "0", type: "com.jeesite.modules.sys.entity.Company" }
  - { kind: "param", method: "<com.jeesite.modules.sys.web.CompanyController: java.lang.String delete(com.jeesite.modules.sys.entity.Company)>", index: "0", type: "com.jeesite.modules.sys.entity.Company" }
  - { kind: "param", method: "<com.jeesite.modules.sys.web.CompanyController: java.util.List treeData(java.lang.String,java.lang.String,java.lang.Boolean,java.lang.String,java.lang.String,java.lang.String)>", index: "0", type: "java.lang.String" }
  - { kind: "param", method: "<com.jeesite.modules.sys.web.CompanyController: java.util.List treeData(java.lang.String,java.lang.String,java.lang.Boolean,java.lang.String,java.lang.String,java.lang.String)>", index: "1", type: "java.lang.String" }
  - { kind: "param", method: "<com.jeesite.modules.sys.web.CompanyController: java.util.List treeData(java.lang.String,java.lang.String,java.lang.Boolean,java.lang.String,java.lang.String,java.lang.String)>", index: "2", type: "java.lang.Boolean" }
  - { kind: "param", method: "<com.jeesite.modules.sys.web.CompanyController: java.util.List treeData(java.lang.String,java.lang.String,java.lang.Boolean,java.lang.String,java.lang.String,java.lang.String)>", index: "3", type: "java.lang.String" }
  - { kind: "param", method: "<com.jeesite.modules.sys.web.CompanyController: java.util.List treeData(java.lang.String,java.lang.String,java.lang.Boolean,java.lang.String,java.lang.String,java.lang.String)>", index: "4", type: "java.lang.String" }
  - { kind: "param", method: "<com.jeesite.modules.sys.web.CompanyController: java.util.List treeData(java.lang.String,java.lang.String,java.lang.Boolean,java.lang.String,java.lang.String,java.lang.String)>", index: "5", type: "java.lang.String" }
  - { kind: "param", method: "<com.jeesite.modules.sys.web.CompanyController: java.lang.String fixTreeData(com.jeesite.modules.sys.entity.Company)>", index: "0", type: "com.jeesite.modules.sys.entity.Company" }
  - { kind: "param", method: "<com.jeesite.modules.sys.web.MenuController: java.lang.String index(com.jeesite.modules.sys.entity.Menu,org.springframework.ui.Model)>", index: "0", type: "com.jeesite.modules.sys.entity.Menu" }
  - { kind: "param", method: "<com.jeesite.modules.sys.web.MenuController: java.lang.String list(com.jeesite.modules.sys.entity.Menu,org.springframework.ui.Model)>", index: "0", type: "com.jeesite.modules.sys.entity.Menu" }
  - { kind: "param", method: "<com.jeesite.modules.sys.web.MenuController: java.util.List listData(com.jeesite.modules.sys.entity.Menu)>", index: "0", type: "com.jeesite.modules.sys.entity.Menu" }
  - { kind: "param", method: "<com.jeesite.modules.sys.web.MenuController: java.lang.String form(com.jeesite.modules.sys.entity.Menu,org.springframework.ui.Model)>", index: "0", type: "com.jeesite.modules.sys.entity.Menu" }
  - { kind: "param", method: "<com.jeesite.modules.sys.web.MenuController: com.jeesite.modules.sys.entity.Menu createNextNode(com.jeesite.modules.sys.entity.Menu)>", index: "0", type: "com.jeesite.modules.sys.entity.Menu" }
  - { kind: "param", method: "<com.jeesite.modules.sys.web.MenuController: java.lang.String save(com.jeesite.modules.sys.entity.Menu)>", index: "0", type: "com.jeesite.modules.sys.entity.Menu" }
  - { kind: "param", method: "<com.jeesite.modules.sys.web.MenuController: java.lang.String disable(com.jeesite.modules.sys.entity.Menu,jakarta.servlet.http.HttpServletRequest)>", index: "0", type: "com.jeesite.modules.sys.entity.Menu" }
  - { kind: "param", method: "<com.jeesite.modules.sys.web.MenuController: java.lang.String disable(com.jeesite.modules.sys.entity.Menu,jakarta.servlet.http.HttpServletRequest)>", index: "1", type: "jakarta.servlet.http.HttpServletRequest" }
  - { kind: "param", method: "<com.jeesite.modules.sys.web.MenuController: java.lang.String enable(com.jeesite.modules.sys.entity.Menu,jakarta.servlet.http.HttpServletRequest)>", index: "0", type: "com.jeesite.modules.sys.entity.Menu" }
  - { kind: "param", method: "<com.jeesite.modules.sys.web.MenuController: java.lang.String enable(com.jeesite.modules.sys.entity.Menu,jakarta.servlet.http.HttpServletRequest)>", index: "1", type: "jakarta.servlet.http.HttpServletRequest" }
  - { kind: "param", method: "<com.jeesite.modules.sys.web.MenuController: java.lang.String delete(com.jeesite.modules.sys.entity.Menu)>", index: "0", type: "com.jeesite.modules.sys.entity.Menu" }
  - { kind: "param", method: "<com.jeesite.modules.sys.web.MenuController: java.util.List treeData(java.lang.String,java.lang.String,java.lang.String,java.lang.String,boolean,jakarta.servlet.http.HttpServletResponse)>", index: "0", type: "java.lang.String" }
  - { kind: "param", method: "<com.jeesite.modules.sys.web.MenuController: java.util.List treeData(java.lang.String,java.lang.String,java.lang.String,java.lang.String,boolean,jakarta.servlet.http.HttpServletResponse)>", index: "1", type: "java.lang.String" }
  - { kind: "param", method: "<com.jeesite.modules.sys.web.MenuController: java.util.List treeData(java.lang.String,java.lang.String,java.lang.String,java.lang.String,boolean,jakarta.servlet.http.HttpServletResponse)>", index: "2", type: "java.lang.String" }
  - { kind: "param", method: "<com.jeesite.modules.sys.web.MenuController: java.util.List treeData(java.lang.String,java.lang.String,java.lang.String,java.lang.String,boolean,jakarta.servlet.http.HttpServletResponse)>", index: "3", type: "java.lang.String" }
  - { kind: "param", method: "<com.jeesite.modules.sys.web.MenuController: java.util.List treeData(java.lang.String,java.lang.String,java.lang.String,java.lang.String,boolean,jakarta.servlet.http.HttpServletResponse)>", index: "4", type: "boolean" }
  - { kind: "param", method: "<com.jeesite.modules.sys.web.MenuController: java.util.List treeData(java.lang.String,java.lang.String,java.lang.String,java.lang.String,boolean,jakarta.servlet.http.HttpServletResponse)>", index: "5", type: "jakarta.servlet.http.HttpServletResponse" }
  - { kind: "param", method: "<com.jeesite.modules.sys.web.MenuController: java.lang.String updateTreeSort(java.lang.String[],java.lang.Integer[])>", index: "0", type: "java.lang.String[]" }
  - { kind: "param", method: "<com.jeesite.modules.sys.web.MenuController: java.lang.String updateTreeSort(java.lang.String[],java.lang.Integer[])>", index: "1", type: "java.lang.Integer[]" }
  - { kind: "param", method: "<com.jeesite.modules.sys.web.MenuController: java.lang.String fixTreeData(com.jeesite.modules.sys.entity.Menu)>", index: "0", type: "com.jeesite.modules.sys.entity.Menu" }
  - { kind: "param", method: "<com.jeesite.modules.sys.web.OnlineController: java.lang.Integer count(jakarta.servlet.http.HttpServletRequest,jakarta.servlet.http.HttpServletResponse)>", index: "0", type: "jakarta.servlet.http.HttpServletRequest" }
  - { kind: "param", method: "<com.jeesite.modules.sys.web.OnlineController: java.lang.Integer count(jakarta.servlet.http.HttpServletRequest,jakarta.servlet.http.HttpServletResponse)>", index: "1", type: "jakarta.servlet.http.HttpServletResponse" }
  - { kind: "param", method: "<com.jeesite.modules.sys.web.OnlineController: java.util.List listData(java.lang.String,java.lang.String,java.lang.String,java.lang.String,java.lang.String,java.lang.String,java.lang.String)>", index: "0", type: "java.lang.String" }
  - { kind: "param", method: "<com.jeesite.modules.sys.web.OnlineController: java.util.List listData(java.lang.String,java.lang.String,java.lang.String,java.lang.String,java.lang.String,java.lang.String,java.lang.String)>", index: "1", type: "java.lang.String" }
  - { kind: "param", method: "<com.jeesite.modules.sys.web.OnlineController: java.util.List listData(java.lang.String,java.lang.String,java.lang.String,java.lang.String,java.lang.String,java.lang.String,java.lang.String)>", index: "2", type: "java.lang.String" }
  - { kind: "param", method: "<com.jeesite.modules.sys.web.OnlineController: java.util.List listData(java.lang.String,java.lang.String,java.lang.String,java.lang.String,java.lang.String,java.lang.String,java.lang.String)>", index: "3", type: "java.lang.String" }
  - { kind: "param", method: "<com.jeesite.modules.sys.web.OnlineController: java.util.List listData(java.lang.String,java.lang.String,java.lang.String,java.lang.String,java.lang.String,java.lang.String,java.lang.String)>", index: "4", type: "java.lang.String" }
  - { kind: "param", method: "<com.jeesite.modules.sys.web.OnlineController: java.util.List listData(java.lang.String,java.lang.String,java.lang.String,java.lang.String,java.lang.String,java.lang.String,java.lang.String)>", index: "5", type: "java.lang.String" }
  - { kind: "param", method: "<com.jeesite.modules.sys.web.OnlineController: java.util.List listData(java.lang.String,java.lang.String,java.lang.String,java.lang.String,java.lang.String,java.lang.String,java.lang.String)>", index: "6", type: "java.lang.String" }
  - { kind: "param", method: "<com.jeesite.modules.sys.web.OnlineController: java.lang.String kickOut(java.lang.String)>", index: "0", type: "java.lang.String" }
  - { kind: "param", method: "<com.jeesite.modules.sys.web.ModuleController: java.lang.String list(com.jeesite.modules.sys.entity.Module,org.springframework.ui.Model)>", index: "0", type: "com.jeesite.modules.sys.entity.Module" }
  - { kind: "param", method: "<com.jeesite.modules.sys.web.ModuleController: com.jeesite.common.entity.Page listData(com.jeesite.modules.sys.entity.Module,jakarta.servlet.http.HttpServletRequest,jakarta.servlet.http.HttpServletResponse)>", index: "0", type: "com.jeesite.modules.sys.entity.Module" }
  - { kind: "param", method: "<com.jeesite.modules.sys.web.ModuleController: com.jeesite.common.entity.Page listData(com.jeesite.modules.sys.entity.Module,jakarta.servlet.http.HttpServletRequest,jakarta.servlet.http.HttpServletResponse)>", index: "1", type: "jakarta.servlet.http.HttpServletRequest" }
  - { kind: "param", method: "<com.jeesite.modules.sys.web.ModuleController: com.jeesite.common.entity.Page listData(com.jeesite.modules.sys.entity.Module,jakarta.servlet.http.HttpServletRequest,jakarta.servlet.http.HttpServletResponse)>", index: "2", type: "jakarta.servlet.http.HttpServletResponse" }
  - { kind: "param", method: "<com.jeesite.modules.sys.web.ModuleController: java.util.List selectData(com.jeesite.modules.sys.entity.Module)>", index: "0", type: "com.jeesite.modules.sys.entity.Module" }
  - { kind: "param", method: "<com.jeesite.modules.sys.web.ModuleController: java.lang.String form(com.jeesite.modules.sys.entity.Module,org.springframework.ui.Model)>", index: "0", type: "com.jeesite.modules.sys.entity.Module" }
  - { kind: "param", method: "<com.jeesite.modules.sys.web.ModuleController: java.lang.String save(com.jeesite.modules.sys.entity.Module)>", index: "0", type: "com.jeesite.modules.sys.entity.Module" }
  - { kind: "param", method: "<com.jeesite.modules.sys.web.ModuleController: java.lang.String checkModuleCode(java.lang.String,java.lang.String)>", index: "0", type: "java.lang.String" }
  - { kind: "param", method: "<com.jeesite.modules.sys.web.ModuleController: java.lang.String checkModuleCode(java.lang.String,java.lang.String)>", index: "1", type: "java.lang.String" }
  - { kind: "param", method: "<com.jeesite.modules.sys.web.ModuleController: java.lang.String disable(com.jeesite.modules.sys.entity.Module)>", index: "0", type: "com.jeesite.modules.sys.entity.Module" }
  - { kind: "param", method: "<com.jeesite.modules.sys.web.ModuleController: java.lang.String enable(com.jeesite.modules.sys.entity.Module)>", index: "0", type: "com.jeesite.modules.sys.entity.Module" }
  - { kind: "param", method: "<com.jeesite.modules.sys.web.ModuleController: java.lang.String delete(com.jeesite.modules.sys.entity.Module)>", index: "0", type: "com.jeesite.modules.sys.entity.Module" }
  - { kind: "param", method: "<com.jeesite.modules.sys.web.ValidCodeController: void validCode(jakarta.servlet.http.HttpServletRequest,jakarta.servlet.http.HttpServletResponse)>", index: "0", type: "jakarta.servlet.http.HttpServletRequest" }
  - { kind: "param", method: "<com.jeesite.modules.sys.web.ValidCodeController: void validCode(jakarta.servlet.http.HttpServletRequest,jakarta.servlet.http.HttpServletResponse)>", index: "1", type: "jakarta.servlet.http.HttpServletResponse" }
  - { kind: "param", method: "<com.jeesite.modules.test.web.TestTreeController: java.lang.String index(com.jeesite.modules.test.entity.TestTree,org.springframework.ui.Model)>", index: "0", type: "com.jeesite.modules.test.entity.TestTree" }
  - { kind: "param", method: "<com.jeesite.modules.test.web.TestTreeController: java.lang.String list(com.jeesite.modules.test.entity.TestTree,org.springframework.ui.Model)>", index: "0", type: "com.jeesite.modules.test.entity.TestTree" }
  - { kind: "param", method: "<com.jeesite.modules.test.web.TestTreeController: java.util.List listData(com.jeesite.modules.test.entity.TestTree)>", index: "0", type: "com.jeesite.modules.test.entity.TestTree" }
  - { kind: "param", method: "<com.jeesite.modules.test.web.TestTreeController: java.lang.String form(com.jeesite.modules.test.entity.TestTree,org.springframework.ui.Model)>", index: "0", type: "com.jeesite.modules.test.entity.TestTree" }
  - { kind: "param", method: "<com.jeesite.modules.test.web.TestTreeController: com.jeesite.modules.test.entity.TestTree createNextNode(com.jeesite.modules.test.entity.TestTree)>", index: "0", type: "com.jeesite.modules.test.entity.TestTree" }
  - { kind: "param", method: "<com.jeesite.modules.test.web.TestTreeController: java.lang.String save(com.jeesite.modules.test.entity.TestTree)>", index: "0", type: "com.jeesite.modules.test.entity.TestTree" }
  - { kind: "param", method: "<com.jeesite.modules.test.web.TestTreeController: java.lang.String disable(com.jeesite.modules.test.entity.TestTree)>", index: "0", type: "com.jeesite.modules.test.entity.TestTree" }
  - { kind: "param", method: "<com.jeesite.modules.test.web.TestTreeController: java.lang.String enable(com.jeesite.modules.test.entity.TestTree)>", index: "0", type: "com.jeesite.modules.test.entity.TestTree" }
  - { kind: "param", method: "<com.jeesite.modules.test.web.TestTreeController: java.lang.String delete(com.jeesite.modules.test.entity.TestTree)>", index: "0", type: "com.jeesite.modules.test.entity.TestTree" }
  - { kind: "param", method: "<com.jeesite.modules.test.web.TestTreeController: java.util.List treeData(java.lang.String,java.lang.String)>", index: "0", type: "java.lang.String" }
  - { kind: "param", method: "<com.jeesite.modules.test.web.TestTreeController: java.util.List treeData(java.lang.String,java.lang.String)>", index: "1", type: "java.lang.String" }
  - { kind: "param", method: "<com.jeesite.modules.test.web.TestTreeController: java.lang.String fixTreeData(com.jeesite.modules.test.entity.TestTree)>", index: "0", type: "com.jeesite.modules.test.entity.TestTree" }
  - { kind: "param", method: "<com.jeesite.modules.test.web.DemoController: java.lang.String dataGrid(java.lang.String,com.jeesite.modules.test.entity.TestData,org.springframework.ui.Model)>", index: "0", type: "java.lang.String" }
  - { kind: "param", method: "<com.jeesite.modules.test.web.DemoController: java.lang.String dataGrid(java.lang.String,com.jeesite.modules.test.entity.TestData,org.springframework.ui.Model)>", index: "1", type: "com.jeesite.modules.test.entity.TestData" }
  - { kind: "param", method: "<com.jeesite.modules.test.web.DemoController: java.lang.String form(java.lang.String,com.jeesite.modules.test.entity.TestData,org.springframework.ui.Model)>", index: "0", type: "java.lang.String" }
  - { kind: "param", method: "<com.jeesite.modules.test.web.DemoController: java.lang.String form(java.lang.String,com.jeesite.modules.test.entity.TestData,org.springframework.ui.Model)>", index: "1", type: "com.jeesite.modules.test.entity.TestData" }
  - { kind: "param", method: "<com.jeesite.modules.test.web.TestDataController: java.lang.String list(com.jeesite.modules.test.entity.TestData,org.springframework.ui.Model)>", index: "0", type: "com.jeesite.modules.test.entity.TestData" }
  - { kind: "param", method: "<com.jeesite.modules.test.web.TestDataController: com.jeesite.common.entity.Page listData(com.jeesite.modules.test.entity.TestData,jakarta.servlet.http.HttpServletRequest,jakarta.servlet.http.HttpServletResponse)>", index: "0", type: "com.jeesite.modules.test.entity.TestData" }
  - { kind: "param", method: "<com.jeesite.modules.test.web.TestDataController: com.jeesite.common.entity.Page listData(com.jeesite.modules.test.entity.TestData,jakarta.servlet.http.HttpServletRequest,jakarta.servlet.http.HttpServletResponse)>", index: "1", type: "jakarta.servlet.http.HttpServletRequest" }
  - { kind: "param", method: "<com.jeesite.modules.test.web.TestDataController: com.jeesite.common.entity.Page listData(com.jeesite.modules.test.entity.TestData,jakarta.servlet.http.HttpServletRequest,jakarta.servlet.http.HttpServletResponse)>", index: "2", type: "jakarta.servlet.http.HttpServletResponse" }
  - { kind: "param", method: "<com.jeesite.modules.test.web.TestDataController: java.util.List subListData(com.jeesite.modules.test.entity.TestDataChild)>", index: "0", type: "com.jeesite.modules.test.entity.TestDataChild" }
  - { kind: "param", method: "<com.jeesite.modules.test.web.TestDataController: java.lang.String form(com.jeesite.modules.test.entity.TestData,java.lang.String,org.springframework.ui.Model)>", index: "0", type: "com.jeesite.modules.test.entity.TestData" }
  - { kind: "param", method: "<com.jeesite.modules.test.web.TestDataController: java.lang.String form(com.jeesite.modules.test.entity.TestData,java.lang.String,org.springframework.ui.Model)>", index: "1", type: "java.lang.String" }
  - { kind: "param", method: "<com.jeesite.modules.test.web.TestDataController: java.lang.String save(com.jeesite.modules.test.entity.TestData)>", index: "0", type: "com.jeesite.modules.test.entity.TestData" }
  - { kind: "param", method: "<com.jeesite.modules.test.web.TestDataController: java.lang.String disable(com.jeesite.modules.test.entity.TestData)>", index: "0", type: "com.jeesite.modules.test.entity.TestData" }
  - { kind: "param", method: "<com.jeesite.modules.test.web.TestDataController: java.lang.String enable(com.jeesite.modules.test.entity.TestData)>", index: "0", type: "com.jeesite.modules.test.entity.TestData" }
  - { kind: "param", method: "<com.jeesite.modules.test.web.TestDataController: java.lang.String delete(com.jeesite.modules.test.entity.TestData)>", index: "0", type: "com.jeesite.modules.test.entity.TestData" }
  - { kind: "param", method: "<com.jeesite.modules.test.web.TestDataController: java.lang.String transTest(com.jeesite.modules.test.entity.TestData)>", index: "0", type: "com.jeesite.modules.test.entity.TestData" }
  - { kind: "call", method: "<org.apache.shiro.SecurityUtils: org.apache.shiro.subject.Subject getSubject()>", index: "result", type: "org.apache.shiro.subject.Subject" }
  - { kind: "call", method: "<org.apache.shiro.subject.Subject: java.lang.Object getPrincipal()>", index: "result", type: "java.lang.Object" }
  - { kind: "call", method: "<org.apache.shiro.subject.Subject: org.apache.shiro.subject.PrincipalCollection getPrincipals()>", index: "result", type: "org.apache.shiro.subject.PrincipalCollection" }
  - { kind: "call", method: "<org.apache.shiro.subject.PrincipalCollection: java.lang.Object getPrimaryPrincipal()>", index: "result", type: "java.lang.Object" }
  - { kind: "call", method: "<javax.servlet.http.HttpSession: java.lang.Object getAttribute(java.lang.String)>", index: "result", type: "java.lang.Object" }
  - { kind: "call", method: "<javax.servlet.http.HttpSession: java.lang.Object getValue(java.lang.String)>", index: "result", type: "java.lang.Object" }
  - { kind: "call", method: "<javax.servlet.http.HttpServletRequest: javax.servlet.http.HttpSession getSession()>", index: "result", type: "javax.servlet.http.HttpSession" }
  - { kind: "call", method: "<javax.servlet.http.HttpServletRequest: javax.servlet.http.HttpSession getSession(boolean)>", index: "result", type: "javax.servlet.http.HttpSession" }
  - { kind: "call", method: "<javax.servlet.http.HttpServletRequest: java.security.Principal getUserPrincipal()>", index: "result", type: "java.security.Principal" }
  - { kind: "call", method: "<java.security.Principal: java.lang.String getName()>", index: "result", type: "java.lang.String" }
  - { kind: "call", method: "<javax.servlet.ServletRequest: java.lang.Object getAttribute(java.lang.String)>", index: "result", type: "java.lang.Object" }
  - { kind: "call", method: "<java.lang.ThreadLocal: java.lang.Object get()>", index: "result", type: "java.lang.Object" }

sinks:
  - { method: "<com.jeesite.modules.cms.dao.ArticleDao: long updateExpiredWeight(com.jeesite.modules.cms.entity.Article)>", index: "0" }
  - { method: "<com.jeesite.modules.cms.dao.ArticleDao: long updateHitsAddOne(java.lang.String)>", index: "0" }
  - { method: "<com.jeesite.modules.cms.dao.ArticleDao: long getHits(java.lang.String)>", index: "0" }
  - { method: "<com.jeesite.modules.msg.dao.MsgInnerRecordDao: long updateReadStatus(com.jeesite.modules.msg.entity.MsgInnerRecord)>", index: "0" }
  - { method: "<com.jeesite.modules.sys.dao.LogDao: int deleteLogBefore(com.jeesite.modules.sys.entity.Log)>", index: "0" }
  - { method: "<com.jeesite.modules.sys.dao.EmpUserDao: java.util.List findUserList(com.jeesite.modules.sys.entity.EmpUser)>", index: "0" }
  - { method: "<com.jeesite.modules.sys.dao.EmpUserDao: java.util.List findUserListByOfficeCodes(com.jeesite.modules.sys.entity.EmpUser)>", index: "0" }
  - { method: "<com.jeesite.modules.sys.dao.EmpUserDao: java.util.List findUserListByCompanyCodes(com.jeesite.modules.sys.entity.EmpUser)>", index: "0" }
  - { method: "<com.jeesite.modules.sys.dao.EmpUserDao: java.util.List findUserListByRoleCodes(com.jeesite.modules.sys.entity.EmpUser)>", index: "0" }
  - { method: "<com.jeesite.modules.sys.dao.EmpUserDao: java.util.List findUserListByPostCodes(com.jeesite.modules.sys.entity.EmpUser)>", index: "0" }
  - { method: "<com.jeesite.modules.test.dao.TestDataDao: java.util.List findListForMap(java.util.Map)>", index: "0" }
  - { method: "<java.sql.Statement: java.sql.ResultSet executeQuery(java.lang.String)>", index: "0" }
  - { method: "<java.sql.Statement: int executeUpdate(java.lang.String)>", index: "0" }
  - { method: "<java.sql.Statement: boolean execute(java.lang.String)>", index: "0" }
  - { method: "<java.sql.Statement: void addBatch(java.lang.String)>", index: "0" }
  - { method: "<java.sql.Connection: java.sql.PreparedStatement prepareStatement(java.lang.String)>", index: "0" }
  - { method: "<java.sql.Connection: java.sql.CallableStatement prepareCall(java.lang.String)>", index: "0" }
  - { method: "<org.springframework.jdbc.core.JdbcTemplate: java.util.List query(java.lang.String,org.springframework.jdbc.core.RowMapper)>", index: "0" }
  - { method: "<org.springframework.jdbc.core.JdbcTemplate: java.lang.Object queryForObject(java.lang.String,java.lang.Class)>", index: "0" }
  - { method: "<org.springframework.jdbc.core.JdbcTemplate: java.util.List queryForList(java.lang.String,java.lang.Class)>", index: "0" }
  - { method: "<org.springframework.jdbc.core.JdbcTemplate: int update(java.lang.String)>", index: "0" }
  - { method: "<org.springframework.jdbc.core.JdbcTemplate: int[] batchUpdate(java.lang.String[])>", index: "0" }
  - { method: "<java.lang.Runtime: java.lang.Process exec(java.lang.String)>", index: "0" }
  - { method: "<java.lang.Runtime: java.lang.Process exec(java.lang.String[])>", index: "0" }
  - { method: "<java.lang.Runtime: java.lang.Process exec(java.lang.String,java.lang.String[])>", index: "0" }
  - { method: "<java.lang.Runtime: java.lang.Process exec(java.lang.String,java.lang.String[],java.io.File)>", index: "0" }
  - { method: "<java.lang.ProcessBuilder: void <init>(java.lang.String[])>", index: "0" }
  - { method: "<java.lang.ProcessBuilder: void <init>(java.util.List)>", index: "0" }
  - { method: "<java.lang.ProcessBuilder: java.lang.ProcessBuilder command(java.lang.String[])>", index: "0" }
  - { method: "<java.lang.ProcessBuilder: java.lang.ProcessBuilder command(java.util.List)>", index: "0" }
  - { method: "<java.io.File: void <init>(java.lang.String)>", index: "0" }
  - { method: "<java.io.File: void <init>(java.lang.String,java.lang.String)>", index: "0" }
  - { method: "<java.io.File: void <init>(java.lang.String,java.lang.String)>", index: "1" }
  - { method: "<java.io.FileInputStream: void <init>(java.lang.String)>", index: "0" }
  - { method: "<java.io.FileOutputStream: void <init>(java.lang.String)>", index: "0" }
  - { method: "<java.io.FileReader: void <init>(java.lang.String)>", index: "0" }
  - { method: "<java.io.FileWriter: void <init>(java.lang.String)>", index: "0" }
  - { method: "<java.nio.file.Paths: java.nio.file.Path get(java.lang.String,java.lang.String[])>", index: "0" }
  - { method: "<java.nio.file.Path: java.nio.file.Path resolve(java.lang.String)>", index: "0" }
  - { method: "<java.nio.file.Files: java.util.List readAllLines(java.nio.file.Path)>", index: "0" }
  - { method: "<java.nio.file.Files: byte[] readAllBytes(java.nio.file.Path)>", index: "0" }
  - { method: "<java.nio.file.Files: java.nio.file.Path write(java.nio.file.Path,byte[],java.nio.file.OpenOption[])>", index: "0" }
  - { method: "<java.io.PrintWriter: void print(java.lang.String)>", index: "0" }
  - { method: "<java.io.PrintWriter: void println(java.lang.String)>", index: "0" }
  - { method: "<java.io.PrintWriter: void write(java.lang.String)>", index: "0" }
  - { method: "<javax.servlet.ServletOutputStream: void print(java.lang.String)>", index: "0" }
  - { method: "<java.net.URL: void <init>(java.lang.String)>", index: "0" }
  - { method: "<java.net.URI: void <init>(java.lang.String)>", index: "0" }
  - { method: "<java.net.URI: java.net.URI create(java.lang.String)>", index: "0" }
  - { method: "<javax.servlet.http.HttpServletResponse: void sendRedirect(java.lang.String)>", index: "0" }
  - { method: "<javax.servlet.RequestDispatcher: void forward(javax.servlet.ServletRequest,javax.servlet.ServletResponse)>", index: "0" }
  - { method: "<javax.naming.directory.DirContext: javax.naming.NamingEnumeration search(java.lang.String,java.lang.String,javax.naming.directory.SearchControls)>", index: "0" }
  - { method: "<javax.naming.directory.DirContext: javax.naming.NamingEnumeration search(java.lang.String,java.lang.String,javax.naming.directory.SearchControls)>", index: "1" }
  - { method: "<javax.naming.directory.InitialDirContext: javax.naming.NamingEnumeration search(java.lang.String,java.lang.String,javax.naming.directory.SearchControls)>", index: "0" }
  - { method: "<javax.naming.directory.InitialDirContext: javax.naming.NamingEnumeration search(java.lang.String,java.lang.String,javax.naming.directory.SearchControls)>", index: "1" }
  - { method: "<javax.xml.xpath.XPath: java.lang.String evaluate(java.lang.String,java.lang.Object)>", index: "0" }
  - { method: "<javax.xml.xpath.XPath: javax.xml.xpath.XPathExpression compile(java.lang.String)>", index: "0" }
  - { method: "<javax.xml.parsers.DocumentBuilder: org.w3c.dom.Document parse(java.io.InputStream)>", index: "0" }
  - { method: "<javax.xml.parsers.DocumentBuilder: org.w3c.dom.Document parse(java.lang.String)>", index: "0" }
  - { method: "<javax.xml.parsers.SAXParser: void parse(java.io.InputStream,org.xml.sax.helpers.DefaultHandler)>", index: "0" }
  - { method: "<org.xml.sax.XMLReader: void parse(org.xml.sax.InputSource)>", index: "0" }
  - { method: "<java.io.ObjectInputStream: void <init>(java.io.InputStream)>", index: "0" }
  - { method: "<java.lang.Class: java.lang.Class forName(java.lang.String)>", index: "0" }
  - { method: "<java.lang.ClassLoader: java.lang.Class loadClass(java.lang.String)>", index: "0" }
  - { method: "<java.lang.reflect.Method: java.lang.Object invoke(java.lang.Object,java.lang.Object[])>", index: "1" }
  - { method: "<javax.servlet.ServletContext: javax.servlet.RequestDispatcher getRequestDispatcher(java.lang.String)>", index: "0" }
  - { method: "<javax.servlet.http.Cookie: void <init>(java.lang.String,java.lang.String)>", index: "1" }
  - { method: "<javax.servlet.http.Cookie: void setValue(java.lang.String)>", index: "0" }
  - { method: "<javax.servlet.http.HttpServletResponse: void addHeader(java.lang.String,java.lang.String)>", index: "1" }
  - { method: "<javax.servlet.http.HttpServletResponse: void setHeader(java.lang.String,java.lang.String)>", index: "1" }

transfers:
  - { method: "<java.lang.String: java.lang.String concat(java.lang.String)>", from: "base", to: "result", type: "java.lang.String" }
  - { method: "<java.lang.String: java.lang.String concat(java.lang.String)>", from: "0", to: "result", type: "java.lang.String" }
  - { method: "<java.lang.String: java.lang.String substring(int)>", from: "base", to: "result", type: "java.lang.String" }
  - { method: "<java.lang.String: java.lang.String substring(int,int)>", from: "base", to: "result", type: "java.lang.String" }
  - { method: "<java.lang.String: java.lang.String replace(char,char)>", from: "base", to: "result", type: "java.lang.String" }
  - { method: "<java.lang.String: java.lang.String replace(java.lang.CharSequence,java.lang.CharSequence)>", from: "base", to: "result", type: "java.lang.String" }
  - { method: "<java.lang.String: java.lang.String replaceAll(java.lang.String,java.lang.String)>", from: "base", to: "result", type: "java.lang.String" }
  - { method: "<java.lang.String: java.lang.String replaceFirst(java.lang.String,java.lang.String)>", from: "base", to: "result", type: "java.lang.String" }
  - { method: "<java.lang.String: java.lang.String trim()>", from: "base", to: "result", type: "java.lang.String" }
  - { method: "<java.lang.String: java.lang.String strip()>", from: "base", to: "result", type: "java.lang.String" }
  - { method: "<java.lang.String: java.lang.String stripLeading()>", from: "base", to: "result", type: "java.lang.String" }
  - { method: "<java.lang.String: java.lang.String stripTrailing()>", from: "base", to: "result", type: "java.lang.String" }
  - { method: "<java.lang.String: java.lang.String toLowerCase()>", from: "base", to: "result", type: "java.lang.String" }
  - { method: "<java.lang.String: java.lang.String toLowerCase(java.util.Locale)>", from: "base", to: "result", type: "java.lang.String" }
  - { method: "<java.lang.String: java.lang.String toUpperCase()>", from: "base", to: "result", type: "java.lang.String" }
  - { method: "<java.lang.String: java.lang.String toUpperCase(java.util.Locale)>", from: "base", to: "result", type: "java.lang.String" }
  - { method: "<java.lang.String: java.lang.String intern()>", from: "base", to: "result", type: "java.lang.String" }
  - { method: "<java.lang.String: java.lang.String valueOf(java.lang.Object)>", from: "0", to: "result", type: "java.lang.String" }
  - { method: "<java.lang.String: java.lang.String valueOf(char[])>", from: "0", to: "result", type: "java.lang.String" }
  - { method: "<java.lang.String: java.lang.String format(java.lang.String,java.lang.Object[])>", from: "0", to: "result", type: "java.lang.String" }
  - { method: "<java.lang.String: java.lang.String format(java.util.Locale,java.lang.String,java.lang.Object[])>", from: "1", to: "result", type: "java.lang.String" }
  - { method: "<java.lang.String: java.lang.String join(java.lang.CharSequence,java.lang.CharSequence[])>", from: "1", to: "result", type: "java.lang.String" }
  - { method: "<java.lang.String: java.lang.String join(java.lang.CharSequence,java.lang.Iterable)>", from: "1", to: "result", type: "java.lang.String" }
  - { method: "<java.lang.String: char[] toCharArray()>", from: "base", to: "result", type: "char[]" }
  - { method: "<java.lang.StringBuilder: java.lang.StringBuilder append(java.lang.String)>", from: "0", to: "base", type: "java.lang.StringBuilder" }
  - { method: "<java.lang.StringBuilder: java.lang.StringBuilder append(java.lang.Object)>", from: "0", to: "base", type: "java.lang.StringBuilder" }
  - { method: "<java.lang.StringBuilder: java.lang.StringBuilder append(java.lang.CharSequence)>", from: "0", to: "base", type: "java.lang.StringBuilder" }
  - { method: "<java.lang.StringBuilder: java.lang.StringBuilder append(char[])>", from: "0", to: "base", type: "java.lang.StringBuilder" }
  - { method: "<java.lang.StringBuilder: java.lang.StringBuilder append(boolean)>", from: "0", to: "base", type: "java.lang.StringBuilder" }
  - { method: "<java.lang.StringBuilder: java.lang.StringBuilder append(int)>", from: "0", to: "base", type: "java.lang.StringBuilder" }
  - { method: "<java.lang.StringBuilder: java.lang.StringBuilder append(long)>", from: "0", to: "base", type: "java.lang.StringBuilder" }
  - { method: "<java.lang.StringBuilder: java.lang.StringBuilder append(java.lang.String)>", from: "base", to: "result", type: "java.lang.StringBuilder" }
  - { method: "<java.lang.StringBuilder: java.lang.StringBuilder append(java.lang.Object)>", from: "base", to: "result", type: "java.lang.StringBuilder" }
  - { method: "<java.lang.StringBuilder: java.lang.StringBuilder append(java.lang.CharSequence)>", from: "base", to: "result", type: "java.lang.StringBuilder" }
  - { method: "<java.lang.StringBuilder: java.lang.String toString()>", from: "base", to: "result", type: "java.lang.String" }
  - { method: "<java.lang.StringBuilder: java.lang.StringBuilder insert(int,java.lang.String)>", from: "1", to: "base", type: "java.lang.StringBuilder" }
  - { method: "<java.lang.StringBuilder: java.lang.StringBuilder insert(int,java.lang.Object)>", from: "1", to: "base", type: "java.lang.StringBuilder" }
  - { method: "<java.lang.StringBuilder: java.lang.StringBuilder insert(int,java.lang.CharSequence)>", from: "1", to: "base", type: "java.lang.StringBuilder" }
  - { method: "<java.lang.StringBuffer: java.lang.StringBuffer append(java.lang.String)>", from: "0", to: "base", type: "java.lang.StringBuffer" }
  - { method: "<java.lang.StringBuffer: java.lang.StringBuffer append(java.lang.Object)>", from: "0", to: "base", type: "java.lang.StringBuffer" }
  - { method: "<java.lang.StringBuffer: java.lang.StringBuffer append(java.lang.String)>", from: "base", to: "result", type: "java.lang.StringBuffer" }
  - { method: "<java.lang.StringBuffer: java.lang.StringBuffer append(java.lang.Object)>", from: "base", to: "result", type: "java.lang.StringBuffer" }
  - { method: "<java.lang.StringBuffer: java.lang.String toString()>", from: "base", to: "result", type: "java.lang.String" }
  - { method: "<java.util.Map: java.lang.Object get(java.lang.Object)>", from: "base", to: "result", type: "java.lang.Object" }
  - { method: "<java.util.HashMap: java.lang.Object get(java.lang.Object)>", from: "base", to: "result", type: "java.lang.Object" }
  - { method: "<java.util.LinkedHashMap: java.lang.Object get(java.lang.Object)>", from: "base", to: "result", type: "java.lang.Object" }
  - { method: "<java.util.TreeMap: java.lang.Object get(java.lang.Object)>", from: "base", to: "result", type: "java.lang.Object" }
  - { method: "<java.util.concurrent.ConcurrentHashMap: java.lang.Object get(java.lang.Object)>", from: "base", to: "result", type: "java.lang.Object" }
  - { method: "<java.util.Map: java.lang.Object put(java.lang.Object,java.lang.Object)>", from: "1", to: "base", type: "java.util.Map" }
  - { method: "<java.util.HashMap: java.lang.Object put(java.lang.Object,java.lang.Object)>", from: "1", to: "base", type: "java.util.HashMap" }
  - { method: "<java.util.Map: void putAll(java.util.Map)>", from: "0", to: "base", type: "java.util.Map" }
  - { method: "<java.util.Map: java.util.Collection values()>", from: "base", to: "result", type: "java.util.Collection" }
  - { method: "<java.util.Map: java.util.Set entrySet()>", from: "base", to: "result", type: "java.util.Set" }
  - { method: "<java.util.Map$Entry: java.lang.Object getValue()>", from: "base", to: "result", type: "java.lang.Object" }
  - { method: "<java.util.Map$Entry: java.lang.Object getKey()>", from: "base", to: "result", type: "java.lang.Object" }
  - { method: "<java.util.List: java.lang.Object get(int)>", from: "base", to: "result", type: "java.lang.Object" }
  - { method: "<java.util.ArrayList: java.lang.Object get(int)>", from: "base", to: "result", type: "java.lang.Object" }
  - { method: "<java.util.LinkedList: java.lang.Object get(int)>", from: "base", to: "result", type: "java.lang.Object" }
  - { method: "<java.util.List: boolean add(java.lang.Object)>", from: "0", to: "base", type: "java.util.List" }
  - { method: "<java.util.ArrayList: boolean add(java.lang.Object)>", from: "0", to: "base", type: "java.util.ArrayList" }
  - { method: "<java.util.LinkedList: boolean add(java.lang.Object)>", from: "0", to: "base", type: "java.util.LinkedList" }
  - { method: "<java.util.Collection: boolean add(java.lang.Object)>", from: "0", to: "base", type: "java.util.Collection" }
  - { method: "<java.util.Iterator: java.lang.Object next()>", from: "base", to: "result", type: "java.lang.Object" }
  - { method: "<java.util.ListIterator: java.lang.Object next()>", from: "base", to: "result", type: "java.lang.Object" }
  - { method: "<java.util.Optional: java.lang.Object get()>", from: "base", to: "result", type: "java.lang.Object" }
  - { method: "<java.util.Optional: java.lang.Object orElse(java.lang.Object)>", from: "base", to: "result", type: "java.lang.Object" }
  - { method: "<java.util.Optional: java.lang.Object orElseGet(java.util.function.Supplier)>", from: "base", to: "result", type: "java.lang.Object" }
  - { method: "<java.util.Optional: java.util.Optional of(java.lang.Object)>", from: "0", to: "result", type: "java.util.Optional" }
  - { method: "<java.util.Optional: java.util.Optional ofNullable(java.lang.Object)>", from: "0", to: "result", type: "java.util.Optional" }
  - { method: "<java.lang.Object: java.lang.String toString()>", from: "base", to: "result", type: "java.lang.String" }
  - { method: "<javax.servlet.ServletRequest: java.lang.String getParameter(java.lang.String)>", from: "base", to: "result", type: "java.lang.String" }
  - { method: "<javax.servlet.http.HttpServletRequest: java.lang.String getHeader(java.lang.String)>", from: "base", to: "result", type: "java.lang.String" }
  - { method: "<javax.servlet.http.HttpServletRequest: java.lang.String getQueryString()>", from: "base", to: "result", type: "java.lang.String" }
  - { method: "<javax.servlet.http.HttpServletRequest: java.lang.String getRequestURI()>", from: "base", to: "result", type: "java.lang.String" }
  - { method: "<javax.servlet.http.HttpServletRequest: java.lang.StringBuffer getRequestURL()>", from: "base", to: "result", type: "java.lang.StringBuffer" }
  - { method: "<org.apache.shiro.subject.Subject: java.lang.Object getPrincipal()>", from: "base", to: "result", type: "java.lang.Object" }
  - { method: "<org.apache.shiro.subject.Subject: org.apache.shiro.subject.PrincipalCollection getPrincipals()>", from: "base", to: "result", type: "org.apache.shiro.subject.PrincipalCollection" }
  - { method: "<org.apache.shiro.subject.PrincipalCollection: java.lang.Object getPrimaryPrincipal()>", from: "base", to: "result", type: "java.lang.Object" }
  - { method: "<org.apache.shiro.subject.PrincipalCollection: java.util.Collection fromRealm(java.lang.String)>", from: "base", to: "result", type: "java.util.Collection" }
  - { method: "<javax.servlet.http.HttpSession: java.lang.Object getAttribute(java.lang.String)>", from: "base", to: "result", type: "java.lang.Object" }
  - { method: "<javax.servlet.http.HttpSession: java.lang.Object getValue(java.lang.String)>", from: "base", to: "result", type: "java.lang.Object" }
  - { method: "<javax.servlet.http.HttpSession: void setAttribute(java.lang.String,java.lang.Object)>", from: "1", to: "base", type: "javax.servlet.http.HttpSession" }
  - { method: "<java.lang.ThreadLocal: java.lang.Object get()>", from: "base", to: "result", type: "java.lang.Object" }

Initializing global bean mock objects for beans...
Initialized 116 global bean objects.
Added entry point (Empty): <com.jeesite.modules.ai.cms.web.CmsAiChatController: java.util.Collection list()>
Added entry point (Empty): <com.jeesite.modules.cms.web.FileTemplateController: java.lang.String index()>
Added entry point (Empty): <com.jeesite.modules.cms.web.FileTemplateController: java.lang.String help()>
Added entry point (Empty): <com.jeesite.modules.cms.web.FileTemplateController: java.util.List treeData()>
Added entry point (Empty): <com.jeesite.modules.cms.web.CmsIndexController: java.lang.String index()>
Added entry point (Empty): <com.jeesite.modules.cms.web.CmsIndexController: java.lang.String none()>
No implementation found for interface: com.jeesite.modules.biz.service.BizCategoryService
No bean found for concrete class: com.jeesite.modules.biz.service.BizCategoryService
No bean found for concrete class: com.jeesite.modules.biz.service.BizCategoryService
No bean found for concrete class: com.jeesite.modules.biz.service.BizCategoryService
No bean found for concrete class: com.jeesite.modules.biz.service.BizCategoryService
No bean found for concrete class: com.jeesite.modules.biz.service.BizCategoryService
No bean found for concrete class: com.jeesite.modules.biz.service.BizCategoryService
No bean found for concrete class: com.jeesite.modules.biz.service.BizCategoryService
No implementation found for interface: com.jeesite.modules.msg.service.MsgInnerService
No bean found for concrete class: com.jeesite.modules.msg.service.MsgInnerService
No bean found for concrete class: com.jeesite.modules.msg.service.MsgInnerService
No bean found for concrete class: com.jeesite.modules.msg.service.MsgInnerService
Added entry point (Empty): <com.jeesite.modules.file.web.FileUploadController: java.util.Map params()>
No bean found for concrete class: com.jeesite.modules.file.service.FileUploadService
No bean found for concrete class: com.jeesite.modules.file.service.FileUploadService
No bean found for concrete class: com.jeesite.modules.file.service.FileUploadService
No implementation found for interface: com.jeesite.modules.sys.service.PostService
No bean found for concrete class: com.jeesite.modules.sys.service.PostService
No bean found for concrete class: com.jeesite.modules.sys.service.PostService
No bean found for concrete class: com.jeesite.modules.sys.service.PostService
No bean found for concrete class: com.jeesite.modules.sys.service.PostService
No bean found for concrete class: com.jeesite.modules.sys.service.PostService
No bean found for concrete class: com.jeesite.modules.sys.service.PostService
No bean found for concrete class: com.jeesite.modules.sys.service.PostService
No bean found for concrete class: com.jeesite.modules.sys.service.DictTypeService
No bean found for concrete class: com.jeesite.modules.sys.service.DictTypeService
No bean found for concrete class: com.jeesite.modules.sys.service.DictTypeService
No bean found for concrete class: com.jeesite.modules.sys.service.DictTypeService
No bean found for concrete class: com.jeesite.modules.sys.service.DictTypeService
No bean found for concrete class: com.jeesite.modules.sys.service.DictTypeService
No bean found for concrete class: com.jeesite.modules.sys.service.DictTypeService
No bean found for concrete class: com.jeesite.modules.sys.service.ConfigService
No bean found for concrete class: com.jeesite.modules.sys.service.ConfigService
No bean found for concrete class: com.jeesite.modules.sys.service.ConfigService
No bean found for concrete class: com.jeesite.modules.sys.service.ConfigService
No bean found for concrete class: com.jeesite.modules.sys.service.AuditService
No bean found for concrete class: com.jeesite.modules.sys.service.AuditService
No bean found for concrete class: com.jeesite.modules.sys.service.AuditService
No bean found for concrete class: com.jeesite.modules.sys.service.AuditService
Added entry point (Empty): <com.jeesite.modules.sys.web.LoginController: org.apache.shiro.authz.AuthorizationInfo authInfo()>
No bean found for concrete class: com.jeesite.modules.sys.service.PostService
No bean found for concrete class: com.jeesite.modules.sys.service.UserService
No bean found for concrete class: com.jeesite.modules.sys.service.UserService
No bean found for concrete class: com.jeesite.modules.sys.service.UserService
No bean found for concrete class: com.jeesite.modules.sys.service.UserService
No bean found for concrete class: com.jeesite.modules.sys.service.RoleService
No bean found for concrete class: com.jeesite.modules.sys.service.UserService
No bean found for concrete class: com.jeesite.modules.sys.service.UserService
No bean found for concrete class: com.jeesite.modules.sys.service.UserService
No bean found for concrete class: com.jeesite.modules.sys.service.UserService
No bean found for concrete class: com.jeesite.modules.sys.service.UserService
No bean found for concrete class: com.jeesite.modules.sys.service.UserService
No bean found for concrete class: com.jeesite.modules.sys.service.UserService
No bean found for concrete class: com.jeesite.modules.sys.service.RoleService
No bean found for concrete class: com.jeesite.modules.sys.service.PostService
No implementation found for interface: com.jeesite.modules.sys.service.EmpUserService
No bean found for concrete class: com.jeesite.modules.sys.service.PostService
No implementation found for interface: com.jeesite.modules.sys.service.EmployeeService
No bean found for concrete class: com.jeesite.modules.sys.service.RoleService
No bean found for concrete class: com.jeesite.modules.sys.service.UserService
No bean found for concrete class: com.jeesite.modules.sys.service.EmpUserService
No bean found for concrete class: com.jeesite.modules.sys.service.EmployeeService
No bean found for concrete class: com.jeesite.modules.sys.service.EmpUserService
Concrete class not found for type: org.springframework.web.multipart.support.StandardMultipartFile
No bean found for concrete class: com.jeesite.modules.sys.service.EmpUserService
No bean found for concrete class: com.jeesite.modules.sys.service.EmpUserService
No bean found for concrete class: com.jeesite.modules.sys.service.EmpUserService
No bean found for concrete class: com.jeesite.modules.sys.service.UserService
No bean found for concrete class: com.jeesite.modules.sys.service.EmpUserService
No bean found for concrete class: com.jeesite.modules.sys.service.UserService
No bean found for concrete class: com.jeesite.modules.sys.service.UserService
No bean found for concrete class: com.jeesite.modules.sys.service.EmpUserService
Added entry point (Empty): <com.jeesite.modules.sys.web.user.EmpUserController: java.util.List officeListData()>
No bean found for concrete class: com.jeesite.modules.sys.service.PostService
No bean found for concrete class: com.jeesite.modules.sys.service.UserService
No bean found for concrete class: com.jeesite.modules.sys.service.UserService
No bean found for concrete class: com.jeesite.modules.sys.service.UserService
No bean found for concrete class: com.jeesite.modules.sys.service.UserService
No bean found for concrete class: com.jeesite.modules.sys.service.UserService
No bean found for concrete class: com.jeesite.modules.sys.service.UserService
No bean found for concrete class: com.jeesite.modules.sys.service.UserService
No bean found for concrete class: com.jeesite.modules.sys.service.UserService
No bean found for concrete class: com.jeesite.modules.sys.service.UserService
No bean found for concrete class: com.jeesite.modules.sys.service.RoleService
No bean found for concrete class: com.jeesite.modules.sys.service.RoleService
No bean found for concrete class: com.jeesite.modules.sys.service.RoleService
No bean found for concrete class: com.jeesite.modules.sys.service.RoleService
No bean found for concrete class: com.jeesite.modules.sys.service.RoleService
No bean found for concrete class: com.jeesite.modules.sys.service.RoleService
No bean found for concrete class: com.jeesite.modules.sys.service.RoleService
No bean found for concrete class: com.jeesite.modules.sys.service.RoleService
No bean found for concrete class: com.jeesite.modules.sys.service.MenuService
No bean found for concrete class: com.jeesite.modules.sys.service.MenuService
No bean found for concrete class: com.jeesite.modules.sys.service.RoleService
No bean found for concrete class: com.jeesite.modules.sys.service.RoleService
No bean found for concrete class: com.jeesite.modules.sys.service.RoleService
No bean found for concrete class: com.jeesite.modules.sys.service.RoleService
No bean found for concrete class: com.jeesite.modules.sys.service.RoleService
No bean found for concrete class: com.jeesite.modules.sys.service.DictDataService
No bean found for concrete class: com.jeesite.modules.sys.service.DictDataService
No bean found for concrete class: com.jeesite.modules.sys.service.DictDataService
No bean found for concrete class: com.jeesite.modules.sys.service.DictTypeService
No bean found for concrete class: com.jeesite.modules.sys.service.DictTypeService
No bean found for concrete class: com.jeesite.modules.sys.service.DictDataService
No bean found for concrete class: com.jeesite.modules.sys.service.DictDataService
No bean found for concrete class: com.jeesite.modules.sys.service.DictDataService
No bean found for concrete class: com.jeesite.modules.sys.service.DictDataService
No bean found for concrete class: com.jeesite.modules.sys.service.DictDataService
No implementation found for interface: com.jeesite.modules.sys.service.AreaService
No bean found for concrete class: com.jeesite.modules.sys.service.AreaService
No bean found for concrete class: com.jeesite.modules.sys.service.AreaService
No bean found for concrete class: com.jeesite.modules.sys.service.AreaService
No bean found for concrete class: com.jeesite.modules.sys.service.AreaService
No bean found for concrete class: com.jeesite.modules.sys.service.AreaService
No bean found for concrete class: com.jeesite.modules.sys.service.AreaService
No bean found for concrete class: com.jeesite.modules.sys.service.AreaService
No bean found for concrete class: com.jeesite.modules.sys.service.AreaService
No implementation found for interface: com.jeesite.modules.sys.service.OfficeService
No bean found for concrete class: com.jeesite.modules.sys.service.OfficeService
No bean found for concrete class: com.jeesite.modules.sys.service.OfficeService
No bean found for concrete class: com.jeesite.modules.sys.service.OfficeService
No bean found for concrete class: com.jeesite.modules.sys.service.OfficeService
Concrete class not found for type: org.springframework.web.multipart.support.StandardMultipartFile
No bean found for concrete class: com.jeesite.modules.sys.service.OfficeService
No bean found for concrete class: com.jeesite.modules.sys.service.OfficeService
No bean found for concrete class: com.jeesite.modules.sys.service.OfficeService
No bean found for concrete class: com.jeesite.modules.sys.service.EmpUserService
No bean found for concrete class: com.jeesite.modules.sys.service.OfficeService
No bean found for concrete class: com.jeesite.modules.sys.service.OfficeService
No bean found for concrete class: com.jeesite.modules.sys.service.OfficeService
No implementation found for interface: com.jeesite.modules.sys.service.LogService
No implementation found for interface: com.jeesite.modules.sys.service.CompanyService
No bean found for concrete class: com.jeesite.modules.sys.service.OfficeService
No bean found for concrete class: com.jeesite.modules.sys.service.CompanyService
No bean found for concrete class: com.jeesite.modules.sys.service.CompanyService
No bean found for concrete class: com.jeesite.modules.sys.service.CompanyService
No bean found for concrete class: com.jeesite.modules.sys.service.CompanyService
No bean found for concrete class: com.jeesite.modules.sys.service.EmpUserService
No bean found for concrete class: com.jeesite.modules.sys.service.CompanyService
No bean found for concrete class: com.jeesite.modules.sys.service.CompanyService
No bean found for concrete class: com.jeesite.modules.sys.service.CompanyService
No bean found for concrete class: com.jeesite.modules.sys.service.MenuService
No bean found for concrete class: com.jeesite.modules.sys.service.ModuleService
No bean found for concrete class: com.jeesite.modules.sys.service.MenuService
No bean found for concrete class: com.jeesite.modules.sys.service.MenuService
No bean found for concrete class: com.jeesite.modules.sys.service.MenuService
No bean found for concrete class: com.jeesite.modules.sys.service.MenuService
No bean found for concrete class: com.jeesite.modules.sys.service.MenuService
No bean found for concrete class: com.jeesite.modules.sys.service.MenuService
No bean found for concrete class: com.jeesite.modules.sys.service.MenuService
No bean found for concrete class: com.jeesite.modules.sys.service.MenuService
No bean found for concrete class: com.jeesite.common.shiro.session.SessionDAO
No bean found for concrete class: com.jeesite.common.shiro.session.SessionDAO
No bean found for concrete class: com.jeesite.modules.sys.service.ModuleService
No bean found for concrete class: com.jeesite.modules.sys.service.ModuleService
No bean found for concrete class: com.jeesite.modules.sys.service.ModuleService
No bean found for concrete class: com.jeesite.modules.sys.service.ModuleService
No bean found for concrete class: com.jeesite.modules.sys.service.ModuleService
No bean found for concrete class: com.jeesite.modules.sys.service.ModuleService
No bean found for concrete class: com.jeesite.modules.sys.service.ModuleService
Added entry point (Empty): <com.jeesite.modules.sys.web.CacheController: java.lang.String clearAll()>
Added entry point (Empty): <com.jeesite.modules.FastApplication$JeeSiteController: java.lang.String login()>
Initializing global aspect mock objects...
No bean found for concrete class: com.jeesite.modules.ai.cms.properties.AiCmsProperties
No bean found for concrete class: com.jeesite.modules.ai.cms.properties.AiCmsProperties
No implementation found for interface: com.jeesite.modules.cms.service.extend.ArticleIndexService
No bean found for concrete class: com.jeesite.modules.cms.service.extend.ArticleIndexService
No implementation found for interface: com.jeesite.modules.cms.service.extend.ArticleAuthService
No bean found for concrete class: com.jeesite.modules.cms.service.extend.ArticleIndexService
No implementation found for interface: com.jeesite.modules.cms.service.extend.PageCacheService
No bean found for concrete class: com.jeesite.modules.cms.service.extend.ArticleIndexService
No bean found for concrete class: com.jeesite.modules.cms.service.extend.PageCacheService
No bean found for concrete class: com.jeesite.modules.cms.service.extend.ArticleIndexService
No bean found for concrete class: com.jeesite.modules.sys.service.UserService
No bean found for concrete class: com.jeesite.modules.cms.service.extend.PageCacheService
No bean found for concrete class: org.slf4j.Logger
No bean found for concrete class: com.jeesite.modules.cms.service.extend.PageCacheService
No bean found for concrete class: com.jeesite.modules.cms.service.extend.ArticleIndexService
No bean found for concrete class: com.jeesite.modules.cms.service.extend.PageCacheService
No bean found for concrete class: org.springframework.ai.vectorstore.VectorStore
No bean found for concrete class: org.springframework.ai.vectorstore.VectorStore
[Pointer analysis] elapsed time: 0.27s
Detected 11 taint flow(s):
TaintFlow{<com.jeesite.modules.cms.web.FileTemplateController: java.lang.String deleteFileTemplate(java.lang.String)>/0 -> <com.jeesite.modules.cms.service.FileTemplateService: void deleteFileTemplate(java.lang.String)>[31@L237] invokespecial $r19.<init>($r4, $r6)/1}
TaintFlow{<com.jeesite.modules.cms.web.FileTemplateController: java.lang.String deleteFileTemplate(java.lang.String)>/0 -> <org.springframework.core.io.support.PathMatchingResourcePatternResolver: java.util.Set getClassPathManifestEntries()>[13@L554] invokespecial $r7.<init>(r6)/0}
TaintFlow{<com.jeesite.modules.cms.web.FileTemplateController: java.lang.String deleteFileTemplate(java.lang.String)>/0 -> <org.springframework.util.ResourceUtils: java.net.URI toURI(java.lang.String)>[4@L396] invokespecial $r0.<init>($r2)/0}
TaintFlow{<com.jeesite.modules.cms.web.FileTemplateController: java.lang.String deleteFileTemplate(java.lang.String)>/0 -> <org.springframework.util.ResourceUtils: java.net.URL toURL(java.lang.String)>[6@L418] invokespecial $r5.<init>(r0)/0}
TaintFlow{<com.jeesite.modules.cms.web.FileTemplateController: java.lang.String form(java.lang.String,org.springframework.ui.Model)>/0 -> <org.springframework.core.io.support.PathMatchingResourcePatternResolver: java.util.Set getClassPathManifestEntries()>[13@L554] invokespecial $r7.<init>(r6)/0}
TaintFlow{<com.jeesite.modules.cms.web.FileTemplateController: java.lang.String form(java.lang.String,org.springframework.ui.Model)>/0 -> <org.springframework.util.ResourceUtils: java.net.URI toURI(java.lang.String)>[4@L396] invokespecial $r0.<init>($r2)/0}
TaintFlow{<com.jeesite.modules.cms.web.FileTemplateController: java.lang.String form(java.lang.String,org.springframework.ui.Model)>/0 -> <org.springframework.util.ResourceUtils: java.net.URL toURL(java.lang.String)>[6@L418] invokespecial $r5.<init>(r0)/0}
TaintFlow{<com.jeesite.modules.cms.web.FileTemplateController: java.lang.String saveFileTemplate(java.lang.String,java.lang.String)>/0 -> <com.jeesite.modules.cms.service.FileTemplateService: void saveFileTemplate(java.lang.String,java.lang.String)>[31@L196] invokespecial $r21.<init>($r4, $r6)/1}
TaintFlow{<com.jeesite.modules.cms.web.FileTemplateController: java.lang.String saveFileTemplate(java.lang.String,java.lang.String)>/0 -> <org.springframework.core.io.support.PathMatchingResourcePatternResolver: java.util.Set getClassPathManifestEntries()>[13@L554] invokespecial $r7.<init>(r6)/0}
TaintFlow{<com.jeesite.modules.cms.web.FileTemplateController: java.lang.String saveFileTemplate(java.lang.String,java.lang.String)>/0 -> <org.springframework.util.ResourceUtils: java.net.URI toURI(java.lang.String)>[4@L396] invokespecial $r0.<init>($r2)/0}
TaintFlow{<com.jeesite.modules.cms.web.FileTemplateController: java.lang.String saveFileTemplate(java.lang.String,java.lang.String)>/0 -> <org.springframework.util.ResourceUtils: java.net.URL toURL(java.lang.String)>[6@L418] invokespecial $r5.<init>(r0)/0}
TFGDumper starts ...
Source nodes:
VarNode{<com.jeesite.modules.sys.web.RoleController: java.lang.Boolean hasUserRole(java.lang.String,java.lang.String)>/userCode}
VarNode{<com.jeesite.modules.cmsfront.web.FrontController: java.lang.String listCustom(java.lang.String,java.lang.String,java.lang.Integer,java.lang.Integer,org.springframework.ui.Model,jakarta.servlet.http.HttpServletRequest)>/pageNo}
VarNode{<com.jeesite.modules.sys.web.AuditController: com.jeesite.common.entity.Page auditListData(com.jeesite.modules.sys.entity.Audit,jakarta.servlet.http.HttpServletRequest,jakarta.servlet.http.HttpServletResponse)>/audit}
VarNode{<com.jeesite.modules.sys.web.MenuController: com.jeesite.modules.sys.entity.Menu createNextNode(com.jeesite.modules.sys.entity.Menu)>/menu}
VarNode{<com.jeesite.modules.sys.web.AreaController: java.lang.String fixTreeData(com.jeesite.modules.sys.entity.Area)>/area}
VarNode{<com.jeesite.modules.sys.web.RoleController: java.lang.String formAuthDataScope(com.jeesite.modules.sys.entity.Role,org.springframework.ui.Model,jakarta.servlet.http.HttpServletRequest)>/role}
VarNode{<com.jeesite.modules.sys.web.MenuController: java.util.List treeData(java.lang.String,java.lang.String,java.lang.String,java.lang.String,boolean,jakarta.servlet.http.HttpServletResponse)>/response}
VarNode{<com.jeesite.modules.sys.web.RoleController: java.lang.String saveAuthDataScope(com.jeesite.modules.sys.entity.Role,jakarta.servlet.http.HttpServletRequest)>/role}
VarNode{<com.jeesite.modules.test.web.TestDataController: java.lang.String enable(com.jeesite.modules.test.entity.TestData)>/testData}
VarNode{<com.jeesite.modules.cmsfront.web.FrontController: java.lang.String comment(com.jeesite.modules.cms.entity.Comment,java.lang.String,jakarta.servlet.http.HttpServletRequest,jakarta.servlet.http.HttpServletResponse,org.springframework.ui.Model)>/comment}
VarNode{<com.jeesite.modules.sys.web.ConfigController: java.lang.String save(com.jeesite.modules.sys.entity.Config,jakarta.servlet.http.HttpServletRequest)>/config}
VarNode{<com.jeesite.modules.sys.web.CompanyController: java.lang.String enable(com.jeesite.modules.sys.entity.Company)>/company}
VarNode{<com.jeesite.modules.cmsfront.web.FrontController: java.lang.String list(java.lang.String,java.lang.Integer,java.lang.Integer,org.springframework.ui.Model,jakarta.servlet.http.HttpServletRequest)>/categoryCode}
VarNode{<com.jeesite.modules.sys.web.AccountController: java.lang.String getPwdQuestion(java.lang.String,java.lang.String,java.lang.String,jakarta.servlet.http.HttpServletRequest)>/validCode}
VarNode{<com.jeesite.modules.test.web.TestDataController: com.jeesite.common.entity.Page listData(com.jeesite.modules.test.entity.TestData,jakarta.servlet.http.HttpServletRequest,jakarta.servlet.http.HttpServletResponse)>/testData}
VarNode{<com.jeesite.modules.sys.web.PostController: java.lang.String checkPostName(java.lang.String,java.lang.String)>/postName}
VarNode{<com.jeesite.modules.sys.web.user.EmpUserController: java.lang.String resetpwd(com.jeesite.modules.sys.entity.EmpUser)>/empUser}
VarNode{<com.jeesite.modules.sys.web.MenuController: java.lang.String delete(com.jeesite.modules.sys.entity.Menu)>/menu}
VarNode{<com.jeesite.modules.sys.web.MenuController: java.lang.String fixTreeData(com.jeesite.modules.sys.entity.Menu)>/menu}
VarNode{<com.jeesite.modules.sys.web.DictTypeController: java.lang.String checkDictType(java.lang.String,java.lang.String)>/oldDictType}
VarNode{<com.jeesite.modules.cms.web.CategoryController: java.util.List treeData(java.lang.String,java.lang.String,java.lang.String,java.lang.Boolean,java.lang.String)>/isShowCode}
VarNode{<com.jeesite.modules.sys.web.ModuleController: com.jeesite.common.entity.Page listData(com.jeesite.modules.sys.entity.Module,jakarta.servlet.http.HttpServletRequest,jakarta.servlet.http.HttpServletResponse)>/request}
VarNode{<com.jeesite.modules.cms.web.ReportController: java.lang.String enable(com.jeesite.modules.cms.entity.Report)>/report}
VarNode{<com.jeesite.modules.sys.web.DictDataController: java.lang.String form(com.jeesite.modules.sys.entity.DictData,java.lang.String,org.springframework.ui.Model)>/op}
VarNode{<com.jeesite.modules.sys.web.PostController: java.lang.String save(com.jeesite.modules.sys.entity.Post,jakarta.servlet.http.HttpServletRequest)>/post}
VarNode{<com.jeesite.modules.sys.web.OfficeController: java.lang.String fixTreeData(com.jeesite.modules.sys.entity.Office)>/office}
VarNode{<com.jeesite.modules.cms.web.CategoryController: java.util.List treeData(java.lang.String,java.lang.String,java.lang.String,java.lang.Boolean,java.lang.String)>/siteCode}
VarNode{<com.jeesite.modules.sys.web.CompanyController: java.util.List treeData(java.lang.String,java.lang.String,java.lang.Boolean,java.lang.String,java.lang.String,java.lang.String)>/parentCode}
VarNode{<com.jeesite.modules.sys.web.AccountController: java.lang.String getFpValidCode(com.jeesite.modules.sys.entity.User,java.lang.String,java.lang.String,java.lang.String,jakarta.servlet.http.HttpServletRequest)>/request}
VarNode{<com.jeesite.modules.ai.cms.web.CmsAiChatController: java.util.List entity(java.lang.String)>/message}
VarNode{<com.jeesite.modules.sys.web.user.EmpUserController: java.lang.String save(com.jeesite.modules.sys.entity.EmpUser,java.lang.String,jakarta.servlet.http.HttpServletRequest)>/op}
VarNode{<com.jeesite.modules.cms.web.CommentController: com.jeesite.common.entity.Page listData(com.jeesite.modules.cms.entity.Comment,jakarta.servlet.http.HttpServletRequest,jakarta.servlet.http.HttpServletResponse)>/comment}
VarNode{<com.jeesite.modules.sys.web.RoleController: java.util.List treeData(java.lang.String,java.lang.Boolean,java.lang.String,java.lang.String)>/ctrlPermi}
VarNode{<com.jeesite.modules.sys.web.RoleController: java.util.List menuTreeDataByRoleCode(java.lang.String,java.lang.String)>/roleCode}
VarNode{<com.jeesite.modules.sys.web.RoleController: java.lang.String saveAuthUser(com.jeesite.modules.sys.entity.Role,jakarta.servlet.http.HttpServletRequest)>/role}
VarNode{<com.jeesite.modules.sys.web.TagsController: java.lang.String treeselect(jakarta.servlet.http.HttpServletRequest,org.springframework.ui.Model)>/request}
VarNode{<com.jeesite.modules.sys.web.PostController: java.lang.String disable(com.jeesite.modules.sys.entity.Post,jakarta.servlet.http.HttpServletRequest,jakarta.servlet.http.HttpServletResponse,org.springframework.ui.Model)>/response}
VarNode{<com.jeesite.modules.sys.web.AccountController: java.lang.String getLoginValidCode(java.lang.String,java.lang.String,java.lang.String,jakarta.servlet.http.HttpServletRequest)>/mobile}
VarNode{<com.jeesite.modules.app.web.AppUpgradeController: java.lang.String form(com.jeesite.modules.app.entity.AppUpgrade,org.springframework.ui.Model)>/appUpgrade}
VarNode{<com.jeesite.modules.sys.web.RoleController: java.lang.String formAuthUser(com.jeesite.modules.sys.entity.Role,org.springframework.ui.Model,jakarta.servlet.http.HttpServletRequest)>/role}
VarNode{<com.jeesite.modules.sys.web.AreaController: java.lang.String enable(com.jeesite.modules.sys.entity.Area)>/area}
VarNode{<com.jeesite.modules.sys.web.CompanyController: java.util.List treeData(java.lang.String,java.lang.String,java.lang.Boolean,java.lang.String,java.lang.String,java.lang.String)>/excludeCode}
VarNode{<com.jeesite.modules.app.web.AppPublicServiceController: java.lang.String upgradeCheck(java.lang.String,java.lang.Integer)>/appVersion}
VarNode{<com.jeesite.modules.sys.web.user.EmpUserController: java.util.List treeData(java.lang.String,java.lang.String[],java.lang.String,java.lang.String,java.lang.String,java.lang.Boolean,java.lang.String,java.lang.String)>/postCode}
VarNode{<com.jeesite.modules.sys.web.ModuleController: java.lang.String disable(com.jeesite.modules.sys.entity.Module)>/module}
VarNode{<com.jeesite.modules.sys.web.AccountController: java.lang.String getPwdQuestion(java.lang.String,java.lang.String,java.lang.String,jakarta.servlet.http.HttpServletRequest)>/loginCode}
VarNode{<com.jeesite.modules.sys.web.AccountController: java.lang.String saveRegByValidCode(com.jeesite.modules.sys.entity.User,java.lang.String,jakarta.servlet.http.HttpServletRequest)>/regValidCode}
VarNode{<com.jeesite.modules.sys.web.AuditController: java.lang.String userList(com.jeesite.modules.sys.entity.Audit,org.springframework.ui.Model)>/audit}
VarNode{<com.jeesite.modules.sys.web.AccountController: java.lang.String getFpValidCode(com.jeesite.modules.sys.entity.User,java.lang.String,java.lang.String,java.lang.String,jakarta.servlet.http.HttpServletRequest)>/user}
VarNode{<com.jeesite.modules.biz.web.BizCategoryController: java.util.List listData(com.jeesite.modules.biz.entity.BizCategory)>/bizCategory}
VarNode{<com.jeesite.modules.test.web.TestDataController: java.lang.String form(com.jeesite.modules.test.entity.TestData,java.lang.String,org.springframework.ui.Model)>/flag}
VarNode{<com.jeesite.modules.biz.web.BizCategoryController: java.lang.String save(com.jeesite.modules.biz.entity.BizCategory)>/bizCategory}
VarNode{<com.jeesite.modules.file.web.FileUploadController: java.lang.String downloadFile(java.lang.String,java.lang.String,jakarta.servlet.http.HttpServletRequest,jakarta.servlet.http.HttpServletResponse)>/preview}
VarNode{<com.jeesite.modules.test.web.DemoController: java.lang.String form(java.lang.String,com.jeesite.modules.test.entity.TestData,org.springframework.ui.Model)>/viewName}
VarNode{<com.jeesite.modules.sys.web.MenuController: java.util.List listData(com.jeesite.modules.sys.entity.Menu)>/menu}
VarNode{<com.jeesite.modules.sys.web.user.EmpUserController: void exportData(com.jeesite.modules.sys.entity.EmpUser,java.lang.Boolean,java.lang.String,jakarta.servlet.http.HttpServletResponse)>/empUser}
VarNode{<com.jeesite.modules.cms.web.SiteController: java.lang.String disable(com.jeesite.modules.cms.entity.Site)>/site}
VarNode{<com.jeesite.modules.sys.web.LoginController: java.util.List menuRoute(java.lang.String)>/parentCode}
VarNode{<com.jeesite.modules.sys.web.OfficeController: java.util.List treeData(java.lang.String,java.lang.String,java.lang.Boolean,java.lang.String,java.lang.String,java.lang.String,java.lang.String,java.lang.String,java.lang.String,java.lang.String,java.lang.String,java.lang.String)>/ctrlPermi}
VarNode{<com.jeesite.modules.sys.web.AreaController: java.util.List treeData(java.lang.String,java.lang.String,java.lang.String)>/isShowCode}
VarNode{<com.jeesite.modules.sys.web.RoleController: java.util.List menuTreeDataByRoleCode(java.lang.String,java.lang.String)>/sysCode}
VarNode{<com.jeesite.modules.sys.web.ConfigController: java.lang.String delete(com.jeesite.modules.sys.entity.Config,jakarta.servlet.http.HttpServletRequest)>/config}
VarNode{<com.jeesite.modules.sys.web.user.EmpUserController: java.util.List treeData(java.lang.String,java.lang.String[],java.lang.String,java.lang.String,java.lang.String,java.lang.Boolean,java.lang.String,java.lang.String)>/roleCode}
VarNode{<com.jeesite.modules.sys.web.SwitchController: java.lang.String switchSkin(java.lang.String,java.lang.String,jakarta.servlet.http.HttpServletRequest,jakarta.servlet.http.HttpServletResponse)>/url}
VarNode{<com.jeesite.modules.sys.web.SwitchController: java.lang.String switchSys(java.lang.String,jakarta.servlet.http.HttpServletRequest,jakarta.servlet.http.HttpServletResponse)>/response}
VarNode{<com.jeesite.modules.sys.web.LoginController: java.util.List menuTree(java.lang.String)>/parentCode}
VarNode{<com.jeesite.modules.cms.web.CategoryController: java.lang.String list(com.jeesite.modules.cms.entity.Category,org.springframework.ui.Model)>/category}
VarNode{<com.jeesite.modules.app.web.AppUpgradeController: java.lang.String delete(com.jeesite.modules.app.entity.AppUpgrade)>/appUpgrade}
VarNode{<com.jeesite.modules.cms.web.CategoryController: java.util.List listData(com.jeesite.modules.cms.entity.Category)>/category}
VarNode{<com.jeesite.modules.sys.web.OfficeController: java.util.List treeData(java.lang.String,java.lang.String,java.lang.Boolean,java.lang.String,java.lang.String,java.lang.String,java.lang.String,java.lang.String,java.lang.String,java.lang.String,java.lang.String,java.lang.String)>/companyCode}
VarNode{<com.jeesite.modules.ai.cms.web.CmsAiChatController: java.lang.String text(java.lang.String)>/message}
VarNode{<com.jeesite.modules.sys.web.SwitchController: java.lang.String switchRole(java.lang.String,jakarta.servlet.http.HttpServletRequest,jakarta.servlet.http.HttpServletResponse)>/roleCode}
VarNode{<com.jeesite.modules.cms.web.ArticleController: java.lang.String disable(com.jeesite.modules.cms.entity.Article)>/article}
VarNode{<com.jeesite.modules.sys.web.RoleController: com.jeesite.common.entity.Page listData(com.jeesite.modules.sys.entity.Role,java.lang.String,jakarta.servlet.http.HttpServletRequest,jakarta.servlet.http.HttpServletResponse)>/request}
VarNode{<com.jeesite.modules.sys.web.DictDataController: java.util.List treeData(java.lang.String,java.lang.String,java.lang.String,boolean)>/isShowRawName}
VarNode{<com.jeesite.modules.sys.web.user.EmpUserController: java.lang.String saveAuthDataScope(com.jeesite.modules.sys.entity.EmpUser,jakarta.servlet.http.HttpServletRequest)>/request}
VarNode{<com.jeesite.modules.biz.web.BizCategoryController: java.util.List treeData(java.lang.String,java.lang.String,java.lang.String)>/excludeCode}
VarNode{<com.jeesite.modules.sys.web.CompanyController: java.util.List treeData(java.lang.String,java.lang.String,java.lang.Boolean,java.lang.String,java.lang.String,java.lang.String)>/isAll}
VarNode{<com.jeesite.modules.sys.web.AccountController: java.lang.String getFpValidCode(com.jeesite.modules.sys.entity.User,java.lang.String,java.lang.String,java.lang.String,jakarta.servlet.http.HttpServletRequest)>/validType}
VarNode{<com.jeesite.modules.cmsfront.web.FrontSearchController: java.lang.String search(java.lang.String,java.lang.String,java.lang.String,java.lang.String,java.lang.String,java.lang.String,java.lang.String,jakarta.servlet.http.HttpServletRequest,jakarta.servlet.http.HttpServletResponse,org.springframework.ui.Model)>/bd}
VarNode{<com.jeesite.modules.cms.web.ArticleController: java.lang.String enable(com.jeesite.modules.cms.entity.Article)>/article}
VarNode{<com.jeesite.modules.app.web.AppCommentController: com.jeesite.common.entity.Page listData(com.jeesite.modules.app.entity.AppComment,jakarta.servlet.http.HttpServletRequest,jakarta.servlet.http.HttpServletResponse)>/response}
VarNode{<com.jeesite.modules.sys.web.OfficeController: java.lang.String index(com.jeesite.modules.sys.entity.Office,org.springframework.ui.Model)>/office}
VarNode{<com.jeesite.modules.sys.web.ConfigController: java.lang.String delete(com.jeesite.modules.sys.entity.Config,jakarta.servlet.http.HttpServletRequest)>/request}
VarNode{<com.jeesite.modules.sys.web.SsoController: java.lang.String sso(java.lang.String,java.lang.String,java.lang.String,java.lang.String,jakarta.servlet.http.HttpServletRequest,jakarta.servlet.http.HttpServletResponse,org.springframework.ui.Model)>/request}
VarNode{<com.jeesite.modules.test.web.TestDataController: java.lang.String disable(com.jeesite.modules.test.entity.TestData)>/testData}
VarNode{<com.jeesite.modules.ai.cms.web.CmsAiChatController: reactor.core.publisher.Flux stream(java.lang.String,java.lang.String,jakarta.servlet.http.HttpServletRequest)>/request}
VarNode{<com.jeesite.modules.sys.web.ConfigController: java.lang.String checkConfigKey(java.lang.String,java.lang.String)>/oldConfigKey}
VarNode{<com.jeesite.modules.test.web.TestTreeController: java.util.List treeData(java.lang.String,java.lang.String)>/isShowCode}
VarNode{<com.jeesite.modules.cms.web.CategoryController: java.lang.String rebuildIndex(com.jeesite.modules.cms.entity.Category)>/category}
VarNode{<com.jeesite.modules.sys.web.SwitchController: java.lang.String switchSys(java.lang.String,jakarta.servlet.http.HttpServletRequest,jakarta.servlet.http.HttpServletResponse)>/sysCode}
VarNode{<com.jeesite.modules.cms.web.CategoryController: java.lang.String form(com.jeesite.modules.cms.entity.Category,org.springframework.ui.Model)>/category}
VarNode{<com.jeesite.modules.sys.web.AuditController: com.jeesite.common.entity.Page userListData(com.jeesite.modules.sys.entity.Audit,jakarta.servlet.http.HttpServletRequest,jakarta.servlet.http.HttpServletResponse)>/response}
VarNode{<com.jeesite.modules.sys.web.AccountController: java.lang.String registerUser(com.jeesite.modules.sys.entity.User,jakarta.servlet.http.HttpServletRequest)>/request}
VarNode{<com.jeesite.modules.file.web.FileUploadController: java.lang.String downloadFile(java.lang.String,java.lang.String,jakarta.servlet.http.HttpServletRequest,jakarta.servlet.http.HttpServletResponse)>/response}
VarNode{<com.jeesite.modules.sys.web.RoleController: java.lang.String form(com.jeesite.modules.sys.entity.Role,java.lang.String,org.springframework.ui.Model)>/role}
VarNode{<com.jeesite.modules.cms.web.ArticleController: java.lang.String save(com.jeesite.modules.cms.entity.Article)>/article}
VarNode{<com.jeesite.modules.test.web.TestDataController: java.lang.String save(com.jeesite.modules.test.entity.TestData)>/testData}
VarNode{<com.jeesite.modules.sys.web.user.EmpUserController: java.lang.String checkEmpNo(java.lang.String,java.lang.String)>/empNo}
VarNode{<com.jeesite.modules.sys.web.user.EmpUserController: java.util.List treeData(java.lang.String,java.lang.String[],java.lang.String,java.lang.String,java.lang.String,java.lang.Boolean,java.lang.String,java.lang.String)>/idPrefix}
VarNode{<com.jeesite.modules.sys.web.RoleController: java.lang.String enable(com.jeesite.modules.sys.entity.Role,jakarta.servlet.http.HttpServletRequest)>/request}
VarNode{<com.jeesite.modules.sys.web.CompanyController: java.lang.String delete(com.jeesite.modules.sys.entity.Company)>/company}
VarNode{<com.jeesite.modules.sys.web.user.EmpUserController: java.util.List treeData(java.lang.String,java.lang.String[],java.lang.String,java.lang.String,java.lang.String,java.lang.Boolean,java.lang.String,java.lang.String)>/isAll}
VarNode{<com.jeesite.modules.cms.web.CommentController: java.lang.String enable(com.jeesite.modules.cms.entity.Comment)>/comment}
VarNode{<com.jeesite.modules.app.web.AppCommentController: java.lang.String list(com.jeesite.modules.app.entity.AppComment,org.springframework.ui.Model)>/appComment}
VarNode{<com.jeesite.modules.sys.web.OfficeController: java.lang.String delete(com.jeesite.modules.sys.entity.Office)>/office}
VarNode{<com.jeesite.modules.sys.web.LoginController: java.lang.String login(jakarta.servlet.http.HttpServletRequest,jakarta.servlet.http.HttpServletResponse,org.springframework.ui.Model)>/response}
VarNode{<com.jeesite.modules.msg.web.MsgInnerController: java.lang.String save(com.jeesite.modules.msg.entity.MsgInner,jakarta.servlet.http.HttpServletRequest)>/request}
VarNode{<com.jeesite.modules.file.web.UeditorController: java.lang.String upload(java.lang.String,jakarta.servlet.http.HttpServletRequest,jakarta.servlet.http.HttpServletResponse)>/response}
VarNode{<com.jeesite.modules.cmsfront.web.FrontController: java.lang.String comment(com.jeesite.modules.cms.entity.Comment,java.lang.String,jakarta.servlet.http.HttpServletRequest,jakarta.servlet.http.HttpServletResponse,org.springframework.ui.Model)>/theme}
VarNode{<com.jeesite.modules.sys.web.OnlineController: java.util.List listData(java.lang.String,java.lang.String,java.lang.String,java.lang.String,java.lang.String,java.lang.String,java.lang.String)>/userType}
VarNode{<com.jeesite.modules.sys.web.RoleController: com.jeesite.common.entity.Page listData(com.jeesite.modules.sys.entity.Role,java.lang.String,jakarta.servlet.http.HttpServletRequest,jakarta.servlet.http.HttpServletResponse)>/response}
VarNode{<com.jeesite.modules.sys.web.MenuController: java.lang.String save(com.jeesite.modules.sys.entity.Menu)>/menu}
VarNode{<com.jeesite.modules.cmsfront.web.FrontSearchController: java.lang.String search(java.lang.String,java.lang.String,java.lang.String,java.lang.String,java.lang.String,java.lang.String,java.lang.String,jakarta.servlet.http.HttpServletRequest,jakarta.servlet.http.HttpServletResponse,org.springframework.ui.Model)>/qand}
VarNode{<org.springframework.web.context.request.RequestContextHolder: org.springframework.web.context.request.RequestAttributes getRequestAttributes()>/$r1}
VarNode{<com.jeesite.modules.sys.web.DictDataController: java.lang.String enable(com.jeesite.modules.sys.entity.DictData,jakarta.servlet.http.HttpServletRequest)>/request}
VarNode{<com.jeesite.modules.sys.web.CompanyController: java.lang.String form(com.jeesite.modules.sys.entity.Company,org.springframework.ui.Model,jakarta.servlet.http.HttpServletRequest)>/company}
VarNode{<com.jeesite.modules.sys.web.RoleController: java.lang.String enable(com.jeesite.modules.sys.entity.Role,jakarta.servlet.http.HttpServletRequest)>/role}
VarNode{<com.jeesite.modules.cms.web.SiteController: java.lang.String rebuildIndex(com.jeesite.modules.cms.entity.Site)>/site}
VarNode{<com.jeesite.modules.file.web.UeditorController: java.lang.String upload(java.lang.String,jakarta.servlet.http.HttpServletRequest,jakarta.servlet.http.HttpServletResponse)>/action}
VarNode{<com.jeesite.modules.sys.web.PostController: java.lang.String save(com.jeesite.modules.sys.entity.Post,jakarta.servlet.http.HttpServletRequest)>/request}
VarNode{<com.jeesite.modules.sys.web.PostController: com.jeesite.common.entity.Page listData(com.jeesite.modules.sys.entity.Post,jakarta.servlet.http.HttpServletRequest,jakarta.servlet.http.HttpServletResponse)>/response}
VarNode{<com.jeesite.modules.file.web.FileUploadController: java.lang.String downloadFile(java.lang.String,java.lang.String,jakarta.servlet.http.HttpServletRequest,jakarta.servlet.http.HttpServletResponse)>/fileUploadId}
VarNode{<com.jeesite.modules.sys.web.DictTypeController: com.jeesite.common.entity.Page listData(com.jeesite.modules.sys.entity.DictType,jakarta.servlet.http.HttpServletRequest,jakarta.servlet.http.HttpServletResponse)>/request}
VarNode{<com.jeesite.modules.sys.web.user.EmpUserController: java.lang.String save(com.jeesite.modules.sys.entity.EmpUser,java.lang.String,jakarta.servlet.http.HttpServletRequest)>/request}
VarNode{<com.jeesite.modules.sys.web.AccountController: java.lang.String getLoginValidCode(java.lang.String,java.lang.String,java.lang.String,jakarta.servlet.http.HttpServletRequest)>/corpCode}
VarNode{<com.jeesite.modules.sys.web.ModuleController: java.lang.String list(com.jeesite.modules.sys.entity.Module,org.springframework.ui.Model)>/module}
VarNode{<com.jeesite.modules.sys.web.PostController: java.lang.String disable(com.jeesite.modules.sys.entity.Post,jakarta.servlet.http.HttpServletRequest,jakarta.servlet.http.HttpServletResponse,org.springframework.ui.Model)>/post}
VarNode{<com.jeesite.modules.sys.web.user.EmpUserController: java.lang.String enable(com.jeesite.modules.sys.entity.EmpUser,boolean)>/empUser}
VarNode{<com.jeesite.modules.sys.web.user.CorpAdminController: java.lang.String disable(com.jeesite.modules.sys.entity.User)>/user}
VarNode{<com.jeesite.modules.sys.web.MenuController: java.lang.String list(com.jeesite.modules.sys.entity.Menu,org.springframework.ui.Model)>/menu}
VarNode{<com.jeesite.modules.sys.web.ModuleController: java.lang.String enable(com.jeesite.modules.sys.entity.Module)>/module}
VarNode{<com.jeesite.modules.file.web.VditorController: java.util.Map upload(org.springframework.web.multipart.MultipartFile[],java.lang.String,java.lang.String,java.lang.String,java.lang.String)>/files}
VarNode{<com.jeesite.modules.sys.web.ModuleController: com.jeesite.common.entity.Page listData(com.jeesite.modules.sys.entity.Module,jakarta.servlet.http.HttpServletRequest,jakarta.servlet.http.HttpServletResponse)>/module}
VarNode{<com.jeesite.modules.sys.web.SwitchController: java.lang.String switchSkin(java.lang.String,java.lang.String,jakarta.servlet.http.HttpServletRequest,jakarta.servlet.http.HttpServletResponse)>/request}
VarNode{<com.jeesite.modules.sys.web.user.SecAdminController: java.lang.String save(com.jeesite.modules.sys.entity.User)>/user}
VarNode{<com.jeesite.modules.sys.web.MenuController: java.lang.String updateTreeSort(java.lang.String[],java.lang.Integer[])>/ids}
VarNode{<com.jeesite.modules.cms.web.SiteController: java.lang.String select(java.lang.String,java.lang.String,jakarta.servlet.http.HttpServletRequest,jakarta.servlet.http.HttpServletResponse)>/redirect}
VarNode{<com.jeesite.modules.sys.web.OfficeController: java.util.List treeData(java.lang.String,java.lang.String,java.lang.Boolean,java.lang.String,java.lang.String,java.lang.String,java.lang.String,java.lang.String,java.lang.String,java.lang.String,java.lang.String,java.lang.String)>/roleCode}
VarNode{<com.jeesite.modules.file.web.FileUploadController: java.lang.String downloadFile(java.lang.String,java.lang.String,jakarta.servlet.http.HttpServletRequest,jakarta.servlet.http.HttpServletResponse)>/request}
VarNode{<com.jeesite.modules.sys.web.ModuleController: java.util.List selectData(com.jeesite.modules.sys.entity.Module)>/module}
VarNode{<com.jeesite.modules.msg.web.MsgInnerController: java.lang.String form(com.jeesite.modules.msg.entity.MsgInner,org.springframework.ui.Model)>/msgInner}
VarNode{<com.jeesite.modules.sys.web.user.CorpAdminController: java.lang.String resetpwd(com.jeesite.modules.sys.entity.User)>/user}
VarNode{<com.jeesite.modules.test.web.TestDataController: java.lang.String form(com.jeesite.modules.test.entity.TestData,java.lang.String,org.springframework.ui.Model)>/testData}
VarNode{<com.jeesite.modules.sys.web.OfficeController: java.util.List treeData(java.lang.String,java.lang.String,java.lang.Boolean,java.lang.String,java.lang.String,java.lang.String,java.lang.String,java.lang.String,java.lang.String,java.lang.String,java.lang.String,java.lang.String)>/userIdPrefix}
VarNode{<com.jeesite.modules.cmsfront.web.FrontController: java.lang.String listCustom(java.lang.String,java.lang.String,java.lang.Integer,java.lang.Integer,org.springframework.ui.Model,jakarta.servlet.http.HttpServletRequest)>/customView}
VarNode{<com.jeesite.modules.sys.web.TagsController: java.lang.String imageclip(jakarta.servlet.http.HttpServletRequest,org.springframework.ui.Model)>/request}
VarNode{<com.jeesite.modules.cmsfront.web.FrontController: java.lang.String index(java.lang.String,org.springframework.ui.Model)>/siteCode}
VarNode{<com.jeesite.modules.cmsfront.web.FrontController: java.lang.String listCustom(java.lang.String,java.lang.String,java.lang.Integer,java.lang.Integer,org.springframework.ui.Model,jakarta.servlet.http.HttpServletRequest)>/pageSize}
VarNode{<com.jeesite.modules.cms.web.SiteController: com.jeesite.common.entity.Page listData(com.jeesite.modules.cms.entity.Site,jakarta.servlet.http.HttpServletRequest,jakarta.servlet.http.HttpServletResponse)>/response}
VarNode{<com.jeesite.modules.cms.web.SiteController: java.lang.String save(com.jeesite.modules.cms.entity.Site)>/site}
VarNode{<com.jeesite.modules.sys.web.user.UserController: java.lang.String checkLoginCode(java.lang.String,java.lang.String)>/oldLoginCode}
VarNode{<com.jeesite.modules.sys.web.user.EmpUserController: com.jeesite.common.entity.Page listData(com.jeesite.modules.sys.entity.EmpUser,java.lang.Boolean,java.lang.String,jakarta.servlet.http.HttpServletRequest,jakarta.servlet.http.HttpServletResponse)>/isAll}
VarNode{<com.jeesite.modules.sys.web.user.UserController: com.jeesite.common.entity.Page listData(com.jeesite.modules.sys.entity.User,jakarta.servlet.http.HttpServletRequest,jakarta.servlet.http.HttpServletResponse)>/user}
VarNode{<com.jeesite.modules.sys.web.DictDataController: java.lang.String enable(com.jeesite.modules.sys.entity.DictData,jakarta.servlet.http.HttpServletRequest)>/dictData}
VarNode{<com.jeesite.modules.sys.web.MenuController: java.util.List treeData(java.lang.String,java.lang.String,java.lang.String,java.lang.String,boolean,jakarta.servlet.http.HttpServletResponse)>/excludeCode}
VarNode{<com.jeesite.modules.sys.web.RoleController: java.lang.String form(com.jeesite.modules.sys.entity.Role,java.lang.String,org.springframework.ui.Model)>/op}
VarNode{<com.jeesite.modules.sys.web.AreaController: java.lang.String delete(com.jeesite.modules.sys.entity.Area)>/area}
VarNode{<com.jeesite.modules.sys.web.user.EmpUserController: java.lang.String switchOffice(java.lang.String,jakarta.servlet.http.HttpServletRequest,jakarta.servlet.http.HttpServletResponse)>/request}
VarNode{<com.jeesite.modules.sys.web.AuditController: com.jeesite.common.entity.Page userListData(com.jeesite.modules.sys.entity.Audit,jakarta.servlet.http.HttpServletRequest,jakarta.servlet.http.HttpServletResponse)>/request}
VarNode{<com.jeesite.modules.cmsfront.web.FrontController: java.lang.String comment(com.jeesite.modules.cms.entity.Comment,java.lang.String,jakarta.servlet.http.HttpServletRequest,jakarta.servlet.http.HttpServletResponse,org.springframework.ui.Model)>/response}
VarNode{<com.jeesite.modules.cmsfront.web.FrontController: java.lang.String view(java.lang.String,java.lang.String,org.springframework.ui.Model,jakarta.servlet.http.HttpServletRequest)>/contentId}
VarNode{<com.jeesite.modules.cmsfront.web.FrontController: java.lang.String listCustom(java.lang.String,java.lang.String,java.lang.Integer,java.lang.Integer,org.springframework.ui.Model,jakarta.servlet.http.HttpServletRequest)>/request}
VarNode{<com.jeesite.modules.biz.web.BizCategoryController: com.jeesite.modules.biz.entity.BizCategory createNextNode(com.jeesite.modules.biz.entity.BizCategory)>/bizCategory}
VarNode{<com.jeesite.modules.sys.web.user.EmpUserController: java.lang.String formAuthDataScope(com.jeesite.modules.sys.entity.EmpUser,org.springframework.ui.Model,jakarta.servlet.http.HttpServletRequest)>/request}
VarNode{<com.jeesite.modules.sys.web.ConfigController: com.jeesite.common.entity.Page listData(com.jeesite.modules.sys.entity.Config,jakarta.servlet.http.HttpServletRequest,jakarta.servlet.http.HttpServletResponse)>/request}
VarNode{<com.jeesite.modules.cms.web.FileTemplateController: java.lang.String deleteFileTemplate(java.lang.String)>/fileName}
VarNode{<com.jeesite.modules.sys.web.OfficeController: java.lang.String list(com.jeesite.modules.sys.entity.Office,org.springframework.ui.Model)>/office}
VarNode{<com.jeesite.modules.test.web.DemoController: java.lang.String dataGrid(java.lang.String,com.jeesite.modules.test.entity.TestData,org.springframework.ui.Model)>/viewName}
VarNode{<com.jeesite.modules.sys.web.AccountController: java.lang.String savePwdByPwdQuestion(com.jeesite.modules.sys.entity.User,jakarta.servlet.http.HttpServletRequest)>/user}
VarNode{<com.jeesite.modules.sys.web.user.EmpUserController: java.lang.String saveAuthDataScope(com.jeesite.modules.sys.entity.EmpUser,jakarta.servlet.http.HttpServletRequest)>/empUser}
VarNode{<com.jeesite.modules.app.web.AppCommentController: com.jeesite.common.entity.Page listData(com.jeesite.modules.app.entity.AppComment,jakarta.servlet.http.HttpServletRequest,jakarta.servlet.http.HttpServletResponse)>/request}
VarNode{<com.jeesite.modules.sys.web.MenuController: java.lang.String enable(com.jeesite.modules.sys.entity.Menu,jakarta.servlet.http.HttpServletRequest)>/menu}
VarNode{<com.jeesite.modules.cms.web.ArticleController: com.jeesite.common.entity.Page listData(com.jeesite.modules.cms.entity.Article,java.lang.Boolean,jakarta.servlet.http.HttpServletRequest,jakarta.servlet.http.HttpServletResponse)>/isAll}
VarNode{<com.jeesite.modules.sys.web.DictDataController: java.util.List listData(com.jeesite.modules.sys.entity.DictData)>/dictData}
VarNode{<com.jeesite.modules.sys.web.CompanyController: java.util.List listData(com.jeesite.modules.sys.entity.Company,java.lang.String)>/ctrlPermi}
VarNode{<com.jeesite.modules.sys.web.SwitchController: java.lang.String switchSkin(java.lang.String,java.lang.String,jakarta.servlet.http.HttpServletRequest,jakarta.servlet.http.HttpServletResponse)>/skinName}
VarNode{<com.jeesite.modules.ai.cms.web.CmsAiChatController: java.util.Map json(java.lang.String)>/message}
VarNode{<com.jeesite.modules.sys.web.ConfigController: java.lang.String form(com.jeesite.modules.sys.entity.Config,org.springframework.ui.Model)>/config}
VarNode{<com.jeesite.modules.cms.web.CategoryController: java.lang.String rebuildVectorStore(com.jeesite.modules.cms.entity.Category)>/category}
VarNode{<com.jeesite.modules.sys.web.DictDataController: java.lang.String disable(com.jeesite.modules.sys.entity.DictData,jakarta.servlet.http.HttpServletRequest)>/request}
VarNode{<com.jeesite.modules.sys.web.user.UserController: java.lang.String info(java.lang.String,org.springframework.ui.Model)>/op}
VarNode{<com.jeesite.modules.sys.web.LoginController: java.lang.String loginFailure(jakarta.servlet.http.HttpServletRequest,jakarta.servlet.http.HttpServletResponse,org.springframework.ui.Model)>/response}
VarNode{<com.jeesite.modules.sys.web.MenuController: java.util.List treeData(java.lang.String,java.lang.String,java.lang.String,java.lang.String,boolean,jakarta.servlet.http.HttpServletResponse)>/parentCode}
VarNode{<com.jeesite.modules.sys.web.OfficeController: java.util.List listData(com.jeesite.modules.sys.entity.Office,java.lang.String)>/office}
VarNode{<com.jeesite.modules.app.web.AppCommentController: com.jeesite.common.entity.Page listData(com.jeesite.modules.app.entity.AppComment,jakarta.servlet.http.HttpServletRequest,jakarta.servlet.http.HttpServletResponse)>/appComment}
VarNode{<com.jeesite.modules.sys.web.AccountController: java.lang.String getRegValidCode(com.jeesite.modules.sys.entity.User,java.lang.String,java.lang.String,jakarta.servlet.http.HttpServletRequest)>/user}
VarNode{<com.jeesite.modules.sys.web.AreaController: java.util.List treeData(java.lang.String,java.lang.String,java.lang.String)>/excludeCode}
VarNode{<com.jeesite.modules.sys.utils.EmpUtils: java.lang.String getCurrentOfficeName()>/$r6}
VarNode{<com.jeesite.modules.biz.web.BizCategoryController: java.lang.String delete(com.jeesite.modules.biz.entity.BizCategory)>/bizCategory}
VarNode{<com.jeesite.modules.sys.web.RoleController: java.util.List treeData(java.lang.String,java.lang.Boolean,java.lang.String,java.lang.String)>/isShowCode}
VarNode{<com.jeesite.modules.file.web.VditorController: java.util.Map upload(org.springframework.web.multipart.MultipartFile[],java.lang.String,java.lang.String,java.lang.String,java.lang.String)>/bizType}
VarNode{<com.jeesite.modules.cms.web.ArticleController: java.lang.String list(com.jeesite.modules.cms.entity.Article,java.lang.Boolean,org.springframework.ui.Model)>/article}
VarNode{<com.jeesite.modules.sys.web.MenuController: java.util.List treeData(java.lang.String,java.lang.String,java.lang.String,java.lang.String,boolean,jakarta.servlet.http.HttpServletResponse)>/isShowRawName}
VarNode{<com.jeesite.modules.sys.web.DictDataController: java.lang.String delete(com.jeesite.modules.sys.entity.DictData,jakarta.servlet.http.HttpServletRequest)>/dictData}
VarNode{<com.jeesite.modules.cms.web.ReportController: com.jeesite.common.entity.Page listData(com.jeesite.modules.cms.entity.Report,jakarta.servlet.http.HttpServletRequest,jakarta.servlet.http.HttpServletResponse)>/response}
VarNode{<com.jeesite.modules.cms.web.SiteController: java.lang.String delete(com.jeesite.modules.cms.entity.Site)>/site}
VarNode{<com.jeesite.modules.cms.web.SiteController: java.lang.String select(java.lang.String,java.lang.String,jakarta.servlet.http.HttpServletRequest,jakarta.servlet.http.HttpServletResponse)>/request}
VarNode{<com.jeesite.modules.cms.web.FileTemplateController: java.lang.String saveFileTemplate(java.lang.String,java.lang.String)>/fileName}
VarNode{<com.jeesite.modules.sys.web.OfficeController: java.util.List listData(com.jeesite.modules.sys.entity.Office,java.lang.String)>/ctrlPermi}
VarNode{<com.jeesite.modules.cms.web.CommentController: com.jeesite.common.entity.Page listData(com.jeesite.modules.cms.entity.Comment,jakarta.servlet.http.HttpServletRequest,jakarta.servlet.http.HttpServletResponse)>/request}
VarNode{<com.jeesite.modules.sys.web.DictTypeController: java.lang.String enable(com.jeesite.modules.sys.entity.DictType)>/dictType}
VarNode{<com.jeesite.modules.biz.web.BizCategoryController: java.lang.String fixTreeData(com.jeesite.modules.biz.entity.BizCategory)>/bizCategory}
VarNode{<com.jeesite.modules.sys.web.user.UserController: com.jeesite.common.entity.Page listData(com.jeesite.modules.sys.entity.User,jakarta.servlet.http.HttpServletRequest,jakarta.servlet.http.HttpServletResponse)>/request}
VarNode{<com.jeesite.modules.sys.web.PostController: java.util.List treeData(java.lang.String,java.lang.String,java.lang.String)>/userType}
VarNode{<com.jeesite.modules.biz.web.BizCategoryController: java.util.List treeData(java.lang.String,java.lang.String,java.lang.String)>/isShowCode}
VarNode{<com.jeesite.modules.sys.web.AccountController: java.lang.String savePwdByValidCode(java.lang.String,java.lang.String,jakarta.servlet.http.HttpServletRequest)>/fpValidCode}
VarNode{<com.jeesite.modules.cms.web.ArticleController: java.lang.String form(com.jeesite.modules.cms.entity.Article,org.springframework.ui.Model)>/article}
VarNode{<com.jeesite.modules.cmsfront.web.FrontSearchController: java.lang.String search(java.lang.String,java.lang.String,java.lang.String,java.lang.String,java.lang.String,java.lang.String,java.lang.String,jakarta.servlet.http.HttpServletRequest,jakarta.servlet.http.HttpServletResponse,org.springframework.ui.Model)>/siteCode}
VarNode{<com.jeesite.modules.cms.web.FileTemplateController: java.lang.String saveFileTemplate(java.lang.String,java.lang.String)>/fileContent}
VarNode{<com.jeesite.modules.cms.web.SiteController: java.lang.String enable(com.jeesite.modules.cms.entity.Site)>/site}
VarNode{<org.apache.shiro.util.ThreadContext: java.lang.Object getValue(java.lang.Object)>/$r1}
VarNode{<com.jeesite.modules.sys.web.AuditController: java.util.Map menuListData(com.jeesite.modules.sys.entity.Audit)>/audit}
VarNode{<com.jeesite.modules.sys.web.user.SecAdminController: com.jeesite.common.entity.Page listData(com.jeesite.modules.sys.entity.User,jakarta.servlet.http.HttpServletRequest,jakarta.servlet.http.HttpServletResponse)>/request}
VarNode{<com.jeesite.modules.sys.web.ModuleController: com.jeesite.common.entity.Page listData(com.jeesite.modules.sys.entity.Module,jakarta.servlet.http.HttpServletRequest,jakarta.servlet.http.HttpServletResponse)>/response}
VarNode{<com.jeesite.modules.sys.web.LoginController: java.lang.String loginFailure(jakarta.servlet.http.HttpServletRequest,jakarta.servlet.http.HttpServletResponse,org.springframework.ui.Model)>/request}
VarNode{<com.jeesite.modules.sys.web.AreaController: java.lang.String index(com.jeesite.modules.sys.entity.Area,org.springframework.ui.Model)>/area}
VarNode{<com.jeesite.modules.cmsfront.web.FrontController: java.lang.String view(java.lang.String,java.lang.String,org.springframework.ui.Model,jakarta.servlet.http.HttpServletRequest)>/categoryCode}
VarNode{<com.jeesite.modules.sys.web.DictDataController: java.lang.String delete(com.jeesite.modules.sys.entity.DictData,jakarta.servlet.http.HttpServletRequest)>/request}
VarNode{<com.jeesite.modules.sys.web.CompanyController: java.lang.String list(com.jeesite.modules.sys.entity.Company,org.springframework.ui.Model)>/company}
VarNode{<com.jeesite.modules.sys.web.OfficeController: java.util.List treeData(java.lang.String,java.lang.String,java.lang.Boolean,java.lang.String,java.lang.String,java.lang.String,java.lang.String,java.lang.String,java.lang.String,java.lang.String,java.lang.String,java.lang.String)>/postCode}
VarNode{<com.jeesite.modules.sys.web.user.SecAdminController: java.lang.String list(com.jeesite.modules.sys.entity.User,org.springframework.ui.Model)>/user}
VarNode{<com.jeesite.modules.app.web.AppUpgradeController: java.lang.String save(com.jeesite.modules.app.entity.AppUpgrade)>/appUpgrade}
VarNode{<com.jeesite.modules.sys.web.user.EmpUserController: com.jeesite.common.entity.Page listData(com.jeesite.modules.sys.entity.EmpUser,java.lang.Boolean,java.lang.String,jakarta.servlet.http.HttpServletRequest,jakarta.servlet.http.HttpServletResponse)>/response}
VarNode{<com.jeesite.modules.sys.web.PostController: java.lang.String form(com.jeesite.modules.sys.entity.Post,org.springframework.ui.Model)>/post}
VarNode{<com.jeesite.modules.sys.web.MenuController: java.lang.String updateTreeSort(java.lang.String[],java.lang.Integer[])>/sorts}
VarNode{<com.jeesite.modules.cmsfront.web.FrontController: java.lang.String commentSave(com.jeesite.modules.cms.entity.Comment,java.lang.String,java.lang.String,jakarta.servlet.http.HttpServletRequest)>/comment}
VarNode{<com.jeesite.modules.sys.web.SwitchController: java.lang.String switchRole(java.lang.String,jakarta.servlet.http.HttpServletRequest,jakarta.servlet.http.HttpServletResponse)>/response}
VarNode{<com.jeesite.modules.test.web.TestTreeController: java.lang.String disable(com.jeesite.modules.test.entity.TestTree)>/testTree}
VarNode{<com.jeesite.modules.sys.web.user.UserController: java.lang.String checkLoginCode(java.lang.String,java.lang.String)>/loginCode}
VarNode{<com.jeesite.modules.sys.web.OnlineController: java.lang.String kickOut(java.lang.String)>/sessionId}
VarNode{<com.jeesite.modules.sys.web.RoleController: java.lang.String save(com.jeesite.modules.sys.entity.Role,java.lang.String,jakarta.servlet.http.HttpServletRequest)>/role}
VarNode{<com.jeesite.modules.cmsfront.web.FrontSearchController: java.lang.String search(java.lang.String,java.lang.String,java.lang.String,java.lang.String,java.lang.String,java.lang.String,java.lang.String,jakarta.servlet.http.HttpServletRequest,jakarta.servlet.http.HttpServletResponse,org.springframework.ui.Model)>/t}
VarNode{<com.jeesite.modules.cms.web.CommentController: java.lang.String delete(com.jeesite.modules.cms.entity.Comment)>/comment}
VarNode{<com.jeesite.modules.sys.web.DictDataController: java.util.List treeData(java.lang.String,java.lang.String,java.lang.String,boolean)>/isShowCode}
VarNode{<com.jeesite.modules.sys.web.CompanyController: java.lang.String index(com.jeesite.modules.sys.entity.Company,org.springframework.ui.Model)>/company}
VarNode{<com.jeesite.modules.sys.web.user.SecAdminController: java.lang.String form(com.jeesite.modules.sys.entity.User,org.springframework.ui.Model)>/user}
VarNode{<com.jeesite.modules.file.web.FileUploadController: java.lang.String getFileList(com.jeesite.modules.file.entity.FileUpload,java.lang.Boolean)>/fileUpload}
VarNode{<com.jeesite.modules.sys.web.user.CorpAdminController: java.lang.String form(com.jeesite.modules.sys.entity.User,java.lang.String,org.springframework.ui.Model)>/user}
VarNode{<com.jeesite.modules.cms.web.CommentController: com.jeesite.common.entity.Page listData(com.jeesite.modules.cms.entity.Comment,jakarta.servlet.http.HttpServletRequest,jakarta.servlet.http.HttpServletResponse)>/response}
VarNode{<com.jeesite.modules.sys.web.AccountController: java.lang.String loginByValidCode(java.lang.String,java.lang.String,jakarta.servlet.http.HttpServletRequest,jakarta.servlet.http.HttpServletResponse)>/request}
VarNode{<com.jeesite.modules.sys.web.AccountController: java.lang.String loginByValidCode(java.lang.String,java.lang.String,jakarta.servlet.http.HttpServletRequest,jakarta.servlet.http.HttpServletResponse)>/selectLoginCode}
VarNode{<com.jeesite.modules.sys.web.user.CorpAdminController: java.lang.String switchCorp(java.lang.String)>/corpCode}
VarNode{<com.jeesite.modules.sys.web.RoleController: java.util.Map menuTreeData(com.jeesite.modules.sys.entity.Role)>/role}
VarNode{<com.jeesite.modules.sys.web.OfficeController: java.util.List treeData(java.lang.String,java.lang.String,java.lang.Boolean,java.lang.String,java.lang.String,java.lang.String,java.lang.String,java.lang.String,java.lang.String,java.lang.String,java.lang.String,java.lang.String)>/isShowCode}
VarNode{<com.jeesite.modules.cms.web.ArticleController: java.lang.String list(com.jeesite.modules.cms.entity.Article,java.lang.Boolean,org.springframework.ui.Model)>/isAll}
VarNode{<com.jeesite.modules.sys.web.PostController: com.jeesite.common.entity.Page listData(com.jeesite.modules.sys.entity.Post,jakarta.servlet.http.HttpServletRequest,jakarta.servlet.http.HttpServletResponse)>/post}
VarNode{<com.jeesite.modules.test.web.TestTreeController: java.lang.String delete(com.jeesite.modules.test.entity.TestTree)>/testTree}
VarNode{<com.jeesite.modules.sys.web.OnlineController: java.util.List listData(java.lang.String,java.lang.String,java.lang.String,java.lang.String,java.lang.String,java.lang.String,java.lang.String)>/isVisitor}
VarNode{<com.jeesite.modules.cms.web.CategoryController: java.util.List treeData(java.lang.String,java.lang.String,java.lang.String,java.lang.Boolean,java.lang.String)>/excludeCode}
VarNode{<com.jeesite.modules.sys.web.RoleController: java.lang.Boolean hasUserRole(java.lang.String,java.lang.String)>/roleCode}
VarNode{<com.jeesite.modules.sys.web.OfficeController: void exportData(com.jeesite.modules.sys.entity.Office,java.lang.Boolean,java.lang.String,jakarta.servlet.http.HttpServletResponse)>/ctrlPermi}
VarNode{<com.jeesite.modules.sys.web.user.EmpUserController: java.lang.String checkEmpNo(java.lang.String,java.lang.String)>/oldEmpNo}
VarNode{<com.jeesite.modules.test.web.TestTreeController: java.lang.String index(com.jeesite.modules.test.entity.TestTree,org.springframework.ui.Model)>/testTree}
VarNode{<com.jeesite.modules.sys.web.OfficeController: java.util.List treeData(java.lang.String,java.lang.String,java.lang.Boolean,java.lang.String,java.lang.String,java.lang.String,java.lang.String,java.lang.String,java.lang.String,java.lang.String,java.lang.String,java.lang.String)>/officeTypes}
VarNode{<com.jeesite.modules.sys.web.PostController: java.lang.String delete(com.jeesite.modules.sys.entity.Post)>/post}
VarNode{<com.jeesite.modules.sys.web.OfficeController: void exportData(com.jeesite.modules.sys.entity.Office,java.lang.Boolean,java.lang.String,jakarta.servlet.http.HttpServletResponse)>/response}
VarNode{<com.jeesite.modules.app.web.AppUpgradeController: com.jeesite.common.entity.Page listData(com.jeesite.modules.app.entity.AppUpgrade,jakarta.servlet.http.HttpServletRequest,jakarta.servlet.http.HttpServletResponse)>/request}
VarNode{<com.jeesite.modules.sys.web.MenuController: java.lang.String disable(com.jeesite.modules.sys.entity.Menu,jakarta.servlet.http.HttpServletRequest)>/menu}
VarNode{<com.jeesite.modules.sys.web.DictDataController: java.lang.String list(com.jeesite.modules.sys.entity.DictData,org.springframework.ui.Model)>/dictData}
VarNode{<com.jeesite.modules.msg.web.MsgInnerController: java.lang.String delete(com.jeesite.modules.msg.entity.MsgInner,jakarta.servlet.http.HttpServletRequest)>/msgInner}
VarNode{<com.jeesite.modules.test.web.TestDataController: java.util.List subListData(com.jeesite.modules.test.entity.TestDataChild)>/testDataChild}
VarNode{<com.jeesite.modules.sys.web.user.EmpUserController: java.lang.String form(com.jeesite.modules.sys.entity.EmpUser,java.lang.String,org.springframework.ui.Model)>/op}
VarNode{<com.jeesite.modules.sys.web.DictTypeController: java.lang.String list(com.jeesite.modules.sys.entity.DictType,org.springframework.ui.Model)>/dictType}
VarNode{<com.jeesite.modules.sys.web.LoginController: java.lang.String indexMenuTree(java.lang.String)>/parentCode}
VarNode{<com.jeesite.modules.sys.web.AccountController: java.lang.String registerUser(com.jeesite.modules.sys.entity.User,jakarta.servlet.http.HttpServletRequest)>/user}
VarNode{<com.jeesite.modules.cms.web.ArticleController: java.lang.String delete(com.jeesite.modules.cms.entity.Article)>/article}
VarNode{<com.jeesite.modules.sys.web.RoleController: java.lang.String delete(com.jeesite.modules.sys.entity.Role,jakarta.servlet.http.HttpServletRequest)>/request}
VarNode{<com.jeesite.modules.cms.web.CommentController: java.lang.String disable(com.jeesite.modules.cms.entity.Comment)>/comment}
VarNode{<com.jeesite.modules.sys.web.SsoController: java.lang.String sso(java.lang.String,java.lang.String,java.lang.String,java.lang.String,jakarta.servlet.http.HttpServletRequest,jakarta.servlet.http.HttpServletResponse,org.springframework.ui.Model)>/response}
VarNode{<com.jeesite.modules.file.web.VditorController: java.util.Map upload(org.springframework.web.multipart.MultipartFile[],java.lang.String,java.lang.String,java.lang.String,java.lang.String)>/bizKey}
VarNode{<com.jeesite.modules.sys.web.user.EmpUserController: java.lang.String switchOffice(java.lang.String,jakarta.servlet.http.HttpServletRequest,jakarta.servlet.http.HttpServletResponse)>/response}
VarNode{<com.jeesite.modules.app.web.AppUpgradeController: com.jeesite.common.entity.Page listData(com.jeesite.modules.app.entity.AppUpgrade,jakarta.servlet.http.HttpServletRequest,jakarta.servlet.http.HttpServletResponse)>/response}
VarNode{<com.jeesite.modules.sys.web.OnlineController: java.util.List listData(java.lang.String,java.lang.String,java.lang.String,java.lang.String,java.lang.String,java.lang.String,java.lang.String)>/isAllOnline}
VarNode{<com.jeesite.modules.sys.web.user.UserController: java.lang.String userSelect(com.jeesite.modules.sys.entity.User,java.lang.String,org.springframework.ui.Model)>/user}
VarNode{<com.jeesite.modules.sys.web.user.EmpUserController: java.util.List treeData(java.lang.String,java.lang.String[],java.lang.String,java.lang.String,java.lang.String,java.lang.Boolean,java.lang.String,java.lang.String)>/isShowCode}
VarNode{<com.jeesite.modules.sys.web.DictDataController: com.jeesite.modules.sys.entity.DictData createNextNode(com.jeesite.modules.sys.entity.DictData)>/dictData}
VarNode{<com.jeesite.modules.sys.web.AccountController: java.lang.String getPwdQuestion(java.lang.String,java.lang.String,java.lang.String,jakarta.servlet.http.HttpServletRequest)>/corpCode}
VarNode{<com.jeesite.modules.cms.web.CategoryController: java.util.List treeData(java.lang.String,java.lang.String,java.lang.String,java.lang.Boolean,java.lang.String)>/module}
VarNode{<com.jeesite.modules.sys.web.AreaController: com.jeesite.modules.sys.entity.Area createNextNode(com.jeesite.modules.sys.entity.Area)>/area}
VarNode{<com.jeesite.modules.test.web.TestDataController: com.jeesite.common.entity.Page listData(com.jeesite.modules.test.entity.TestData,jakarta.servlet.http.HttpServletRequest,jakarta.servlet.http.HttpServletResponse)>/response}
VarNode{<com.jeesite.modules.cmsfront.web.FrontController: java.lang.String commentSave(com.jeesite.modules.cms.entity.Comment,java.lang.String,java.lang.String,jakarta.servlet.http.HttpServletRequest)>/replyId}
VarNode{<com.jeesite.modules.ai.cms.web.CmsAiChatController: java.lang.String delete(java.lang.String)>/id}
VarNode{<com.jeesite.modules.app.web.AppUpgradeController: java.lang.String list(com.jeesite.modules.app.entity.AppUpgrade,org.springframework.ui.Model)>/appUpgrade}
VarNode{<com.jeesite.modules.test.web.DemoController: java.lang.String dataGrid(java.lang.String,com.jeesite.modules.test.entity.TestData,org.springframework.ui.Model)>/testData}
VarNode{<com.jeesite.modules.sys.web.SwitchController: java.lang.String switchPost(java.lang.String,jakarta.servlet.http.HttpServletRequest,jakarta.servlet.http.HttpServletResponse)>/postCode}
VarNode{<com.jeesite.modules.sys.web.RoleController: java.lang.String disable(com.jeesite.modules.sys.entity.Role,jakarta.servlet.http.HttpServletRequest)>/role}
VarNode{<com.jeesite.modules.sys.web.CompanyController: java.lang.String form(com.jeesite.modules.sys.entity.Company,org.springframework.ui.Model,jakarta.servlet.http.HttpServletRequest)>/request}
VarNode{<com.jeesite.modules.sys.web.user.CorpAdminController: com.jeesite.common.entity.Page listData(com.jeesite.modules.sys.entity.User,jakarta.servlet.http.HttpServletRequest,jakarta.servlet.http.HttpServletResponse)>/request}
VarNode{<com.jeesite.modules.sys.web.MenuController: java.util.List treeData(java.lang.String,java.lang.String,java.lang.String,java.lang.String,boolean,jakarta.servlet.http.HttpServletResponse)>/sysCode}
VarNode{<com.jeesite.modules.sys.web.AuditController: void auditExportData(com.jeesite.modules.sys.entity.Audit,jakarta.servlet.http.HttpServletRequest,jakarta.servlet.http.HttpServletResponse)>/response}
VarNode{<com.jeesite.modules.sys.web.DictDataController: java.lang.String disable(com.jeesite.modules.sys.entity.DictData,jakarta.servlet.http.HttpServletRequest)>/dictData}
VarNode{<com.jeesite.modules.sys.web.user.EmpUserController: com.jeesite.common.entity.Page listData(com.jeesite.modules.sys.entity.EmpUser,java.lang.Boolean,java.lang.String,jakarta.servlet.http.HttpServletRequest,jakarta.servlet.http.HttpServletResponse)>/ctrlPermi}
VarNode{<com.jeesite.modules.ai.cms.web.CmsAiChatController: java.lang.String save(java.lang.String,java.lang.String)>/title}
VarNode{<com.jeesite.modules.sys.web.LoginController: java.lang.String desktop(jakarta.servlet.http.HttpServletRequest,jakarta.servlet.http.HttpServletResponse,org.springframework.ui.Model)>/response}
VarNode{<com.jeesite.modules.sys.web.PostController: java.lang.String checkPostName(java.lang.String,java.lang.String)>/oldPostName}
VarNode{<com.jeesite.modules.sys.web.MenuController: java.util.List treeData(java.lang.String,java.lang.String,java.lang.String,java.lang.String,boolean,jakarta.servlet.http.HttpServletResponse)>/isShowHide}
VarNode{<com.jeesite.modules.sys.web.RoleController: java.lang.String delete(com.jeesite.modules.sys.entity.Role,jakarta.servlet.http.HttpServletRequest)>/role}
VarNode{<com.jeesite.modules.sys.web.AccountController: java.lang.String getLoginValidCode(java.lang.String,java.lang.String,java.lang.String,jakarta.servlet.http.HttpServletRequest)>/request}
VarNode{<com.jeesite.modules.cms.web.ReportController: java.lang.String list(com.jeesite.modules.cms.entity.Report,org.springframework.ui.Model)>/report}
VarNode{<com.jeesite.modules.sys.web.user.EmpUserController: java.lang.String empUserSelect(com.jeesite.modules.sys.entity.EmpUser,java.lang.String,org.springframework.ui.Model)>/selectData}
VarNode{<com.jeesite.modules.sys.web.LoginController: java.lang.String index(jakarta.servlet.http.HttpServletRequest,jakarta.servlet.http.HttpServletResponse,org.springframework.ui.Model)>/request}
VarNode{<com.jeesite.modules.sys.web.ConfigController: com.jeesite.common.entity.Page listData(com.jeesite.modules.sys.entity.Config,jakarta.servlet.http.HttpServletRequest,jakarta.servlet.http.HttpServletResponse)>/response}
VarNode{<com.jeesite.modules.cmsfront.web.FrontController: java.lang.String map(java.lang.String,org.springframework.ui.Model)>/siteCode}
VarNode{<com.jeesite.modules.sys.web.MenuController: java.lang.String index(com.jeesite.modules.sys.entity.Menu,org.springframework.ui.Model)>/menu}
VarNode{<com.jeesite.modules.sys.web.DictDataController: java.lang.String fixTreeData(com.jeesite.modules.sys.entity.DictData)>/dictData}
VarNode{<com.jeesite.modules.sys.web.user.EmpUserController: void exportData(com.jeesite.modules.sys.entity.EmpUser,java.lang.Boolean,java.lang.String,jakarta.servlet.http.HttpServletResponse)>/response}
VarNode{<com.jeesite.modules.sys.web.ModuleController: java.lang.String checkModuleCode(java.lang.String,java.lang.String)>/moduleCode}
VarNode{<com.jeesite.modules.sys.web.RoleController: java.lang.String list(com.jeesite.modules.sys.entity.Role,org.springframework.ui.Model)>/role}
VarNode{<com.jeesite.modules.app.web.AppCommentController: java.lang.String save(com.jeesite.modules.app.entity.AppComment)>/appComment}
VarNode{<com.jeesite.modules.sys.web.DictDataController: java.util.List treeData(java.lang.String,java.lang.String,java.lang.String,boolean)>/dictType}
VarNode{<com.jeesite.modules.ai.cms.web.CmsAiChatController: reactor.core.publisher.Flux stream(java.lang.String,java.lang.String,jakarta.servlet.http.HttpServletRequest)>/id}
VarNode{<com.jeesite.modules.sys.web.TagsController: java.lang.String iconselect(jakarta.servlet.http.HttpServletRequest,org.springframework.ui.Model)>/request}
VarNode{<com.jeesite.modules.ai.cms.web.CmsAiChatController: java.util.List message(java.lang.String)>/id}
VarNode{<com.jeesite.modules.test.web.TestTreeController: java.lang.String enable(com.jeesite.modules.test.entity.TestTree)>/testTree}
VarNode{<com.jeesite.modules.sys.web.user.EmpUserController: java.lang.String disable(com.jeesite.modules.sys.entity.EmpUser,boolean)>/empUser}
VarNode{<com.jeesite.modules.sys.web.LogController: java.lang.String form(com.jeesite.modules.sys.entity.Log,org.springframework.ui.Model)>/log}
VarNode{<com.jeesite.modules.sys.web.RoleController: java.lang.String formAuthUser(com.jeesite.modules.sys.entity.Role,org.springframework.ui.Model,jakarta.servlet.http.HttpServletRequest)>/request}
VarNode{<com.jeesite.modules.sys.web.AuditController: java.lang.String menuList(com.jeesite.modules.sys.entity.Audit,org.springframework.ui.Model)>/audit}
VarNode{<com.jeesite.modules.sys.web.user.UserController: java.lang.String userSelect(com.jeesite.modules.sys.entity.User,java.lang.String,org.springframework.ui.Model)>/selectData}
VarNode{<com.jeesite.modules.sys.web.AccountController: java.lang.String getPwdQuestion(java.lang.String,java.lang.String,java.lang.String,jakarta.servlet.http.HttpServletRequest)>/request}
VarNode{<com.jeesite.modules.sys.web.RoleController: java.lang.String deleteAuthUser(com.jeesite.modules.sys.entity.Role,jakarta.servlet.http.HttpServletRequest)>/request}
VarNode{<com.jeesite.modules.test.web.TestTreeController: java.lang.String list(com.jeesite.modules.test.entity.TestTree,org.springframework.ui.Model)>/testTree}
VarNode{<com.jeesite.modules.sys.web.OfficeController: java.util.List treeData(java.lang.String,java.lang.String,java.lang.Boolean,java.lang.String,java.lang.String,java.lang.String,java.lang.String,java.lang.String,java.lang.String,java.lang.String,java.lang.String,java.lang.String)>/isShowFullName}
VarNode{<com.jeesite.modules.sys.web.OnlineController: java.util.List listData(java.lang.String,java.lang.String,java.lang.String,java.lang.String,java.lang.String,java.lang.String,java.lang.String)>/sessionId}
VarNode{<com.jeesite.modules.sys.web.OfficeController: void exportData(com.jeesite.modules.sys.entity.Office,java.lang.Boolean,java.lang.String,jakarta.servlet.http.HttpServletResponse)>/isAll}
VarNode{<com.jeesite.modules.test.web.TestTreeController: java.util.List listData(com.jeesite.modules.test.entity.TestTree)>/testTree}
VarNode{<com.jeesite.modules.sys.web.user.EmpUserController: java.lang.String save(com.jeesite.modules.sys.entity.EmpUser,java.lang.String,jakarta.servlet.http.HttpServletRequest)>/empUser}
VarNode{<com.jeesite.modules.cms.web.SiteController: java.lang.String form(com.jeesite.modules.cms.entity.Site,org.springframework.ui.Model)>/site}
VarNode{<com.jeesite.modules.sys.web.user.CorpAdminController: java.util.List treeData(java.lang.String,java.lang.String)>/pId}
VarNode{<com.jeesite.modules.test.web.TestTreeController: com.jeesite.modules.test.entity.TestTree createNextNode(com.jeesite.modules.test.entity.TestTree)>/testTree}
VarNode{<com.jeesite.modules.sys.web.AuditController: java.lang.String auditList(com.jeesite.modules.sys.entity.Audit,org.springframework.ui.Model)>/audit}
VarNode{<com.jeesite.modules.sys.web.user.EmpUserController: java.lang.String empUserSelect(com.jeesite.modules.sys.entity.EmpUser,java.lang.String,org.springframework.ui.Model)>/empUser}
VarNode{<com.jeesite.modules.sys.web.OfficeController: java.lang.String enable(com.jeesite.modules.sys.entity.Office)>/office}
VarNode{<com.jeesite.modules.sys.web.AreaController: java.lang.String save(com.jeesite.modules.sys.entity.Area)>/area}
VarNode{<com.jeesite.modules.sys.web.OfficeController: java.util.List treeData(java.lang.String,java.lang.String,java.lang.Boolean,java.lang.String,java.lang.String,java.lang.String,java.lang.String,java.lang.String,java.lang.String,java.lang.String,java.lang.String,java.lang.String)>/parentCode}
VarNode{<com.jeesite.modules.cms.web.ReportController: java.lang.String delete(com.jeesite.modules.cms.entity.Report)>/report}
VarNode{<com.jeesite.modules.sys.web.user.EmpUserController: java.lang.String list(com.jeesite.modules.sys.entity.EmpUser,org.springframework.ui.Model)>/empUser}
VarNode{<com.jeesite.modules.sys.web.CompanyController: java.lang.String save(com.jeesite.modules.sys.entity.Company)>/company}
VarNode{<com.jeesite.modules.sys.web.SwitchController: java.lang.String switchRole(java.lang.String,jakarta.servlet.http.HttpServletRequest,jakarta.servlet.http.HttpServletResponse)>/request}
VarNode{<com.jeesite.modules.sys.web.AreaController: java.lang.String list(com.jeesite.modules.sys.entity.Area,org.springframework.ui.Model)>/area}
VarNode{<com.jeesite.modules.sys.web.RoleController: java.lang.String saveAuthDataScope(com.jeesite.modules.sys.entity.Role,jakarta.servlet.http.HttpServletRequest)>/request}
VarNode{<com.jeesite.modules.sys.web.SsoController: java.lang.String sso(java.lang.String,java.lang.String,java.lang.String,java.lang.String,jakarta.servlet.http.HttpServletRequest,jakarta.servlet.http.HttpServletResponse,org.springframework.ui.Model)>/url}
VarNode{<com.jeesite.modules.sys.web.MenuController: java.lang.String disable(com.jeesite.modules.sys.entity.Menu,jakarta.servlet.http.HttpServletRequest)>/request}
VarNode{<com.jeesite.modules.sys.web.user.CorpAdminController: java.lang.String delete(com.jeesite.modules.sys.entity.User)>/user}
VarNode{<com.jeesite.modules.sys.web.RoleController: java.lang.String disable(com.jeesite.modules.sys.entity.Role,jakarta.servlet.http.HttpServletRequest)>/request}
VarNode{<com.jeesite.modules.sys.web.AuditController: void auditExportData(com.jeesite.modules.sys.entity.Audit,jakarta.servlet.http.HttpServletRequest,jakarta.servlet.http.HttpServletResponse)>/request}
VarNode{<com.jeesite.modules.cmsfront.web.FrontSearchController: java.lang.String search(java.lang.String,java.lang.String,java.lang.String,java.lang.String,java.lang.String,java.lang.String,java.lang.String,jakarta.servlet.http.HttpServletRequest,jakarta.servlet.http.HttpServletResponse,org.springframework.ui.Model)>/request}
VarNode{<com.jeesite.modules.sys.web.DictDataController: java.lang.String save(com.jeesite.modules.sys.entity.DictData,jakarta.servlet.http.HttpServletRequest)>/dictData}
VarNode{<com.jeesite.modules.msg.web.MsgInnerController: java.lang.String save(com.jeesite.modules.msg.entity.MsgInner,jakarta.servlet.http.HttpServletRequest)>/msgInner}
VarNode{<com.jeesite.modules.sys.web.RoleController: java.lang.String formAuthDataScope(com.jeesite.modules.sys.entity.Role,org.springframework.ui.Model,jakarta.servlet.http.HttpServletRequest)>/request}
VarNode{<com.jeesite.modules.sys.web.user.CorpAdminController: java.lang.String save(com.jeesite.modules.sys.entity.User,java.lang.String,jakarta.servlet.http.HttpServletRequest)>/op}
VarNode{<com.jeesite.modules.sys.web.AreaController: java.lang.String disable(com.jeesite.modules.sys.entity.Area)>/area}
VarNode{<com.jeesite.modules.sys.web.CompanyController: com.jeesite.modules.sys.entity.Company createNextNode(com.jeesite.modules.sys.entity.Company)>/company}
VarNode{<com.jeesite.modules.sys.web.AreaController: java.util.List listData(com.jeesite.modules.sys.entity.Area)>/area}
VarNode{<com.jeesite.modules.msg.web.MsgInnerController: java.lang.String delete(com.jeesite.modules.msg.entity.MsgInner,jakarta.servlet.http.HttpServletRequest)>/request}
VarNode{<com.jeesite.modules.sys.web.AccountController: java.lang.String getFpValidCode(com.jeesite.modules.sys.entity.User,java.lang.String,java.lang.String,java.lang.String,jakarta.servlet.http.HttpServletRequest)>/corpCode}
VarNode{<com.jeesite.modules.test.web.TestTreeController: java.lang.String save(com.jeesite.modules.test.entity.TestTree)>/testTree}
VarNode{<com.jeesite.modules.sys.web.CompanyController: java.util.List treeData(java.lang.String,java.lang.String,java.lang.Boolean,java.lang.String,java.lang.String,java.lang.String)>/ctrlPermi}
VarNode{<com.jeesite.modules.sys.web.AuditController: com.jeesite.common.entity.Page auditListData(com.jeesite.modules.sys.entity.Audit,jakarta.servlet.http.HttpServletRequest,jakarta.servlet.http.HttpServletResponse)>/request}
VarNode{<com.jeesite.modules.test.web.TestTreeController: java.lang.String fixTreeData(com.jeesite.modules.test.entity.TestTree)>/testTree}
VarNode{<com.jeesite.modules.cms.web.SiteController: java.lang.String select(java.lang.String,java.lang.String,jakarta.servlet.http.HttpServletRequest,jakarta.servlet.http.HttpServletResponse)>/response}
VarNode{<com.jeesite.modules.sys.web.AuditController: com.jeesite.common.entity.Page auditListData(com.jeesite.modules.sys.entity.Audit,jakarta.servlet.http.HttpServletRequest,jakarta.servlet.http.HttpServletResponse)>/response}
VarNode{<com.jeesite.modules.test.web.TestDataController: java.lang.String delete(com.jeesite.modules.test.entity.TestData)>/testData}
VarNode{<com.jeesite.modules.sys.web.AreaController: java.lang.String form(com.jeesite.modules.sys.entity.Area,org.springframework.ui.Model)>/area}
VarNode{<com.jeesite.modules.sys.web.user.UserController: java.lang.String infoSavePqa(com.jeesite.modules.sys.entity.User,java.lang.String,java.lang.String,java.lang.String,java.lang.String)>/oldPwdQuestionAnswer3}
VarNode{<com.jeesite.modules.sys.web.DictTypeController: java.util.List treeData(java.lang.String,java.lang.String,java.lang.String)>/isShowCode}
VarNode{<com.jeesite.modules.app.web.AppPublicServiceController: java.lang.String upgradeCheck(java.lang.String,java.lang.Integer)>/appCode}
VarNode{<com.jeesite.modules.test.web.TestDataController: java.lang.String list(com.jeesite.modules.test.entity.TestData,org.springframework.ui.Model)>/testData}
VarNode{<com.jeesite.modules.sys.web.user.SecAdminController: java.lang.String delete(com.jeesite.modules.sys.entity.User)>/user}
VarNode{<com.jeesite.modules.sys.web.LoginController: java.lang.String login(jakarta.servlet.http.HttpServletRequest,jakarta.servlet.http.HttpServletResponse,org.springframework.ui.Model)>/request}
VarNode{<com.jeesite.modules.sys.web.AreaController: com.jeesite.common.entity.Page listPageData(com.jeesite.modules.sys.entity.Area,jakarta.servlet.http.HttpServletRequest,jakarta.servlet.http.HttpServletResponse)>/area}
VarNode{<com.jeesite.modules.app.web.AppUpgradeController: com.jeesite.common.entity.Page listData(com.jeesite.modules.app.entity.AppUpgrade,jakarta.servlet.http.HttpServletRequest,jakarta.servlet.http.HttpServletResponse)>/appUpgrade}
VarNode{<com.jeesite.modules.msg.web.MsgInnerController: com.jeesite.common.entity.Page listData(com.jeesite.modules.msg.entity.MsgInner,jakarta.servlet.http.HttpServletRequest,jakarta.servlet.http.HttpServletResponse)>/msgInner}
VarNode{<com.jeesite.modules.sys.web.PostController: java.lang.String enable(com.jeesite.modules.sys.entity.Post,jakarta.servlet.http.HttpServletRequest,jakarta.servlet.http.HttpServletResponse,org.springframework.ui.Model)>/request}
VarNode{<com.jeesite.modules.sys.web.OfficeController: java.lang.String form(com.jeesite.modules.sys.entity.Office,org.springframework.ui.Model)>/office}
VarNode{<com.jeesite.modules.sys.web.AuditController: void auditExportData(com.jeesite.modules.sys.entity.Audit,jakarta.servlet.http.HttpServletRequest,jakarta.servlet.http.HttpServletResponse)>/audit}
VarNode{<com.jeesite.modules.sys.web.user.UserController: com.jeesite.common.entity.Page listData(com.jeesite.modules.sys.entity.User,jakarta.servlet.http.HttpServletRequest,jakarta.servlet.http.HttpServletResponse)>/response}
VarNode{<com.jeesite.modules.sys.web.RoleController: java.lang.String checkRoleName(java.lang.String,java.lang.String)>/roleName}
VarNode{<com.jeesite.modules.sys.web.OfficeController: java.lang.String disable(com.jeesite.modules.sys.entity.Office)>/office}
VarNode{<com.jeesite.modules.sys.web.AccountController: java.lang.String getRegValidCode(com.jeesite.modules.sys.entity.User,java.lang.String,java.lang.String,jakarta.servlet.http.HttpServletRequest)>/validType}
VarNode{<com.jeesite.modules.sys.web.user.SecAdminController: com.jeesite.common.entity.Page listData(com.jeesite.modules.sys.entity.User,jakarta.servlet.http.HttpServletRequest,jakarta.servlet.http.HttpServletResponse)>/response}
VarNode{<com.jeesite.modules.sys.web.PostController: java.util.List treeData(java.lang.String,java.lang.String,java.lang.String)>/isShowCode}
VarNode{<com.jeesite.modules.sys.web.user.SecAdminController: com.jeesite.common.entity.Page listData(com.jeesite.modules.sys.entity.User,jakarta.servlet.http.HttpServletRequest,jakarta.servlet.http.HttpServletResponse)>/user}
VarNode{<com.jeesite.modules.sys.web.CompanyController: java.util.List listData(com.jeesite.modules.sys.entity.Company,java.lang.String)>/company}
VarNode{<com.jeesite.modules.sys.web.CompanyController: java.lang.String disable(com.jeesite.modules.sys.entity.Company)>/company}
VarNode{<com.jeesite.modules.sys.web.user.EmpUserController: java.lang.String enable(com.jeesite.modules.sys.entity.EmpUser,boolean)>/freeze}
VarNode{<com.jeesite.modules.cms.web.CategoryController: com.jeesite.modules.cms.entity.Category createNextNode(com.jeesite.modules.cms.entity.Category)>/category}
VarNode{<com.jeesite.modules.sys.web.PostController: java.lang.String disable(com.jeesite.modules.sys.entity.Post,jakarta.servlet.http.HttpServletRequest,jakarta.servlet.http.HttpServletResponse,org.springframework.ui.Model)>/request}
VarNode{<com.jeesite.modules.sys.web.AuditController: com.jeesite.common.entity.Page userListData(com.jeesite.modules.sys.entity.Audit,jakarta.servlet.http.HttpServletRequest,jakarta.servlet.http.HttpServletResponse)>/audit}
VarNode{<com.jeesite.modules.app.web.AppUpgradeController: java.lang.String enable(com.jeesite.modules.app.entity.AppUpgrade)>/appUpgrade}
VarNode{<com.jeesite.modules.sys.web.user.CorpAdminController: com.jeesite.common.entity.Page listData(com.jeesite.modules.sys.entity.User,jakarta.servlet.http.HttpServletRequest,jakarta.servlet.http.HttpServletResponse)>/user}
VarNode{<com.jeesite.modules.sys.web.SwitchController: java.lang.String switchSys(java.lang.String,jakarta.servlet.http.HttpServletRequest,jakarta.servlet.http.HttpServletResponse)>/request}
VarNode{<com.jeesite.modules.app.web.AppCommentController: java.lang.String enable(com.jeesite.modules.app.entity.AppComment)>/appComment}
VarNode{<com.jeesite.modules.ai.cms.web.CmsAiChatController: reactor.core.publisher.Flux stream(java.lang.String,java.lang.String,jakarta.servlet.http.HttpServletRequest)>/message}
VarNode{<com.jeesite.modules.sys.web.user.CorpAdminController: com.jeesite.common.entity.Page listData(com.jeesite.modules.sys.entity.User,jakarta.servlet.http.HttpServletRequest,jakarta.servlet.http.HttpServletResponse)>/response}
VarNode{<com.jeesite.modules.test.web.TestTreeController: java.lang.String form(com.jeesite.modules.test.entity.TestTree,org.springframework.ui.Model)>/testTree}
VarNode{<com.jeesite.modules.cms.web.CommentController: java.lang.String list(com.jeesite.modules.cms.entity.Comment,org.springframework.ui.Model)>/comment}
VarNode{<com.jeesite.modules.cms.web.CategoryController: java.lang.String delete(com.jeesite.modules.cms.entity.Category)>/category}
VarNode{<com.jeesite.modules.sys.web.AreaController: com.jeesite.common.entity.Page listPageData(com.jeesite.modules.sys.entity.Area,jakarta.servlet.http.HttpServletRequest,jakarta.servlet.http.HttpServletResponse)>/request}
VarNode{<com.jeesite.modules.sys.web.MenuController: java.lang.String enable(com.jeesite.modules.sys.entity.Menu,jakarta.servlet.http.HttpServletRequest)>/request}
VarNode{<com.jeesite.modules.file.web.VditorController: java.util.Map upload(org.springframework.web.multipart.MultipartFile[],java.lang.String,java.lang.String,java.lang.String,java.lang.String)>/updateType}
VarNode{<com.jeesite.modules.file.web.UeditorController: java.lang.String upload(java.lang.String,jakarta.servlet.http.HttpServletRequest,jakarta.servlet.http.HttpServletResponse)>/request}
VarNode{<com.jeesite.modules.sys.web.OfficeController: void exportData(com.jeesite.modules.sys.entity.Office,java.lang.Boolean,java.lang.String,jakarta.servlet.http.HttpServletResponse)>/office}
VarNode{<com.jeesite.modules.sys.web.SwitchController: java.lang.String switchPost(java.lang.String,jakarta.servlet.http.HttpServletRequest,jakarta.servlet.http.HttpServletResponse)>/response}
VarNode{<com.jeesite.modules.sys.web.DictTypeController: java.lang.String delete(com.jeesite.modules.sys.entity.DictType,jakarta.servlet.http.HttpServletRequest)>/request}
VarNode{<com.jeesite.modules.cmsfront.web.FrontController: java.lang.String commentSave(com.jeesite.modules.cms.entity.Comment,java.lang.String,java.lang.String,jakarta.servlet.http.HttpServletRequest)>/request}
VarNode{<com.jeesite.modules.sys.web.user.EmpUserController: java.util.List treeData(java.lang.String,java.lang.String[],java.lang.String,java.lang.String,java.lang.String,java.lang.Boolean,java.lang.String,java.lang.String)>/companyCode}
VarNode{<com.jeesite.modules.cms.web.ArticleController: com.jeesite.common.entity.Page listData(com.jeesite.modules.cms.entity.Article,java.lang.Boolean,jakarta.servlet.http.HttpServletRequest,jakarta.servlet.http.HttpServletResponse)>/article}
VarNode{<com.jeesite.modules.sys.web.user.EmpUserController: void exportData(com.jeesite.modules.sys.entity.EmpUser,java.lang.Boolean,java.lang.String,jakarta.servlet.http.HttpServletResponse)>/isAll}
VarNode{<com.jeesite.modules.sys.utils.EmpUtils: java.lang.String getCurrentOfficeCode()>/$r6}
VarNode{<com.jeesite.modules.sys.web.OfficeController: java.util.List treeData(java.lang.String,java.lang.String,java.lang.Boolean,java.lang.String,java.lang.String,java.lang.String,java.lang.String,java.lang.String,java.lang.String,java.lang.String,java.lang.String,java.lang.String)>/isLoadUser}
VarNode{<com.jeesite.modules.cms.web.CategoryController: java.util.List treeData(java.lang.String,java.lang.String,java.lang.String,java.lang.Boolean,java.lang.String)>/isAll}
VarNode{<com.jeesite.modules.sys.web.DictTypeController: java.lang.String save(com.jeesite.modules.sys.entity.DictType,jakarta.servlet.http.HttpServletRequest)>/dictType}
VarNode{<com.jeesite.modules.sys.web.AccountController: java.lang.String saveRegByValidCode(com.jeesite.modules.sys.entity.User,java.lang.String,jakarta.servlet.http.HttpServletRequest)>/user}
VarNode{<com.jeesite.modules.biz.web.BizCategoryController: java.lang.String enable(com.jeesite.modules.biz.entity.BizCategory)>/bizCategory}
VarNode{<com.jeesite.modules.sys.web.LoginController: java.lang.String desktop(jakarta.servlet.http.HttpServletRequest,jakarta.servlet.http.HttpServletResponse,org.springframework.ui.Model)>/request}
VarNode{<com.jeesite.modules.cms.web.CommentController: java.lang.String save(com.jeesite.modules.cms.entity.Comment)>/comment}
VarNode{<com.jeesite.modules.sys.web.DictDataController: java.lang.String form(com.jeesite.modules.sys.entity.DictData,java.lang.String,org.springframework.ui.Model)>/dictData}
VarNode{<com.jeesite.modules.sys.web.MenuController: java.lang.String form(com.jeesite.modules.sys.entity.Menu,org.springframework.ui.Model)>/menu}
VarNode{<com.jeesite.modules.test.web.DemoController: java.lang.String form(java.lang.String,com.jeesite.modules.test.entity.TestData,org.springframework.ui.Model)>/testData}
VarNode{<com.jeesite.modules.app.web.AppCommentController: java.lang.String delete(com.jeesite.modules.app.entity.AppComment)>/appComment}
VarNode{<com.jeesite.modules.cms.web.CategoryController: java.lang.String fixTreeData(com.jeesite.modules.cms.entity.Category)>/category}
VarNode{<com.jeesite.modules.sys.web.RoleController: com.jeesite.common.entity.Page listData(com.jeesite.modules.sys.entity.Role,java.lang.String,jakarta.servlet.http.HttpServletRequest,jakarta.servlet.http.HttpServletResponse)>/role}
VarNode{<com.jeesite.modules.cmsfront.web.FrontController: java.lang.String commentSave(com.jeesite.modules.cms.entity.Comment,java.lang.String,java.lang.String,jakarta.servlet.http.HttpServletRequest)>/validCode}
VarNode{<com.jeesite.modules.biz.web.BizCategoryController: java.lang.String disable(com.jeesite.modules.biz.entity.BizCategory)>/bizCategory}
VarNode{<com.jeesite.modules.sys.web.AreaController: java.util.List treeData(java.lang.String,java.lang.String,java.lang.String)>/parentCode}
VarNode{<com.jeesite.modules.sys.web.ConfigController: java.lang.String checkConfigKey(java.lang.String,java.lang.String)>/configKey}
VarNode{<com.jeesite.modules.sys.web.user.CorpAdminController: java.lang.String save(com.jeesite.modules.sys.entity.User,java.lang.String,jakarta.servlet.http.HttpServletRequest)>/user}
VarNode{<com.jeesite.modules.sys.web.LoginController: java.lang.String index(jakarta.servlet.http.HttpServletRequest,jakarta.servlet.http.HttpServletResponse,org.springframework.ui.Model)>/response}
VarNode{<com.jeesite.modules.cms.web.ArticleController: com.jeesite.common.entity.Page listData(com.jeesite.modules.cms.entity.Article,java.lang.Boolean,jakarta.servlet.http.HttpServletRequest,jakarta.servlet.http.HttpServletResponse)>/request}
VarNode{<com.jeesite.modules.sys.web.user.CorpAdminController: java.util.List treeData(java.lang.String,java.lang.String)>/isShowCode}
VarNode{<com.jeesite.modules.sys.web.user.EmpUserController: java.lang.String switchOffice(java.lang.String,jakarta.servlet.http.HttpServletRequest,jakarta.servlet.http.HttpServletResponse)>/officeCode}
VarNode{<com.jeesite.modules.msg.web.MsgInnerController: com.jeesite.common.entity.Page listData(com.jeesite.modules.msg.entity.MsgInner,jakarta.servlet.http.HttpServletRequest,jakarta.servlet.http.HttpServletResponse)>/request}
VarNode{<com.jeesite.modules.sys.web.RoleController: java.lang.String save(com.jeesite.modules.sys.entity.Role,java.lang.String,jakarta.servlet.http.HttpServletRequest)>/op}
VarNode{<com.jeesite.modules.sys.web.AccountController: java.lang.String getRegValidCode(com.jeesite.modules.sys.entity.User,java.lang.String,java.lang.String,jakarta.servlet.http.HttpServletRequest)>/request}
VarNode{<com.jeesite.modules.sys.web.RoleController: java.util.List treeData(java.lang.String,java.lang.Boolean,java.lang.String,java.lang.String)>/userType}
VarNode{<com.jeesite.modules.sys.web.SsoController: java.lang.String sso(java.lang.String,java.lang.String,java.lang.String,java.lang.String,jakarta.servlet.http.HttpServletRequest,jakarta.servlet.http.HttpServletResponse,org.springframework.ui.Model)>/username}
VarNode{<com.jeesite.modules.sys.web.user.EmpUserController: java.lang.String disable(com.jeesite.modules.sys.entity.EmpUser,boolean)>/freeze}
VarNode{<com.jeesite.modules.msg.web.MsgInnerController: java.lang.String list(com.jeesite.modules.msg.entity.MsgInner,org.springframework.ui.Model)>/msgInner}
VarNode{<com.jeesite.modules.sys.web.user.UserController: java.lang.String infoSavePwd(java.lang.String,java.lang.String,java.lang.String)>/oldPassword}
VarNode{<com.jeesite.modules.cmsfront.web.FrontController: java.lang.String view(java.lang.String,java.lang.String,org.springframework.ui.Model,jakarta.servlet.http.HttpServletRequest)>/request}
VarNode{<com.jeesite.modules.cms.web.SiteController: com.jeesite.common.entity.Page listData(com.jeesite.modules.cms.entity.Site,jakarta.servlet.http.HttpServletRequest,jakarta.servlet.http.HttpServletResponse)>/request}
VarNode{<com.jeesite.modules.sys.web.PostController: java.lang.String list(com.jeesite.modules.sys.entity.Post,org.springframework.ui.Model)>/post}
VarNode{<com.jeesite.modules.test.web.TestTreeController: java.util.List treeData(java.lang.String,java.lang.String)>/excludeCode}
VarNode{<com.jeesite.modules.sys.web.DictTypeController: com.jeesite.common.entity.Page listData(com.jeesite.modules.sys.entity.DictType,jakarta.servlet.http.HttpServletRequest,jakarta.servlet.http.HttpServletResponse)>/response}
VarNode{<com.jeesite.modules.sys.web.LogController: com.jeesite.common.entity.Page listData(com.jeesite.modules.sys.entity.Log,jakarta.servlet.http.HttpServletRequest,jakarta.servlet.http.HttpServletResponse)>/request}
VarNode{<com.jeesite.modules.file.web.FileUploadController: java.util.Map uploadFile(com.jeesite.modules.file.entity.FileUploadParams)>/params}
VarNode{<com.jeesite.modules.sys.web.user.EmpUserController: java.lang.String delete(com.jeesite.modules.sys.entity.EmpUser)>/empUser}
VarNode{<com.jeesite.modules.cmsfront.web.FrontController: java.lang.String comment(com.jeesite.modules.cms.entity.Comment,java.lang.String,jakarta.servlet.http.HttpServletRequest,jakarta.servlet.http.HttpServletResponse,org.springframework.ui.Model)>/request}
VarNode{<com.jeesite.modules.sys.web.OfficeController: com.jeesite.modules.sys.entity.Office createNextNode(com.jeesite.modules.sys.entity.Office)>/office}
VarNode{<com.jeesite.modules.sys.web.OnlineController: java.util.List listData(java.lang.String,java.lang.String,java.lang.String,java.lang.String,java.lang.String,java.lang.String,java.lang.String)>/userCode}
VarNode{<com.jeesite.modules.sys.web.user.CorpAdminController: java.lang.String save(com.jeesite.modules.sys.entity.User,java.lang.String,jakarta.servlet.http.HttpServletRequest)>/request}
VarNode{<com.jeesite.modules.sys.web.user.UserController: java.lang.String infoSavePqa(com.jeesite.modules.sys.entity.User,java.lang.String,java.lang.String,java.lang.String,java.lang.String)>/oldPwdQuestionAnswer2}
VarNode{<com.jeesite.modules.sys.web.AccountController: java.lang.String savePwdByValidCode(java.lang.String,java.lang.String,jakarta.servlet.http.HttpServletRequest)>/request}
VarNode{<com.jeesite.modules.cmsfront.web.FrontController: java.lang.String list(java.lang.String,java.lang.Integer,java.lang.Integer,org.springframework.ui.Model,jakarta.servlet.http.HttpServletRequest)>/pageNo}
VarNode{<com.jeesite.modules.sys.web.DictTypeController: com.jeesite.common.entity.Page listData(com.jeesite.modules.sys.entity.DictType,jakarta.servlet.http.HttpServletRequest,jakarta.servlet.http.HttpServletResponse)>/dictType}
VarNode{<com.jeesite.modules.sys.web.OfficeController: java.lang.String save(com.jeesite.modules.sys.entity.Office)>/office}
VarNode{<com.jeesite.modules.sys.web.user.EmpUserController: java.lang.String importData(org.springframework.web.multipart.MultipartFile,java.lang.String)>/updateSupport}
VarNode{<com.jeesite.modules.sys.web.user.CorpAdminController: java.lang.String list(com.jeesite.modules.sys.entity.User,org.springframework.ui.Model)>/user}
VarNode{<com.jeesite.modules.test.web.TestDataController: com.jeesite.common.entity.Page listData(com.jeesite.modules.test.entity.TestData,jakarta.servlet.http.HttpServletRequest,jakarta.servlet.http.HttpServletResponse)>/request}
VarNode{<com.jeesite.modules.sys.web.CompanyController: java.util.List treeData(java.lang.String,java.lang.String,java.lang.Boolean,java.lang.String,java.lang.String,java.lang.String)>/isShowFullName}
VarNode{<com.jeesite.modules.biz.web.BizCategoryController: java.lang.String list(com.jeesite.modules.biz.entity.BizCategory,org.springframework.ui.Model)>/bizCategory}
VarNode{<com.jeesite.modules.sys.web.user.EmpUserController: java.lang.String formAuthDataScope(com.jeesite.modules.sys.entity.EmpUser,org.springframework.ui.Model,jakarta.servlet.http.HttpServletRequest)>/empUser}
VarNode{<com.jeesite.modules.sys.web.OfficeController: java.util.List treeData(java.lang.String,java.lang.String,java.lang.Boolean,java.lang.String,java.lang.String,java.lang.String,java.lang.String,java.lang.String,java.lang.String,java.lang.String,java.lang.String,java.lang.String)>/excludeCode}
VarNode{<com.jeesite.modules.cms.web.SiteController: java.lang.String rebuildVectorStore(com.jeesite.modules.cms.entity.Site)>/site}
VarNode{<com.jeesite.modules.sys.web.user.EmpUserController: com.jeesite.common.entity.Page listData(com.jeesite.modules.sys.entity.EmpUser,java.lang.Boolean,java.lang.String,jakarta.servlet.http.HttpServletRequest,jakarta.servlet.http.HttpServletResponse)>/empUser}
VarNode{<com.jeesite.modules.cms.web.SiteController: java.lang.String list(com.jeesite.modules.cms.entity.Site,org.springframework.ui.Model)>/site}
VarNode{<com.jeesite.modules.sys.web.SwitchController: java.lang.String switchPost(java.lang.String,jakarta.servlet.http.HttpServletRequest,jakarta.servlet.http.HttpServletResponse)>/request}
VarNode{<com.jeesite.modules.sys.web.ConfigController: java.lang.String save(com.jeesite.modules.sys.entity.Config,jakarta.servlet.http.HttpServletRequest)>/request}
VarNode{<com.jeesite.modules.sys.web.RoleController: com.jeesite.common.entity.Page listData(com.jeesite.modules.sys.entity.Role,java.lang.String,jakarta.servlet.http.HttpServletRequest,jakarta.servlet.http.HttpServletResponse)>/ctrlPermi}
VarNode{<com.jeesite.modules.biz.web.BizCategoryController: java.lang.String form(com.jeesite.modules.biz.entity.BizCategory,org.springframework.ui.Model)>/bizCategory}
VarNode{<com.jeesite.modules.sys.web.user.UserController: java.lang.String infoSaveBase(com.jeesite.modules.sys.entity.User)>/user}
VarNode{<com.jeesite.common.utils.LocaleUtils: org.springframework.context.i18n.TimeZoneAwareLocaleContext getTimeZoneAwareLocaleContext()>/$r1}
VarNode{<com.jeesite.modules.cms.web.SiteController: java.lang.String select(java.lang.String,java.lang.String,jakarta.servlet.http.HttpServletRequest,jakarta.servlet.http.HttpServletResponse)>/siteCode}
VarNode{<com.jeesite.modules.cms.web.SiteController: com.jeesite.common.entity.Page listData(com.jeesite.modules.cms.entity.Site,jakarta.servlet.http.HttpServletRequest,jakarta.servlet.http.HttpServletResponse)>/site}
VarNode{<com.jeesite.modules.sys.web.DictTypeController: java.lang.String form(com.jeesite.modules.sys.entity.DictType,org.springframework.ui.Model)>/dictType}
VarNode{<com.jeesite.modules.cms.web.ReportController: java.lang.String form(com.jeesite.modules.cms.entity.Report,org.springframework.ui.Model)>/report}
VarNode{<com.jeesite.modules.sys.web.ModuleController: java.lang.String delete(com.jeesite.modules.sys.entity.Module)>/module}
VarNode{<com.jeesite.modules.cmsfront.web.FrontSearchController: java.lang.String search(java.lang.String,java.lang.String,java.lang.String,java.lang.String,java.lang.String,java.lang.String,java.lang.String,jakarta.servlet.http.HttpServletRequest,jakarta.servlet.http.HttpServletResponse,org.springframework.ui.Model)>/q}
VarNode{<com.jeesite.modules.sys.web.AreaController: com.jeesite.common.entity.Page listPageData(com.jeesite.modules.sys.entity.Area,jakarta.servlet.http.HttpServletRequest,jakarta.servlet.http.HttpServletResponse)>/response}
VarNode{<com.jeesite.modules.sys.web.PostController: java.lang.String enable(com.jeesite.modules.sys.entity.Post,jakarta.servlet.http.HttpServletRequest,jakarta.servlet.http.HttpServletResponse,org.springframework.ui.Model)>/post}
VarNode{<com.jeesite.modules.sys.web.RoleController: java.lang.String deleteAuthUser(com.jeesite.modules.sys.entity.Role,jakarta.servlet.http.HttpServletRequest)>/role}
VarNode{<com.jeesite.modules.cmsfront.web.FrontSearchController: java.lang.String search(java.lang.String,java.lang.String,java.lang.String,java.lang.String,java.lang.String,java.lang.String,java.lang.String,jakarta.servlet.http.HttpServletRequest,jakarta.servlet.http.HttpServletResponse,org.springframework.ui.Model)>/ed}
VarNode{<com.jeesite.modules.sys.web.DictTypeController: java.lang.String checkDictType(java.lang.String,java.lang.String)>/dictType}
VarNode{<com.jeesite.modules.sys.web.AccountController: java.lang.String savePwdByPwdQuestion(com.jeesite.modules.sys.entity.User,jakarta.servlet.http.HttpServletRequest)>/request}
VarNode{<com.jeesite.modules.sys.web.DictTypeController: java.lang.String disable(com.jeesite.modules.sys.entity.DictType)>/dictType}
VarNode{<com.jeesite.modules.cms.web.ArticleController: com.jeesite.common.entity.Page listData(com.jeesite.modules.cms.entity.Article,java.lang.Boolean,jakarta.servlet.http.HttpServletRequest,jakarta.servlet.http.HttpServletResponse)>/response}
VarNode{<com.jeesite.modules.sys.web.user.UserController: java.lang.String infoSavePqa(com.jeesite.modules.sys.entity.User,java.lang.String,java.lang.String,java.lang.String,java.lang.String)>/validPassword}
VarNode{<com.jeesite.modules.sys.web.LogController: com.jeesite.common.entity.Page listData(com.jeesite.modules.sys.entity.Log,jakarta.servlet.http.HttpServletRequest,jakarta.servlet.http.HttpServletResponse)>/log}
VarNode{<com.jeesite.modules.sys.web.ModuleController: java.lang.String checkModuleCode(java.lang.String,java.lang.String)>/oldCode}
VarNode{<com.jeesite.modules.sys.web.AccountController: java.lang.String loginByValidCode(java.lang.String,java.lang.String,jakarta.servlet.http.HttpServletRequest,jakarta.servlet.http.HttpServletResponse)>/loginValidCode}
VarNode{<com.jeesite.modules.sys.web.RoleController: java.lang.String save(com.jeesite.modules.sys.entity.Role,java.lang.String,jakarta.servlet.http.HttpServletRequest)>/request}
VarNode{<com.jeesite.modules.sys.web.ModuleController: java.lang.String save(com.jeesite.modules.sys.entity.Module)>/module}
VarNode{<com.jeesite.modules.sys.web.user.EmpUserController: com.jeesite.common.entity.Page listData(com.jeesite.modules.sys.entity.EmpUser,java.lang.Boolean,java.lang.String,jakarta.servlet.http.HttpServletRequest,jakarta.servlet.http.HttpServletResponse)>/request}
VarNode{<com.jeesite.modules.cmsfront.web.FrontController: java.lang.String list(java.lang.String,java.lang.Integer,java.lang.Integer,org.springframework.ui.Model,jakarta.servlet.http.HttpServletRequest)>/request}
VarNode{<com.jeesite.modules.sys.web.user.EmpUserController: java.lang.String form(com.jeesite.modules.sys.entity.EmpUser,java.lang.String,org.springframework.ui.Model)>/empUser}
VarNode{<com.jeesite.modules.file.web.FileUploadController: java.lang.String getFileList(com.jeesite.modules.file.entity.FileUpload,java.lang.Boolean)>/bizKeyIsLike}
VarNode{<com.jeesite.modules.sys.web.AccountController: java.lang.String getLoginValidCode(java.lang.String,java.lang.String,java.lang.String,jakarta.servlet.http.HttpServletRequest)>/validCode}
VarNode{<com.jeesite.modules.biz.web.BizCategoryController: java.util.List treeData(java.lang.String,java.lang.String,java.lang.String)>/parentCode}
VarNode{<com.jeesite.modules.sys.web.AccountController: java.lang.String getFpValidCode(com.jeesite.modules.sys.entity.User,java.lang.String,java.lang.String,java.lang.String,jakarta.servlet.http.HttpServletRequest)>/validCode}
VarNode{<com.jeesite.modules.cms.web.ReportController: java.lang.String disable(com.jeesite.modules.cms.entity.Report)>/report}
VarNode{<com.jeesite.modules.sys.web.AccountController: java.lang.String saveRegByValidCode(com.jeesite.modules.sys.entity.User,java.lang.String,jakarta.servlet.http.HttpServletRequest)>/request}
VarNode{<com.jeesite.modules.sys.web.CompanyController: java.util.List treeData(java.lang.String,java.lang.String,java.lang.Boolean,java.lang.String,java.lang.String,java.lang.String)>/isShowCode}
VarNode{<com.jeesite.modules.test.web.TestDataController: java.lang.String transTest(com.jeesite.modules.test.entity.TestData)>/testData}
VarNode{<com.jeesite.modules.sys.web.PostController: com.jeesite.common.entity.Page listData(com.jeesite.modules.sys.entity.Post,jakarta.servlet.http.HttpServletRequest,jakarta.servlet.http.HttpServletResponse)>/request}
VarNode{<com.jeesite.modules.sys.web.PostController: java.util.List treeData(java.lang.String,java.lang.String,java.lang.String)>/ctrlPermi}
VarNode{<com.jeesite.modules.sys.web.OnlineController: java.util.List listData(java.lang.String,java.lang.String,java.lang.String,java.lang.String,java.lang.String,java.lang.String,java.lang.String)>/userName}
VarNode{<com.jeesite.modules.cms.web.ReportController: com.jeesite.common.entity.Page listData(com.jeesite.modules.cms.entity.Report,jakarta.servlet.http.HttpServletRequest,jakarta.servlet.http.HttpServletResponse)>/request}
VarNode{<com.jeesite.modules.sys.web.LogController: com.jeesite.common.entity.Page listData(com.jeesite.modules.sys.entity.Log,jakarta.servlet.http.HttpServletRequest,jakarta.servlet.http.HttpServletResponse)>/response}
VarNode{<com.jeesite.modules.cms.web.FileTemplateController: java.lang.String form(java.lang.String,org.springframework.ui.Model)>/name}
VarNode{<com.jeesite.modules.msg.web.MsgInnerController: com.jeesite.common.entity.Page listData(com.jeesite.modules.msg.entity.MsgInner,jakarta.servlet.http.HttpServletRequest,jakarta.servlet.http.HttpServletResponse)>/response}
VarNode{<com.jeesite.modules.sys.web.user.UserController: java.lang.String infoSavePqa(com.jeesite.modules.sys.entity.User,java.lang.String,java.lang.String,java.lang.String,java.lang.String)>/user}
VarNode{<com.jeesite.modules.app.web.AppCommentController: java.lang.String form(com.jeesite.modules.app.entity.AppComment,org.springframework.ui.Model)>/appComment}
VarNode{<com.jeesite.modules.cms.web.CategoryController: java.lang.String index(com.jeesite.modules.cms.entity.Category,org.springframework.ui.Model)>/category}
VarNode{<com.jeesite.modules.sys.web.AccountController: java.lang.String loginByValidCode(java.lang.String,java.lang.String,jakarta.servlet.http.HttpServletRequest,jakarta.servlet.http.HttpServletResponse)>/response}
VarNode{<com.jeesite.modules.sys.web.user.UserController: java.lang.String infoSavePwd(java.lang.String,java.lang.String,java.lang.String)>/newPassword}
VarNode{<com.jeesite.modules.app.web.AppUpgradeController: java.lang.String disable(com.jeesite.modules.app.entity.AppUpgrade)>/appUpgrade}
VarNode{<com.jeesite.modules.cms.web.CommentController: java.lang.String form(com.jeesite.modules.cms.entity.Comment,org.springframework.ui.Model)>/comment}
VarNode{<com.jeesite.modules.cms.web.CategoryController: java.lang.String enable(com.jeesite.modules.cms.entity.Category)>/category}
VarNode{<com.jeesite.modules.sys.web.DictTypeController: java.util.List treeData(java.lang.String,java.lang.String,java.lang.String)>/dictType}
VarNode{<com.jeesite.modules.biz.web.BizCategoryController: java.lang.String index(com.jeesite.modules.biz.entity.BizCategory,org.springframework.ui.Model)>/bizCategory}
VarNode{<com.jeesite.modules.sys.web.ModuleController: java.lang.String form(com.jeesite.modules.sys.entity.Module,org.springframework.ui.Model)>/module}
VarNode{<com.jeesite.modules.sys.web.ConfigController: com.jeesite.common.entity.Page listData(com.jeesite.modules.sys.entity.Config,jakarta.servlet.http.HttpServletRequest,jakarta.servlet.http.HttpServletResponse)>/config}
VarNode{<com.jeesite.modules.sys.web.RoleController: java.util.List treeData(java.lang.String,java.lang.Boolean,java.lang.String,java.lang.String)>/isAll}
VarNode{<com.jeesite.modules.sys.web.user.UserController: java.lang.String infoSavePqa(com.jeesite.modules.sys.entity.User,java.lang.String,java.lang.String,java.lang.String,java.lang.String)>/oldPwdQuestionAnswer}
VarNode{<com.jeesite.modules.sys.web.user.CorpAdminController: java.lang.String enable(com.jeesite.modules.sys.entity.User)>/user}
VarNode{<com.jeesite.modules.cms.web.CategoryController: java.lang.String disable(com.jeesite.modules.cms.entity.Category)>/category}
VarNode{<com.jeesite.modules.sys.web.OfficeController: java.lang.String importData(org.springframework.web.multipart.MultipartFile,java.lang.String)>/file}
VarNode{<com.jeesite.modules.sys.web.CompanyController: java.lang.String fixTreeData(com.jeesite.modules.sys.entity.Company)>/company}
VarNode{<com.jeesite.modules.sys.web.user.EmpUserController: java.util.List treeData(java.lang.String,java.lang.String[],java.lang.String,java.lang.String,java.lang.String,java.lang.Boolean,java.lang.String,java.lang.String)>/officeCode}
VarNode{<com.jeesite.modules.cmsfront.web.FrontController: long articleHits(java.lang.String)>/articleId}
VarNode{<com.jeesite.modules.sys.web.ConfigController: java.lang.String list(com.jeesite.modules.sys.entity.Config,org.springframework.ui.Model)>/config}
VarNode{<com.jeesite.modules.sys.web.SwitchController: java.lang.String switchSkin(java.lang.String,java.lang.String,jakarta.servlet.http.HttpServletRequest,jakarta.servlet.http.HttpServletResponse)>/response}
VarNode{<com.jeesite.modules.sys.web.SsoController: java.lang.String sso(java.lang.String,java.lang.String,java.lang.String,java.lang.String,jakarta.servlet.http.HttpServletRequest,jakarta.servlet.http.HttpServletResponse,org.springframework.ui.Model)>/token}
VarNode{<com.jeesite.modules.sys.web.OnlineController: java.util.List listData(java.lang.String,java.lang.String,java.lang.String,java.lang.String,java.lang.String,java.lang.String,java.lang.String)>/orderBy}
VarNode{<com.jeesite.modules.sys.web.SsoController: java.lang.String sso(java.lang.String,java.lang.String,java.lang.String,java.lang.String,jakarta.servlet.http.HttpServletRequest,jakarta.servlet.http.HttpServletResponse,org.springframework.ui.Model)>/relogin}
VarNode{<com.jeesite.modules.sys.web.LogController: java.lang.String list(com.jeesite.modules.sys.entity.Log,org.springframework.ui.Model)>/log}
VarNode{<com.jeesite.modules.sys.web.user.EmpUserController: java.lang.String importData(org.springframework.web.multipart.MultipartFile,java.lang.String)>/file}
VarNode{<com.jeesite.modules.sys.web.RoleController: java.lang.String checkRoleName(java.lang.String,java.lang.String)>/oldRoleName}
VarNode{<com.jeesite.modules.cmsfront.web.FrontController: java.lang.String listCustom(java.lang.String,java.lang.String,java.lang.Integer,java.lang.Integer,org.springframework.ui.Model,jakarta.servlet.http.HttpServletRequest)>/categoryCode}
VarNode{<com.jeesite.modules.sys.web.DictDataController: java.lang.String save(com.jeesite.modules.sys.entity.DictData,jakarta.servlet.http.HttpServletRequest)>/request}
VarNode{<com.jeesite.modules.sys.web.AccountController: java.lang.String savePwdByValidCode(java.lang.String,java.lang.String,jakarta.servlet.http.HttpServletRequest)>/password}
VarNode{<com.jeesite.modules.app.web.AppPublicServiceController: java.lang.String commentSave(com.jeesite.modules.app.entity.AppComment)>/appComment}
VarNode{<com.jeesite.modules.cmsfront.web.FrontController: java.lang.String list(java.lang.String,java.lang.Integer,java.lang.Integer,org.springframework.ui.Model,jakarta.servlet.http.HttpServletRequest)>/pageSize}
VarNode{<com.jeesite.modules.sys.web.DictTypeController: java.lang.String delete(com.jeesite.modules.sys.entity.DictType,jakarta.servlet.http.HttpServletRequest)>/dictType}
VarNode{<com.jeesite.modules.sys.web.AccountController: java.lang.String getRegValidCode(com.jeesite.modules.sys.entity.User,java.lang.String,java.lang.String,jakarta.servlet.http.HttpServletRequest)>/validCode}
VarNode{<com.jeesite.modules.sys.web.OfficeController: java.util.List treeData(java.lang.String,java.lang.String,java.lang.Boolean,java.lang.String,java.lang.String,java.lang.String,java.lang.String,java.lang.String,java.lang.String,java.lang.String,java.lang.String,java.lang.String)>/isAll}
VarNode{<com.jeesite.modules.app.web.AppCommentController: java.lang.String disable(com.jeesite.modules.app.entity.AppComment)>/appComment}
VarNode{<com.jeesite.modules.ai.cms.web.CmsAiChatController: java.lang.String save(java.lang.String,java.lang.String)>/id}
VarNode{<com.jeesite.modules.sys.web.PostController: java.lang.String enable(com.jeesite.modules.sys.entity.Post,jakarta.servlet.http.HttpServletRequest,jakarta.servlet.http.HttpServletResponse,org.springframework.ui.Model)>/response}
VarNode{<com.jeesite.modules.file.web.VditorController: java.util.Map upload(org.springframework.web.multipart.MultipartFile[],java.lang.String,java.lang.String,java.lang.String,java.lang.String)>/md5s}
VarNode{<com.jeesite.modules.sys.web.user.EmpUserController: java.lang.String index(com.jeesite.modules.sys.entity.EmpUser,org.springframework.ui.Model)>/empUser}
VarNode{<com.jeesite.modules.msg.web.MsgInnerController: java.lang.String view(com.jeesite.modules.msg.entity.MsgInner,org.springframework.ui.Model)>/msgInner}
VarNode{<com.jeesite.modules.sys.web.DictTypeController: java.lang.String save(com.jeesite.modules.sys.entity.DictType,jakarta.servlet.http.HttpServletRequest)>/request}
VarNode{<com.jeesite.modules.sys.web.OfficeController: java.lang.String importData(org.springframework.web.multipart.MultipartFile,java.lang.String)>/updateSupport}
VarNode{<org.springframework.web.context.request.RequestContextHolder: org.springframework.web.context.request.RequestAttributes getRequestAttributes()>/$r3}
VarNode{<com.jeesite.modules.sys.web.user.EmpUserController: java.util.List treeData(java.lang.String,java.lang.String[],java.lang.String,java.lang.String,java.lang.String,java.lang.Boolean,java.lang.String,java.lang.String)>/ctrlPermi}
VarNode{<com.jeesite.modules.cms.web.ReportController: java.lang.String save(com.jeesite.modules.cms.entity.Report)>/report}
VarNode{<com.jeesite.modules.sys.web.DictTypeController: java.util.List treeData(java.lang.String,java.lang.String,java.lang.String)>/excludeCode}
VarNode{<com.jeesite.modules.cmsfront.web.FrontSearchController: java.lang.String search(java.lang.String,java.lang.String,java.lang.String,java.lang.String,java.lang.String,java.lang.String,java.lang.String,jakarta.servlet.http.HttpServletRequest,jakarta.servlet.http.HttpServletResponse,org.springframework.ui.Model)>/response}
VarNode{<com.jeesite.modules.sys.web.user.EmpUserController: void exportData(com.jeesite.modules.sys.entity.EmpUser,java.lang.Boolean,java.lang.String,jakarta.servlet.http.HttpServletResponse)>/ctrlPermi}
VarNode{<com.jeesite.modules.cms.web.CategoryController: java.lang.String save(com.jeesite.modules.cms.entity.Category)>/category}
VarNode{<com.jeesite.modules.sys.web.RoleController: java.lang.String saveAuthUser(com.jeesite.modules.sys.entity.Role,jakarta.servlet.http.HttpServletRequest)>/request}
VarNode{<com.jeesite.modules.cms.web.ReportController: com.jeesite.common.entity.Page listData(com.jeesite.modules.cms.entity.Report,jakarta.servlet.http.HttpServletRequest,jakarta.servlet.http.HttpServletResponse)>/report}
VarNode{<com.jeesite.modules.sys.web.user.CorpAdminController: java.lang.String form(com.jeesite.modules.sys.entity.User,java.lang.String,org.springframework.ui.Model)>/op}
VarNode{<com.jeesite.modules.cmsfront.web.FrontSearchController: java.lang.String search(java.lang.String,java.lang.String,java.lang.String,java.lang.String,java.lang.String,java.lang.String,java.lang.String,jakarta.servlet.http.HttpServletRequest,jakarta.servlet.http.HttpServletResponse,org.springframework.ui.Model)>/qnot}
VarNode{<com.jeesite.modules.sys.web.user.UserController: java.lang.String infoSavePwd(java.lang.String,java.lang.String,java.lang.String)>/confirmNewPassword}
VarNode{<com.jeesite.modules.sys.web.DictDataController: java.util.List treeData(java.lang.String,java.lang.String,java.lang.String,boolean)>/excludeCode}
Sink nodes:
VarNode{<org.springframework.util.ResourceUtils: java.net.URL toURL(java.lang.String)>/r0}
VarNode{<org.springframework.core.io.support.PathMatchingResourcePatternResolver: java.util.Set getClassPathManifestEntries()>/r6}
VarNode{<com.jeesite.modules.cms.service.FileTemplateService: void saveFileTemplate(java.lang.String,java.lang.String)>/$r6}
VarNode{<org.springframework.util.ResourceUtils: java.net.URI toURI(java.lang.String)>/$r2}
VarNode{<com.jeesite.modules.cms.service.FileTemplateService: void deleteFileTemplate(java.lang.String)>/$r6}
Dumping /Users/yuntsy/My/Projects/Java/WebAnalyzer/output/taint-flow-graph.dot
TFGDumper finishes, elapsed time: 0.09s
-------------- Pointer analysis statistics: --------------
#var pointers:                1,4356 (insens) / 1,4356 (sens)
#objects:                     5261 (insens) / 5261 (sens)
#var points-to:               2,5440 (insens) / 2,5444 (sens)
#static field points-to:      181 (sens)
#instance field points-to:    5187 (sens)
#array points-to:             372 (sens)
#reachable methods:           1955 (insens) / 1955 (sens)
#call graph edges:            5842 (insens) / 5842 (sens)
----------------------------------------
pta finishes, elapsed time: 0.79s
cg starts ...
Call graph has 1955 reachable methods and 5842 edges
Dumping call graph to /Users/yuntsy/My/Projects/Java/WebAnalyzer/output/call-graph.dot
Dumping reachable methods to /Users/yuntsy/My/Projects/Java/WebAnalyzer/output/reachable-methods.txt
Dumping call edges to /Users/yuntsy/My/Projects/Java/WebAnalyzer/output/call-edges.txt
cg finishes, elapsed time: 0.22s
Tai-e finishes, elapsed time: 36.42s
