Writing log to /Users/yuntsy/My/Projects/Java/WebAnalyzer/output/tai-e.log
java.version: 17.0.11
java.version.date: 2024-04-16
java.runtime.version: 17.0.11+7-LTS-207
java.vendor: Oracle Corporation
java.vendor.version: null
os.name: Mac OS X
os.version: 26.3
os.arch: aarch64
Tai-e Version: 0.5.1
Tai-e Commit: a086cc6200102f74b303a2cb800dad4e1b8b3af5
Writing analysis plan to /Users/yuntsy/My/Projects/Java/WebAnalyzer/output/tai-e-plan.yml
WorldBuilder starts ...
Warning: main class was not given!
11397 classes with 105352 methods in the world
WorldBuilder finishes, elapsed time: 3.90s
ir-dumper starts ...
Dumping IR in /Users/yuntsy/My/Projects/Java/WebAnalyzer/output/tir
614 classes in scope (APP) of class analyses
ir-dumper finishes, elapsed time: 0.65s
routerAnalysis starts ...
Router analysis started at: 2026-02-27 19:54:32
Router analysis completed at: 2026-02-27 19:54:32 (Duration: 5ms)
routerAnalysis finishes, elapsed time: 0.01s
beanAnalysis starts ...
beanAnalysis finishes, elapsed time: 0.01s
injectPointsAnalysis starts ...
injectPointsAnalysis finishes, elapsed time: 0.00s
aspectAnalysis starts ...
Starting AOP aspect analysis...
aspectAnalysis finishes, elapsed time: 0.00s
resultAnalysis starts ...
============================================================
                 Spring Analysis Result Summary
============================================================
Router Methods (Endpoints)     : 307
Spring Beans                   : 277
Aspect Methods (Advice)        : 0
============================================================
resultAnalysis finishes, elapsed time: 0.00s
srfaAnalysis starts ...
SRFA Analysis started at: 2026-02-27 19:54:32
Loaded 61 controller classes from RouterAnalysis
Discovering mapper paths from 11 appClassPath entries
Auto-discovered 11 mapper path(s)
  - /var/folders/n9/gm62bg6x77xgx7pk8ttb_v640000gn/T/srfa-mapper-cache/gruul-account-open-service_1731057262000/mapper/account
  - /var/folders/n9/gm62bg6x77xgx7pk8ttb_v640000gn/T/srfa-mapper-cache/gruul-afs-open-service_1731057262000/mapper/afs
  - /var/folders/n9/gm62bg6x77xgx7pk8ttb_v640000gn/T/srfa-mapper-cache/gruul-goods-open-service_1731057262000/mapper/manager
  - /var/folders/n9/gm62bg6x77xgx7pk8ttb_v640000gn/T/srfa-mapper-cache/gruul-goods-open-service_1731057262000/mapper/api
  - /var/folders/n9/gm62bg6x77xgx7pk8ttb_v640000gn/T/srfa-mapper-cache/gruul-logistics-open_1731057262000/mapper/shipping
  - /var/folders/n9/gm62bg6x77xgx7pk8ttb_v640000gn/T/srfa-mapper-cache/gruul-order-open-service_1731057262000/mapper/order
  - /var/folders/n9/gm62bg6x77xgx7pk8ttb_v640000gn/T/srfa-mapper-cache/gruul-oss-open-service_1731057262000/mapper
  - /var/folders/n9/gm62bg6x77xgx7pk8ttb_v640000gn/T/srfa-mapper-cache/gruul-payment-open-service_1731057262000/mapper/payment
  - /var/folders/n9/gm62bg6x77xgx7pk8ttb_v640000gn/T/srfa-mapper-cache/gruul-platform-open-service_1731057262000/mapper/platform
  - /var/folders/n9/gm62bg6x77xgx7pk8ttb_v640000gn/T/srfa-mapper-cache/gruul-shops-open-service_1731057262000/mapper
  - /var/folders/n9/gm62bg6x77xgx7pk8ttb_v640000gn/T/srfa-mapper-cache/gruul-sms-open-service_1731057262000/mapper/sms
Using 11 mapper search path(s):
  - /var/folders/n9/gm62bg6x77xgx7pk8ttb_v640000gn/T/srfa-mapper-cache/gruul-account-open-service_1731057262000/mapper/account
  - /var/folders/n9/gm62bg6x77xgx7pk8ttb_v640000gn/T/srfa-mapper-cache/gruul-afs-open-service_1731057262000/mapper/afs
  - /var/folders/n9/gm62bg6x77xgx7pk8ttb_v640000gn/T/srfa-mapper-cache/gruul-goods-open-service_1731057262000/mapper/manager
  - /var/folders/n9/gm62bg6x77xgx7pk8ttb_v640000gn/T/srfa-mapper-cache/gruul-goods-open-service_1731057262000/mapper/api
  - /var/folders/n9/gm62bg6x77xgx7pk8ttb_v640000gn/T/srfa-mapper-cache/gruul-logistics-open_1731057262000/mapper/shipping
  - /var/folders/n9/gm62bg6x77xgx7pk8ttb_v640000gn/T/srfa-mapper-cache/gruul-order-open-service_1731057262000/mapper/order
  - /var/folders/n9/gm62bg6x77xgx7pk8ttb_v640000gn/T/srfa-mapper-cache/gruul-oss-open-service_1731057262000/mapper
  - /var/folders/n9/gm62bg6x77xgx7pk8ttb_v640000gn/T/srfa-mapper-cache/gruul-payment-open-service_1731057262000/mapper/payment
  - /var/folders/n9/gm62bg6x77xgx7pk8ttb_v640000gn/T/srfa-mapper-cache/gruul-platform-open-service_1731057262000/mapper/platform
  - /var/folders/n9/gm62bg6x77xgx7pk8ttb_v640000gn/T/srfa-mapper-cache/gruul-shops-open-service_1731057262000/mapper
  - /var/folders/n9/gm62bg6x77xgx7pk8ttb_v640000gn/T/srfa-mapper-cache/gruul-sms-open-service_1731057262000/mapper/sms
Parsed 48 MyBatis mapper files
Parsed 48 MyBatis mapper files
  Mapper namespace: com.medusa.gruul.account.mapper.MiniAccountFootMarkMapper
    Operation: id=updateBeyondFootMark, type=update, hasDollar=false
    Operation: id=deleteByUserId, type=delete, hasDollar=false
    Operation: id=selectByProductId, type=select, hasDollar=false
    Operation: id=selectAccountFootMarkCount, type=select, hasDollar=false
    Operation: id=selectAccountFootMarkList, type=select, hasDollar=false
  Mapper namespace: com.medusa.gruul.account.mapper.MiniAccountExtendsMapper
    Operation: id=selectByCurrentStatus, type=select, hasDollar=false
  Mapper namespace: com.medusa.gruul.account.mapper.MiniAccountCollectMapper
    Operation: id=getUserCollectInfoById, type=select, hasDollar=false
    Operation: id=findAccountCollectByProductId, type=select, hasDollar=false
  Mapper namespace: com.medusa.gruul.account.mapper.MiniAccountMapper
    Operation: id=updateRebateBonus, type=update, hasDollar=false
    Operation: id=selectByUserList, type=select, hasDollar=false
    Operation: id=selectByBlackListUser, type=select, hasDollar=false
    Operation: id=selectByShopUserIds, type=select, hasDollar=false
    Operation: id=getUserInfoByShopUserId, type=select, hasDollar=false
    Operation: id=getIntegralByShopUserId, type=select, hasDollar=false
    Operation: id=selectByShopUserId, type=select, hasDollar=false
  Mapper namespace: com.medusa.gruul.afs.mapper.AfsOrderMapper
    Operation: id=selectOriginalOrderByOrderId, type=select, hasDollar=false
    Operation: id=selectProgressByOriginalOrderIdsAndIdNotIn, type=select, hasDollar=false
    Operation: id=searchManageAfsOrderVoPage, type=select, hasDollar=false
    Operation: id=selectProgressByOrderIdAndProductSkuId, type=select, hasDollar=false
    Operation: id=getOrderApplyNumber, type=select, hasDollar=false
    Operation: id=selectByOrderId, type=select, hasDollar=false
    Operation: id=selectAfsOrderByReceiptBillId, type=select, hasDollar=false
    Operation: id=selectProgressByOrderIdAndIdNotIn, type=select, hasDollar=false
    Operation: id=searchOrder, type=select, hasDollar=false
    Operation: id=selectByOriginalOrderId, type=select, hasDollar=false
  Mapper namespace: com.medusa.gruul.afs.mapper.AfsOrderItemMapper
    Operation: id=selectExchangeOrderIdsByOriginalOrderId, type=select, hasDollar=false
    Operation: id=userApplyItem, type=select, hasDollar=false
  Mapper namespace: com.medusa.gruul.afs.mapper.AfsNegotiateHistoryMapper
    Operation: id=negotiateHistoryList, type=select, hasDollar=false
  Mapper namespace: com.medusa.gruul.goods.mapper.manager.ProductAttributeMapper
    Operation: id=queryByProductId, type=select, hasDollar=false
  Mapper namespace: com.medusa.gruul.goods.mapper.manager.CsvProductMapper
    Operation: id=queryCsvProductList, type=select, hasDollar=false
    Operation: id=querySkuStock, type=select, hasDollar=false
  Mapper namespace: com.medusa.gruul.goods.mapper.manager.SupplierMapper
    Operation: id=querySupplierList, type=select, hasDollar=false
    Operation: id=queryByPrimaryKey, type=select, hasDollar=false
    Operation: id=queryDataSetSupplierList, type=select, hasDollar=false
  Mapper namespace: com.medusa.gruul.goods.mapper.manager.SkuStockMapper
    Operation: id=queryItemVoByIds, type=select, hasDollar=false
  Mapper namespace: com.medusa.gruul.goods.mapper.manager.DiscountProductMapper
    Operation: id=queryDiscountProductList, type=select, hasDollar=false
    Operation: id=queryRemoveProductList, type=select, hasDollar=false
    Operation: id=querySaveProductList, type=select, hasDollar=false
    Operation: id=queryDiscountProductTypeList, type=select, hasDollar=false
  Mapper namespace: com.medusa.gruul.goods.mapper.manager.AttributeTemplateMapper
    Operation: id=queryByParentId, type=select, hasDollar=false
    Operation: id=queryByPrimaryKey, type=select, hasDollar=false
    Operation: id=queryChildren, type=select, hasDollar=false
  Mapper namespace: com.medusa.gruul.goods.mapper.manager.ProductMapper
    Operation: id=queryProductList, type=select, hasDollar=false
    Operation: id=querySaleModeChangeProduct, type=select, hasDollar=false
    Operation: id=querySupplierProductList, type=select, hasDollar=false
    Operation: id=getProductById, type=select, hasDollar=false
    Operation: id=querySkuStock, type=select, hasDollar=false
    Operation: id=queryProductAttribute, type=select, hasDollar=false
    Operation: id=queryProductShowCategory, type=select, hasDollar=false
    Operation: id=queryProductShowCategorySecond, type=select, hasDollar=false
  Mapper namespace: com.medusa.gruul.goods.mapper.manager.SaleModeMapper
    Operation: id=querySaleModeList, type=select, hasDollar=false
  Mapper namespace: com.medusa.gruul.goods.mapper.manager.ShowCategoryMapper
    Operation: id=queryShowCategoryList, type=select, hasDollar=false
    Operation: id=queryAllShowCategoryList, type=select, hasDollar=false
    Operation: id=getShowCategoryById, type=select, hasDollar=false
    Operation: id=queryShowCategorySecond, type=select, hasDollar=false
  Mapper namespace: com.medusa.gruul.goods.mapper.api.ApiAliveProductMapper
    Operation: id=querySaveProductList, type=select, hasDollar=false
    Operation: id=querySuperMarketProductList, type=select, hasDollar=true
      Risky var: ${{apiProductParam.sort}}
      Risky var: ${{apiProductParam.sort}}
      Risky var: ${{apiProductParam.sort}}
    Operation: id=queryShowCategoryProductList, type=select, hasDollar=false
    Operation: id=queryShowCategoryProductListBySaleMode, type=select, hasDollar=false
  Mapper namespace: com.medusa.gruul.goods.mapper.api.ApiShowCategoryMapper
    Operation: id=queryApiSupermarketShowCategoryList, type=select, hasDollar=false
    Operation: id=queryApiShowCategorySecond, type=select, hasDollar=false
    Operation: id=queryApiAssembleShowCategorySecond, type=select, hasDollar=false
  Mapper namespace: com.medusa.gruul.goods.mapper.api.ApiProductSkuMapper
    Operation: id=querySolitaireActivityProductByParam, type=select, hasDollar=false
    Operation: id=querySkuStock, type=select, hasDollar=false
  Mapper namespace: com.medusa.gruul.goods.mapper.api.ApiShoppingCartMapper
    Operation: id=queryShoppingCartListByUserId, type=select, hasDollar=false
    Operation: id=querySkuStock, type=select, hasDollar=false
    Operation: id=selectEffectShoppingCart, type=select, hasDollar=false
  Mapper namespace: com.medusa.gruul.goods.mapper.api.ApiProductMapper
    Operation: id=queryByPrimaryKey, type=select, hasDollar=false
    Operation: id=queryList, type=select, hasDollar=false
    Operation: id=querySuperMarketProductList, type=select, hasDollar=false
    Operation: id=querySolitaireActivityProduct, type=select, hasDollar=false
    Operation: id=querySkuStock, type=select, hasDollar=false
    Operation: id=queryAttribute, type=select, hasDollar=false
    Operation: id=queryProductShowCategory, type=select, hasDollar=false
    Operation: id=queryProductShowCategorySecond, type=select, hasDollar=false
  Mapper namespace: com.medusa.gruul.logistics.mapper.LogisticsExpressMapper
    Operation: id=queryLogisticsExpressInfo, type=select, hasDollar=false
    Operation: id=queryLogisticsAddress, type=select, hasDollar=false
  Mapper namespace: com.medusa.gruul.logistics.mapper.LogisticsIncludePostageMapper
    Operation: id=selectByParams, type=select, hasDollar=false
  Mapper namespace: com.medusa.gruul.logistics.mapper.LogisticsCompanyMapper
    Operation: id=selectListCompanyByParam, type=select, hasDollar=false
  Mapper namespace: com.medusa.gruul.logistics.mapper.LogisticsExpressPrintMapper
    Operation: id=queryLogisticsExpressPrintInfo, type=select, hasDollar=false
  Mapper namespace: com.medusa.gruul.logistics.mapper.LogisticsExpressAddressMapper
    Operation: id=queryByExpressId, type=select, hasDollar=false
    Operation: id=queryByExpressCode, type=select, hasDollar=false
  Mapper namespace: com.medusa.gruul.logistics.mapper.LogisticsTemplateMapper
    Operation: id=queryShippingModel, type=select, hasDollar=false
    Operation: id=queryIncludePostage, type=select, hasDollar=false
    Operation: id=selectByPrimaryKey, type=select, hasDollar=false
  Mapper namespace: com.medusa.gruul.logistics.mapper.LogisticsShippingModelMapper
    Operation: id=selectByParamMap, type=select, hasDollar=false
  Mapper namespace: com.medusa.gruul.order.mapper.AfsOrderMapper
    Operation: id=selectByOrderId, type=select, hasDollar=false
    Operation: id=selectByOrderIdAndProductSkuId, type=select, hasDollar=false
    Operation: id=selectProgressByOrderId, type=select, hasDollar=false
    Operation: id=countProgressByPointId, type=select, hasDollar=false
    Operation: id=selectOriginalOrderIdByOrderId, type=select, hasDollar=false
    Operation: id=selectCountProgressByOrderIds, type=select, hasDollar=false
    Operation: id=countSkuReturn, type=select, hasDollar=false
  Mapper namespace: com.medusa.gruul.order.mapper.OrderProductEvaluateMapper
    Operation: id=selectByOrderId, type=select, hasDollar=false
    Operation: id=selectProductEvaluatePage, type=select, hasDollar=false
    Operation: id=selectProductRateByList, type=select, hasDollar=false
    Operation: id=countTotal, type=select, hasDollar=false
    Operation: id=countPraiseNum, type=select, hasDollar=false
    Operation: id=countHasContent, type=select, hasDollar=false
    Operation: id=countHasPicture, type=select, hasDollar=false
  Mapper namespace: com.medusa.gruul.order.mapper.OrderMapper
    Operation: id=updateOneById, type=update, hasDollar=false
    Operation: id=closeExchangeOrder, type=update, hasDollar=false
    Operation: id=searchApiOrderVoPage, type=select, hasDollar=false
    Operation: id=searchManageOrderVoPage, type=select, hasDollar=false
    Operation: id=selectOrderVoById, type=select, hasDollar=false
    Operation: id=selectOrderVoListByIds, type=select, hasDollar=false
    Operation: id=searchSimpleOrderVoForGroupPage, type=select, hasDollar=false
    Operation: id=selectOrderListByIds, type=select, hasDollar=false
    Operation: id=selectListByPointIdAndDate, type=select, hasDollar=false
    Operation: id=selectListByPointIdAndDateBetween, type=select, hasDollar=false
    Operation: id=selectOneById, type=select, hasDollar=false
    Operation: id=searchLogisticsOrderList, type=select, hasDollar=false
    Operation: id=selectListByPointIdAndStatus, type=select, hasDollar=false
    Operation: id=getProductLastBuyers, type=select, hasDollar=false
    Operation: id=searchLogisticsOrder, type=select, hasDollar=false
    Operation: id=selectListByAssId, type=select, hasDollar=false
    Operation: id=selectShippedOrderByProductIds, type=select, hasDollar=false
    Operation: id=searchIncentiveDetailPage, type=select, hasDollar=false
    Operation: id=waitSendProductList, type=select, hasDollar=false
  Mapper namespace: com.medusa.gruul.order.mapper.OrderDeliveryMapper
    Operation: id=updateByParam, type=update, hasDollar=false
    Operation: id=selectOneByOrderId, type=select, hasDollar=false
    Operation: id=selectByOrderId, type=select, hasDollar=false
  Mapper namespace: com.medusa.gruul.order.mapper.OrderItemMapper
    Operation: id=selectSimpleOrderItemVoByOrderId, type=select, hasDollar=false
    Operation: id=selectItemDtoByOrderIds, type=select, hasDollar=false
    Operation: id=selectByOrderId, type=select, hasDollar=false
    Operation: id=selectOrderItemVoByOrderId, type=select, hasDollar=false
    Operation: id=countSkuPurchased, type=select, hasDollar=false
  Mapper namespace: com.medusa.gruul.order.mapper.OrderEvaluateMapper
    Operation: id=searchOrderEvaluate, type=select, hasDollar=false
    Operation: id=userSearchOrderEvaluate, type=select, hasDollar=false
  Mapper namespace: com.medusa.gruul.payment.mapper.PaymentMapper
    Operation: id=selectOrderStatus, type=select, hasDollar=false
  Mapper namespace: com.medusa.gruul.platform.mapper.SysShopPackageMapper
    Operation: id=selectByTemplateLastPackage, type=select, hasDollar=false
  Mapper namespace: com.medusa.gruul.platform.mapper.PlatformShopTemplateDetailMapper
    Operation: id=selectShopTeamplteNewDetail, type=select, hasDollar=false
    Operation: id=selectByFilterById, type=select, hasDollar=false
  Mapper namespace: com.medusa.gruul.shops.mapper.ShopGuidePageSwitchMapper
    Operation: id=updateShopGuidePageSwitchStatus, type=update, hasDollar=false
  Mapper namespace: com.medusa.gruul.shops.mapper.ShopGuidePageMapper
    Operation: id=updateShopGuidePage, type=update, hasDollar=false
  Mapper namespace: com.medusa.gruul.shops.mapper.ShopsPartnerMapper
    Operation: id=selectByPlatformId, type=select, hasDollar=false
  Mapper namespace: com.medusa.gruul.shops.mapper.ShopsRenovationTemPageAssMapper
    Operation: id=listTemplatePageAssemblyByPageId, type=select, hasDollar=false
    Operation: id=listTemplatePageAssembly, type=select, hasDollar=false
    Operation: id=getFitmentInfoByTypeNotNull, type=select, hasDollar=false
  Mapper namespace: com.medusa.gruul.shops.mapper.ShopsRenovationTemPageMapper
    Operation: id=listTemplatePage, type=select, hasDollar=false
    Operation: id=selectByModelId, type=select, hasDollar=false
    Operation: id=getFitmentInfoByTypeNotNull, type=select, hasDollar=false
  Mapper namespace: com.medusa.gruul.shops.mapper.ShopsRenovationPluginMapper
    Operation: id=listPlugin, type=select, hasDollar=false
  Mapper namespace: com.medusa.gruul.shops.mapper.ShopsRenovationTemMapper
    Operation: id=listTemplate, type=select, hasDollar=false
  Mapper namespace: com.medusa.gruul.sms.mapper.TSmsTemplateEntityMapper
    Operation: id=searchByEntity, type=select, hasDollar=false
  Mapper namespace: com.medusa.gruul.sms.mapper.TSmsOrderEntityMapper
    Operation: id=doListWaitSendOrder, type=select, hasDollar=false
    Operation: id=getSendSmsCfg, type=select, hasDollar=false
  Mapper namespace: com.medusa.gruul.sms.mapper.TSmsSignEntityMapper
    Operation: id=insert, type=insert, hasDollar=false
    Operation: id=selectByPrimaryKey, type=select, hasDollar=false
    Operation: id=searchByEntityCount, type=select, hasDollar=false
    Operation: id=searchByEntity, type=select, hasDollar=false
  Mapper namespace: com.medusa.gruul.sms.mapper.TSmsProviderEntityMapper
    Operation: id=searchByEntity, type=select, hasDollar=false
Collected 25 write field names from INSERT/UPDATE operations
Extracted 310 source metadata entries (before filtering)
Resolving 48 mapper namespaces...
  Namespace resolve: com.medusa.gruul.account.mapper.MiniAccountFootMarkMapper -> com.medusa.gruul.account.mapper.MiniAccountFootMarkMapper
  Namespace resolve: com.medusa.gruul.account.mapper.MiniAccountExtendsMapper -> com.medusa.gruul.account.mapper.MiniAccountExtendsMapper
  Namespace resolve: com.medusa.gruul.account.mapper.MiniAccountCollectMapper -> com.medusa.gruul.account.mapper.MiniAccountCollectMapper
  Namespace resolve: com.medusa.gruul.account.mapper.MiniAccountMapper -> com.medusa.gruul.account.mapper.MiniAccountMapper
  Namespace resolve: com.medusa.gruul.afs.mapper.AfsOrderMapper -> com.medusa.gruul.afs.mapper.AfsOrderMapper
  Namespace resolve: com.medusa.gruul.afs.mapper.AfsOrderItemMapper -> com.medusa.gruul.afs.mapper.AfsOrderItemMapper
  Namespace resolve: com.medusa.gruul.afs.mapper.AfsNegotiateHistoryMapper -> com.medusa.gruul.afs.mapper.AfsNegotiateHistoryMapper
  Namespace resolve: com.medusa.gruul.goods.mapper.manager.ProductAttributeMapper -> com.medusa.gruul.goods.mapper.manager.ProductAttributeMapper
  Namespace resolve: com.medusa.gruul.goods.mapper.manager.CsvProductMapper -> com.medusa.gruul.goods.mapper.manager.CsvProductMapper
  Namespace resolve: com.medusa.gruul.goods.mapper.manager.SupplierMapper -> com.medusa.gruul.goods.mapper.manager.SupplierMapper
  Namespace resolve: com.medusa.gruul.goods.mapper.manager.SkuStockMapper -> com.medusa.gruul.goods.mapper.manager.SkuStockMapper
  Namespace resolve: com.medusa.gruul.goods.mapper.manager.DiscountProductMapper -> com.medusa.gruul.goods.mapper.manager.DiscountProductMapper
  Namespace resolve: com.medusa.gruul.goods.mapper.manager.AttributeTemplateMapper -> com.medusa.gruul.goods.mapper.manager.AttributeTemplateMapper
  Namespace resolve: com.medusa.gruul.goods.mapper.manager.ProductMapper -> com.medusa.gruul.goods.mapper.manager.ProductMapper
  Namespace resolve: com.medusa.gruul.goods.mapper.manager.SaleModeMapper -> com.medusa.gruul.goods.mapper.manager.SaleModeMapper
  Namespace resolve: com.medusa.gruul.goods.mapper.manager.ShowCategoryMapper -> com.medusa.gruul.goods.mapper.manager.ShowCategoryMapper
  Namespace resolve: com.medusa.gruul.goods.mapper.api.ApiAliveProductMapper -> com.medusa.gruul.goods.mapper.api.ApiAliveProductMapper
  Namespace resolve: com.medusa.gruul.goods.mapper.api.ApiShowCategoryMapper -> com.medusa.gruul.goods.mapper.api.ApiShowCategoryMapper
  Namespace resolve: com.medusa.gruul.goods.mapper.api.ApiProductSkuMapper -> com.medusa.gruul.goods.mapper.api.ApiProductSkuMapper
  Namespace resolve: com.medusa.gruul.goods.mapper.api.ApiShoppingCartMapper -> com.medusa.gruul.goods.mapper.api.ApiShoppingCartMapper
  Namespace resolve: com.medusa.gruul.goods.mapper.api.ApiProductMapper -> com.medusa.gruul.goods.mapper.api.ApiProductMapper
  Namespace resolve: com.medusa.gruul.logistics.mapper.LogisticsExpressMapper -> com.medusa.gruul.logistics.mapper.LogisticsExpressMapper
  Namespace resolve: com.medusa.gruul.logistics.mapper.LogisticsIncludePostageMapper -> com.medusa.gruul.logistics.mapper.LogisticsIncludePostageMapper
  Namespace resolve: com.medusa.gruul.logistics.mapper.LogisticsCompanyMapper -> com.medusa.gruul.logistics.mapper.LogisticsCompanyMapper
  Namespace resolve: com.medusa.gruul.logistics.mapper.LogisticsExpressPrintMapper -> com.medusa.gruul.logistics.mapper.LogisticsExpressPrintMapper
  Namespace resolve: com.medusa.gruul.logistics.mapper.LogisticsExpressAddressMapper -> com.medusa.gruul.logistics.mapper.LogisticsExpressAddressMapper
  Namespace resolve: com.medusa.gruul.logistics.mapper.LogisticsTemplateMapper -> com.medusa.gruul.logistics.mapper.LogisticsTemplateMapper
  Namespace resolve: com.medusa.gruul.logistics.mapper.LogisticsShippingModelMapper -> com.medusa.gruul.logistics.mapper.LogisticsShippingModelMapper
  Namespace resolve: com.medusa.gruul.order.mapper.AfsOrderMapper -> com.medusa.gruul.order.mapper.AfsOrderMapper
  Namespace resolve: com.medusa.gruul.order.mapper.OrderProductEvaluateMapper -> com.medusa.gruul.order.mapper.OrderProductEvaluateMapper
  Namespace resolve: com.medusa.gruul.order.mapper.OrderMapper -> com.medusa.gruul.order.mapper.OrderMapper
  Namespace resolve: com.medusa.gruul.order.mapper.OrderDeliveryMapper -> com.medusa.gruul.order.mapper.OrderDeliveryMapper
  Namespace resolve: com.medusa.gruul.order.mapper.OrderItemMapper -> com.medusa.gruul.order.mapper.OrderItemMapper
  Namespace resolve: com.medusa.gruul.order.mapper.OrderEvaluateMapper -> com.medusa.gruul.order.mapper.OrderEvaluateMapper
  Namespace resolve: com.medusa.gruul.payment.mapper.PaymentMapper -> com.medusa.gruul.payment.mapper.PaymentMapper
  Namespace resolve: com.medusa.gruul.platform.mapper.SysShopPackageMapper -> com.medusa.gruul.platform.mapper.SysShopPackageMapper
  Namespace resolve: com.medusa.gruul.platform.mapper.PlatformShopTemplateDetailMapper -> com.medusa.gruul.platform.mapper.PlatformShopTemplateDetailMapper
  Namespace resolve: com.medusa.gruul.shops.mapper.ShopGuidePageSwitchMapper -> com.medusa.gruul.shops.mapper.ShopGuidePageSwitchMapper
  Namespace resolve: com.medusa.gruul.shops.mapper.ShopGuidePageMapper -> com.medusa.gruul.shops.mapper.ShopGuidePageMapper
  Namespace resolve: com.medusa.gruul.shops.mapper.ShopsPartnerMapper -> com.medusa.gruul.shops.mapper.ShopsPartnerMapper
  Namespace resolve: com.medusa.gruul.shops.mapper.ShopsRenovationTemPageAssMapper -> com.medusa.gruul.shops.mapper.ShopsRenovationTemPageAssMapper
  Namespace resolve: com.medusa.gruul.shops.mapper.ShopsRenovationTemPageMapper -> com.medusa.gruul.shops.mapper.ShopsRenovationTemPageMapper
  Namespace resolve: com.medusa.gruul.shops.mapper.ShopsRenovationPluginMapper -> com.medusa.gruul.shops.mapper.ShopsRenovationPluginMapper
  Namespace resolve: com.medusa.gruul.shops.mapper.ShopsRenovationTemMapper -> com.medusa.gruul.shops.mapper.ShopsRenovationTemMapper
  Namespace resolve: com.medusa.gruul.sms.mapper.TSmsTemplateEntityMapper -> com.medusa.gruul.sms.mapper.TSmsTemplateEntityMapper
  Namespace resolve: com.medusa.gruul.sms.mapper.TSmsOrderEntityMapper -> com.medusa.gruul.sms.mapper.TSmsOrderEntityMapper
  Namespace resolve: com.medusa.gruul.sms.mapper.TSmsSignEntityMapper -> com.medusa.gruul.sms.mapper.TSmsSignEntityMapper
  Namespace resolve: com.medusa.gruul.sms.mapper.TSmsProviderEntityMapper -> com.medusa.gruul.sms.mapper.TSmsProviderEntityMapper
Extracted 79 sink metadata entries (deduplicated, before risk filtering)
Sources: 310 generated, 0 filtered, 0 deduplicated
Sinks: 79 generated (risky), 0 filtered (safe), 0 deduplicated
  Note: 'risky' means uses string concatenation ($), 'safe' means uses prepared statement (#)
Written taint config to: output/taint-config-generated.yml
  Sources: 310 (SRFA param) + framework call sources
  Sinks: 79
  Transfers: standard set included
SRFA Analysis completed at: 2026-02-27 19:54:32 (Duration: 116ms)
srfaAnalysis finishes, elapsed time: 0.12s
pta starts ...
Loading taint config from /Users/yuntsy/My/Projects/Java/WebAnalyzer/output/taint-config-generated.yml
Ignore {"method":"<org.apache.shiro.SecurityUtils: org.apache.shiro.subject.Subject getSubject()>","type":"org.apache.shiro.subject.Subject"} due to missing source "kind"
Ignore {"method":"<org.apache.shiro.subject.Subject: java.lang.Object getPrincipal()>","type":"java.lang.Object"} due to missing source "kind"
Ignore {"method":"<org.apache.shiro.subject.Subject: org.apache.shiro.subject.PrincipalCollection getPrincipals()>","type":"org.apache.shiro.subject.PrincipalCollection"} due to missing source "kind"
Ignore {"method":"<org.apache.shiro.subject.PrincipalCollection: java.lang.Object getPrimaryPrincipal()>","type":"java.lang.Object"} due to missing source "kind"
Ignore {"method":"<org.springframework.security.core.context.SecurityContextHolder: org.springframework.security.core.context.SecurityContext getContext()>","type":"org.springframework.security.core.context.SecurityContext"} due to missing source "kind"
Ignore {"method":"<org.springframework.security.core.context.SecurityContext: org.springframework.security.core.Authentication getAuthentication()>","type":"org.springframework.security.core.Authentication"} due to missing source "kind"
Ignore {"method":"<org.springframework.security.core.Authentication: java.lang.Object getPrincipal()>","type":"java.lang.Object"} due to missing source "kind"
Ignore {"method":"<org.springframework.security.core.Authentication: java.lang.Object getDetails()>","type":"java.lang.Object"} due to missing source "kind"
Ignore {"method":"<org.springframework.security.core.Authentication: java.lang.String getName()>","type":"java.lang.String"} due to missing source "kind"
Ignore {"method":"<org.springframework.security.core.Authentication: java.util.Collection getAuthorities()>","type":"java.util.Collection"} due to missing source "kind"
Ignore {"method":"<org.springframework.security.core.userdetails.UserDetails: java.lang.String getUsername()>","type":"java.lang.String"} due to missing source "kind"
Ignore {"method":"<javax.servlet.http.HttpSession: java.lang.Object getAttribute(java.lang.String)>","type":"java.lang.Object"} due to missing source "kind"
Ignore {"method":"<javax.servlet.http.HttpSession: java.lang.Object getValue(java.lang.String)>","type":"java.lang.Object"} due to missing source "kind"
Ignore {"method":"<javax.servlet.http.HttpServletRequest: javax.servlet.http.HttpSession getSession()>","type":"javax.servlet.http.HttpSession"} due to missing source "kind"
Ignore {"method":"<javax.servlet.http.HttpServletRequest: javax.servlet.http.HttpSession getSession(boolean)>","type":"javax.servlet.http.HttpSession"} due to missing source "kind"
Ignore {"method":"<javax.servlet.http.HttpServletRequest: java.security.Principal getUserPrincipal()>","type":"java.security.Principal"} due to missing source "kind"
Ignore {"method":"<java.security.Principal: java.lang.String getName()>","type":"java.lang.String"} due to missing source "kind"
Ignore {"method":"<javax.servlet.http.HttpServletRequest: java.lang.Object getAttribute(java.lang.String)>","type":"java.lang.Object"} due to missing source "kind"
Ignore {"method":"<javax.servlet.ServletRequest: java.lang.Object getAttribute(java.lang.String)>","type":"java.lang.Object"} due to missing source "kind"
Ignore {"method":"<java.lang.ThreadLocal: java.lang.Object get()>","type":"java.lang.Object"} due to missing source "kind"
Ignore {"method":"<java.lang.InheritableThreadLocal: java.lang.Object get()>","type":"java.lang.Object"} due to missing source "kind"
Cannot find taint-transfer method '<java.util.LinkedHashMap: java.lang.Object put(java.lang.Object,java.lang.Object)>'
Cannot find taint-transfer method '<javax.servlet.http.HttpServletRequest: java.lang.String getParameter(java.lang.String)>'
Cannot find taint-transfer method '<javax.servlet.ServletRequest: java.lang.String getParameter(java.lang.String)>'
Cannot find taint-transfer method '<javax.servlet.http.HttpServletRequest: java.lang.String[] getParameterValues(java.lang.String)>'
Cannot find taint-transfer method '<javax.servlet.http.HttpServletRequest: java.lang.String getHeader(java.lang.String)>'
Cannot find taint-transfer method '<javax.servlet.http.HttpServletRequest: java.lang.String getQueryString()>'
Cannot find taint-transfer method '<javax.servlet.http.HttpServletRequest: java.lang.String getRequestURI()>'
Cannot find taint-transfer method '<javax.servlet.http.HttpServletRequest: java.lang.StringBuffer getRequestURL()>'
Cannot find taint-transfer method '<javax.servlet.http.HttpServletRequest: java.lang.String getRemoteAddr()>'
Cannot find taint-transfer method '<javax.servlet.http.HttpServletRequest: java.lang.Object getAttribute(java.lang.String)>'
Cannot find taint-transfer method '<org.apache.shiro.subject.Subject: java.lang.Object getPrincipal()>'
Cannot find taint-transfer method '<org.apache.shiro.subject.Subject: org.apache.shiro.subject.PrincipalCollection getPrincipals()>'
Cannot find taint-transfer method '<org.apache.shiro.subject.PrincipalCollection: java.lang.Object getPrimaryPrincipal()>'
Cannot find taint-transfer method '<org.apache.shiro.subject.PrincipalCollection: java.util.Collection fromRealm(java.lang.String)>'
Cannot find taint-transfer method '<org.springframework.security.core.context.SecurityContext: org.springframework.security.core.Authentication getAuthentication()>'
Cannot find taint-transfer method '<org.springframework.security.core.Authentication: java.lang.Object getPrincipal()>'
Cannot find taint-transfer method '<org.springframework.security.core.Authentication: java.lang.Object getDetails()>'
Cannot find taint-transfer method '<org.springframework.security.core.Authentication: java.lang.String getName()>'
Cannot find taint-transfer method '<org.springframework.security.core.Authentication: java.util.Collection getAuthorities()>'
Cannot find taint-transfer method '<org.springframework.security.core.userdetails.UserDetails: java.lang.String getUsername()>'
Cannot find taint-transfer method '<org.springframework.security.core.GrantedAuthority: java.lang.String getAuthority()>'
Cannot find taint-transfer method '<javax.servlet.http.HttpSession: java.lang.Object getAttribute(java.lang.String)>'
Cannot find taint-transfer method '<javax.servlet.http.HttpSession: java.lang.Object getValue(java.lang.String)>'
Cannot find taint-transfer method '<javax.servlet.http.HttpSession: void setAttribute(java.lang.String,java.lang.Object)>'
Cannot find taint-transfer method '<java.lang.InheritableThreadLocal: java.lang.Object get()>'
TaintConfig:
sources:
  - { kind: "param", method: "<com.medusa.gruul.account.web.controller.MiniAccountAddressController: com.medusa.gruul.common.core.util.Result addressGet(java.lang.Integer)>", index: "0", type: "java.lang.Integer" }
  - { kind: "param", method: "<com.medusa.gruul.account.web.controller.MiniAccountAddressController: com.medusa.gruul.common.core.util.Result addressCreate(com.medusa.gruul.account.model.dto.AddressCraeteDto)>", index: "0", type: "com.medusa.gruul.account.model.dto.AddressCraeteDto" }
  - { kind: "param", method: "<com.medusa.gruul.account.web.controller.MiniAccountAddressController: com.medusa.gruul.common.core.util.Result addersUpdate(com.medusa.gruul.account.model.dto.AddressUpdateDto)>", index: "0", type: "com.medusa.gruul.account.model.dto.AddressUpdateDto" }
  - { kind: "param", method: "<com.medusa.gruul.account.web.controller.MiniAccountAddressController: com.medusa.gruul.common.core.util.Result addressDelete(java.lang.Integer)>", index: "0", type: "java.lang.Integer" }
  - { kind: "param", method: "<com.medusa.gruul.account.web.controller.MiniAccountAddressController: com.medusa.gruul.common.core.util.Result getArea(java.lang.Integer,java.lang.String)>", index: "0", type: "java.lang.Integer" }
  - { kind: "param", method: "<com.medusa.gruul.account.web.controller.MiniAccountAddressController: com.medusa.gruul.common.core.util.Result getArea(java.lang.Integer,java.lang.String)>", index: "1", type: "java.lang.String" }
  - { kind: "param", method: "<com.medusa.gruul.account.web.controller.MiniAccountAddressController: com.medusa.gruul.common.core.util.Result getLatitudeAndLongitude(java.lang.String)>", index: "0", type: "java.lang.String" }
  - { kind: "param", method: "<com.medusa.gruul.account.web.controller.MiniAccountAddressController: com.medusa.gruul.common.core.util.Result analysisLatitudeAndLongitude(java.lang.String)>", index: "0", type: "java.lang.String" }
  - { kind: "param", method: "<com.medusa.gruul.account.web.controller.MiniAccountController: com.medusa.gruul.common.core.util.Result login(java.lang.String)>", index: "0", type: "java.lang.String" }
  - { kind: "param", method: "<com.medusa.gruul.account.web.controller.MiniAccountController: com.medusa.gruul.common.core.util.Result decodePhoneInfo(com.medusa.gruul.account.model.dto.DecodePhoneInfo)>", index: "0", type: "com.medusa.gruul.account.model.dto.DecodePhoneInfo" }
  - { kind: "param", method: "<com.medusa.gruul.account.web.controller.MiniAccountController: com.medusa.gruul.common.core.util.Result updateUserBaseInfo(com.medusa.gruul.account.model.dto.UpdateUserBaseInfoDto)>", index: "0", type: "com.medusa.gruul.account.model.dto.UpdateUserBaseInfoDto" }
  - { kind: "param", method: "<com.medusa.gruul.account.web.controller.MiniAccountController: com.medusa.gruul.common.core.util.Result userInfo(java.lang.Integer)>", index: "0", type: "java.lang.Integer" }
  - { kind: "param", method: "<com.medusa.gruul.account.web.controller.MiniAccountController: com.medusa.gruul.common.core.util.Result userList(java.lang.Integer,java.lang.Integer,java.lang.String,java.lang.Long,java.lang.String,java.lang.String,java.lang.Integer)>", index: "0", type: "java.lang.Integer" }
  - { kind: "param", method: "<com.medusa.gruul.account.web.controller.MiniAccountController: com.medusa.gruul.common.core.util.Result userList(java.lang.Integer,java.lang.Integer,java.lang.String,java.lang.Long,java.lang.String,java.lang.String,java.lang.Integer)>", index: "1", type: "java.lang.Integer" }
  - { kind: "param", method: "<com.medusa.gruul.account.web.controller.MiniAccountController: com.medusa.gruul.common.core.util.Result userList(java.lang.Integer,java.lang.Integer,java.lang.String,java.lang.Long,java.lang.String,java.lang.String,java.lang.Integer)>", index: "2", type: "java.lang.String" }
  - { kind: "param", method: "<com.medusa.gruul.account.web.controller.MiniAccountController: com.medusa.gruul.common.core.util.Result userList(java.lang.Integer,java.lang.Integer,java.lang.String,java.lang.Long,java.lang.String,java.lang.String,java.lang.Integer)>", index: "3", type: "java.lang.Long" }
  - { kind: "param", method: "<com.medusa.gruul.account.web.controller.MiniAccountController: com.medusa.gruul.common.core.util.Result userList(java.lang.Integer,java.lang.Integer,java.lang.String,java.lang.Long,java.lang.String,java.lang.String,java.lang.Integer)>", index: "4", type: "java.lang.String" }
  - { kind: "param", method: "<com.medusa.gruul.account.web.controller.MiniAccountController: com.medusa.gruul.common.core.util.Result userList(java.lang.Integer,java.lang.Integer,java.lang.String,java.lang.Long,java.lang.String,java.lang.String,java.lang.Integer)>", index: "5", type: "java.lang.String" }
  - { kind: "param", method: "<com.medusa.gruul.account.web.controller.MiniAccountController: com.medusa.gruul.common.core.util.Result userList(java.lang.Integer,java.lang.Integer,java.lang.String,java.lang.Long,java.lang.String,java.lang.String,java.lang.Integer)>", index: "6", type: "java.lang.Integer" }
  - { kind: "param", method: "<com.medusa.gruul.account.web.controller.MiniAccountController: com.medusa.gruul.common.core.util.Result blacklist(java.lang.Integer,java.lang.Integer,java.lang.Integer,java.lang.String)>", index: "0", type: "java.lang.Integer" }
  - { kind: "param", method: "<com.medusa.gruul.account.web.controller.MiniAccountController: com.medusa.gruul.common.core.util.Result blacklist(java.lang.Integer,java.lang.Integer,java.lang.Integer,java.lang.String)>", index: "1", type: "java.lang.Integer" }
  - { kind: "param", method: "<com.medusa.gruul.account.web.controller.MiniAccountController: com.medusa.gruul.common.core.util.Result blacklist(java.lang.Integer,java.lang.Integer,java.lang.Integer,java.lang.String)>", index: "2", type: "java.lang.Integer" }
  - { kind: "param", method: "<com.medusa.gruul.account.web.controller.MiniAccountController: com.medusa.gruul.common.core.util.Result blacklist(java.lang.Integer,java.lang.Integer,java.lang.Integer,java.lang.String)>", index: "3", type: "java.lang.String" }
  - { kind: "param", method: "<com.medusa.gruul.account.web.controller.MiniAccountController: com.medusa.gruul.common.core.util.Result setBlacklist(com.medusa.gruul.account.model.dto.SetBlacklistDto)>", index: "0", type: "com.medusa.gruul.account.model.dto.SetBlacklistDto" }
  - { kind: "param", method: "<com.medusa.gruul.account.web.controller.MiniAccountExtendsController: com.medusa.gruul.common.core.util.Result updateUserExtendsInfo(com.medusa.gruul.account.model.dto.UpdateUserExtendsInfoDto)>", index: "0", type: "com.medusa.gruul.account.model.dto.UpdateUserExtendsInfoDto" }
  - { kind: "param", method: "<com.medusa.gruul.account.web.controller.MiniAccountTagController: com.medusa.gruul.common.core.util.Result settingUserTag(com.medusa.gruul.account.model.dto.UserTagDto)>", index: "0", type: "com.medusa.gruul.account.model.dto.UserTagDto" }
  - { kind: "param", method: "<com.medusa.gruul.account.web.controller.api.ApiMiniAccountCollectController: com.medusa.gruul.common.core.util.Result addAccountCollect(java.util.List)>", index: "0", type: "java.util.List" }
  - { kind: "param", method: "<com.medusa.gruul.account.web.controller.api.ApiMiniAccountCollectController: com.medusa.gruul.common.core.util.Result deleteAccountCollect(com.medusa.gruul.account.model.dto.UserCollectDto)>", index: "0", type: "com.medusa.gruul.account.model.dto.UserCollectDto" }
  - { kind: "param", method: "<com.medusa.gruul.account.web.controller.api.ApiMiniAccountCollectController: com.medusa.gruul.common.core.util.Result findAccountIsCollect(java.lang.Long)>", index: "0", type: "java.lang.Long" }
  - { kind: "param", method: "<com.medusa.gruul.account.web.controller.api.ApiMiniAccountFootMarkController: com.medusa.gruul.common.core.util.Result accountFootMarkList(com.medusa.gruul.account.model.vo.AccountFootMarkParam)>", index: "0", type: "com.medusa.gruul.account.model.vo.AccountFootMarkParam" }
  - { kind: "param", method: "<com.medusa.gruul.account.web.controller.api.ApiMiniAccountFootMarkController: com.medusa.gruul.common.core.util.Result addAccountFootMark(com.medusa.gruul.account.model.dto.AccountFootMarkDto)>", index: "0", type: "com.medusa.gruul.account.model.dto.AccountFootMarkDto" }
  - { kind: "param", method: "<com.medusa.gruul.account.web.controller.api.ApiMiniAccountFootMarkController: com.medusa.gruul.common.core.util.Result deleteAccountFootMark(java.lang.Long[],java.lang.Integer)>", index: "0", type: "java.lang.Long[]" }
  - { kind: "param", method: "<com.medusa.gruul.account.web.controller.api.ApiMiniAccountFootMarkController: com.medusa.gruul.common.core.util.Result deleteAccountFootMark(java.lang.Long[],java.lang.Integer)>", index: "1", type: "java.lang.Integer" }
  - { kind: "param", method: "<com.medusa.gruul.account.web.remote.RemoteMiniAccount: java.lang.Boolean portionAttributeModify(java.lang.String,com.medusa.gruul.account.api.model.MiniAccountExtendsUpdateDto)>", index: "0", type: "java.lang.String" }
  - { kind: "param", method: "<com.medusa.gruul.account.web.remote.RemoteMiniAccount: java.lang.Boolean portionAttributeModify(java.lang.String,com.medusa.gruul.account.api.model.MiniAccountExtendsUpdateDto)>", index: "1", type: "com.medusa.gruul.account.api.model.MiniAccountExtendsUpdateDto" }
  - { kind: "param", method: "<com.medusa.gruul.account.web.remote.RemoteMiniAccount: com.medusa.gruul.account.api.model.AccountInfoDto accountInfo(java.lang.String,java.util.List)>", index: "0", type: "java.lang.String" }
  - { kind: "param", method: "<com.medusa.gruul.account.web.remote.RemoteMiniAccount: com.medusa.gruul.account.api.model.AccountInfoDto accountInfo(java.lang.String,java.util.List)>", index: "1", type: "java.util.List" }
  - { kind: "param", method: "<com.medusa.gruul.account.web.remote.RemoteMiniAccount: java.util.List accountsInfoList(java.util.List)>", index: "0", type: "java.util.List" }
  - { kind: "param", method: "<com.medusa.gruul.afs.controller.AfsNegotiateHistoryController: com.medusa.gruul.common.core.util.Result negotiateHistoryList(com.medusa.gruul.afs.model.NegotiateHistoryDto)>", index: "0", type: "com.medusa.gruul.afs.model.NegotiateHistoryDto" }
  - { kind: "param", method: "<com.medusa.gruul.afs.controller.manage.MangeAfsOrderController: com.medusa.gruul.common.core.util.Result list(com.medusa.gruul.afs.model.SearchDto)>", index: "0", type: "com.medusa.gruul.afs.model.SearchDto" }
  - { kind: "param", method: "<com.medusa.gruul.afs.controller.manage.MangeAfsOrderController: com.medusa.gruul.common.core.util.Result sellerRefusal(com.medusa.gruul.afs.model.SellerRefusalDto)>", index: "0", type: "com.medusa.gruul.afs.model.SellerRefusalDto" }
  - { kind: "param", method: "<com.medusa.gruul.afs.controller.manage.MangeAfsOrderController: com.medusa.gruul.common.core.util.Result sellerApprove(java.lang.Long)>", index: "0", type: "java.lang.Long" }
  - { kind: "param", method: "<com.medusa.gruul.afs.controller.manage.MangeAfsOrderController: com.medusa.gruul.common.core.util.Result note(com.medusa.gruul.afs.model.SellerNoteDto)>", index: "0", type: "com.medusa.gruul.afs.model.SellerNoteDto" }
  - { kind: "param", method: "<com.medusa.gruul.afs.controller.manage.MangeAfsOrderController: com.medusa.gruul.common.core.util.Result getAfsOrderInfo(java.lang.Long)>", index: "0", type: "java.lang.Long" }
  - { kind: "param", method: "<com.medusa.gruul.afs.controller.mini.MiniAfsOrderController: com.medusa.gruul.common.core.util.Result searchOrder(com.medusa.gruul.afs.model.SearchOrderDto)>", index: "0", type: "com.medusa.gruul.afs.model.SearchOrderDto" }
  - { kind: "param", method: "<com.medusa.gruul.afs.controller.mini.MiniAfsOrderController: com.medusa.gruul.common.core.util.Result userApply(com.medusa.gruul.afs.model.UserApplyDto)>", index: "0", type: "com.medusa.gruul.afs.model.UserApplyDto" }
  - { kind: "param", method: "<com.medusa.gruul.afs.controller.mini.MiniAfsOrderController: com.medusa.gruul.common.core.util.Result getOrderApplyNumber(java.lang.Long)>", index: "0", type: "java.lang.Long" }
  - { kind: "param", method: "<com.medusa.gruul.afs.controller.mini.MiniAfsOrderController: com.medusa.gruul.common.core.util.Result getReturnAddress(java.lang.Long)>", index: "0", type: "java.lang.Long" }
  - { kind: "param", method: "<com.medusa.gruul.afs.controller.mini.MiniAfsOrderController: com.medusa.gruul.common.core.util.Result getAfsOrderInfo(java.lang.Long)>", index: "0", type: "java.lang.Long" }
  - { kind: "param", method: "<com.medusa.gruul.afs.controller.mini.MiniAfsOrderController: com.medusa.gruul.common.core.util.Result userCancel(java.lang.Long)>", index: "0", type: "java.lang.Long" }
  - { kind: "param", method: "<com.medusa.gruul.afs.controller.mini.MiniAfsOrderController: com.medusa.gruul.common.core.util.Result userReturn(java.lang.Long,java.lang.String,java.lang.String,java.lang.String,java.lang.String,java.lang.String)>", index: "0", type: "java.lang.Long" }
  - { kind: "param", method: "<com.medusa.gruul.afs.controller.mini.MiniAfsOrderController: com.medusa.gruul.common.core.util.Result userReturn(java.lang.Long,java.lang.String,java.lang.String,java.lang.String,java.lang.String,java.lang.String)>", index: "1", type: "java.lang.String" }
  - { kind: "param", method: "<com.medusa.gruul.afs.controller.mini.MiniAfsOrderController: com.medusa.gruul.common.core.util.Result userReturn(java.lang.Long,java.lang.String,java.lang.String,java.lang.String,java.lang.String,java.lang.String)>", index: "2", type: "java.lang.String" }
  - { kind: "param", method: "<com.medusa.gruul.afs.controller.mini.MiniAfsOrderController: com.medusa.gruul.common.core.util.Result userReturn(java.lang.Long,java.lang.String,java.lang.String,java.lang.String,java.lang.String,java.lang.String)>", index: "3", type: "java.lang.String" }
  - { kind: "param", method: "<com.medusa.gruul.afs.controller.mini.MiniAfsOrderController: com.medusa.gruul.common.core.util.Result userReturn(java.lang.Long,java.lang.String,java.lang.String,java.lang.String,java.lang.String,java.lang.String)>", index: "4", type: "java.lang.String" }
  - { kind: "param", method: "<com.medusa.gruul.afs.controller.mini.MiniAfsOrderController: com.medusa.gruul.common.core.util.Result userReturn(java.lang.Long,java.lang.String,java.lang.String,java.lang.String,java.lang.String,java.lang.String)>", index: "5", type: "java.lang.String" }
  - { kind: "param", method: "<com.medusa.gruul.afs.controller.mini.MiniAfsOrderItemController: com.medusa.gruul.common.core.util.Result getOrderGoodsApplyNumber(java.lang.Long)>", index: "0", type: "java.lang.Long" }
  - { kind: "param", method: "<com.medusa.gruul.afs.controller.remote.RemoteAfsController: java.util.List getAfsOrderByReceiptBillId(java.lang.Long)>", index: "0", type: "java.lang.Long" }
  - { kind: "param", method: "<com.medusa.gruul.afs.controller.remote.RemoteAfsController: java.lang.Long getAfsOrderNumber(java.lang.String)>", index: "0", type: "java.lang.String" }
  - { kind: "param", method: "<com.medusa.gruul.goods.web.controller.api.ApiProductController: com.medusa.gruul.common.core.util.Result getProductById(java.lang.Long)>", index: "0", type: "java.lang.Long" }
  - { kind: "param", method: "<com.medusa.gruul.goods.web.controller.api.ApiProductController: com.medusa.gruul.common.core.util.Result getIndexList(com.medusa.gruul.goods.api.model.param.api.ApiProductParam)>", index: "0", type: "com.medusa.gruul.goods.api.model.param.api.ApiProductParam" }
  - { kind: "param", method: "<com.medusa.gruul.goods.web.controller.api.ApiProductController: com.medusa.gruul.common.core.util.Result getSupermarketList(com.medusa.gruul.goods.api.model.param.api.ApiProductParam)>", index: "0", type: "com.medusa.gruul.goods.api.model.param.api.ApiProductParam" }
  - { kind: "param", method: "<com.medusa.gruul.goods.web.controller.api.ApiProductController: com.medusa.gruul.common.core.util.Result getAliveProductList(java.lang.Long[],java.lang.String,java.lang.Long)>", index: "0", type: "java.lang.Long[]" }
  - { kind: "param", method: "<com.medusa.gruul.goods.web.controller.api.ApiProductController: com.medusa.gruul.common.core.util.Result getAliveProductList(java.lang.Long[],java.lang.String,java.lang.Long)>", index: "1", type: "java.lang.String" }
  - { kind: "param", method: "<com.medusa.gruul.goods.web.controller.api.ApiProductController: com.medusa.gruul.common.core.util.Result getAliveProductList(java.lang.Long[],java.lang.String,java.lang.Long)>", index: "2", type: "java.lang.Long" }
  - { kind: "param", method: "<com.medusa.gruul.goods.web.controller.api.ApiProductController: com.medusa.gruul.common.core.util.Result getAliveProductListGroupByCategory(java.lang.Long[])>", index: "0", type: "java.lang.Long[]" }
  - { kind: "param", method: "<com.medusa.gruul.goods.web.controller.api.ApiProductController: com.medusa.gruul.common.core.util.Result getAliveProductListByCategory(java.lang.Long[],java.lang.Long)>", index: "0", type: "java.lang.Long[]" }
  - { kind: "param", method: "<com.medusa.gruul.goods.web.controller.api.ApiProductController: com.medusa.gruul.common.core.util.Result getAliveProductListByCategory(java.lang.Long[],java.lang.Long)>", index: "1", type: "java.lang.Long" }
  - { kind: "param", method: "<com.medusa.gruul.goods.web.controller.api.ApiShoppingCartController: com.medusa.gruul.common.core.util.Result addShoppingCart(com.medusa.gruul.goods.api.model.dto.api.ApiShoppingCartDto)>", index: "0", type: "com.medusa.gruul.goods.api.model.dto.api.ApiShoppingCartDto" }
  - { kind: "param", method: "<com.medusa.gruul.goods.web.controller.api.ApiShoppingCartController: com.medusa.gruul.common.core.util.Result updateShoppingCart(java.util.Map)>", index: "0", type: "java.util.Map" }
  - { kind: "param", method: "<com.medusa.gruul.goods.web.controller.api.ApiShoppingCartController: com.medusa.gruul.common.core.util.Result cleanEffectShoppingCart(java.lang.Long[])>", index: "0", type: "java.lang.Long[]" }
  - { kind: "param", method: "<com.medusa.gruul.goods.web.controller.api.ApiShoppingCartController: com.medusa.gruul.common.core.util.Result changeSelectStatus(java.lang.Long[],java.lang.Integer)>", index: "0", type: "java.lang.Long[]" }
  - { kind: "param", method: "<com.medusa.gruul.goods.web.controller.api.ApiShoppingCartController: com.medusa.gruul.common.core.util.Result changeSelectStatus(java.lang.Long[],java.lang.Integer)>", index: "1", type: "java.lang.Integer" }
  - { kind: "param", method: "<com.medusa.gruul.goods.web.controller.api.ApiShoppingCartController: com.medusa.gruul.common.core.util.Result deleteShoppingCartList(java.util.List)>", index: "0", type: "java.util.List" }
  - { kind: "param", method: "<com.medusa.gruul.goods.web.controller.api.ApiShowCategoryController: com.medusa.gruul.common.core.util.Result getApiShowCategoryListBySaleMode(java.lang.Long)>", index: "0", type: "java.lang.Long" }
  - { kind: "param", method: "<com.medusa.gruul.goods.web.controller.api.ApiSupplierController: com.medusa.gruul.common.core.util.Result addSupplier(com.medusa.gruul.goods.api.model.dto.api.ApiSupplierDto)>", index: "0", type: "com.medusa.gruul.goods.api.model.dto.api.ApiSupplierDto" }
  - { kind: "param", method: "<com.medusa.gruul.goods.web.controller.manager.AttributeTemplateController: com.medusa.gruul.common.core.util.Result getAttributeTemplateList(com.medusa.gruul.goods.api.model.param.manager.AttributeTemplateParam)>", index: "0", type: "com.medusa.gruul.goods.api.model.param.manager.AttributeTemplateParam" }
  - { kind: "param", method: "<com.medusa.gruul.goods.web.controller.manager.AttributeTemplateController: com.medusa.gruul.common.core.util.Result addAttributeTemplate(com.medusa.gruul.goods.api.model.dto.manager.AttributeTemplateDto)>", index: "0", type: "com.medusa.gruul.goods.api.model.dto.manager.AttributeTemplateDto" }
  - { kind: "param", method: "<com.medusa.gruul.goods.web.controller.manager.AttributeTemplateController: com.medusa.gruul.common.core.util.Result updateAttributeTemplate(com.medusa.gruul.goods.api.model.dto.manager.AttributeTemplateDto)>", index: "0", type: "com.medusa.gruul.goods.api.model.dto.manager.AttributeTemplateDto" }
  - { kind: "param", method: "<com.medusa.gruul.goods.web.controller.manager.AttributeTemplateController: com.medusa.gruul.common.core.util.Result deleteAttributeTemplateList(java.lang.Long[])>", index: "0", type: "java.lang.Long[]" }
  - { kind: "param", method: "<com.medusa.gruul.goods.web.controller.manager.AttributeTemplateController: com.medusa.gruul.common.core.util.Result deleteAttributeTemplateChild(java.lang.Long)>", index: "0", type: "java.lang.Long" }
  - { kind: "param", method: "<com.medusa.gruul.goods.web.controller.manager.FreightTemplateController: com.medusa.gruul.common.core.util.Result findFreightTemplateInfoByLogistics(java.lang.Long)>", index: "0", type: "java.lang.Long" }
  - { kind: "param", method: "<com.medusa.gruul.goods.web.controller.manager.ProductAttributeController: com.medusa.gruul.common.core.util.Result selectByProductId(java.lang.Long)>", index: "0", type: "java.lang.Long" }
  - { kind: "param", method: "<com.medusa.gruul.goods.web.controller.manager.ProductController: com.medusa.gruul.common.core.util.Result getProductList(com.medusa.gruul.goods.api.model.param.manager.ProductParam)>", index: "0", type: "com.medusa.gruul.goods.api.model.param.manager.ProductParam" }
  - { kind: "param", method: "<com.medusa.gruul.goods.web.controller.manager.ProductController: com.medusa.gruul.common.core.util.Result getProductById(java.lang.Long)>", index: "0", type: "java.lang.Long" }
  - { kind: "param", method: "<com.medusa.gruul.goods.web.controller.manager.ProductController: com.medusa.gruul.common.core.util.Result getSkuStockAndMemberPriceById(java.lang.Long)>", index: "0", type: "java.lang.Long" }
  - { kind: "param", method: "<com.medusa.gruul.goods.web.controller.manager.ProductController: com.medusa.gruul.common.core.util.Result issueProduct(com.medusa.gruul.goods.api.model.dto.manager.ProductDto)>", index: "0", type: "com.medusa.gruul.goods.api.model.dto.manager.ProductDto" }
  - { kind: "param", method: "<com.medusa.gruul.goods.web.controller.manager.ProductController: com.medusa.gruul.common.core.util.Result updateProduct(com.medusa.gruul.goods.api.model.dto.manager.ProductDto)>", index: "0", type: "com.medusa.gruul.goods.api.model.dto.manager.ProductDto" }
  - { kind: "param", method: "<com.medusa.gruul.goods.web.controller.manager.ProductController: com.medusa.gruul.common.core.util.Result updateProductShowCategory(java.lang.Long[],java.util.List)>", index: "0", type: "java.lang.Long[]" }
  - { kind: "param", method: "<com.medusa.gruul.goods.web.controller.manager.ProductController: com.medusa.gruul.common.core.util.Result updateProductShowCategory(java.lang.Long[],java.util.List)>", index: "1", type: "java.util.List" }
  - { kind: "param", method: "<com.medusa.gruul.goods.web.controller.manager.ProductController: com.medusa.gruul.common.core.util.Result updateProductSaleMode(java.lang.Long[],java.lang.Long)>", index: "0", type: "java.lang.Long[]" }
  - { kind: "param", method: "<com.medusa.gruul.goods.web.controller.manager.ProductController: com.medusa.gruul.common.core.util.Result updateProductSaleMode(java.lang.Long[],java.lang.Long)>", index: "1", type: "java.lang.Long" }
  - { kind: "param", method: "<com.medusa.gruul.goods.web.controller.manager.ProductController: com.medusa.gruul.common.core.util.Result updateProductStatus(java.lang.Long[],java.lang.Integer)>", index: "0", type: "java.lang.Long[]" }
  - { kind: "param", method: "<com.medusa.gruul.goods.web.controller.manager.ProductController: com.medusa.gruul.common.core.util.Result updateProductStatus(java.lang.Long[],java.lang.Integer)>", index: "1", type: "java.lang.Integer" }
  - { kind: "param", method: "<com.medusa.gruul.goods.web.controller.manager.ProductController: com.medusa.gruul.common.core.util.Result deleteProductList(java.lang.Long[])>", index: "0", type: "java.lang.Long[]" }
  - { kind: "param", method: "<com.medusa.gruul.goods.web.controller.manager.ProductController: com.medusa.gruul.common.core.util.Result getDiscountProductList(com.medusa.gruul.goods.api.model.param.manager.DiscountProductParam)>", index: "0", type: "com.medusa.gruul.goods.api.model.param.manager.DiscountProductParam" }
  - { kind: "param", method: "<com.medusa.gruul.goods.web.controller.manager.ProductController: com.medusa.gruul.common.core.util.Result getAliveProductList(java.lang.Long[])>", index: "0", type: "java.lang.Long[]" }
  - { kind: "param", method: "<com.medusa.gruul.goods.web.controller.manager.ProductController: com.medusa.gruul.common.core.util.Result importCsvProduct(org.springframework.web.multipart.MultipartFile)>", index: "0", type: "org.springframework.web.multipart.MultipartFile" }
  - { kind: "param", method: "<com.medusa.gruul.goods.web.controller.manager.ProductController: com.medusa.gruul.common.core.util.Result getCsvProductList(com.medusa.gruul.goods.api.model.param.manager.ProductParam)>", index: "0", type: "com.medusa.gruul.goods.api.model.param.manager.ProductParam" }
  - { kind: "param", method: "<com.medusa.gruul.goods.web.controller.manager.SaleModeController: com.medusa.gruul.common.core.util.Result getSaleModeList(com.medusa.gruul.goods.api.model.param.manager.SaleModeParam)>", index: "0", type: "com.medusa.gruul.goods.api.model.param.manager.SaleModeParam" }
  - { kind: "param", method: "<com.medusa.gruul.goods.web.controller.manager.SaleModeController: com.medusa.gruul.common.core.util.Result addSaleMode(java.util.List)>", index: "0", type: "java.util.List" }
  - { kind: "param", method: "<com.medusa.gruul.goods.web.controller.manager.SaleModeController: com.medusa.gruul.common.core.util.Result updateSaleMode(com.medusa.gruul.goods.api.model.dto.manager.SaleModeDto)>", index: "0", type: "com.medusa.gruul.goods.api.model.dto.manager.SaleModeDto" }
  - { kind: "param", method: "<com.medusa.gruul.goods.web.controller.manager.SaleModeController: com.medusa.gruul.common.core.util.Result deleteShowCategoryList(java.lang.Long)>", index: "0", type: "java.lang.Long" }
  - { kind: "param", method: "<com.medusa.gruul.goods.web.controller.manager.SaleModeController: com.medusa.gruul.common.core.util.Result updateSaleModeSort(java.util.List)>", index: "0", type: "java.util.List" }
  - { kind: "param", method: "<com.medusa.gruul.goods.web.controller.manager.ShowCategoryController: com.medusa.gruul.common.core.util.Result getShowCategoryList(com.medusa.gruul.goods.api.model.param.manager.ShowCategoryParam)>", index: "0", type: "com.medusa.gruul.goods.api.model.param.manager.ShowCategoryParam" }
  - { kind: "param", method: "<com.medusa.gruul.goods.web.controller.manager.ShowCategoryController: com.medusa.gruul.common.core.util.Result getAllShowCategoryList(com.medusa.gruul.goods.api.model.param.manager.ShowCategoryParam)>", index: "0", type: "com.medusa.gruul.goods.api.model.param.manager.ShowCategoryParam" }
  - { kind: "param", method: "<com.medusa.gruul.goods.web.controller.manager.ShowCategoryController: com.medusa.gruul.common.core.util.Result getShowCategoryById(java.lang.String)>", index: "0", type: "java.lang.String" }
  - { kind: "param", method: "<com.medusa.gruul.goods.web.controller.manager.ShowCategoryController: com.medusa.gruul.common.core.util.Result addShowCategory(com.medusa.gruul.goods.api.model.dto.manager.ShowCategoryDto)>", index: "0", type: "com.medusa.gruul.goods.api.model.dto.manager.ShowCategoryDto" }
  - { kind: "param", method: "<com.medusa.gruul.goods.web.controller.manager.ShowCategoryController: com.medusa.gruul.common.core.util.Result addSecondList(java.util.List)>", index: "0", type: "java.util.List" }
  - { kind: "param", method: "<com.medusa.gruul.goods.web.controller.manager.ShowCategoryController: com.medusa.gruul.common.core.util.Result updateShowCategory(com.medusa.gruul.goods.api.model.dto.manager.ShowCategoryDto)>", index: "0", type: "com.medusa.gruul.goods.api.model.dto.manager.ShowCategoryDto" }
  - { kind: "param", method: "<com.medusa.gruul.goods.web.controller.manager.ShowCategoryController: com.medusa.gruul.common.core.util.Result deleteShowCategoryList(java.lang.Long)>", index: "0", type: "java.lang.Long" }
  - { kind: "param", method: "<com.medusa.gruul.goods.web.controller.manager.ShowCategoryController: com.medusa.gruul.common.core.util.Result updateShowCategorySort(java.util.List)>", index: "0", type: "java.util.List" }
  - { kind: "param", method: "<com.medusa.gruul.goods.web.controller.manager.SkuStockController: com.medusa.gruul.common.core.util.Result findById(java.lang.Long)>", index: "0", type: "java.lang.Long" }
  - { kind: "param", method: "<com.medusa.gruul.goods.web.controller.manager.SupplierController: com.medusa.gruul.common.core.util.Result getSupplierProductList(com.medusa.gruul.goods.api.model.param.manager.ProductParam)>", index: "0", type: "com.medusa.gruul.goods.api.model.param.manager.ProductParam" }
  - { kind: "param", method: "<com.medusa.gruul.goods.web.controller.manager.SupplierController: com.medusa.gruul.common.core.util.Result getSupplierList(com.medusa.gruul.goods.api.model.param.manager.SupplierParam)>", index: "0", type: "com.medusa.gruul.goods.api.model.param.manager.SupplierParam" }
  - { kind: "param", method: "<com.medusa.gruul.goods.web.controller.manager.SupplierController: com.medusa.gruul.common.core.util.Result addSupplier(com.medusa.gruul.goods.api.model.dto.manager.SupplierDto)>", index: "0", type: "com.medusa.gruul.goods.api.model.dto.manager.SupplierDto" }
  - { kind: "param", method: "<com.medusa.gruul.goods.web.controller.manager.SupplierController: com.medusa.gruul.common.core.util.Result updateSupplier(com.medusa.gruul.goods.api.model.dto.manager.SupplierDto)>", index: "0", type: "com.medusa.gruul.goods.api.model.dto.manager.SupplierDto" }
  - { kind: "param", method: "<com.medusa.gruul.goods.web.controller.manager.SupplierController: com.medusa.gruul.common.core.util.Result checkSupplier(com.medusa.gruul.goods.api.model.dto.manager.SupplierDto)>", index: "0", type: "com.medusa.gruul.goods.api.model.dto.manager.SupplierDto" }
  - { kind: "param", method: "<com.medusa.gruul.goods.web.controller.manager.SupplierController: com.medusa.gruul.common.core.util.Result deleteSupplierList(java.lang.Long[])>", index: "0", type: "java.lang.Long[]" }
  - { kind: "param", method: "<com.medusa.gruul.goods.web.remote.GoodsController: com.medusa.gruul.goods.api.entity.SkuStock findSkuStockById(java.lang.Long)>", index: "0", type: "java.lang.Long" }
  - { kind: "param", method: "<com.medusa.gruul.goods.web.remote.GoodsController: java.util.Collection findSkuStockListByIds(java.util.Set)>", index: "0", type: "java.util.Set" }
  - { kind: "param", method: "<com.medusa.gruul.goods.web.remote.GoodsController: java.util.Collection findSkuStockListByProductIds(java.util.Set)>", index: "0", type: "java.util.Set" }
  - { kind: "param", method: "<com.medusa.gruul.goods.web.remote.GoodsController: java.lang.Boolean subtractStock(com.medusa.gruul.goods.api.param.OperateStockDto)>", index: "0", type: "com.medusa.gruul.goods.api.param.OperateStockDto" }
  - { kind: "param", method: "<com.medusa.gruul.goods.web.remote.GoodsController: java.lang.Boolean batchSubtractStock(java.util.List)>", index: "0", type: "java.util.List" }
  - { kind: "param", method: "<com.medusa.gruul.goods.web.remote.GoodsController: java.lang.Boolean batchRevertStock(java.util.List)>", index: "0", type: "java.util.List" }
  - { kind: "param", method: "<com.medusa.gruul.goods.web.remote.GoodsController: java.lang.Boolean deleteShoppingCartByOrder(java.util.List,java.lang.String)>", index: "0", type: "java.util.List" }
  - { kind: "param", method: "<com.medusa.gruul.goods.web.remote.GoodsController: java.lang.Boolean deleteShoppingCartByOrder(java.util.List,java.lang.String)>", index: "1", type: "java.lang.String" }
  - { kind: "param", method: "<com.medusa.gruul.goods.web.remote.GoodsController: com.medusa.gruul.goods.api.entity.Product findProductById(java.lang.Long)>", index: "0", type: "java.lang.Long" }
  - { kind: "param", method: "<com.medusa.gruul.goods.web.remote.GoodsController: java.util.Collection findProductListByIds(java.util.Set)>", index: "0", type: "java.util.Set" }
  - { kind: "param", method: "<com.medusa.gruul.goods.web.remote.GoodsController: java.util.List findItemVoByIds(java.util.List)>", index: "0", type: "java.util.List" }
  - { kind: "param", method: "<com.medusa.gruul.goods.web.remote.GoodsController: java.lang.Boolean checkProductByTemplateId(java.lang.Long)>", index: "0", type: "java.lang.Long" }
  - { kind: "param", method: "<com.medusa.gruul.goods.web.remote.GoodsController: java.util.List findDiscountProductTypeList(java.util.List)>", index: "0", type: "java.util.List" }
  - { kind: "param", method: "<com.medusa.gruul.goods.web.remote.GoodsController: java.util.List findDataSetSupplierList(java.util.List)>", index: "0", type: "java.util.List" }
  - { kind: "param", method: "<com.medusa.gruul.logistics.controller.FeignController: com.medusa.gruul.common.core.util.Result getLogisticsInfo(java.lang.Long)>", index: "0", type: "java.lang.Long" }
  - { kind: "param", method: "<com.medusa.gruul.logistics.controller.FeignController: com.medusa.gruul.common.core.util.Result getLogisticsExpressNumber(com.medusa.gruul.logistics.model.dto.manager.express.ExpressInfoDto,java.lang.Long)>", index: "0", type: "com.medusa.gruul.logistics.model.dto.manager.express.ExpressInfoDto" }
  - { kind: "param", method: "<com.medusa.gruul.logistics.controller.FeignController: com.medusa.gruul.common.core.util.Result getLogisticsExpressNumber(com.medusa.gruul.logistics.model.dto.manager.express.ExpressInfoDto,java.lang.Long)>", index: "1", type: "java.lang.Long" }
  - { kind: "param", method: "<com.medusa.gruul.logistics.controller.FeignController: com.medusa.gruul.common.core.util.Result getLogisticsExpressInfo(java.lang.String,java.lang.String)>", index: "0", type: "java.lang.String" }
  - { kind: "param", method: "<com.medusa.gruul.logistics.controller.FeignController: com.medusa.gruul.common.core.util.Result getLogisticsExpressInfo(java.lang.String,java.lang.String)>", index: "1", type: "java.lang.String" }
  - { kind: "param", method: "<com.medusa.gruul.logistics.controller.FeignController: java.math.BigDecimal getLogisticsFreightCalculation(java.lang.String,java.lang.String)>", index: "0", type: "java.lang.String" }
  - { kind: "param", method: "<com.medusa.gruul.logistics.controller.FeignController: java.math.BigDecimal getLogisticsFreightCalculation(java.lang.String,java.lang.String)>", index: "1", type: "java.lang.String" }
  - { kind: "param", method: "<com.medusa.gruul.logistics.controller.FeignController: com.medusa.gruul.logistics.model.vo.LogisticsAddressVo getFeignDefaultAddress(java.lang.Integer)>", index: "0", type: "java.lang.Integer" }
  - { kind: "param", method: "<com.medusa.gruul.logistics.controller.LogisticsAddressController: com.medusa.gruul.common.core.util.Result getAddressList(com.medusa.gruul.logistics.model.param.LogisticsAddressParam)>", index: "0", type: "com.medusa.gruul.logistics.model.param.LogisticsAddressParam" }
  - { kind: "param", method: "<com.medusa.gruul.logistics.controller.LogisticsAddressController: com.medusa.gruul.common.core.util.Result setAddress(com.medusa.gruul.logistics.model.dto.manager.LogisticsAddressDto)>", index: "0", type: "com.medusa.gruul.logistics.model.dto.manager.LogisticsAddressDto" }
  - { kind: "param", method: "<com.medusa.gruul.logistics.controller.LogisticsAddressController: com.medusa.gruul.common.core.util.Result setDefAddress(java.lang.Long,java.lang.Integer)>", index: "0", type: "java.lang.Long" }
  - { kind: "param", method: "<com.medusa.gruul.logistics.controller.LogisticsAddressController: com.medusa.gruul.common.core.util.Result setDefAddress(java.lang.Long,java.lang.Integer)>", index: "1", type: "java.lang.Integer" }
  - { kind: "param", method: "<com.medusa.gruul.logistics.controller.LogisticsAddressController: com.medusa.gruul.common.core.util.Result delAddress(java.lang.Long)>", index: "0", type: "java.lang.Long" }
  - { kind: "param", method: "<com.medusa.gruul.logistics.controller.LogisticsAddressController: com.medusa.gruul.logistics.model.vo.LogisticsAddressVo getDefaultAddress(java.lang.Integer)>", index: "0", type: "java.lang.Integer" }
  - { kind: "param", method: "<com.medusa.gruul.logistics.controller.LogisticsAddressController: com.medusa.gruul.common.core.util.Result setCompanyDefault(java.lang.Long)>", index: "0", type: "java.lang.Long" }
  - { kind: "param", method: "<com.medusa.gruul.logistics.controller.LogisticsAddressController: com.medusa.gruul.common.core.util.Result doDeliverGoods(com.medusa.gruul.logistics.model.dto.manager.LogisticsPrintDeliverDto)>", index: "0", type: "com.medusa.gruul.logistics.model.dto.manager.LogisticsPrintDeliverDto" }
  - { kind: "param", method: "<com.medusa.gruul.logistics.controller.LogisticsAddressController: com.medusa.gruul.common.core.util.Result doBatchDeliver(java.util.List)>", index: "0", type: "java.util.List" }
  - { kind: "param", method: "<com.medusa.gruul.logistics.controller.LogisticsExpressController: com.medusa.gruul.common.core.util.Result getExpressList(com.medusa.gruul.logistics.model.param.LogisticsExpressParam)>", index: "0", type: "com.medusa.gruul.logistics.model.param.LogisticsExpressParam" }
  - { kind: "param", method: "<com.medusa.gruul.logistics.controller.LogisticsExpressController: com.medusa.gruul.common.core.util.Result getExpressInfo(java.lang.Long)>", index: "0", type: "java.lang.Long" }
  - { kind: "param", method: "<com.medusa.gruul.logistics.controller.LogisticsExpressController: com.medusa.gruul.common.core.util.Result setExpressInfo(com.medusa.gruul.logistics.model.dto.manager.LogisticsExpressDto)>", index: "0", type: "com.medusa.gruul.logistics.model.dto.manager.LogisticsExpressDto" }
  - { kind: "param", method: "<com.medusa.gruul.logistics.controller.LogisticsExpressController: com.medusa.gruul.common.core.util.Result delExpressInfo(java.lang.Long)>", index: "0", type: "java.lang.Long" }
  - { kind: "param", method: "<com.medusa.gruul.logistics.controller.LogisticsExpressPrintController: com.medusa.gruul.common.core.util.Result getExpressPrintList(com.medusa.gruul.logistics.model.param.LogisticsExpressPrintParam)>", index: "0", type: "com.medusa.gruul.logistics.model.param.LogisticsExpressPrintParam" }
  - { kind: "param", method: "<com.medusa.gruul.logistics.controller.LogisticsExpressPrintController: com.medusa.gruul.common.core.util.Result getExpressPrintInfo(java.lang.Long)>", index: "0", type: "java.lang.Long" }
  - { kind: "param", method: "<com.medusa.gruul.logistics.controller.LogisticsExpressPrintController: com.medusa.gruul.common.core.util.Result setExpressPrintInfo(com.medusa.gruul.logistics.model.dto.manager.LogisticsExpressPrintDto)>", index: "0", type: "com.medusa.gruul.logistics.model.dto.manager.LogisticsExpressPrintDto" }
  - { kind: "param", method: "<com.medusa.gruul.logistics.controller.LogisticsExpressPrintController: com.medusa.gruul.common.core.util.Result setExpressPrintStatus(java.lang.Long,java.lang.Integer)>", index: "0", type: "java.lang.Long" }
  - { kind: "param", method: "<com.medusa.gruul.logistics.controller.LogisticsExpressPrintController: com.medusa.gruul.common.core.util.Result setExpressPrintStatus(java.lang.Long,java.lang.Integer)>", index: "1", type: "java.lang.Integer" }
  - { kind: "param", method: "<com.medusa.gruul.logistics.controller.LogisticsExpressPrintController: com.medusa.gruul.common.core.util.Result delExpressPrintInfo(java.lang.Long)>", index: "0", type: "java.lang.Long" }
  - { kind: "param", method: "<com.medusa.gruul.logistics.controller.LogisticsTemplateController: com.medusa.gruul.common.core.util.Result getTemplateList(com.medusa.gruul.logistics.model.param.LogisticsTemplateParam)>", index: "0", type: "com.medusa.gruul.logistics.model.param.LogisticsTemplateParam" }
  - { kind: "param", method: "<com.medusa.gruul.logistics.controller.LogisticsTemplateController: com.medusa.gruul.common.core.util.Result getTemplateInfo(java.lang.Long)>", index: "0", type: "java.lang.Long" }
  - { kind: "param", method: "<com.medusa.gruul.logistics.controller.LogisticsTemplateController: com.medusa.gruul.common.core.util.Result setTemplateInfo(com.medusa.gruul.logistics.model.dto.manager.LogisticsTemplateDto)>", index: "0", type: "com.medusa.gruul.logistics.model.dto.manager.LogisticsTemplateDto" }
  - { kind: "param", method: "<com.medusa.gruul.logistics.controller.LogisticsTemplateController: com.medusa.gruul.common.core.util.Result removeTemplateInfo(java.lang.Long)>", index: "0", type: "java.lang.Long" }
  - { kind: "param", method: "<com.medusa.gruul.order.controller.group.GroupLeaderOrderController: com.medusa.gruul.common.core.util.Result getUserOverviewPage(java.lang.String)>", index: "0", type: "java.lang.String" }
  - { kind: "param", method: "<com.medusa.gruul.order.controller.group.GroupLeaderOrderController: com.medusa.gruul.common.core.util.Result getOrderPage(com.medusa.gruul.order.model.QueryUserOrderDto)>", index: "0", type: "com.medusa.gruul.order.model.QueryUserOrderDto" }
  - { kind: "param", method: "<com.medusa.gruul.order.controller.manage.ManageOrderController: com.medusa.gruul.common.core.util.Result searchOrder(com.medusa.gruul.order.model.ManageSearchOrderDto)>", index: "0", type: "com.medusa.gruul.order.model.ManageSearchOrderDto" }
  - { kind: "param", method: "<com.medusa.gruul.order.controller.manage.ManageOrderController: com.medusa.gruul.common.core.util.Result setting(java.lang.Boolean)>", index: "0", type: "java.lang.Boolean" }
  - { kind: "param", method: "<com.medusa.gruul.order.controller.manage.ManageOrderController: com.medusa.gruul.common.core.util.Result setOrderSetting(com.medusa.gruul.order.api.entity.OrderSetting)>", index: "0", type: "com.medusa.gruul.order.api.entity.OrderSetting" }
  - { kind: "param", method: "<com.medusa.gruul.order.controller.manage.ManageOrderController: com.medusa.gruul.common.core.util.Result setShareSetting(com.medusa.gruul.order.model.OrderShareSettingVo)>", index: "0", type: "com.medusa.gruul.order.model.OrderShareSettingVo" }
  - { kind: "param", method: "<com.medusa.gruul.order.controller.manage.ManageOrderController: com.medusa.gruul.common.core.util.Result tracesInfo(java.lang.String,java.lang.String)>", index: "0", type: "java.lang.String" }
  - { kind: "param", method: "<com.medusa.gruul.order.controller.manage.ManageOrderController: com.medusa.gruul.common.core.util.Result tracesInfo(java.lang.String,java.lang.String)>", index: "1", type: "java.lang.String" }
  - { kind: "param", method: "<com.medusa.gruul.order.controller.manage.ManageOrderController: com.medusa.gruul.common.core.util.Result orderInfo(java.lang.Long)>", index: "0", type: "java.lang.Long" }
  - { kind: "param", method: "<com.medusa.gruul.order.controller.manage.ManageOrderController: com.medusa.gruul.common.core.util.Result closeOrder(java.lang.Long[])>", index: "0", type: "java.lang.Long[]" }
  - { kind: "param", method: "<com.medusa.gruul.order.controller.manage.ManageOrderController: com.medusa.gruul.common.core.util.Result noteOrder(java.lang.Long[],java.lang.Boolean,java.lang.String)>", index: "0", type: "java.lang.Long[]" }
  - { kind: "param", method: "<com.medusa.gruul.order.controller.manage.ManageOrderController: com.medusa.gruul.common.core.util.Result noteOrder(java.lang.Long[],java.lang.Boolean,java.lang.String)>", index: "1", type: "java.lang.Boolean" }
  - { kind: "param", method: "<com.medusa.gruul.order.controller.manage.ManageOrderController: com.medusa.gruul.common.core.util.Result noteOrder(java.lang.Long[],java.lang.Boolean,java.lang.String)>", index: "2", type: "java.lang.String" }
  - { kind: "param", method: "<com.medusa.gruul.order.controller.manage.ManageOrderController: com.medusa.gruul.common.core.util.Result updateReceiverAddress(com.medusa.gruul.order.model.ReceiverAddressDto)>", index: "0", type: "com.medusa.gruul.order.model.ReceiverAddressDto" }
  - { kind: "param", method: "<com.medusa.gruul.order.controller.manage.ManageOrderController: com.medusa.gruul.common.core.util.Result searchOrderEvaluate(com.medusa.gruul.order.model.ManageSearchEvaluateDto)>", index: "0", type: "com.medusa.gruul.order.model.ManageSearchEvaluateDto" }
  - { kind: "param", method: "<com.medusa.gruul.order.controller.manage.ManageOrderController: com.medusa.gruul.common.core.util.Result choiceEvaluate(java.lang.Long[])>", index: "0", type: "java.lang.Long[]" }
  - { kind: "param", method: "<com.medusa.gruul.order.controller.manage.ManageOrderController: com.medusa.gruul.common.core.util.Result unChoiceEvaluate(java.lang.Long[])>", index: "0", type: "java.lang.Long[]" }
  - { kind: "param", method: "<com.medusa.gruul.order.controller.manage.ManageOrderController: com.medusa.gruul.common.core.util.Result replyEvaluate(java.lang.Long,java.lang.String)>", index: "0", type: "java.lang.Long" }
  - { kind: "param", method: "<com.medusa.gruul.order.controller.manage.ManageOrderController: com.medusa.gruul.common.core.util.Result replyEvaluate(java.lang.Long,java.lang.String)>", index: "1", type: "java.lang.String" }
  - { kind: "param", method: "<com.medusa.gruul.order.controller.manage.ManageOrderController: com.medusa.gruul.common.core.util.Result searchLogisticsOrderList(com.medusa.gruul.order.model.ManageLogisticsOrderDto)>", index: "0", type: "com.medusa.gruul.order.model.ManageLogisticsOrderDto" }
  - { kind: "param", method: "<com.medusa.gruul.order.controller.manage.ManageOrderController: com.medusa.gruul.common.core.util.Result searchLogisticsOrder(com.medusa.gruul.order.model.ManageSearchLogisticsOrderDto)>", index: "0", type: "com.medusa.gruul.order.model.ManageSearchLogisticsOrderDto" }
  - { kind: "param", method: "<com.medusa.gruul.order.controller.manage.ManageOrderController: com.medusa.gruul.common.core.util.Result logisticsSend(com.medusa.gruul.order.model.ManageSearchLogisticsOrderDto)>", index: "0", type: "com.medusa.gruul.order.model.ManageSearchLogisticsOrderDto" }
  - { kind: "param", method: "<com.medusa.gruul.order.controller.mini.MiniOrderController: com.medusa.gruul.common.core.util.Result getConfirmOrder(com.medusa.gruul.order.model.ConfirmOrderDto)>", index: "0", type: "com.medusa.gruul.order.model.ConfirmOrderDto" }
  - { kind: "param", method: "<com.medusa.gruul.order.controller.mini.MiniOrderController: com.medusa.gruul.common.core.util.Result getFreightAmount(com.medusa.gruul.order.model.GetCostDto)>", index: "0", type: "com.medusa.gruul.order.model.GetCostDto" }
  - { kind: "param", method: "<com.medusa.gruul.order.controller.mini.MiniOrderController: com.medusa.gruul.common.core.util.Result createOrder(com.medusa.gruul.order.api.model.CreateOrderDto)>", index: "0", type: "com.medusa.gruul.order.api.model.CreateOrderDto" }
  - { kind: "param", method: "<com.medusa.gruul.order.controller.mini.MiniOrderController: com.medusa.gruul.common.core.util.Result getOrderResult(com.medusa.gruul.order.model.GroupOrderResultDto)>", index: "0", type: "com.medusa.gruul.order.model.GroupOrderResultDto" }
  - { kind: "param", method: "<com.medusa.gruul.order.controller.mini.MiniOrderController: com.medusa.gruul.common.core.util.Result searchOrder(com.medusa.gruul.order.model.ApiSearchOrderDto)>", index: "0", type: "com.medusa.gruul.order.model.ApiSearchOrderDto" }
  - { kind: "param", method: "<com.medusa.gruul.order.controller.mini.MiniOrderController: com.medusa.gruul.common.core.util.Result orderInfo(java.lang.Long)>", index: "0", type: "java.lang.Long" }
  - { kind: "param", method: "<com.medusa.gruul.order.controller.mini.MiniOrderController: com.medusa.gruul.common.core.util.Result orderShareInfo(java.lang.Long)>", index: "0", type: "java.lang.Long" }
  - { kind: "param", method: "<com.medusa.gruul.order.controller.mini.MiniOrderController: com.medusa.gruul.common.core.util.Result cancelOrder(java.lang.Long)>", index: "0", type: "java.lang.Long" }
  - { kind: "param", method: "<com.medusa.gruul.order.controller.mini.MiniOrderController: com.medusa.gruul.common.core.util.Result payOrder(java.lang.Long,java.lang.Boolean,javax.servlet.http.HttpServletRequest)>", index: "0", type: "java.lang.Long" }
  - { kind: "param", method: "<com.medusa.gruul.order.controller.mini.MiniOrderController: com.medusa.gruul.common.core.util.Result payOrder(java.lang.Long,java.lang.Boolean,javax.servlet.http.HttpServletRequest)>", index: "1", type: "java.lang.Boolean" }
  - { kind: "param", method: "<com.medusa.gruul.order.controller.mini.MiniOrderController: com.medusa.gruul.common.core.util.Result updateReceiverAddress(com.medusa.gruul.order.model.ReceiverAddressDto)>", index: "0", type: "com.medusa.gruul.order.model.ReceiverAddressDto" }
  - { kind: "param", method: "<com.medusa.gruul.order.controller.mini.MiniOrderController: com.medusa.gruul.common.core.util.Result receiptOrder(java.lang.Long)>", index: "0", type: "java.lang.Long" }
  - { kind: "param", method: "<com.medusa.gruul.order.controller.mini.MiniOrderController: com.medusa.gruul.common.core.util.Result evaluateOrder(com.medusa.gruul.order.model.ApiOrderEvaluateDto)>", index: "0", type: "com.medusa.gruul.order.model.ApiOrderEvaluateDto" }
  - { kind: "param", method: "<com.medusa.gruul.order.controller.mini.MiniOrderController: com.medusa.gruul.common.core.util.Result evaluateOrder(java.lang.String,com.medusa.gruul.order.model.ApiSearchEvaluateDto)>", index: "0", type: "java.lang.String" }
  - { kind: "param", method: "<com.medusa.gruul.order.controller.mini.MiniOrderController: com.medusa.gruul.common.core.util.Result evaluateOrder(java.lang.String,com.medusa.gruul.order.model.ApiSearchEvaluateDto)>", index: "1", type: "com.medusa.gruul.order.model.ApiSearchEvaluateDto" }
  - { kind: "param", method: "<com.medusa.gruul.order.controller.mini.MiniOrderController: com.medusa.gruul.common.core.util.Result userEvaluateOverview(java.lang.String)>", index: "0", type: "java.lang.String" }
  - { kind: "param", method: "<com.medusa.gruul.order.controller.mini.MiniOrderController: com.medusa.gruul.common.core.util.Result productEvaluate(com.medusa.gruul.order.model.ApiSearchProductEvaluateDto)>", index: "0", type: "com.medusa.gruul.order.model.ApiSearchProductEvaluateDto" }
  - { kind: "param", method: "<com.medusa.gruul.order.controller.remote.RemoteOrderController: com.medusa.gruul.order.api.model.OrderVo orderInfo(java.lang.Long)>", index: "0", type: "java.lang.Long" }
  - { kind: "param", method: "<com.medusa.gruul.order.controller.remote.RemoteOrderController: java.util.List productRate(java.util.List)>", index: "0", type: "java.util.List" }
  - { kind: "param", method: "<com.medusa.gruul.order.controller.remote.RemoteOrderController: java.util.List getOrderListByIds(java.lang.Long[])>", index: "0", type: "java.lang.Long[]" }
  - { kind: "param", method: "<com.medusa.gruul.order.controller.remote.RemoteOrderController: int doLogisticsOrderDelivery(java.lang.String)>", index: "0", type: "java.lang.String" }
  - { kind: "param", method: "<com.medusa.gruul.order.controller.remote.RemoteOrderController: java.util.List getProductLastBuyers(java.lang.String[])>", index: "0", type: "java.lang.String[]" }
  - { kind: "param", method: "<com.medusa.gruul.order.controller.remote.RemoteOrderController: com.medusa.gruul.order.api.model.OrderOverviewVo orderOverview(java.lang.String)>", index: "0", type: "java.lang.String" }
  - { kind: "param", method: "<com.medusa.gruul.order.controller.remote.RemoteOrderController: java.util.List waitSendProduct(java.lang.String)>", index: "0", type: "java.lang.String" }
  - { kind: "param", method: "<com.medusa.gruul.order.controller.remote.RemoteOrderController: java.util.List orderInfoList(java.util.List)>", index: "0", type: "java.util.List" }
  - { kind: "param", method: "<com.medusa.gruul.order.controller.remote.RemoteOrderController: java.lang.Long createExchangeOrder(com.medusa.gruul.order.api.model.ExchangeOrderDto)>", index: "0", type: "com.medusa.gruul.order.api.model.ExchangeOrderDto" }
  - { kind: "param", method: "<com.medusa.gruul.order.controller.remote.RemoteOrderController: void closeOrder(java.lang.Long,java.math.BigDecimal,java.lang.Integer,java.lang.Long)>", index: "0", type: "java.lang.Long" }
  - { kind: "param", method: "<com.medusa.gruul.order.controller.remote.RemoteOrderController: void closeOrder(java.lang.Long,java.math.BigDecimal,java.lang.Integer,java.lang.Long)>", index: "1", type: "java.math.BigDecimal" }
  - { kind: "param", method: "<com.medusa.gruul.order.controller.remote.RemoteOrderController: void closeOrder(java.lang.Long,java.math.BigDecimal,java.lang.Integer,java.lang.Long)>", index: "2", type: "java.lang.Integer" }
  - { kind: "param", method: "<com.medusa.gruul.order.controller.remote.RemoteOrderController: void closeOrder(java.lang.Long,java.math.BigDecimal,java.lang.Integer,java.lang.Long)>", index: "3", type: "java.lang.Long" }
  - { kind: "param", method: "<com.medusa.gruul.order.controller.remote.RemoteOrderController: void receiptOrder(java.lang.Long)>", index: "0", type: "java.lang.Long" }
  - { kind: "param", method: "<com.medusa.gruul.order.controller.remote.RemoteOrderController: void closeExchangeOrder(java.util.List)>", index: "0", type: "java.util.List" }
  - { kind: "param", method: "<com.medusa.gruul.order.controller.remote.RemoteOrderController: com.medusa.gruul.afs.api.entity.AfsOrder selectByOrderIdAndProductSkuId(java.lang.Long,java.lang.Long)>", index: "0", type: "java.lang.Long" }
  - { kind: "param", method: "<com.medusa.gruul.order.controller.remote.RemoteOrderController: com.medusa.gruul.afs.api.entity.AfsOrder selectByOrderIdAndProductSkuId(java.lang.Long,java.lang.Long)>", index: "1", type: "java.lang.Long" }
  - { kind: "param", method: "<com.medusa.gruul.order.controller.remote.RemoteOrderController: java.lang.Boolean checkAfsOrder(java.util.List)>", index: "0", type: "java.util.List" }
  - { kind: "param", method: "<com.medusa.gruul.order.controller.remote.RemoteOrderController: java.lang.Boolean updateOrderStatus(java.util.List,com.medusa.gruul.order.api.enums.OrderStatusEnum)>", index: "0", type: "java.util.List" }
  - { kind: "param", method: "<com.medusa.gruul.order.controller.remote.RemoteOrderController: java.lang.Boolean updateOrderStatus(java.util.List,com.medusa.gruul.order.api.enums.OrderStatusEnum)>", index: "1", type: "com.medusa.gruul.order.api.enums.OrderStatusEnum" }
  - { kind: "param", method: "<com.medusa.gruul.oss.controller.FileUploadController: com.medusa.gruul.common.core.util.Result upload(org.springframework.web.multipart.MultipartFile)>", index: "0", type: "org.springframework.web.multipart.MultipartFile" }
  - { kind: "param", method: "<com.medusa.gruul.oss.controller.FileUploadController: java.util.List orderInfo(java.util.List)>", index: "0", type: "java.util.List" }
  - { kind: "param", method: "<com.medusa.gruul.oss.controller.FileUploadController: com.medusa.gruul.common.core.util.Result delete(java.lang.Long[])>", index: "0", type: "java.lang.Long[]" }
  - { kind: "param", method: "<com.medusa.gruul.oss.controller.FileUploadController: java.lang.Object action(java.lang.String,javax.servlet.http.HttpServletRequest,javax.servlet.http.HttpServletResponse)>", index: "0", type: "java.lang.String" }
  - { kind: "param", method: "<com.medusa.gruul.oss.controller.remote.RemoteFileController: com.medusa.gruul.common.core.util.Result wxUpload(byte[],java.lang.String)>", index: "0", type: "byte[]" }
  - { kind: "param", method: "<com.medusa.gruul.oss.controller.remote.RemoteFileController: com.medusa.gruul.common.core.util.Result wxUpload(byte[],java.lang.String)>", index: "1", type: "java.lang.String" }
  - { kind: "param", method: "<com.medusa.gruul.oss.controller.remote.RemoteFileController: java.util.List batchDownload(java.util.List)>", index: "0", type: "java.util.List" }
  - { kind: "param", method: "<com.medusa.gruul.payment.web.remote.RemoteEntPayController: com.medusa.gruul.payment.api.entity.EntPay pay(com.medusa.gruul.payment.api.model.param.EntPayReQuestParam)>", index: "0", type: "com.medusa.gruul.payment.api.model.param.EntPayReQuestParam" }
  - { kind: "param", method: "<com.medusa.gruul.payment.web.remote.RemoteEntPayController: com.medusa.gruul.common.core.util.Result payRefund(com.medusa.gruul.payment.api.model.dto.RefundRequestDto)>", index: "0", type: "com.medusa.gruul.payment.api.model.dto.RefundRequestDto" }
  - { kind: "param", method: "<com.medusa.gruul.payment.web.remote.RemotePaymentController: com.medusa.gruul.payment.api.model.dto.PayStatusDto getPayStatus(java.lang.String,java.lang.String,java.lang.String)>", index: "0", type: "java.lang.String" }
  - { kind: "param", method: "<com.medusa.gruul.payment.web.remote.RemotePaymentController: com.medusa.gruul.payment.api.model.dto.PayStatusDto getPayStatus(java.lang.String,java.lang.String,java.lang.String)>", index: "1", type: "java.lang.String" }
  - { kind: "param", method: "<com.medusa.gruul.payment.web.remote.RemotePaymentController: com.medusa.gruul.payment.api.model.dto.PayStatusDto getPayStatus(java.lang.String,java.lang.String,java.lang.String)>", index: "2", type: "java.lang.String" }
  - { kind: "param", method: "<com.medusa.gruul.payment.web.remote.RemotePaymentController: com.medusa.gruul.payment.api.model.dto.PayResultDto payRequest(com.medusa.gruul.payment.api.model.dto.PayRequestDto)>", index: "0", type: "com.medusa.gruul.payment.api.model.dto.PayRequestDto" }
  - { kind: "param", method: "<com.medusa.gruul.platform.web.controller.AccountInfoController: com.medusa.gruul.common.core.util.Result checkoutAccount(java.lang.String,java.lang.Integer)>", index: "0", type: "java.lang.String" }
  - { kind: "param", method: "<com.medusa.gruul.platform.web.controller.AccountInfoController: com.medusa.gruul.common.core.util.Result checkoutAccount(java.lang.String,java.lang.Integer)>", index: "1", type: "java.lang.Integer" }
  - { kind: "param", method: "<com.medusa.gruul.platform.web.controller.AccountInfoController: com.medusa.gruul.common.core.util.Result preAccountScanCode(com.medusa.gruul.platform.model.dto.PreAccountVerifyDto)>", index: "0", type: "com.medusa.gruul.platform.model.dto.PreAccountVerifyDto" }
  - { kind: "param", method: "<com.medusa.gruul.platform.web.controller.AccountInfoController: void accountScanCodeNotify(java.lang.String,java.lang.String,javax.servlet.http.HttpServletResponse)>", index: "0", type: "java.lang.String" }
  - { kind: "param", method: "<com.medusa.gruul.platform.web.controller.AccountInfoController: void accountScanCodeNotify(java.lang.String,java.lang.String,javax.servlet.http.HttpServletResponse)>", index: "1", type: "java.lang.String" }
  - { kind: "param", method: "<com.medusa.gruul.platform.web.controller.AccountInfoController: com.medusa.gruul.common.core.util.Result verifyStateResult(java.lang.String)>", index: "0", type: "java.lang.String" }
  - { kind: "param", method: "<com.medusa.gruul.platform.web.controller.AccountInfoController: com.medusa.gruul.common.core.util.Result verifyData(com.medusa.gruul.platform.model.dto.VerifyDataDto)>", index: "0", type: "com.medusa.gruul.platform.model.dto.VerifyDataDto" }
  - { kind: "param", method: "<com.medusa.gruul.platform.web.controller.AccountInfoController: com.medusa.gruul.common.core.util.Result emailChange(com.medusa.gruul.platform.model.dto.EmailChangeDto)>", index: "0", type: "com.medusa.gruul.platform.model.dto.EmailChangeDto" }
  - { kind: "param", method: "<com.medusa.gruul.platform.web.controller.AccountInfoController: com.medusa.gruul.common.core.util.Result phoneChangeTie(com.medusa.gruul.platform.model.dto.PhoneChangeTieDto)>", index: "0", type: "com.medusa.gruul.platform.model.dto.PhoneChangeTieDto" }
  - { kind: "param", method: "<com.medusa.gruul.platform.web.controller.AccountInfoController: com.medusa.gruul.common.core.util.Result passChangeTie(com.medusa.gruul.platform.model.dto.PassChangeTieDto)>", index: "0", type: "com.medusa.gruul.platform.model.dto.PassChangeTieDto" }
  - { kind: "param", method: "<com.medusa.gruul.platform.web.controller.AccountInfoController: com.medusa.gruul.common.core.util.Result login1(com.medusa.gruul.platform.model.dto.LoginDto)>", index: "0", type: "com.medusa.gruul.platform.model.dto.LoginDto" }
  - { kind: "param", method: "<com.medusa.gruul.platform.web.controller.AccountInfoController: com.medusa.gruul.common.core.util.Result passwordRetrieve(com.medusa.gruul.platform.model.dto.PasswordRetrieveDto)>", index: "0", type: "com.medusa.gruul.platform.model.dto.PasswordRetrieveDto" }
  - { kind: "param", method: "<com.medusa.gruul.platform.web.controller.MiniInfoController: com.medusa.gruul.common.core.util.Result wxaGetwxacode(com.medusa.gruul.platform.model.dto.WxaGetwxacode)>", index: "0", type: "com.medusa.gruul.platform.model.dto.WxaGetwxacode" }
  - { kind: "param", method: "<com.medusa.gruul.platform.web.controller.PlatformServiceInfoController: java.lang.String baseWarehouse(com.medusa.gruul.common.core.monitor.MonitorServiceConfig)>", index: "0", type: "com.medusa.gruul.common.core.monitor.MonitorServiceConfig" }
  - { kind: "param", method: "<com.medusa.gruul.platform.web.controller.PlatformShopInfoConsoleController: com.medusa.gruul.common.core.util.Result consoleUpdate(com.medusa.gruul.platform.model.dto.ConsoleUpdateDto)>", index: "0", type: "com.medusa.gruul.platform.model.dto.ConsoleUpdateDto" }
  - { kind: "param", method: "<com.medusa.gruul.platform.web.controller.PlatformShopInfoConsoleController: com.medusa.gruul.common.core.util.Result payInfo(java.lang.Integer,java.lang.String)>", index: "0", type: "java.lang.Integer" }
  - { kind: "param", method: "<com.medusa.gruul.platform.web.controller.PlatformShopInfoConsoleController: com.medusa.gruul.common.core.util.Result payInfo(java.lang.Integer,java.lang.String)>", index: "1", type: "java.lang.String" }
  - { kind: "param", method: "<com.medusa.gruul.platform.web.controller.PlatformShopInfoConsoleController: com.medusa.gruul.common.core.util.Result uploadCertificate(org.springframework.web.multipart.MultipartFile)>", index: "0", type: "org.springframework.web.multipart.MultipartFile" }
  - { kind: "param", method: "<com.medusa.gruul.platform.web.controller.PlatformShopInfoConsoleController: com.medusa.gruul.common.core.util.Result payInfoUpdate(com.medusa.gruul.platform.model.dto.PayInfoUpdateDto)>", index: "0", type: "com.medusa.gruul.platform.model.dto.PayInfoUpdateDto" }
  - { kind: "param", method: "<com.medusa.gruul.platform.web.controller.PlatformShopMessageController: com.medusa.gruul.common.core.util.Result modifyMsgState(com.medusa.gruul.platform.model.dto.MotifyMsgStateDto)>", index: "0", type: "com.medusa.gruul.platform.model.dto.MotifyMsgStateDto" }
  - { kind: "param", method: "<com.medusa.gruul.platform.web.controller.SendCodeController: com.medusa.gruul.common.core.util.Result sendCode(com.medusa.gruul.platform.model.dto.SendCodeDto)>", index: "0", type: "com.medusa.gruul.platform.model.dto.SendCodeDto" }
  - { kind: "param", method: "<com.medusa.gruul.platform.web.controller.SendCodeController: com.medusa.gruul.common.core.util.Result verifyCode(com.medusa.gruul.common.dto.SendCodeVerifyDto)>", index: "0", type: "com.medusa.gruul.common.dto.SendCodeVerifyDto" }
  - { kind: "param", method: "<com.medusa.gruul.platform.web.controller.SysShopInvoiceOrderController: com.medusa.gruul.common.core.util.Result apply(com.medusa.gruul.platform.model.dto.ShopInvoiceOrderApplyDto)>", index: "0", type: "com.medusa.gruul.platform.model.dto.ShopInvoiceOrderApplyDto" }
  - { kind: "param", method: "<com.medusa.gruul.platform.web.controller.SysShopInvoiceOrderController: com.medusa.gruul.common.core.util.Result applyList(java.lang.Integer,java.lang.Integer,java.lang.Integer,java.lang.Integer,java.lang.String,java.lang.String)>", index: "0", type: "java.lang.Integer" }
  - { kind: "param", method: "<com.medusa.gruul.platform.web.controller.SysShopInvoiceOrderController: com.medusa.gruul.common.core.util.Result applyList(java.lang.Integer,java.lang.Integer,java.lang.Integer,java.lang.Integer,java.lang.String,java.lang.String)>", index: "1", type: "java.lang.Integer" }
  - { kind: "param", method: "<com.medusa.gruul.platform.web.controller.SysShopInvoiceOrderController: com.medusa.gruul.common.core.util.Result applyList(java.lang.Integer,java.lang.Integer,java.lang.Integer,java.lang.Integer,java.lang.String,java.lang.String)>", index: "2", type: "java.lang.Integer" }
  - { kind: "param", method: "<com.medusa.gruul.platform.web.controller.SysShopInvoiceOrderController: com.medusa.gruul.common.core.util.Result applyList(java.lang.Integer,java.lang.Integer,java.lang.Integer,java.lang.Integer,java.lang.String,java.lang.String)>", index: "3", type: "java.lang.Integer" }
  - { kind: "param", method: "<com.medusa.gruul.platform.web.controller.SysShopInvoiceOrderController: com.medusa.gruul.common.core.util.Result applyList(java.lang.Integer,java.lang.Integer,java.lang.Integer,java.lang.Integer,java.lang.String,java.lang.String)>", index: "4", type: "java.lang.String" }
  - { kind: "param", method: "<com.medusa.gruul.platform.web.controller.SysShopInvoiceOrderController: com.medusa.gruul.common.core.util.Result applyList(java.lang.Integer,java.lang.Integer,java.lang.Integer,java.lang.Integer,java.lang.String,java.lang.String)>", index: "5", type: "java.lang.String" }
  - { kind: "param", method: "<com.medusa.gruul.platform.web.controller.SysShopInvoiceOrderController: com.medusa.gruul.common.core.util.Result audit(com.medusa.gruul.platform.model.dto.InvoiceOrderAuditDto)>", index: "0", type: "com.medusa.gruul.platform.model.dto.InvoiceOrderAuditDto" }
  - { kind: "param", method: "<com.medusa.gruul.platform.web.controller.SysShopInvoiceRiseController: com.medusa.gruul.common.core.util.Result addInvoice(com.medusa.gruul.platform.model.dto.AddInvoiceDto)>", index: "0", type: "com.medusa.gruul.platform.model.dto.AddInvoiceDto" }
  - { kind: "param", method: "<com.medusa.gruul.platform.web.controller.SysShopInvoiceRiseController: com.medusa.gruul.common.core.util.Result updateInvoice(com.medusa.gruul.platform.model.dto.UpdateInvoiceDto)>", index: "0", type: "com.medusa.gruul.platform.model.dto.UpdateInvoiceDto" }
  - { kind: "param", method: "<com.medusa.gruul.platform.web.controller.SysShopInvoiceRiseController: com.medusa.gruul.common.core.util.Result invoiceList(java.lang.Integer)>", index: "0", type: "java.lang.Integer" }
  - { kind: "param", method: "<com.medusa.gruul.platform.web.controller.SystemConfController: com.medusa.gruul.common.core.util.Result add(com.medusa.gruul.platform.model.dto.SaveConfigDto)>", index: "0", type: "com.medusa.gruul.platform.model.dto.SaveConfigDto" }
  - { kind: "param", method: "<com.medusa.gruul.platform.web.controller.SystemConfController: com.medusa.gruul.common.core.util.Result ossConfig(java.lang.Integer)>", index: "0", type: "java.lang.Integer" }
  - { kind: "param", method: "<com.medusa.gruul.platform.web.controller.SystemConfController: com.medusa.gruul.common.core.util.Result heartBeat(com.medusa.gruul.common.dto.HeartBeatDto)>", index: "0", type: "com.medusa.gruul.common.dto.HeartBeatDto" }
  - { kind: "param", method: "<com.medusa.gruul.platform.web.controller.SystemConfController: com.medusa.gruul.common.core.util.Result savePayConfig(com.medusa.gruul.platform.model.dto.SavePayConfigDto)>", index: "0", type: "com.medusa.gruul.platform.model.dto.SavePayConfigDto" }
  - { kind: "param", method: "<com.medusa.gruul.platform.web.controller.SystemConfController: com.medusa.gruul.common.core.util.Result saveKfmsg(com.medusa.gruul.platform.model.dto.KfAddDto)>", index: "0", type: "com.medusa.gruul.platform.model.dto.KfAddDto" }
  - { kind: "param", method: "<com.medusa.gruul.platform.web.controller.SystemConfController: com.medusa.gruul.common.core.util.Result codeEmailConf(com.medusa.gruul.platform.model.dto.CodeEmailConfDto)>", index: "0", type: "com.medusa.gruul.platform.model.dto.CodeEmailConfDto" }
  - { kind: "param", method: "<com.medusa.gruul.platform.web.remote.RemoteMiniInfoController: com.medusa.gruul.platform.api.model.dto.ShopConfigDto getShopConfigAndAppId(java.lang.String)>", index: "0", type: "java.lang.String" }
  - { kind: "param", method: "<com.medusa.gruul.shops.controller.AccountCenterController: com.medusa.gruul.common.core.util.Result accountCenterSettingModify(com.medusa.gruul.shops.api.model.AccountCenterSettingDto)>", index: "0", type: "com.medusa.gruul.shops.api.model.AccountCenterSettingDto" }
  - { kind: "param", method: "<com.medusa.gruul.shops.controller.ShopsController: com.medusa.gruul.common.core.util.Result updateTerms(com.medusa.gruul.shops.model.param.ShopsSearchTermsParam)>", index: "0", type: "com.medusa.gruul.shops.model.param.ShopsSearchTermsParam" }
  - { kind: "param", method: "<com.medusa.gruul.shops.controller.ShopsGuidePageController: com.medusa.gruul.common.core.util.Result updateShopGuidePage(java.util.List)>", index: "0", type: "java.util.List" }
  - { kind: "param", method: "<com.medusa.gruul.shops.controller.ShopsGuidePageController: com.medusa.gruul.common.core.util.Result updateShopGuide(java.util.List)>", index: "0", type: "java.util.List" }
  - { kind: "param", method: "<com.medusa.gruul.shops.controller.ShopsGuidePageSwitchController: com.medusa.gruul.common.core.util.Result updateShopGuidePageSwitch(java.lang.Boolean)>", index: "0", type: "java.lang.Boolean" }
  - { kind: "param", method: "<com.medusa.gruul.shops.controller.ShopsMenuConfigController: com.medusa.gruul.common.core.util.Result updateTerms(com.medusa.gruul.shops.model.param.ShopsMenuConfigParam)>", index: "0", type: "com.medusa.gruul.shops.model.param.ShopsMenuConfigParam" }
  - { kind: "param", method: "<com.medusa.gruul.shops.controller.ShopsPartnerController: com.medusa.gruul.common.core.util.Result save(java.lang.String,java.lang.String,java.lang.Long)>", index: "0", type: "java.lang.String" }
  - { kind: "param", method: "<com.medusa.gruul.shops.controller.ShopsPartnerController: com.medusa.gruul.common.core.util.Result save(java.lang.String,java.lang.String,java.lang.Long)>", index: "1", type: "java.lang.String" }
  - { kind: "param", method: "<com.medusa.gruul.shops.controller.ShopsPartnerController: com.medusa.gruul.common.core.util.Result save(java.lang.String,java.lang.String,java.lang.Long)>", index: "2", type: "java.lang.Long" }
  - { kind: "param", method: "<com.medusa.gruul.shops.controller.ShopsRenovationController: com.medusa.gruul.common.core.util.Result addTemplate(com.medusa.gruul.shops.model.param.ShopsRenovationTemplateParam)>", index: "0", type: "com.medusa.gruul.shops.model.param.ShopsRenovationTemplateParam" }
  - { kind: "param", method: "<com.medusa.gruul.shops.controller.ShopsRenovationController: com.medusa.gruul.common.core.util.Result delTemplate(java.lang.String)>", index: "0", type: "java.lang.String" }
  - { kind: "param", method: "<com.medusa.gruul.shops.controller.ShopsRenovationController: com.medusa.gruul.common.core.util.Result listTemplate(com.medusa.gruul.shops.model.param.ShopsRenovationTemplateParam)>", index: "0", type: "com.medusa.gruul.shops.model.param.ShopsRenovationTemplateParam" }
  - { kind: "param", method: "<com.medusa.gruul.shops.controller.ShopsRenovationController: com.medusa.gruul.common.core.util.Result saveTemplatePage(com.medusa.gruul.shops.model.param.ShopsRenovationPageParam)>", index: "0", type: "com.medusa.gruul.shops.model.param.ShopsRenovationPageParam" }
  - { kind: "param", method: "<com.medusa.gruul.shops.controller.ShopsRenovationController: com.medusa.gruul.common.core.util.Result getByModelId(java.lang.String)>", index: "0", type: "java.lang.String" }
  - { kind: "param", method: "<com.medusa.gruul.shops.controller.ShopsRenovationController: com.medusa.gruul.common.core.util.Result delTemplatePage(java.lang.String,java.lang.String)>", index: "0", type: "java.lang.String" }
  - { kind: "param", method: "<com.medusa.gruul.shops.controller.ShopsRenovationController: com.medusa.gruul.common.core.util.Result delTemplatePage(java.lang.String,java.lang.String)>", index: "1", type: "java.lang.String" }
  - { kind: "param", method: "<com.medusa.gruul.shops.controller.ShopsRenovationController: com.medusa.gruul.common.core.util.Result listTemplatePage(com.medusa.gruul.shops.model.param.ShopsRenovationPageParam)>", index: "0", type: "com.medusa.gruul.shops.model.param.ShopsRenovationPageParam" }
  - { kind: "param", method: "<com.medusa.gruul.shops.controller.ShopsRenovationController: com.medusa.gruul.common.core.util.Result fitmentPrefectureEnd(com.medusa.gruul.shops.model.param.ShopsRenovationPageParam)>", index: "0", type: "com.medusa.gruul.shops.model.param.ShopsRenovationPageParam" }
  - { kind: "param", method: "<com.medusa.gruul.shops.controller.ShopsRenovationController: com.medusa.gruul.common.core.util.Result addPlugin(com.medusa.gruul.shops.model.param.ShopsRenovationPluginParam)>", index: "0", type: "com.medusa.gruul.shops.model.param.ShopsRenovationPluginParam" }
  - { kind: "param", method: "<com.medusa.gruul.shops.controller.ShopsRenovationController: com.medusa.gruul.common.core.util.Result addPlugins(java.util.List)>", index: "0", type: "java.util.List" }
  - { kind: "param", method: "<com.medusa.gruul.shops.controller.ShopsRenovationController: com.medusa.gruul.common.core.util.Result delPlugin(java.lang.String)>", index: "0", type: "java.lang.String" }
  - { kind: "param", method: "<com.medusa.gruul.shops.controller.ShopsRenovationController: com.medusa.gruul.common.core.util.Result listPlugin(com.medusa.gruul.shops.model.param.ShopsRenovationPluginParam)>", index: "0", type: "com.medusa.gruul.shops.model.param.ShopsRenovationPluginParam" }
  - { kind: "param", method: "<com.medusa.gruul.shops.controller.ShopsRenovationController: com.medusa.gruul.common.core.util.Result addTemplatePageAssembly(java.util.List)>", index: "0", type: "java.util.List" }
  - { kind: "param", method: "<com.medusa.gruul.shops.controller.ShopsRenovationController: com.medusa.gruul.common.core.util.Result delTemplatePageAssembly(java.lang.String)>", index: "0", type: "java.lang.String" }
  - { kind: "param", method: "<com.medusa.gruul.shops.controller.ShopsRenovationController: com.medusa.gruul.common.core.util.Result listTemplatePageAssembly(com.medusa.gruul.shops.model.param.ShopsRenovationAssemblyParam)>", index: "0", type: "com.medusa.gruul.shops.model.param.ShopsRenovationAssemblyParam" }
  - { kind: "param", method: "<com.medusa.gruul.shops.controller.ShopsRenovationController: com.medusa.gruul.common.core.util.Result delDefTemplate(java.lang.String)>", index: "0", type: "java.lang.String" }
  - { kind: "param", method: "<com.medusa.gruul.shops.controller.ShopsRenovationController: com.medusa.gruul.common.core.util.Result listDefTemplate(com.medusa.gruul.shops.model.param.ShopsRenovationTemplateParam)>", index: "0", type: "com.medusa.gruul.shops.model.param.ShopsRenovationTemplateParam" }
  - { kind: "param", method: "<com.medusa.gruul.shops.controller.ShopsRenovationController: com.medusa.gruul.common.core.util.Result copyTemplateById(java.lang.Long)>", index: "0", type: "java.lang.Long" }
  - { kind: "param", method: "<com.medusa.gruul.shops.controller.remote.RemoteController: com.medusa.gruul.shops.api.entity.ShopsPartner getByPlatformId(java.lang.Long)>", index: "0", type: "java.lang.Long" }
  - { kind: "param", method: "<com.medusa.gruul.shops.controller.remote.RemoteController: java.lang.Boolean delShopRenovationPage(java.lang.String)>", index: "0", type: "java.lang.String" }
  - { kind: "param", method: "<com.medusa.gruul.shops.controller.remote.RemoteController: boolean updateSpecialArea(java.lang.String,java.lang.String)>", index: "0", type: "java.lang.String" }
  - { kind: "param", method: "<com.medusa.gruul.shops.controller.remote.RemoteController: boolean updateSpecialArea(java.lang.String,java.lang.String)>", index: "1", type: "java.lang.String" }
  - { kind: "param", method: "<com.medusa.gruul.sms.web.controller.SmsOrderController: com.medusa.gruul.common.core.util.Result createOrder(com.medusa.gruul.sms.model.dto.SendSmsDto)>", index: "0", type: "com.medusa.gruul.sms.model.dto.SendSmsDto" }
  - { kind: "param", method: "<com.medusa.gruul.sms.web.controller.SmsTempLateController: com.medusa.gruul.common.core.util.Result addTempLate(com.medusa.gruul.sms.model.dto.TemplateDto)>", index: "0", type: "com.medusa.gruul.sms.model.dto.TemplateDto" }

sinks:
  - { method: "<com.medusa.gruul.account.mapper.MiniAccountFootMarkMapper: int deleteByUserId(java.lang.String)>", index: "0" }
  - { method: "<com.medusa.gruul.account.mapper.MiniAccountFootMarkMapper: int selectAccountFootMarkCount(java.lang.String)>", index: "0" }
  - { method: "<com.medusa.gruul.account.mapper.MiniAccountCollectMapper: java.util.List getUserCollectInfoById(java.lang.String)>", index: "0" }
  - { method: "<com.medusa.gruul.account.mapper.MiniAccountMapper: java.util.List selectByShopUserIds(java.util.List)>", index: "0" }
  - { method: "<com.medusa.gruul.account.mapper.MiniAccountMapper: java.lang.String getUserInfoByShopUserId(java.lang.String)>", index: "0" }
  - { method: "<com.medusa.gruul.account.mapper.MiniAccountMapper: java.math.BigDecimal getIntegralByShopUserId(java.lang.String)>", index: "0" }
  - { method: "<com.medusa.gruul.account.mapper.MiniAccountMapper: com.medusa.gruul.account.api.entity.MiniAccount selectByShopUserId(java.lang.String)>", index: "0" }
  - { method: "<com.medusa.gruul.afs.mapper.AfsOrderMapper: java.lang.Long selectOriginalOrderByOrderId(java.lang.Long)>", index: "0" }
  - { method: "<com.medusa.gruul.afs.mapper.AfsOrderMapper: com.medusa.gruul.afs.api.entity.AfsOrder selectByOrderId(java.lang.Long)>", index: "0" }
  - { method: "<com.medusa.gruul.afs.mapper.AfsOrderMapper: java.util.List selectAfsOrderByReceiptBillId(java.lang.Long)>", index: "0" }
  - { method: "<com.medusa.gruul.afs.mapper.AfsOrderMapper: com.medusa.gruul.afs.api.entity.AfsOrder selectByOriginalOrderId(java.lang.Long)>", index: "0" }
  - { method: "<com.medusa.gruul.afs.mapper.AfsOrderItemMapper: java.util.List selectExchangeOrderIdsByOriginalOrderId(java.lang.Long)>", index: "0" }
  - { method: "<com.medusa.gruul.afs.mapper.AfsOrderItemMapper: java.util.List userApplyItem(java.lang.Long)>", index: "0" }
  - { method: "<com.medusa.gruul.goods.mapper.manager.ProductAttributeMapper: java.util.List queryByProductId(java.lang.Long)>", index: "0" }
  - { method: "<com.medusa.gruul.goods.mapper.manager.SupplierMapper: com.medusa.gruul.goods.api.model.vo.manager.SupplierVo queryByPrimaryKey(java.lang.Long)>", index: "0" }
  - { method: "<com.medusa.gruul.goods.mapper.manager.SupplierMapper: java.util.List queryDataSetSupplierList(java.util.List)>", index: "0" }
  - { method: "<com.medusa.gruul.goods.mapper.manager.SkuStockMapper: java.util.List queryItemVoByIds(java.util.List)>", index: "0" }
  - { method: "<com.medusa.gruul.goods.mapper.manager.DiscountProductMapper: java.util.List querySaveProductList(java.util.List)>", index: "0" }
  - { method: "<com.medusa.gruul.goods.mapper.manager.DiscountProductMapper: java.util.List queryDiscountProductTypeList(java.util.List)>", index: "0" }
  - { method: "<com.medusa.gruul.goods.mapper.manager.AttributeTemplateMapper: java.util.List queryByParentId(java.lang.Long)>", index: "0" }
  - { method: "<com.medusa.gruul.goods.mapper.manager.AttributeTemplateMapper: com.medusa.gruul.goods.api.model.vo.manager.AttributeTemplateVo queryByPrimaryKey(java.lang.Long)>", index: "0" }
  - { method: "<com.medusa.gruul.goods.mapper.manager.ProductMapper: com.medusa.gruul.goods.api.model.vo.manager.ProductVo querySaleModeChangeProduct(java.lang.Long)>", index: "0" }
  - { method: "<com.medusa.gruul.goods.mapper.manager.ProductMapper: com.medusa.gruul.goods.api.model.vo.manager.ProductVo getProductById(java.lang.Long)>", index: "0" }
  - { method: "<com.medusa.gruul.goods.mapper.manager.ProductMapper: java.util.List querySkuStock(java.lang.Long)>", index: "0" }
  - { method: "<com.medusa.gruul.goods.mapper.manager.ShowCategoryMapper: java.util.List queryAllShowCategoryList(com.medusa.gruul.goods.api.model.param.manager.ShowCategoryParam)>", index: "0" }
  - { method: "<com.medusa.gruul.goods.mapper.manager.ShowCategoryMapper: com.medusa.gruul.goods.api.model.vo.manager.ShowCategoryVo getShowCategoryById(java.lang.String)>", index: "0" }
  - { method: "<com.medusa.gruul.goods.mapper.api.ApiAliveProductMapper: java.util.List queryShowCategoryProductList(java.lang.Long)>", index: "0" }
  - { method: "<com.medusa.gruul.goods.mapper.api.ApiShowCategoryMapper: java.util.List queryApiSupermarketShowCategoryList(java.lang.Long)>", index: "0" }
  - { method: "<com.medusa.gruul.goods.mapper.api.ApiShoppingCartMapper: java.util.List queryShoppingCartListByUserId(java.util.Map)>", index: "0" }
  - { method: "<com.medusa.gruul.goods.mapper.api.ApiShoppingCartMapper: java.util.List selectEffectShoppingCart(java.util.Map)>", index: "0" }
  - { method: "<com.medusa.gruul.goods.mapper.api.ApiProductMapper: com.medusa.gruul.goods.api.model.vo.api.ApiProductVo queryByPrimaryKey(java.lang.Long)>", index: "0" }
  - { method: "<com.medusa.gruul.logistics.mapper.LogisticsExpressMapper: com.medusa.gruul.logistics.model.vo.LogisticsExpressVo queryLogisticsExpressInfo(java.lang.Long)>", index: "0" }
  - { method: "<com.medusa.gruul.logistics.mapper.LogisticsIncludePostageMapper: java.util.List selectByParams(java.util.Map)>", index: "0" }
  - { method: "<com.medusa.gruul.logistics.mapper.LogisticsCompanyMapper: com.medusa.gruul.logistics.api.entity.LogisticsCompany selectListCompanyByParam(java.util.Map)>", index: "0" }
  - { method: "<com.medusa.gruul.logistics.mapper.LogisticsExpressPrintMapper: com.medusa.gruul.logistics.model.vo.LogisticsExpressPrintVo queryLogisticsExpressPrintInfo(java.lang.Long)>", index: "0" }
  - { method: "<com.medusa.gruul.logistics.mapper.LogisticsExpressAddressMapper: com.medusa.gruul.logistics.model.vo.LogisticsExpressAddressVo queryByExpressId(java.lang.Long)>", index: "0" }
  - { method: "<com.medusa.gruul.logistics.mapper.LogisticsExpressAddressMapper: java.util.List queryByExpressCode(java.lang.String)>", index: "0" }
  - { method: "<com.medusa.gruul.logistics.mapper.LogisticsTemplateMapper: com.medusa.gruul.logistics.model.vo.LogisticsTemplateVo selectByPrimaryKey(java.lang.Long)>", index: "0" }
  - { method: "<com.medusa.gruul.logistics.mapper.LogisticsShippingModelMapper: java.util.List selectByParamMap(java.util.Map)>", index: "0" }
  - { method: "<com.medusa.gruul.order.mapper.AfsOrderMapper: java.util.List selectByOrderId(java.lang.Long)>", index: "0" }
  - { method: "<com.medusa.gruul.order.mapper.AfsOrderMapper: java.util.List selectProgressByOrderId(java.lang.Long)>", index: "0" }
  - { method: "<com.medusa.gruul.order.mapper.AfsOrderMapper: java.lang.Long countProgressByPointId(java.lang.String)>", index: "0" }
  - { method: "<com.medusa.gruul.order.mapper.AfsOrderMapper: java.lang.Long selectOriginalOrderIdByOrderId(java.lang.Long)>", index: "0" }
  - { method: "<com.medusa.gruul.order.mapper.AfsOrderMapper: java.lang.Integer selectCountProgressByOrderIds(java.util.List)>", index: "0" }
  - { method: "<com.medusa.gruul.order.mapper.OrderProductEvaluateMapper: java.util.List selectByOrderId(java.lang.Long)>", index: "0" }
  - { method: "<com.medusa.gruul.order.mapper.OrderProductEvaluateMapper: java.util.List selectProductRateByList(java.util.List)>", index: "0" }
  - { method: "<com.medusa.gruul.order.mapper.OrderMapper: int updateOneById(com.medusa.gruul.order.api.model.OrderDto)>", index: "0" }
  - { method: "<com.medusa.gruul.order.mapper.OrderMapper: com.medusa.gruul.order.api.model.OrderVo selectOrderVoById(java.lang.Long)>", index: "0" }
  - { method: "<com.medusa.gruul.order.mapper.OrderMapper: java.util.List selectOrderVoListByIds(java.util.List)>", index: "0" }
  - { method: "<com.medusa.gruul.order.mapper.OrderMapper: java.util.List selectOrderListByIds(java.util.List)>", index: "0" }
  - { method: "<com.medusa.gruul.order.mapper.OrderMapper: com.medusa.gruul.order.api.model.OrderDto selectOneById(long)>", index: "0" }
  - { method: "<com.medusa.gruul.order.mapper.OrderMapper: java.util.List getProductLastBuyers(java.lang.String)>", index: "0" }
  - { method: "<com.medusa.gruul.order.mapper.OrderMapper: java.util.List searchLogisticsOrder(java.util.List)>", index: "0" }
  - { method: "<com.medusa.gruul.order.mapper.OrderMapper: java.util.List selectListByAssId(java.lang.String)>", index: "0" }
  - { method: "<com.medusa.gruul.order.mapper.OrderMapper: java.util.List selectShippedOrderByProductIds(java.util.List)>", index: "0" }
  - { method: "<com.medusa.gruul.order.mapper.OrderMapper: java.util.List waitSendProductList(java.lang.String)>", index: "0" }
  - { method: "<com.medusa.gruul.order.mapper.OrderDeliveryMapper: int updateByParam(com.medusa.gruul.order.api.model.OrderDeliveryDto)>", index: "0" }
  - { method: "<com.medusa.gruul.order.mapper.OrderDeliveryMapper: com.medusa.gruul.order.api.model.OrderDeliveryDto selectOneByOrderId(long)>", index: "0" }
  - { method: "<com.medusa.gruul.order.mapper.OrderDeliveryMapper: com.medusa.gruul.order.api.entity.OrderDelivery selectByOrderId(long)>", index: "0" }
  - { method: "<com.medusa.gruul.order.mapper.OrderItemMapper: java.util.List selectSimpleOrderItemVoByOrderId(java.lang.Long)>", index: "0" }
  - { method: "<com.medusa.gruul.order.mapper.OrderItemMapper: java.util.List selectItemDtoByOrderIds(java.util.List)>", index: "0" }
  - { method: "<com.medusa.gruul.order.mapper.OrderItemMapper: java.util.List selectByOrderId(java.lang.Long)>", index: "0" }
  - { method: "<com.medusa.gruul.platform.mapper.SysShopPackageMapper: java.util.List selectByTemplateLastPackage(java.lang.Long)>", index: "0" }
  - { method: "<com.medusa.gruul.platform.mapper.PlatformShopTemplateDetailMapper: com.medusa.gruul.platform.api.entity.PlatformShopTemplateDetail selectShopTeamplteNewDetail(java.lang.Long)>", index: "0" }
  - { method: "<com.medusa.gruul.platform.mapper.PlatformShopTemplateDetailMapper: com.medusa.gruul.platform.api.entity.PlatformShopTemplateDetail selectByFilterById(java.lang.Long)>", index: "0" }
  - { method: "<com.medusa.gruul.shops.mapper.ShopGuidePageSwitchMapper: java.lang.Integer updateShopGuidePageSwitchStatus(java.lang.Boolean)>", index: "0" }
  - { method: "<com.medusa.gruul.shops.mapper.ShopGuidePageMapper: int updateShopGuidePage(com.medusa.gruul.shops.model.dto.ShopGuidePageDto)>", index: "0" }
  - { method: "<com.medusa.gruul.shops.mapper.ShopsPartnerMapper: com.medusa.gruul.shops.api.entity.ShopsPartner selectByPlatformId(java.lang.Long)>", index: "0" }
  - { method: "<com.medusa.gruul.shops.mapper.ShopsRenovationTemPageAssMapper: java.util.List listTemplatePageAssemblyByPageId(java.lang.Long)>", index: "0" }
  - { method: "<com.medusa.gruul.shops.mapper.ShopsRenovationTemPageAssMapper: java.util.List listTemplatePageAssembly(com.medusa.gruul.shops.model.param.ShopsRenovationAssemblyParam)>", index: "0" }
  - { method: "<com.medusa.gruul.shops.mapper.ShopsRenovationTemPageAssMapper: java.util.List getFitmentInfoByTypeNotNull(com.medusa.gruul.shops.model.param.ShopsRenovationPageParam)>", index: "0" }
  - { method: "<com.medusa.gruul.shops.mapper.ShopsRenovationTemPageMapper: com.medusa.gruul.shops.api.entity.ShopsRenovationPage selectByModelId(java.lang.String)>", index: "0" }
  - { method: "<com.medusa.gruul.shops.mapper.ShopsRenovationPluginMapper: java.util.List listPlugin(com.medusa.gruul.shops.model.param.ShopsRenovationPluginParam)>", index: "0" }
  - { method: "<com.medusa.gruul.shops.mapper.ShopsRenovationTemMapper: java.util.List listTemplate(com.medusa.gruul.shops.model.param.ShopsRenovationTemplateParam)>", index: "0" }
  - { method: "<com.medusa.gruul.sms.mapper.TSmsTemplateEntityMapper: java.util.List searchByEntity(com.medusa.gruul.sms.model.entity.TSmsTemplateEntity)>", index: "0" }
  - { method: "<com.medusa.gruul.sms.mapper.TSmsOrderEntityMapper: java.util.List doListWaitSendOrder(int)>", index: "0" }
  - { method: "<com.medusa.gruul.sms.mapper.TSmsOrderEntityMapper: com.medusa.gruul.sms.model.dto.SmsDoSendDto getSendSmsCfg(java.lang.Long)>", index: "0" }
  - { method: "<com.medusa.gruul.sms.mapper.TSmsSignEntityMapper: java.util.List searchByEntity(com.medusa.gruul.sms.model.entity.TSmsSignEntity)>", index: "0" }
  - { method: "<com.medusa.gruul.sms.mapper.TSmsProviderEntityMapper: java.util.List searchByEntity(com.medusa.gruul.sms.model.entity.TSmsProviderEntity)>", index: "0" }

transfers:
  - { method: "<java.lang.String: java.lang.String concat(java.lang.String)>", from: "base", to: "result", type: "java.lang.String" }
  - { method: "<java.lang.String: java.lang.String concat(java.lang.String)>", from: "0", to: "result", type: "java.lang.String" }
  - { method: "<java.lang.String: java.lang.String substring(int)>", from: "base", to: "result", type: "java.lang.String" }
  - { method: "<java.lang.String: java.lang.String substring(int,int)>", from: "base", to: "result", type: "java.lang.String" }
  - { method: "<java.lang.String: java.lang.String replace(char,char)>", from: "base", to: "result", type: "java.lang.String" }
  - { method: "<java.lang.String: java.lang.String replace(java.lang.CharSequence,java.lang.CharSequence)>", from: "base", to: "result", type: "java.lang.String" }
  - { method: "<java.lang.String: java.lang.String replaceAll(java.lang.String,java.lang.String)>", from: "base", to: "result", type: "java.lang.String" }
  - { method: "<java.lang.String: java.lang.String replaceFirst(java.lang.String,java.lang.String)>", from: "base", to: "result", type: "java.lang.String" }
  - { method: "<java.lang.String: java.lang.String trim()>", from: "base", to: "result", type: "java.lang.String" }
  - { method: "<java.lang.String: java.lang.String strip()>", from: "base", to: "result", type: "java.lang.String" }
  - { method: "<java.lang.String: java.lang.String stripLeading()>", from: "base", to: "result", type: "java.lang.String" }
  - { method: "<java.lang.String: java.lang.String stripTrailing()>", from: "base", to: "result", type: "java.lang.String" }
  - { method: "<java.lang.String: java.lang.String toLowerCase()>", from: "base", to: "result", type: "java.lang.String" }
  - { method: "<java.lang.String: java.lang.String toLowerCase(java.util.Locale)>", from: "base", to: "result", type: "java.lang.String" }
  - { method: "<java.lang.String: java.lang.String toUpperCase()>", from: "base", to: "result", type: "java.lang.String" }
  - { method: "<java.lang.String: java.lang.String toUpperCase(java.util.Locale)>", from: "base", to: "result", type: "java.lang.String" }
  - { method: "<java.lang.String: java.lang.String intern()>", from: "base", to: "result", type: "java.lang.String" }
  - { method: "<java.lang.String: java.lang.String valueOf(java.lang.Object)>", from: "0", to: "result", type: "java.lang.String" }
  - { method: "<java.lang.String: java.lang.String valueOf(char[])>", from: "0", to: "result", type: "java.lang.String" }
  - { method: "<java.lang.String: java.lang.String format(java.lang.String,java.lang.Object[])>", from: "0", to: "result", type: "java.lang.String" }
  - { method: "<java.lang.String: java.lang.String format(java.util.Locale,java.lang.String,java.lang.Object[])>", from: "1", to: "result", type: "java.lang.String" }
  - { method: "<java.lang.String: java.lang.String join(java.lang.CharSequence,java.lang.CharSequence[])>", from: "1", to: "result", type: "java.lang.String" }
  - { method: "<java.lang.String: java.lang.String join(java.lang.CharSequence,java.lang.Iterable)>", from: "1", to: "result", type: "java.lang.String" }
  - { method: "<java.lang.String: char[] toCharArray()>", from: "base", to: "result", type: "char[]" }
  - { method: "<java.lang.StringBuilder: java.lang.StringBuilder append(java.lang.String)>", from: "0", to: "base", type: "java.lang.StringBuilder" }
  - { method: "<java.lang.StringBuilder: java.lang.StringBuilder append(java.lang.Object)>", from: "0", to: "base", type: "java.lang.StringBuilder" }
  - { method: "<java.lang.StringBuilder: java.lang.StringBuilder append(java.lang.CharSequence)>", from: "0", to: "base", type: "java.lang.StringBuilder" }
  - { method: "<java.lang.StringBuilder: java.lang.StringBuilder append(char[])>", from: "0", to: "base", type: "java.lang.StringBuilder" }
  - { method: "<java.lang.StringBuilder: java.lang.StringBuilder append(boolean)>", from: "0", to: "base", type: "java.lang.StringBuilder" }
  - { method: "<java.lang.StringBuilder: java.lang.StringBuilder append(int)>", from: "0", to: "base", type: "java.lang.StringBuilder" }
  - { method: "<java.lang.StringBuilder: java.lang.StringBuilder append(long)>", from: "0", to: "base", type: "java.lang.StringBuilder" }
  - { method: "<java.lang.StringBuilder: java.lang.StringBuilder append(java.lang.String)>", from: "base", to: "result", type: "java.lang.StringBuilder" }
  - { method: "<java.lang.StringBuilder: java.lang.StringBuilder append(java.lang.Object)>", from: "base", to: "result", type: "java.lang.StringBuilder" }
  - { method: "<java.lang.StringBuilder: java.lang.StringBuilder append(java.lang.CharSequence)>", from: "base", to: "result", type: "java.lang.StringBuilder" }
  - { method: "<java.lang.StringBuilder: java.lang.String toString()>", from: "base", to: "result", type: "java.lang.String" }
  - { method: "<java.lang.StringBuilder: java.lang.StringBuilder insert(int,java.lang.String)>", from: "1", to: "base", type: "java.lang.StringBuilder" }
  - { method: "<java.lang.StringBuilder: java.lang.StringBuilder insert(int,java.lang.Object)>", from: "1", to: "base", type: "java.lang.StringBuilder" }
  - { method: "<java.lang.StringBuilder: java.lang.StringBuilder insert(int,java.lang.CharSequence)>", from: "1", to: "base", type: "java.lang.StringBuilder" }
  - { method: "<java.lang.StringBuffer: java.lang.StringBuffer append(java.lang.String)>", from: "0", to: "base", type: "java.lang.StringBuffer" }
  - { method: "<java.lang.StringBuffer: java.lang.StringBuffer append(java.lang.Object)>", from: "0", to: "base", type: "java.lang.StringBuffer" }
  - { method: "<java.lang.StringBuffer: java.lang.StringBuffer append(java.lang.String)>", from: "base", to: "result", type: "java.lang.StringBuffer" }
  - { method: "<java.lang.StringBuffer: java.lang.StringBuffer append(java.lang.Object)>", from: "base", to: "result", type: "java.lang.StringBuffer" }
  - { method: "<java.lang.StringBuffer: java.lang.String toString()>", from: "base", to: "result", type: "java.lang.String" }
  - { method: "<java.util.Map: java.lang.Object get(java.lang.Object)>", from: "base", to: "result", type: "java.lang.Object" }
  - { method: "<java.util.HashMap: java.lang.Object get(java.lang.Object)>", from: "base", to: "result", type: "java.lang.Object" }
  - { method: "<java.util.LinkedHashMap: java.lang.Object get(java.lang.Object)>", from: "base", to: "result", type: "java.lang.Object" }
  - { method: "<java.util.TreeMap: java.lang.Object get(java.lang.Object)>", from: "base", to: "result", type: "java.lang.Object" }
  - { method: "<java.util.concurrent.ConcurrentHashMap: java.lang.Object get(java.lang.Object)>", from: "base", to: "result", type: "java.lang.Object" }
  - { method: "<java.util.Map: java.lang.Object put(java.lang.Object,java.lang.Object)>", from: "1", to: "base", type: "java.util.Map" }
  - { method: "<java.util.HashMap: java.lang.Object put(java.lang.Object,java.lang.Object)>", from: "1", to: "base", type: "java.util.HashMap" }
  - { method: "<java.util.Map: void putAll(java.util.Map)>", from: "0", to: "base", type: "java.util.Map" }
  - { method: "<java.util.Map: java.util.Collection values()>", from: "base", to: "result", type: "java.util.Collection" }
  - { method: "<java.util.Map: java.util.Set entrySet()>", from: "base", to: "result", type: "java.util.Set" }
  - { method: "<java.util.Map$Entry: java.lang.Object getValue()>", from: "base", to: "result", type: "java.lang.Object" }
  - { method: "<java.util.Map$Entry: java.lang.Object getKey()>", from: "base", to: "result", type: "java.lang.Object" }
  - { method: "<java.util.List: java.lang.Object get(int)>", from: "base", to: "result", type: "java.lang.Object" }
  - { method: "<java.util.ArrayList: java.lang.Object get(int)>", from: "base", to: "result", type: "java.lang.Object" }
  - { method: "<java.util.LinkedList: java.lang.Object get(int)>", from: "base", to: "result", type: "java.lang.Object" }
  - { method: "<java.util.List: boolean add(java.lang.Object)>", from: "0", to: "base", type: "java.util.List" }
  - { method: "<java.util.ArrayList: boolean add(java.lang.Object)>", from: "0", to: "base", type: "java.util.ArrayList" }
  - { method: "<java.util.LinkedList: boolean add(java.lang.Object)>", from: "0", to: "base", type: "java.util.LinkedList" }
  - { method: "<java.util.Collection: boolean add(java.lang.Object)>", from: "0", to: "base", type: "java.util.Collection" }
  - { method: "<java.util.Iterator: java.lang.Object next()>", from: "base", to: "result", type: "java.lang.Object" }
  - { method: "<java.util.ListIterator: java.lang.Object next()>", from: "base", to: "result", type: "java.lang.Object" }
  - { method: "<java.util.Optional: java.lang.Object get()>", from: "base", to: "result", type: "java.lang.Object" }
  - { method: "<java.util.Optional: java.lang.Object orElse(java.lang.Object)>", from: "base", to: "result", type: "java.lang.Object" }
  - { method: "<java.util.Optional: java.lang.Object orElseGet(java.util.function.Supplier)>", from: "base", to: "result", type: "java.lang.Object" }
  - { method: "<java.util.Optional: java.util.Optional of(java.lang.Object)>", from: "0", to: "result", type: "java.util.Optional" }
  - { method: "<java.util.Optional: java.util.Optional ofNullable(java.lang.Object)>", from: "0", to: "result", type: "java.util.Optional" }
  - { method: "<java.lang.Object: java.lang.String toString()>", from: "base", to: "result", type: "java.lang.String" }
  - { method: "<java.lang.ThreadLocal: java.lang.Object get()>", from: "base", to: "result", type: "java.lang.Object" }

Initializing global bean mock objects for beans...
Initialized 191 global bean objects.
No bean found for concrete class: com.medusa.gruul.shops.api.feign.RemoteShopsService
No bean found for concrete class: com.medusa.gruul.order.api.feign.RemoteOrderService
No bean found for concrete class: com.medusa.gruul.platform.api.feign.RemoteMiniInfoService
Added entry point (Empty): <com.medusa.gruul.account.web.controller.AggregateController: com.medusa.gruul.common.core.util.Result getCommanderInfo()>
Added entry point (Empty): <com.medusa.gruul.account.web.controller.MiniAccountController: com.medusa.gruul.common.core.util.Result qrCode()>
Added entry point (Empty): <com.medusa.gruul.account.web.controller.MiniAccountTagController: com.medusa.gruul.common.core.util.Result listAll()>
Added entry point (Empty): <com.medusa.gruul.account.web.controller.api.ApiMiniAccountCollectController: com.medusa.gruul.common.core.util.Result getUserCollectInfo()>
Added entry point (Empty): <com.medusa.gruul.account.web.controller.api.ApiMiniAccountCollectController: com.medusa.gruul.common.core.util.Result getAccountCollectCount()>
Added entry point (Empty): <com.medusa.gruul.account.web.controller.api.ApiMiniAccountFootMarkController: com.medusa.gruul.common.core.util.Result getAccountFootMarkCount()>
Added entry point (Empty): <com.medusa.gruul.afs.controller.mini.MiniAfsOrderController: com.medusa.gruul.common.core.util.Result reasons()>
Added entry point (Empty): <com.medusa.gruul.goods.web.controller.api.ApiShoppingCartController: com.medusa.gruul.common.core.util.Result getShoppingCartListByUserId()>
Added entry point (Empty): <com.medusa.gruul.goods.web.controller.api.ApiShowCategoryController: com.medusa.gruul.common.core.util.Result getAllApiShowCategoryList()>
Added entry point (Empty): <com.medusa.gruul.goods.web.controller.manager.AttributeTemplateController: com.medusa.gruul.common.core.util.Result getAllAttributeTemplateList()>
Added entry point (Empty): <com.medusa.gruul.goods.web.controller.manager.FreightTemplateController: com.medusa.gruul.common.core.util.Result findFreightTemplateListByLogistics()>
Concrete class not found for type: org.springframework.web.multipart.support.StandardMultipartFile
Added entry point (Empty): <com.medusa.gruul.goods.web.controller.manager.SaleModeController: com.medusa.gruul.common.core.util.Result getAllSaleModeList()>
Added entry point (Empty): <com.medusa.gruul.goods.web.controller.manager.SupplierController: com.medusa.gruul.common.core.util.Result getAllSupplierList()>
Added entry point (Empty): <com.medusa.gruul.goods.web.remote.GoodsController: java.lang.Integer findProductCount()>
Added entry point (Empty): <com.medusa.gruul.logistics.controller.FeignController: com.medusa.gruul.common.core.util.Result getLogisticList()>
Added entry point (Empty): <com.medusa.gruul.logistics.controller.LogisticsAddressController: com.medusa.gruul.common.core.util.Result getAllAddressList()>
Added entry point (Empty): <com.medusa.gruul.logistics.controller.LogisticsAddressController: com.medusa.gruul.common.core.util.Result listLogisticsCompany()>
Added entry point (Empty): <com.medusa.gruul.order.controller.manage.ManageOrderController: com.medusa.gruul.common.core.util.Result getOverview()>
Added entry point (Empty): <com.medusa.gruul.order.controller.manage.ManageOrderController: com.medusa.gruul.common.core.util.Result getSetting()>
Added entry point (Empty): <com.medusa.gruul.order.controller.manage.ManageOrderController: com.medusa.gruul.common.core.util.Result getOrderSetting()>
Added entry point (Empty): <com.medusa.gruul.order.controller.manage.ManageOrderController: com.medusa.gruul.common.core.util.Result getShareSetting()>
No bean found for concrete class: com.medusa.gruul.logistics.api.feign.RemoteLogisticsFeginService
Added entry point (Empty): <com.medusa.gruul.order.controller.manage.ManageOrderController: com.medusa.gruul.common.core.util.Result hasWaitSend()>
Added entry point (Empty): <com.medusa.gruul.order.controller.mini.MiniOrderController: com.medusa.gruul.common.core.util.Result orderOverview()>
Concrete class not found for type: javax.servlet.http.HttpServletRequestWrapper
Added entry point (Empty): <com.medusa.gruul.order.controller.mini.MiniOrderController: com.medusa.gruul.common.core.util.Result evaluateSetting()>
No bean found for concrete class: com.medusa.gruul.platform.api.feign.RemoteMiniInfoService
Added entry point (Empty): <com.medusa.gruul.order.controller.mini.MiniOrderController: com.medusa.gruul.common.core.util.Result setting()>
Added entry point (Empty): <com.medusa.gruul.order.controller.remote.RemoteOrderController: com.medusa.gruul.order.api.entity.OrderSetting getOrderSetting()>
Concrete class not found for type: org.springframework.web.multipart.support.StandardMultipartFile
No bean found for concrete class: com.medusa.gruul.oss.api.feign.RemoteSysOssService
Concrete class not found for type: javax.servlet.http.HttpServletRequestWrapper
Concrete class not found for type: javax.servlet.http.HttpServletResponseWrapper
Concrete class not found for type: javax.servlet.http.HttpServletRequestWrapper
Concrete class not found for type: javax.servlet.http.HttpServletRequestWrapper
Concrete class not found for type: javax.servlet.http.HttpServletRequestWrapper
No bean found for concrete class: com.medusa.gruul.payment.router.PayMessageRouter
Concrete class not found for type: javax.servlet.http.HttpServletResponseWrapper
Added entry point (Empty): <com.medusa.gruul.platform.web.controller.AccountInfoController: com.medusa.gruul.common.core.util.Result info()>
Added entry point (Empty): <com.medusa.gruul.platform.web.controller.PlatformShopInfoConsoleController: com.medusa.gruul.common.core.util.Result closeOrOpen()>
Added entry point (Empty): <com.medusa.gruul.platform.web.controller.PlatformShopInfoConsoleController: com.medusa.gruul.common.core.util.Result shopInfo()>
Concrete class not found for type: org.springframework.web.multipart.support.StandardMultipartFile
Added entry point (Empty): <com.medusa.gruul.platform.web.controller.PlatformShopInfoConsoleController: com.medusa.gruul.common.core.util.Result getShopFunction()>
Added entry point (Empty): <com.medusa.gruul.platform.web.controller.PlatformShopMessageController: com.medusa.gruul.common.core.util.Result msgAll()>
Added entry point (Empty): <com.medusa.gruul.platform.web.controller.PlatformShopTemplateDetailController: com.medusa.gruul.common.core.util.Result getSkipUrl()>
Added entry point (Empty): <com.medusa.gruul.platform.web.controller.SystemConfController: com.medusa.gruul.common.core.util.Result getTypeInfo()>
Added entry point (Empty): <com.medusa.gruul.platform.web.controller.SystemConfController: com.medusa.gruul.common.core.util.Result getPayConfig()>
Added entry point (Empty): <com.medusa.gruul.platform.web.controller.SystemConfController: com.medusa.gruul.common.core.util.Result getKfmsg()>
Added entry point (Empty): <com.medusa.gruul.platform.web.controller.SystemConfController: com.medusa.gruul.common.core.util.Result getCodeEmailConf()>
Added entry point (Empty): <com.medusa.gruul.platform.web.remote.RemoteMiniInfoController: com.medusa.gruul.common.core.util.Result getShopInfo()>
Added entry point (Empty): <com.medusa.gruul.platform.web.remote.RemoteMiniInfoController: com.medusa.gruul.common.core.util.Result currentOssConfig()>
Added entry point (Empty): <com.medusa.gruul.platform.web.remote.RemoteMiniInfoController: com.medusa.gruul.platform.api.model.dto.ShopConfigDto getShopConfig()>
Added entry point (Empty): <com.medusa.gruul.platform.web.remote.RemoteMiniInfoController: com.medusa.gruul.common.core.util.Result getShopFunction()>
Added entry point (Empty): <com.medusa.gruul.shops.controller.AccountCenterController: com.medusa.gruul.common.core.util.Result accountCenterSetting()>
Added entry point (Empty): <com.medusa.gruul.shops.controller.ShopsController: java.util.List listShops()>
Added entry point (Empty): <com.medusa.gruul.shops.controller.ShopsController: com.medusa.gruul.common.core.util.Result getTerms()>
Added entry point (Empty): <com.medusa.gruul.shops.controller.ShopsGuidePageController: com.medusa.gruul.common.core.util.Result getShopGuidePage()>
Added entry point (Empty): <com.medusa.gruul.shops.controller.ShopsGuidePageController: com.medusa.gruul.common.core.util.Result getShopGuidePageDefault()>
Added entry point (Empty): <com.medusa.gruul.shops.controller.ShopsGuidePageSwitchController: com.medusa.gruul.common.core.util.Result getShopGuidePageSwitch()>
Added entry point (Empty): <com.medusa.gruul.shops.controller.ShopsMenuConfigController: com.medusa.gruul.common.core.util.Result getMenuConfig()>
Added entry point (Empty): <com.medusa.gruul.shops.controller.ShopsPartnerController: com.medusa.gruul.common.core.util.Result listShopsPartner()>
Added entry point (Empty): <com.medusa.gruul.shops.controller.ShopsPartnerController: com.medusa.gruul.shops.api.entity.ShopsPartner oneByShopId()>
Added entry point (Empty): <com.medusa.gruul.shops.controller.ShopsRenovationController: com.medusa.gruul.common.core.util.Result templateDefOne()>
Added entry point (Empty): <com.medusa.gruul.shops.controller.remote.RemoteController: com.medusa.gruul.shops.api.model.AccountCenterVo accountCenterSetting()>
Initializing global aspect mock objects...
No bean found for concrete class: com.medusa.gruul.order.api.feign.RemoteOrderService
No bean found for concrete class: com.medusa.gruul.order.api.feign.RemoteOrderService
No bean found for concrete class: com.medusa.gruul.order.api.feign.RemoteOrderService
No bean found for concrete class: com.medusa.gruul.order.api.feign.RemoteOrderService
No bean found for concrete class: com.medusa.gruul.logistics.api.feign.RemoteLogisticsFeginService
No bean found for concrete class: com.medusa.gruul.order.api.feign.RemoteOrderService
No bean found for concrete class: com.medusa.gruul.logistics.api.feign.RemoteLogisticsFeginService
No bean found for concrete class: com.medusa.gruul.logistics.api.feign.RemoteLogisticsFeginService
No bean found for concrete class: com.medusa.gruul.platform.api.feign.RemoteMiniInfoService
No bean found for concrete class: com.medusa.gruul.shops.api.feign.RemoteShopsService
No bean found for concrete class: com.medusa.gruul.shops.api.feign.RemoteShopsService
No bean found for concrete class: com.medusa.gruul.account.api.feign.RemoteMiniAccountService
No bean found for concrete class: com.medusa.gruul.order.api.feign.RemoteOrderService
No bean found for concrete class: com.medusa.gruul.order.api.feign.RemoteOrderService
No bean found for concrete class: com.medusa.gruul.order.api.feign.RemoteOrderService
No bean found for concrete class: com.medusa.gruul.order.api.feign.RemoteOrderService
No bean found for concrete class: com.medusa.gruul.goods.api.feign.RemoteGoodsService
No bean found for concrete class: com.medusa.gruul.account.api.feign.RemoteMiniAccountService
No bean found for concrete class: com.medusa.gruul.goods.api.feign.RemoteGoodsService
No bean found for concrete class: com.medusa.gruul.account.api.feign.RemoteMiniAccountService
No bean found for concrete class: com.medusa.gruul.goods.api.feign.RemoteGoodsService
No bean found for concrete class: com.medusa.gruul.logistics.api.feign.RemoteLogisticsFeginService
No bean found for concrete class: com.medusa.gruul.account.api.feign.RemoteMiniAccountService
No bean found for concrete class: com.medusa.gruul.goods.api.feign.RemoteGoodsService
No bean found for concrete class: com.medusa.gruul.goods.api.feign.RemoteGoodsService
No bean found for concrete class: com.medusa.gruul.account.api.feign.RemoteMiniAccountService
No bean found for concrete class: com.medusa.gruul.account.api.feign.RemoteMiniAccountService
No bean found for concrete class: com.medusa.gruul.platform.conf.WechatOpenProperties
No bean found for concrete class: com.medusa.gruul.account.api.conf.MiniInfoProperty
No bean found for concrete class: cn.hutool.cache.impl.TimedCache
No bean found for concrete class: com.medusa.gruul.platform.api.feign.RemoteMiniInfoService
No bean found for concrete class: com.medusa.gruul.sms.api.feign.RemoteSmsSendService
No bean found for concrete class: com.medusa.gruul.account.api.conf.MiniInfoProperty
No bean found for concrete class: com.medusa.gruul.order.api.feign.RemoteOrderService
No bean found for concrete class: com.medusa.gruul.account.api.feign.RemoteMiniAccountService
No bean found for concrete class: com.medusa.gruul.order.api.feign.RemoteOrderService
No bean found for concrete class: com.medusa.gruul.account.api.feign.RemoteMiniAccountService
No bean found for concrete class: com.medusa.gruul.order.api.feign.RemoteOrderService
No bean found for concrete class: org.springframework.amqp.rabbit.core.RabbitTemplate
No bean found for concrete class: com.medusa.gruul.goods.api.feign.RemoteGoodsService
No bean found for concrete class: org.springframework.amqp.rabbit.core.RabbitTemplate
No bean found for concrete class: com.medusa.gruul.goods.api.feign.RemoteGoodsService
No bean found for concrete class: com.medusa.gruul.platform.api.feign.RemoteMiniInfoService
No bean found for concrete class: com.medusa.gruul.payment.api.feign.RemotePaymentService
No bean found for concrete class: org.springframework.amqp.rabbit.core.RabbitTemplate
No bean found for concrete class: com.medusa.gruul.platform.api.feign.RemoteMiniInfoService
No bean found for concrete class: com.medusa.gruul.account.api.conf.MiniInfoProperty
No bean found for concrete class: com.medusa.gruul.platform.api.feign.RemoteMiniInfoService
No bean found for concrete class: org.springframework.amqp.rabbit.core.RabbitTemplate
No bean found for concrete class: com.medusa.gruul.logistics.api.feign.RemoteLogisticsFeginService
No bean found for concrete class: org.springframework.amqp.rabbit.core.RabbitTemplate
No bean found for concrete class: org.springframework.amqp.rabbit.core.RabbitTemplate
No bean found for concrete class: org.springframework.amqp.rabbit.core.RabbitTemplate
No bean found for concrete class: org.springframework.amqp.rabbit.core.RabbitTemplate
No bean found for concrete class: com.medusa.gruul.payment.api.feign.RemotePaymentService
No bean found for concrete class: org.springframework.amqp.rabbit.core.RabbitTemplate
[Pointer analysis] elapsed time: 0.16s
Detected 22 taint flow(s):
TaintFlow{<com.medusa.gruul.goods.web.controller.api.ApiProductController: com.medusa.gruul.common.core.util.Result getAliveProductListByCategory(java.lang.Long[],java.lang.Long)>/1 -> <com.medusa.gruul.goods.service.api.impl.ApiProductServiceImpl: java.util.List getAliveProductListByCategory(java.lang.Long[],java.lang.Long)>[19@L156] $r12 = invokeinterface $r11.queryApiSupermarketShowCategoryList(saleMode)/0}
TaintFlow{<com.medusa.gruul.goods.web.controller.api.ApiProductController: com.medusa.gruul.common.core.util.Result getProductById(java.lang.Long)>/0 -> <com.medusa.gruul.goods.service.api.impl.ApiProductServiceImpl: com.medusa.gruul.goods.api.model.vo.api.ApiProductVo getProductById(java.lang.Long)>[1@L58] $r3 = invokeinterface $r2.queryByPrimaryKey(id)/0}
TaintFlow{<com.medusa.gruul.goods.web.controller.api.ApiShowCategoryController: com.medusa.gruul.common.core.util.Result getApiShowCategoryListBySaleMode(java.lang.Long)>/0 -> <com.medusa.gruul.goods.service.api.impl.ApiShowCategoryServiceImpl: java.util.List getApiShowCategoryListBySaleMode(java.lang.Long)>[13@L61] $r7 = invokeinterface $r6.queryApiSupermarketShowCategoryList(saleMode)/0}
TaintFlow{<com.medusa.gruul.goods.web.controller.manager.ProductAttributeController: com.medusa.gruul.common.core.util.Result selectByProductId(java.lang.Long)>/0 -> <com.medusa.gruul.goods.service.manager.impl.ProductAttributeServiceImpl: java.util.List selectByProductId(java.lang.Long)>[1@L36] $r3 = invokeinterface $r2.queryByProductId(productId)/0}
TaintFlow{<com.medusa.gruul.goods.web.controller.manager.ProductController: com.medusa.gruul.common.core.util.Result getSkuStockAndMemberPriceById(java.lang.Long)>/0 -> <com.medusa.gruul.goods.service.manager.impl.ProductServiceImpl: java.util.List getSkuStockAndMemberPriceById(java.lang.Long)>[1@L161] $r3 = invokeinterface $r2.querySkuStock(id)/0}
TaintFlow{<com.medusa.gruul.goods.web.controller.manager.ShowCategoryController: com.medusa.gruul.common.core.util.Result getShowCategoryById(java.lang.String)>/0 -> <com.medusa.gruul.goods.service.manager.impl.ShowCategoryServiceImpl: com.medusa.gruul.goods.api.model.vo.manager.ShowCategoryVo getShowCategoryById(java.lang.String)>[1@L78] $r3 = invokeinterface $r2.getShowCategoryById(id)/0}
TaintFlow{<com.medusa.gruul.goods.web.remote.GoodsController: java.util.List findDataSetSupplierList(java.util.List)>/0 -> <com.medusa.gruul.goods.service.manager.impl.SupplierServiceImpl: java.util.List getDataSetSupplierList(java.util.List)>[1@L248] $r3 = invokeinterface $r2.queryDataSetSupplierList(supplierIds)/0}
TaintFlow{<com.medusa.gruul.goods.web.remote.GoodsController: java.util.List findDiscountProductTypeList(java.util.List)>/0 -> <com.medusa.gruul.goods.service.manager.impl.ProductServiceImpl: java.util.List getDiscountProductTypeList(java.util.List)>[1@L535] $r3 = invokeinterface $r2.queryDiscountProductTypeList(productIds)/0}
TaintFlow{<com.medusa.gruul.goods.web.remote.GoodsController: java.util.List findItemVoByIds(java.util.List)>/0 -> <com.medusa.gruul.goods.service.manager.impl.ProductServiceImpl: java.util.List findItemVoByIds(java.util.List)>[9@L586] $r3 = invokeinterface $r2.queryItemVoByIds(skuIds)/0}
TaintFlow{<com.medusa.gruul.logistics.controller.FeignController: com.medusa.gruul.common.core.util.Result getLogisticsExpressNumber(com.medusa.gruul.logistics.model.dto.manager.express.ExpressInfoDto,java.lang.Long)>/1 -> <com.medusa.gruul.logistics.service.impl.LogisticsAddressServiceImpl: com.medusa.gruul.common.core.util.Result getLogisticsExpressNumber(com.medusa.gruul.logistics.model.dto.manager.express.ExpressInfoDto,java.lang.Long)>[5@L410] $r6 = invokeinterface $r5.queryByExpressId(expressId)/0}
TaintFlow{<com.medusa.gruul.logistics.controller.FeignController: com.medusa.gruul.common.core.util.Result getLogisticsInfo(java.lang.Long)>/0 -> <com.medusa.gruul.logistics.service.impl.LogisticsTemplateServiceImpl: com.medusa.gruul.logistics.model.vo.LogisticsTemplateVo feignGetInfo(java.lang.Long)>[1@L219] $r3 = invokeinterface $r2.selectByPrimaryKey(id)/0}
TaintFlow{<com.medusa.gruul.logistics.controller.FeignController: java.math.BigDecimal getLogisticsFreightCalculation(java.lang.String,java.lang.String)>/1 -> <com.medusa.gruul.logistics.service.impl.LogisticsTemplateServiceImpl: java.math.BigDecimal getOneTemplateAggregation(java.util.Map,java.util.Map,java.lang.String)>[39@L515] $r16 = invokeinterface $r15.selectByParams($r13)/0}
TaintFlow{<com.medusa.gruul.logistics.controller.FeignController: java.math.BigDecimal getLogisticsFreightCalculation(java.lang.String,java.lang.String)>/1 -> <com.medusa.gruul.logistics.service.impl.LogisticsTemplateServiceImpl: java.math.BigDecimal baseAggregation(java.lang.Long,java.lang.String,java.util.Map)>[9@L589] $r6 = invokeinterface $r5.selectByParamMap($r66)/0}
TaintFlow{<com.medusa.gruul.logistics.controller.LogisticsExpressController: com.medusa.gruul.common.core.util.Result getExpressInfo(java.lang.Long)>/0 -> <com.medusa.gruul.logistics.service.impl.LogisticsExpressServiceImpl: com.medusa.gruul.logistics.model.vo.LogisticsExpressVo getExpressInfo(java.lang.Long)>[1@L66] $r3 = invokeinterface $r2.queryLogisticsExpressInfo(id)/0}
TaintFlow{<com.medusa.gruul.logistics.controller.LogisticsExpressPrintController: com.medusa.gruul.common.core.util.Result getExpressPrintInfo(java.lang.Long)>/0 -> <com.medusa.gruul.logistics.service.impl.LogisticsExpressPrintServiceImpl: com.medusa.gruul.logistics.model.vo.LogisticsExpressPrintVo getExpressPrintInfo(java.lang.Long)>[1@L52] $r3 = invokeinterface $r2.queryLogisticsExpressPrintInfo(id)/0}
TaintFlow{<com.medusa.gruul.logistics.controller.LogisticsTemplateController: com.medusa.gruul.common.core.util.Result getTemplateInfo(java.lang.Long)>/0 -> <com.medusa.gruul.logistics.service.impl.LogisticsTemplateServiceImpl: com.medusa.gruul.logistics.model.vo.LogisticsTemplateVo getTemplateInfo(java.lang.Long)>[1@L79] $r3 = invokeinterface $r2.selectByPrimaryKey(id)/0}
TaintFlow{<com.medusa.gruul.order.controller.mini.MiniOrderController: com.medusa.gruul.common.core.util.Result orderShareInfo(java.lang.Long)>/0 -> <com.medusa.gruul.order.service.impl.MiniOrderServiceImpl: com.medusa.gruul.order.model.OrderShareInfo orderShareInfo(java.lang.Long)>[6@L1086] $r7 = invokeinterface $r6.selectSimpleOrderItemVoByOrderId(orderId)/0}
TaintFlow{<com.medusa.gruul.order.controller.mini.MiniOrderController: com.medusa.gruul.common.core.util.Result receiptOrder(java.lang.Long)>/0 -> <com.medusa.gruul.order.service.impl.MiniOrderServiceImpl: void receiptOrder(java.lang.Long,boolean)>[36@L776] $r11 = invokeinterface $r10.selectProgressByOrderId(orderId)/0}
TaintFlow{<com.medusa.gruul.order.controller.remote.RemoteOrderController: java.lang.Boolean checkAfsOrder(java.util.List)>/0 -> <com.medusa.gruul.order.service.impl.RemoteOrderServiceImpl: java.lang.Boolean checkAfsOrder(java.util.List)>[6@L344] $r3 = invokeinterface $r2.selectCountProgressByOrderIds(orderIds)/0}
TaintFlow{<com.medusa.gruul.order.controller.remote.RemoteOrderController: java.util.List productRate(java.util.List)>/0 -> <com.medusa.gruul.order.service.impl.RemoteOrderServiceImpl: java.util.List productRate(java.util.List)>[1@L83] $r3 = invokeinterface $r2.selectProductRateByList(productIds)/0}
TaintFlow{<com.medusa.gruul.order.controller.remote.RemoteOrderController: void receiptOrder(java.lang.Long)>/0 -> <com.medusa.gruul.order.service.impl.MiniOrderServiceImpl: void receiptOrder(java.lang.Long,boolean)>[36@L776] $r11 = invokeinterface $r10.selectProgressByOrderId(orderId)/0}
TaintFlow{<com.medusa.gruul.shops.controller.ShopsGuidePageSwitchController: com.medusa.gruul.common.core.util.Result updateShopGuidePageSwitch(java.lang.Boolean)>/0 -> <com.medusa.gruul.shops.service.impl.ShopGuidePageSwitchServiceImpl: void updateShopGuidePageSwitch(java.lang.Boolean)>[1@L37] invokeinterface $r2.updateShopGuidePageSwitchStatus(status)/0}
TFGDumper starts ...
Source nodes:
VarNode{<com.medusa.gruul.afs.controller.mini.MiniAfsOrderController: com.medusa.gruul.common.core.util.Result userReturn(java.lang.Long,java.lang.String,java.lang.String,java.lang.String,java.lang.String,java.lang.String)>/reason}
VarNode{<com.medusa.gruul.logistics.controller.LogisticsTemplateController: com.medusa.gruul.common.core.util.Result removeTemplateInfo(java.lang.Long)>/id}
VarNode{<com.medusa.gruul.order.controller.mini.MiniOrderController: com.medusa.gruul.common.core.util.Result userEvaluateOverview(java.lang.String)>/productId}
VarNode{<com.medusa.gruul.goods.web.controller.manager.AttributeTemplateController: com.medusa.gruul.common.core.util.Result deleteAttributeTemplateChild(java.lang.Long)>/id}
VarNode{<com.medusa.gruul.order.controller.manage.ManageOrderController: com.medusa.gruul.common.core.util.Result searchOrderEvaluate(com.medusa.gruul.order.model.ManageSearchEvaluateDto)>/dto}
VarNode{<com.medusa.gruul.platform.web.controller.SendCodeController: com.medusa.gruul.common.core.util.Result verifyCode(com.medusa.gruul.common.dto.SendCodeVerifyDto)>/sendCodeVerifyDto}
VarNode{<com.medusa.gruul.account.web.controller.MiniAccountController: com.medusa.gruul.common.core.util.Result login(java.lang.String)>/code}
VarNode{<com.medusa.gruul.order.controller.mini.MiniOrderController: com.medusa.gruul.common.core.util.Result orderShareInfo(java.lang.Long)>/orderId}
VarNode{<com.medusa.gruul.account.web.controller.MiniAccountController: com.medusa.gruul.common.core.util.Result userInfo(java.lang.Integer)>/infoLevel}
VarNode{<com.medusa.gruul.account.web.controller.MiniAccountController: com.medusa.gruul.common.core.util.Result userList(java.lang.Integer,java.lang.Integer,java.lang.String,java.lang.Long,java.lang.String,java.lang.String,java.lang.Integer)>/nikeName}
VarNode{<com.medusa.gruul.afs.controller.mini.MiniAfsOrderController: com.medusa.gruul.common.core.util.Result userReturn(java.lang.Long,java.lang.String,java.lang.String,java.lang.String,java.lang.String,java.lang.String)>/deliverySn}
VarNode{<com.medusa.gruul.goods.web.remote.GoodsController: java.lang.Boolean deleteShoppingCartByOrder(java.util.List,java.lang.String)>/userId}
VarNode{<com.medusa.gruul.shops.controller.ShopsRenovationController: com.medusa.gruul.common.core.util.Result delTemplate(java.lang.String)>/ids}
VarNode{<com.medusa.gruul.goods.web.controller.api.ApiProductController: com.medusa.gruul.common.core.util.Result getAliveProductListByCategory(java.lang.Long[],java.lang.Long)>/saleMode}
VarNode{<com.medusa.gruul.shops.controller.ShopsRenovationController: com.medusa.gruul.common.core.util.Result copyTemplateById(java.lang.Long)>/id}
VarNode{<com.medusa.gruul.logistics.controller.FeignController: com.medusa.gruul.common.core.util.Result getLogisticsExpressInfo(java.lang.String,java.lang.String)>/shipperType}
VarNode{<com.medusa.gruul.goods.web.controller.manager.SupplierController: com.medusa.gruul.common.core.util.Result checkSupplier(com.medusa.gruul.goods.api.model.dto.manager.SupplierDto)>/supplierDto}
VarNode{<com.medusa.gruul.shops.controller.ShopsMenuConfigController: com.medusa.gruul.common.core.util.Result updateTerms(com.medusa.gruul.shops.model.param.ShopsMenuConfigParam)>/param}
VarNode{<com.medusa.gruul.shops.controller.ShopsGuidePageController: com.medusa.gruul.common.core.util.Result updateShopGuide(java.util.List)>/shopGuidePageDto}
VarNode{<com.medusa.gruul.account.web.controller.MiniAccountAddressController: com.medusa.gruul.common.core.util.Result getArea(java.lang.Integer,java.lang.String)>/id}
VarNode{<com.medusa.gruul.goods.web.controller.api.ApiShoppingCartController: com.medusa.gruul.common.core.util.Result addShoppingCart(com.medusa.gruul.goods.api.model.dto.api.ApiShoppingCartDto)>/shoppingCartDto}
VarNode{<com.medusa.gruul.goods.web.controller.manager.SaleModeController: com.medusa.gruul.common.core.util.Result deleteShowCategoryList(java.lang.Long)>/id}
VarNode{<com.medusa.gruul.account.web.controller.MiniAccountController: com.medusa.gruul.common.core.util.Result blacklist(java.lang.Integer,java.lang.Integer,java.lang.Integer,java.lang.String)>/page}
VarNode{<com.medusa.gruul.logistics.controller.FeignController: com.medusa.gruul.common.core.util.Result getLogisticsExpressInfo(java.lang.String,java.lang.String)>/waybillNo}
VarNode{<com.medusa.gruul.platform.web.controller.SysShopInvoiceOrderController: com.medusa.gruul.common.core.util.Result applyList(java.lang.Integer,java.lang.Integer,java.lang.Integer,java.lang.Integer,java.lang.String,java.lang.String)>/endTime}
VarNode{<com.medusa.gruul.goods.web.remote.GoodsController: com.medusa.gruul.goods.api.entity.Product findProductById(java.lang.Long)>/productId}
VarNode{<com.medusa.gruul.order.controller.remote.RemoteOrderController: com.medusa.gruul.afs.api.entity.AfsOrder selectByOrderIdAndProductSkuId(java.lang.Long,java.lang.Long)>/orderId}
VarNode{<com.medusa.gruul.account.web.controller.MiniAccountAddressController: com.medusa.gruul.common.core.util.Result getArea(java.lang.Integer,java.lang.String)>/type}
VarNode{<com.medusa.gruul.order.controller.manage.ManageOrderController: com.medusa.gruul.common.core.util.Result searchOrder(com.medusa.gruul.order.model.ManageSearchOrderDto)>/dto}
VarNode{<com.medusa.gruul.shops.controller.ShopsRenovationController: com.medusa.gruul.common.core.util.Result delPlugin(java.lang.String)>/ids}
VarNode{<com.medusa.gruul.logistics.controller.LogisticsAddressController: com.medusa.gruul.logistics.model.vo.LogisticsAddressVo getDefaultAddress(java.lang.Integer)>/type}
VarNode{<com.medusa.gruul.logistics.controller.LogisticsAddressController: com.medusa.gruul.common.core.util.Result delAddress(java.lang.Long)>/id}
VarNode{<com.medusa.gruul.logistics.controller.FeignController: com.medusa.gruul.common.core.util.Result getLogisticsExpressNumber(com.medusa.gruul.logistics.model.dto.manager.express.ExpressInfoDto,java.lang.Long)>/expressInfoDto}
VarNode{<com.medusa.gruul.account.web.controller.MiniAccountController: com.medusa.gruul.common.core.util.Result blacklist(java.lang.Integer,java.lang.Integer,java.lang.Integer,java.lang.String)>/fuzzy}
VarNode{<com.medusa.gruul.account.web.controller.MiniAccountController: com.medusa.gruul.common.core.util.Result updateUserBaseInfo(com.medusa.gruul.account.model.dto.UpdateUserBaseInfoDto)>/updateUserBaseInfoDto}
VarNode{<com.medusa.gruul.platform.web.controller.PlatformShopInfoConsoleController: com.medusa.gruul.common.core.util.Result payInfo(java.lang.Integer,java.lang.String)>/code}
VarNode{<com.medusa.gruul.order.controller.remote.RemoteOrderController: void closeExchangeOrder(java.util.List)>/orderIds}
VarNode{<com.medusa.gruul.goods.web.controller.manager.ProductController: com.medusa.gruul.common.core.util.Result getProductList(com.medusa.gruul.goods.api.model.param.manager.ProductParam)>/productParam}
VarNode{<com.medusa.gruul.logistics.controller.LogisticsExpressPrintController: com.medusa.gruul.common.core.util.Result setExpressPrintStatus(java.lang.Long,java.lang.Integer)>/type}
VarNode{<com.medusa.gruul.logistics.controller.LogisticsAddressController: com.medusa.gruul.common.core.util.Result setDefAddress(java.lang.Long,java.lang.Integer)>/id}
VarNode{<com.medusa.gruul.order.controller.remote.RemoteOrderController: void closeOrder(java.lang.Long,java.math.BigDecimal,java.lang.Integer,java.lang.Long)>/orderId}
VarNode{<com.medusa.gruul.goods.web.controller.manager.SaleModeController: com.medusa.gruul.common.core.util.Result updateSaleModeSort(java.util.List)>/saleModeDtos}
VarNode{<com.medusa.gruul.shops.controller.ShopsRenovationController: com.medusa.gruul.common.core.util.Result delTemplatePage(java.lang.String,java.lang.String)>/ids}
VarNode{<com.medusa.gruul.order.controller.mini.MiniOrderController: com.medusa.gruul.common.core.util.Result productEvaluate(com.medusa.gruul.order.model.ApiSearchProductEvaluateDto)>/dto}
VarNode{<com.medusa.gruul.goods.web.controller.api.ApiProductController: com.medusa.gruul.common.core.util.Result getSupermarketList(com.medusa.gruul.goods.api.model.param.api.ApiProductParam)>/productParam}
VarNode{<com.medusa.gruul.shops.controller.ShopsRenovationController: com.medusa.gruul.common.core.util.Result listPlugin(com.medusa.gruul.shops.model.param.ShopsRenovationPluginParam)>/param}
VarNode{<com.medusa.gruul.afs.controller.mini.MiniAfsOrderController: com.medusa.gruul.common.core.util.Result userReturn(java.lang.Long,java.lang.String,java.lang.String,java.lang.String,java.lang.String,java.lang.String)>/afsId}
VarNode{<com.medusa.gruul.account.web.controller.MiniAccountAddressController: com.medusa.gruul.common.core.util.Result addressGet(java.lang.Integer)>/type}
VarNode{<com.medusa.gruul.platform.web.controller.SysShopInvoiceRiseController: com.medusa.gruul.common.core.util.Result invoiceList(java.lang.Integer)>/type}
VarNode{<com.medusa.gruul.account.web.controller.MiniAccountController: com.medusa.gruul.common.core.util.Result userList(java.lang.Integer,java.lang.Integer,java.lang.String,java.lang.Long,java.lang.String,java.lang.String,java.lang.Integer)>/size}
VarNode{<com.medusa.gruul.account.web.controller.MiniAccountAddressController: com.medusa.gruul.common.core.util.Result analysisLatitudeAndLongitude(java.lang.String)>/site}
VarNode{<com.medusa.gruul.goods.web.remote.GoodsController: java.util.Collection findSkuStockListByIds(java.util.Set)>/skuIds}
VarNode{<com.medusa.gruul.oss.controller.remote.RemoteFileController: com.medusa.gruul.common.core.util.Result wxUpload(byte[],java.lang.String)>/bytes}
VarNode{<com.medusa.gruul.afs.controller.AfsNegotiateHistoryController: com.medusa.gruul.common.core.util.Result negotiateHistoryList(com.medusa.gruul.afs.model.NegotiateHistoryDto)>/dto}
VarNode{<com.medusa.gruul.order.controller.mini.MiniOrderController: com.medusa.gruul.common.core.util.Result createOrder(com.medusa.gruul.order.api.model.CreateOrderDto)>/createOrderDto}
VarNode{<com.medusa.gruul.order.controller.mini.MiniOrderController: com.medusa.gruul.common.core.util.Result searchOrder(com.medusa.gruul.order.model.ApiSearchOrderDto)>/dto}
VarNode{<com.medusa.gruul.platform.web.controller.SysShopInvoiceOrderController: com.medusa.gruul.common.core.util.Result applyList(java.lang.Integer,java.lang.Integer,java.lang.Integer,java.lang.Integer,java.lang.String,java.lang.String)>/startTime}
VarNode{<com.medusa.gruul.platform.web.controller.PlatformShopMessageController: com.medusa.gruul.common.core.util.Result modifyMsgState(com.medusa.gruul.platform.model.dto.MotifyMsgStateDto)>/msgStateDto}
VarNode{<com.medusa.gruul.logistics.controller.LogisticsExpressPrintController: com.medusa.gruul.common.core.util.Result delExpressPrintInfo(java.lang.Long)>/id}
VarNode{<com.medusa.gruul.account.web.controller.MiniAccountController: com.medusa.gruul.common.core.util.Result setBlacklist(com.medusa.gruul.account.model.dto.SetBlacklistDto)>/dto}
VarNode{<com.medusa.gruul.goods.web.remote.GoodsController: java.lang.Boolean deleteShoppingCartByOrder(java.util.List,java.lang.String)>/skuIds}
VarNode{<com.medusa.gruul.goods.web.controller.manager.ProductController: com.medusa.gruul.common.core.util.Result updateProductStatus(java.lang.Long[],java.lang.Integer)>/status}
VarNode{<com.medusa.gruul.logistics.controller.FeignController: com.medusa.gruul.common.core.util.Result getLogisticsExpressNumber(com.medusa.gruul.logistics.model.dto.manager.express.ExpressInfoDto,java.lang.Long)>/addressId}
VarNode{<com.medusa.gruul.account.web.controller.MiniAccountAddressController: com.medusa.gruul.common.core.util.Result addersUpdate(com.medusa.gruul.account.model.dto.AddressUpdateDto)>/updateDto}
VarNode{<com.medusa.gruul.afs.controller.manage.MangeAfsOrderController: com.medusa.gruul.common.core.util.Result note(com.medusa.gruul.afs.model.SellerNoteDto)>/dto}
VarNode{<com.medusa.gruul.goods.web.controller.api.ApiProductController: com.medusa.gruul.common.core.util.Result getAliveProductListGroupByCategory(java.lang.Long[])>/ids}
VarNode{<com.medusa.gruul.account.web.controller.MiniAccountController: com.medusa.gruul.common.core.util.Result userList(java.lang.Integer,java.lang.Integer,java.lang.String,java.lang.Long,java.lang.String,java.lang.String,java.lang.Integer)>/tagId}
VarNode{<com.medusa.gruul.order.controller.manage.ManageOrderController: com.medusa.gruul.common.core.util.Result choiceEvaluate(java.lang.Long[])>/ids}
VarNode{<com.medusa.gruul.afs.controller.remote.RemoteAfsController: java.util.List getAfsOrderByReceiptBillId(java.lang.Long)>/receiptBillId}
VarNode{<com.medusa.gruul.goods.web.controller.manager.ProductController: com.medusa.gruul.common.core.util.Result issueProduct(com.medusa.gruul.goods.api.model.dto.manager.ProductDto)>/productDto}
VarNode{<com.medusa.gruul.platform.web.controller.SysShopInvoiceOrderController: com.medusa.gruul.common.core.util.Result applyList(java.lang.Integer,java.lang.Integer,java.lang.Integer,java.lang.Integer,java.lang.String,java.lang.String)>/headType}
VarNode{<com.medusa.gruul.oss.controller.FileUploadController: java.util.List orderInfo(java.util.List)>/linkList}
VarNode{<com.medusa.gruul.order.controller.remote.RemoteOrderController: java.util.List getOrderListByIds(java.lang.Long[])>/orderIds}
VarNode{<com.medusa.gruul.platform.web.controller.PlatformShopInfoConsoleController: com.medusa.gruul.common.core.util.Result payInfo(java.lang.Integer,java.lang.String)>/type}
VarNode{<com.medusa.gruul.goods.web.controller.api.ApiSupplierController: com.medusa.gruul.common.core.util.Result addSupplier(com.medusa.gruul.goods.api.model.dto.api.ApiSupplierDto)>/supplierDto}
VarNode{<com.medusa.gruul.goods.web.controller.manager.FreightTemplateController: com.medusa.gruul.common.core.util.Result findFreightTemplateInfoByLogistics(java.lang.Long)>/freightTemplateId}
VarNode{<com.medusa.gruul.goods.web.controller.api.ApiShoppingCartController: com.medusa.gruul.common.core.util.Result changeSelectStatus(java.lang.Long[],java.lang.Integer)>/ids}
VarNode{<com.medusa.gruul.shops.controller.remote.RemoteController: boolean updateSpecialArea(java.lang.String,java.lang.String)>/newLinkName}
VarNode{<com.medusa.gruul.order.controller.remote.RemoteOrderController: com.medusa.gruul.order.api.model.OrderOverviewVo orderOverview(java.lang.String)>/userId}
VarNode{<com.medusa.gruul.goods.web.controller.api.ApiShoppingCartController: com.medusa.gruul.common.core.util.Result changeSelectStatus(java.lang.Long[],java.lang.Integer)>/selectStatus}
VarNode{<com.medusa.gruul.sms.web.controller.SmsTempLateController: com.medusa.gruul.common.core.util.Result addTempLate(com.medusa.gruul.sms.model.dto.TemplateDto)>/templateDto}
VarNode{<com.medusa.gruul.goods.web.controller.api.ApiShoppingCartController: com.medusa.gruul.common.core.util.Result updateShoppingCart(java.util.Map)>/params}
VarNode{<com.medusa.gruul.goods.web.controller.manager.SaleModeController: com.medusa.gruul.common.core.util.Result addSaleMode(java.util.List)>/saleModeDtos}
VarNode{<com.medusa.gruul.order.controller.remote.RemoteOrderController: com.medusa.gruul.order.api.model.OrderVo orderInfo(java.lang.Long)>/orderId}
VarNode{<com.medusa.gruul.account.web.controller.MiniAccountController: com.medusa.gruul.common.core.util.Result userList(java.lang.Integer,java.lang.Integer,java.lang.String,java.lang.Long,java.lang.String,java.lang.String,java.lang.Integer)>/sortType}
VarNode{<com.medusa.gruul.logistics.controller.LogisticsTemplateController: com.medusa.gruul.common.core.util.Result setTemplateInfo(com.medusa.gruul.logistics.model.dto.manager.LogisticsTemplateDto)>/logisticsTemplateDto}
VarNode{<com.medusa.gruul.logistics.controller.LogisticsExpressController: com.medusa.gruul.common.core.util.Result getExpressInfo(java.lang.Long)>/id}
VarNode{<com.medusa.gruul.afs.controller.mini.MiniAfsOrderController: com.medusa.gruul.common.core.util.Result userReturn(java.lang.Long,java.lang.String,java.lang.String,java.lang.String,java.lang.String,java.lang.String)>/deliveryCode}
VarNode{<com.medusa.gruul.order.controller.manage.ManageOrderController: com.medusa.gruul.common.core.util.Result setting(java.lang.Boolean)>/openEvaluate}
VarNode{<com.medusa.gruul.order.controller.remote.RemoteOrderController: void closeOrder(java.lang.Long,java.math.BigDecimal,java.lang.Integer,java.lang.Long)>/refundAmount}
VarNode{<com.medusa.gruul.order.controller.mini.MiniOrderController: com.medusa.gruul.common.core.util.Result evaluateOrder(java.lang.String,com.medusa.gruul.order.model.ApiSearchEvaluateDto)>/token}
VarNode{<com.medusa.gruul.account.web.controller.api.ApiMiniAccountCollectController: com.medusa.gruul.common.core.util.Result addAccountCollect(java.util.List)>/userCollectDtos}
VarNode{<com.medusa.gruul.shops.controller.ShopsPartnerController: com.medusa.gruul.common.core.util.Result save(java.lang.String,java.lang.String,java.lang.Long)>/platformId}
VarNode{<com.medusa.gruul.goods.web.controller.manager.AttributeTemplateController: com.medusa.gruul.common.core.util.Result deleteAttributeTemplateList(java.lang.Long[])>/ids}
VarNode{<com.medusa.gruul.shops.controller.ShopsController: com.medusa.gruul.common.core.util.Result updateTerms(com.medusa.gruul.shops.model.param.ShopsSearchTermsParam)>/param}
VarNode{<com.medusa.gruul.payment.web.remote.RemotePaymentController: com.medusa.gruul.payment.api.model.dto.PayResultDto payRequest(com.medusa.gruul.payment.api.model.dto.PayRequestDto)>/payRequestDto}
VarNode{<com.medusa.gruul.logistics.controller.LogisticsAddressController: com.medusa.gruul.common.core.util.Result setDefAddress(java.lang.Long,java.lang.Integer)>/type}
VarNode{<com.medusa.gruul.afs.controller.mini.MiniAfsOrderController: com.medusa.gruul.common.core.util.Result userApply(com.medusa.gruul.afs.model.UserApplyDto)>/dto}
VarNode{<com.medusa.gruul.order.controller.group.GroupLeaderOrderController: com.medusa.gruul.common.core.util.Result getOrderPage(com.medusa.gruul.order.model.QueryUserOrderDto)>/dto}
VarNode{<com.medusa.gruul.account.web.controller.api.ApiMiniAccountFootMarkController: com.medusa.gruul.common.core.util.Result deleteAccountFootMark(java.lang.Long[],java.lang.Integer)>/footMarkIds}
VarNode{<com.medusa.gruul.order.controller.remote.RemoteOrderController: void closeOrder(java.lang.Long,java.math.BigDecimal,java.lang.Integer,java.lang.Long)>/afsId}
VarNode{<com.medusa.gruul.account.web.controller.MiniAccountController: com.medusa.gruul.common.core.util.Result blacklist(java.lang.Integer,java.lang.Integer,java.lang.Integer,java.lang.String)>/permission}
VarNode{<com.medusa.gruul.goods.web.controller.manager.ProductController: com.medusa.gruul.common.core.util.Result deleteProductList(java.lang.Long[])>/ids}
VarNode{<com.medusa.gruul.goods.web.controller.manager.SupplierController: com.medusa.gruul.common.core.util.Result getSupplierProductList(com.medusa.gruul.goods.api.model.param.manager.ProductParam)>/productParam}
VarNode{<com.medusa.gruul.platform.web.controller.SysShopInvoiceOrderController: com.medusa.gruul.common.core.util.Result applyList(java.lang.Integer,java.lang.Integer,java.lang.Integer,java.lang.Integer,java.lang.String,java.lang.String)>/size}
VarNode{<com.medusa.gruul.goods.web.controller.manager.SupplierController: com.medusa.gruul.common.core.util.Result deleteSupplierList(java.lang.Long[])>/ids}
VarNode{<com.medusa.gruul.afs.controller.manage.MangeAfsOrderController: com.medusa.gruul.common.core.util.Result sellerApprove(java.lang.Long)>/afsId}
VarNode{<com.medusa.gruul.afs.controller.manage.MangeAfsOrderController: com.medusa.gruul.common.core.util.Result sellerRefusal(com.medusa.gruul.afs.model.SellerRefusalDto)>/dto}
VarNode{<com.medusa.gruul.goods.web.remote.GoodsController: java.util.List findItemVoByIds(java.util.List)>/skuIds}
VarNode{<com.medusa.gruul.order.controller.remote.RemoteOrderController: java.lang.Long createExchangeOrder(com.medusa.gruul.order.api.model.ExchangeOrderDto)>/dto}
VarNode{<com.medusa.gruul.logistics.controller.LogisticsTemplateController: com.medusa.gruul.common.core.util.Result getTemplateInfo(java.lang.Long)>/id}
VarNode{<com.medusa.gruul.platform.web.controller.SystemConfController: com.medusa.gruul.common.core.util.Result codeEmailConf(com.medusa.gruul.platform.model.dto.CodeEmailConfDto)>/emailConfDto}
VarNode{<com.medusa.gruul.goods.web.controller.manager.ShowCategoryController: com.medusa.gruul.common.core.util.Result addShowCategory(com.medusa.gruul.goods.api.model.dto.manager.ShowCategoryDto)>/showCategoryDto}
VarNode{<com.medusa.gruul.shops.controller.ShopsRenovationController: com.medusa.gruul.common.core.util.Result listTemplatePage(com.medusa.gruul.shops.model.param.ShopsRenovationPageParam)>/param}
VarNode{<com.medusa.gruul.oss.controller.remote.RemoteFileController: java.util.List batchDownload(java.util.List)>/linkList}
VarNode{<com.medusa.gruul.platform.web.controller.SystemConfController: com.medusa.gruul.common.core.util.Result savePayConfig(com.medusa.gruul.platform.model.dto.SavePayConfigDto)>/savePayConfigDto}
VarNode{<com.medusa.gruul.account.web.controller.MiniAccountController: com.medusa.gruul.common.core.util.Result userList(java.lang.Integer,java.lang.Integer,java.lang.String,java.lang.Long,java.lang.String,java.lang.String,java.lang.Integer)>/orderSuccessEndTime}
VarNode{<com.medusa.gruul.logistics.controller.FeignController: com.medusa.gruul.common.core.util.Result getLogisticsInfo(java.lang.Long)>/id}
VarNode{<com.medusa.gruul.goods.web.controller.manager.AttributeTemplateController: com.medusa.gruul.common.core.util.Result updateAttributeTemplate(com.medusa.gruul.goods.api.model.dto.manager.AttributeTemplateDto)>/attributeTemplateDto}
VarNode{<com.medusa.gruul.platform.web.controller.AccountInfoController: com.medusa.gruul.common.core.util.Result login1(com.medusa.gruul.platform.model.dto.LoginDto)>/tenementLoginDto}
VarNode{<com.medusa.gruul.goods.web.controller.api.ApiProductController: com.medusa.gruul.common.core.util.Result getAliveProductListByCategory(java.lang.Long[],java.lang.Long)>/ids}
VarNode{<com.medusa.gruul.order.controller.mini.MiniOrderController: com.medusa.gruul.common.core.util.Result getFreightAmount(com.medusa.gruul.order.model.GetCostDto)>/dto}
VarNode{<com.medusa.gruul.afs.controller.manage.MangeAfsOrderController: com.medusa.gruul.common.core.util.Result list(com.medusa.gruul.afs.model.SearchDto)>/dto}
VarNode{<com.medusa.gruul.order.controller.remote.RemoteOrderController: java.util.List productRate(java.util.List)>/productIds}
VarNode{<com.medusa.gruul.order.controller.manage.ManageOrderController: com.medusa.gruul.common.core.util.Result noteOrder(java.lang.Long[],java.lang.Boolean,java.lang.String)>/over}
VarNode{<com.medusa.gruul.platform.web.controller.MiniInfoController: com.medusa.gruul.common.core.util.Result wxaGetwxacode(com.medusa.gruul.platform.model.dto.WxaGetwxacode)>/wxaGetwxacode}
VarNode{<com.medusa.gruul.afs.controller.mini.MiniAfsOrderController: com.medusa.gruul.common.core.util.Result searchOrder(com.medusa.gruul.afs.model.SearchOrderDto)>/dto}
VarNode{<com.medusa.gruul.goods.web.remote.GoodsController: com.medusa.gruul.goods.api.entity.SkuStock findSkuStockById(java.lang.Long)>/skuId}
VarNode{<com.medusa.gruul.account.web.remote.RemoteMiniAccount: java.lang.Boolean portionAttributeModify(java.lang.String,com.medusa.gruul.account.api.model.MiniAccountExtendsUpdateDto)>/miniAccountExtendsUpdateDto}
VarNode{<com.medusa.gruul.order.controller.mini.MiniOrderController: com.medusa.gruul.common.core.util.Result orderInfo(java.lang.Long)>/orderId}
VarNode{<com.medusa.gruul.account.web.controller.MiniAccountAddressController: com.medusa.gruul.common.core.util.Result addressCreate(com.medusa.gruul.account.model.dto.AddressCraeteDto)>/addersVO}
VarNode{<com.medusa.gruul.order.controller.mini.MiniOrderController: com.medusa.gruul.common.core.util.Result getOrderResult(com.medusa.gruul.order.model.GroupOrderResultDto)>/dto}
VarNode{<com.medusa.gruul.goods.web.controller.manager.SaleModeController: com.medusa.gruul.common.core.util.Result getSaleModeList(com.medusa.gruul.goods.api.model.param.manager.SaleModeParam)>/saleModeParam}
VarNode{<com.medusa.gruul.order.controller.remote.RemoteOrderController: void receiptOrder(java.lang.Long)>/orderId}
VarNode{<com.medusa.gruul.logistics.controller.LogisticsAddressController: com.medusa.gruul.common.core.util.Result setCompanyDefault(java.lang.Long)>/logisticsCompanyId}
VarNode{<com.medusa.gruul.account.web.controller.MiniAccountAddressController: com.medusa.gruul.common.core.util.Result addressDelete(java.lang.Integer)>/addressId}
VarNode{<com.medusa.gruul.platform.web.controller.AccountInfoController: com.medusa.gruul.common.core.util.Result checkoutAccount(java.lang.String,java.lang.Integer)>/phone}
VarNode{<com.medusa.gruul.order.controller.manage.ManageOrderController: com.medusa.gruul.common.core.util.Result updateReceiverAddress(com.medusa.gruul.order.model.ReceiverAddressDto)>/dto}
VarNode{<com.medusa.gruul.logistics.controller.LogisticsExpressPrintController: com.medusa.gruul.common.core.util.Result setExpressPrintStatus(java.lang.Long,java.lang.Integer)>/id}
VarNode{<com.medusa.gruul.goods.web.controller.manager.ProductController: com.medusa.gruul.common.core.util.Result updateProductShowCategory(java.lang.Long[],java.util.List)>/productShowCategoryDtos}
VarNode{<com.medusa.gruul.order.controller.mini.MiniOrderController: com.medusa.gruul.common.core.util.Result getConfirmOrder(com.medusa.gruul.order.model.ConfirmOrderDto)>/dto}
VarNode{<com.medusa.gruul.platform.web.controller.SystemConfController: com.medusa.gruul.common.core.util.Result ossConfig(java.lang.Integer)>/type}
VarNode{<com.medusa.gruul.order.controller.manage.ManageOrderController: com.medusa.gruul.common.core.util.Result replyEvaluate(java.lang.Long,java.lang.String)>/reply}
VarNode{<com.medusa.gruul.order.controller.remote.RemoteOrderController: java.lang.Boolean checkAfsOrder(java.util.List)>/orderIds}
VarNode{<com.medusa.gruul.platform.web.controller.SysShopInvoiceOrderController: com.medusa.gruul.common.core.util.Result applyList(java.lang.Integer,java.lang.Integer,java.lang.Integer,java.lang.Integer,java.lang.String,java.lang.String)>/page}
VarNode{<com.medusa.gruul.account.web.controller.api.ApiMiniAccountCollectController: com.medusa.gruul.common.core.util.Result deleteAccountCollect(com.medusa.gruul.account.model.dto.UserCollectDto)>/userCollectDto}
VarNode{<com.medusa.gruul.goods.web.controller.api.ApiProductController: com.medusa.gruul.common.core.util.Result getIndexList(com.medusa.gruul.goods.api.model.param.api.ApiProductParam)>/productParam}
VarNode{<com.medusa.gruul.account.web.controller.MiniAccountController: com.medusa.gruul.common.core.util.Result userList(java.lang.Integer,java.lang.Integer,java.lang.String,java.lang.Long,java.lang.String,java.lang.String,java.lang.Integer)>/orderSuccessStartTime}
VarNode{<com.medusa.gruul.goods.web.remote.GoodsController: java.lang.Boolean subtractStock(com.medusa.gruul.goods.api.param.OperateStockDto)>/operateStockDto}
VarNode{<com.medusa.gruul.goods.web.controller.manager.ShowCategoryController: com.medusa.gruul.common.core.util.Result deleteShowCategoryList(java.lang.Long)>/id}
VarNode{<com.medusa.gruul.afs.controller.mini.MiniAfsOrderController: com.medusa.gruul.common.core.util.Result getAfsOrderInfo(java.lang.Long)>/afsId}
VarNode{<com.medusa.gruul.order.controller.remote.RemoteOrderController: java.lang.Boolean updateOrderStatus(java.util.List,com.medusa.gruul.order.api.enums.OrderStatusEnum)>/orderIds}
VarNode{<com.medusa.gruul.platform.web.controller.SysShopInvoiceRiseController: com.medusa.gruul.common.core.util.Result updateInvoice(com.medusa.gruul.platform.model.dto.UpdateInvoiceDto)>/updateInvoiceDto}
VarNode{<com.medusa.gruul.platform.web.controller.SysShopInvoiceOrderController: com.medusa.gruul.common.core.util.Result apply(com.medusa.gruul.platform.model.dto.ShopInvoiceOrderApplyDto)>/orderApplyDto}
VarNode{<com.medusa.gruul.order.controller.manage.ManageOrderController: com.medusa.gruul.common.core.util.Result tracesInfo(java.lang.String,java.lang.String)>/deliveryCode}
VarNode{<com.medusa.gruul.platform.web.controller.AccountInfoController: com.medusa.gruul.common.core.util.Result verifyData(com.medusa.gruul.platform.model.dto.VerifyDataDto)>/verifyDataDto}
VarNode{<com.medusa.gruul.goods.web.controller.manager.SupplierController: com.medusa.gruul.common.core.util.Result updateSupplier(com.medusa.gruul.goods.api.model.dto.manager.SupplierDto)>/supplierDto}
VarNode{<com.medusa.gruul.shops.controller.ShopsRenovationController: com.medusa.gruul.common.core.util.Result addTemplatePageAssembly(java.util.List)>/params}
VarNode{<com.medusa.gruul.logistics.controller.LogisticsAddressController: com.medusa.gruul.common.core.util.Result doDeliverGoods(com.medusa.gruul.logistics.model.dto.manager.LogisticsPrintDeliverDto)>/logisticsPrintDeliverDto}
VarNode{<com.medusa.gruul.goods.web.remote.GoodsController: java.util.Collection findProductListByIds(java.util.Set)>/productIds}
VarNode{<com.medusa.gruul.platform.web.controller.SysShopInvoiceOrderController: com.medusa.gruul.common.core.util.Result applyList(java.lang.Integer,java.lang.Integer,java.lang.Integer,java.lang.Integer,java.lang.String,java.lang.String)>/status}
VarNode{<com.medusa.gruul.account.web.controller.api.ApiMiniAccountFootMarkController: com.medusa.gruul.common.core.util.Result accountFootMarkList(com.medusa.gruul.account.model.vo.AccountFootMarkParam)>/accountFootMarkParam}
VarNode{<com.medusa.gruul.goods.web.controller.manager.ShowCategoryController: com.medusa.gruul.common.core.util.Result getShowCategoryById(java.lang.String)>/id}
VarNode{<com.medusa.gruul.platform.web.controller.SysShopInvoiceRiseController: com.medusa.gruul.common.core.util.Result addInvoice(com.medusa.gruul.platform.model.dto.AddInvoiceDto)>/balanceRechargeDto}
VarNode{<com.medusa.gruul.goods.web.controller.manager.ShowCategoryController: com.medusa.gruul.common.core.util.Result getAllShowCategoryList(com.medusa.gruul.goods.api.model.param.manager.ShowCategoryParam)>/showCategoryParam}
VarNode{<com.medusa.gruul.account.web.controller.MiniAccountAddressController: com.medusa.gruul.common.core.util.Result getLatitudeAndLongitude(java.lang.String)>/site}
VarNode{<com.medusa.gruul.afs.controller.mini.MiniAfsOrderController: com.medusa.gruul.common.core.util.Result userReturn(java.lang.Long,java.lang.String,java.lang.String,java.lang.String,java.lang.String,java.lang.String)>/deliveryCompany}
VarNode{<com.medusa.gruul.order.controller.mini.MiniOrderController: com.medusa.gruul.common.core.util.Result receiptOrder(java.lang.Long)>/orderId}
VarNode{<com.medusa.gruul.order.controller.manage.ManageOrderController: com.medusa.gruul.common.core.util.Result searchLogisticsOrderList(com.medusa.gruul.order.model.ManageLogisticsOrderDto)>/manageLogisticsOrderDto}
VarNode{<com.medusa.gruul.order.controller.manage.ManageOrderController: com.medusa.gruul.common.core.util.Result orderInfo(java.lang.Long)>/orderId}
VarNode{<com.medusa.gruul.payment.web.remote.RemotePaymentController: com.medusa.gruul.payment.api.model.dto.PayStatusDto getPayStatus(java.lang.String,java.lang.String,java.lang.String)>/transactionId}
VarNode{<com.medusa.gruul.order.controller.remote.RemoteOrderController: java.util.List getProductLastBuyers(java.lang.String[])>/productIds}
VarNode{<com.medusa.gruul.account.web.controller.MiniAccountExtendsController: com.medusa.gruul.common.core.util.Result updateUserExtendsInfo(com.medusa.gruul.account.model.dto.UpdateUserExtendsInfoDto)>/updateUserExtendsInfoDto}
VarNode{<com.medusa.gruul.account.web.controller.MiniAccountController: com.medusa.gruul.common.core.util.Result userList(java.lang.Integer,java.lang.Integer,java.lang.String,java.lang.Long,java.lang.String,java.lang.String,java.lang.Integer)>/page}
VarNode{<com.medusa.gruul.platform.web.controller.SystemConfController: com.medusa.gruul.common.core.util.Result heartBeat(com.medusa.gruul.common.dto.HeartBeatDto)>/heartBeatDto}
VarNode{<com.medusa.gruul.account.web.controller.MiniAccountController: com.medusa.gruul.common.core.util.Result blacklist(java.lang.Integer,java.lang.Integer,java.lang.Integer,java.lang.String)>/size}
VarNode{<com.medusa.gruul.shops.controller.ShopsRenovationController: com.medusa.gruul.common.core.util.Result addTemplate(com.medusa.gruul.shops.model.param.ShopsRenovationTemplateParam)>/param}
VarNode{<com.medusa.gruul.account.web.remote.RemoteMiniAccount: java.util.List accountsInfoList(java.util.List)>/shopUserId}
VarNode{<com.medusa.gruul.shops.controller.ShopsRenovationController: com.medusa.gruul.common.core.util.Result delDefTemplate(java.lang.String)>/ids}
VarNode{<com.medusa.gruul.goods.web.remote.GoodsController: java.lang.Boolean batchRevertStock(java.util.List)>/operateStockDtoList}
VarNode{<com.medusa.gruul.goods.web.controller.manager.ProductController: com.medusa.gruul.common.core.util.Result updateProductSaleMode(java.lang.Long[],java.lang.Long)>/saleMode}
VarNode{<com.medusa.gruul.payment.web.remote.RemoteEntPayController: com.medusa.gruul.payment.api.entity.EntPay pay(com.medusa.gruul.payment.api.model.param.EntPayReQuestParam)>/param}
VarNode{<com.medusa.gruul.goods.web.remote.GoodsController: java.util.List findDataSetSupplierList(java.util.List)>/supplierIds}
VarNode{<com.medusa.gruul.order.controller.manage.ManageOrderController: com.medusa.gruul.common.core.util.Result noteOrder(java.lang.Long[],java.lang.Boolean,java.lang.String)>/note}
VarNode{<com.medusa.gruul.oss.controller.FileUploadController: com.medusa.gruul.common.core.util.Result delete(java.lang.Long[])>/ids}
VarNode{<com.medusa.gruul.shops.controller.ShopsRenovationController: com.medusa.gruul.common.core.util.Result fitmentPrefectureEnd(com.medusa.gruul.shops.model.param.ShopsRenovationPageParam)>/param}
VarNode{<com.medusa.gruul.shops.controller.remote.RemoteController: java.lang.Boolean delShopRenovationPage(java.lang.String)>/modelId}
VarNode{<com.medusa.gruul.order.controller.remote.RemoteOrderController: java.lang.Boolean updateOrderStatus(java.util.List,com.medusa.gruul.order.api.enums.OrderStatusEnum)>/statusEnum}
VarNode{<com.medusa.gruul.goods.web.controller.manager.ProductController: com.medusa.gruul.common.core.util.Result getCsvProductList(com.medusa.gruul.goods.api.model.param.manager.ProductParam)>/productParam}
VarNode{<com.medusa.gruul.logistics.controller.LogisticsAddressController: com.medusa.gruul.common.core.util.Result getAddressList(com.medusa.gruul.logistics.model.param.LogisticsAddressParam)>/logisticsAddressParam}
VarNode{<com.medusa.gruul.order.controller.remote.RemoteOrderController: void closeOrder(java.lang.Long,java.math.BigDecimal,java.lang.Integer,java.lang.Long)>/type}
VarNode{<com.medusa.gruul.shops.controller.ShopsRenovationController: com.medusa.gruul.common.core.util.Result listDefTemplate(com.medusa.gruul.shops.model.param.ShopsRenovationTemplateParam)>/param}
VarNode{<com.medusa.gruul.shops.controller.ShopsRenovationController: com.medusa.gruul.common.core.util.Result getByModelId(java.lang.String)>/modelId}
VarNode{<com.medusa.gruul.shops.controller.ShopsRenovationController: com.medusa.gruul.common.core.util.Result addPlugins(java.util.List)>/param}
VarNode{<com.medusa.gruul.goods.web.controller.api.ApiShoppingCartController: com.medusa.gruul.common.core.util.Result cleanEffectShoppingCart(java.lang.Long[])>/ids}
VarNode{<com.medusa.gruul.platform.web.controller.AccountInfoController: com.medusa.gruul.common.core.util.Result emailChange(com.medusa.gruul.platform.model.dto.EmailChangeDto)>/emailChangeDto}
VarNode{<com.medusa.gruul.shops.controller.ShopsRenovationController: com.medusa.gruul.common.core.util.Result listTemplatePageAssembly(com.medusa.gruul.shops.model.param.ShopsRenovationAssemblyParam)>/param}
VarNode{<com.medusa.gruul.platform.web.controller.AccountInfoController: void accountScanCodeNotify(java.lang.String,java.lang.String,javax.servlet.http.HttpServletResponse)>/state}
VarNode{<com.medusa.gruul.logistics.controller.LogisticsAddressController: com.medusa.gruul.common.core.util.Result doBatchDeliver(java.util.List)>/logisticsBatchDeliverDtos}
VarNode{<com.medusa.gruul.logistics.controller.LogisticsExpressController: com.medusa.gruul.common.core.util.Result setExpressInfo(com.medusa.gruul.logistics.model.dto.manager.LogisticsExpressDto)>/logisticsExpressDto}
VarNode{<com.medusa.gruul.platform.web.controller.AccountInfoController: com.medusa.gruul.common.core.util.Result passwordRetrieve(com.medusa.gruul.platform.model.dto.PasswordRetrieveDto)>/passwordRetrieveDto}
VarNode{<com.medusa.gruul.oss.controller.FileUploadController: java.lang.Object action(java.lang.String,javax.servlet.http.HttpServletRequest,javax.servlet.http.HttpServletResponse)>/action}
VarNode{<com.medusa.gruul.order.controller.manage.ManageOrderController: com.medusa.gruul.common.core.util.Result setOrderSetting(com.medusa.gruul.order.api.entity.OrderSetting)>/setting}
VarNode{<com.medusa.gruul.goods.web.controller.api.ApiProductController: com.medusa.gruul.common.core.util.Result getAliveProductList(java.lang.Long[],java.lang.String,java.lang.Long)>/saleMode}
VarNode{<com.medusa.gruul.goods.web.controller.api.ApiShowCategoryController: com.medusa.gruul.common.core.util.Result getApiShowCategoryListBySaleMode(java.lang.Long)>/saleMode}
VarNode{<com.medusa.gruul.order.controller.remote.RemoteOrderController: java.util.List orderInfoList(java.util.List)>/orderIds}
VarNode{<com.medusa.gruul.platform.web.controller.AccountInfoController: void accountScanCodeNotify(java.lang.String,java.lang.String,javax.servlet.http.HttpServletResponse)>/code}
VarNode{<com.medusa.gruul.afs.controller.mini.MiniAfsOrderController: com.medusa.gruul.common.core.util.Result userReturn(java.lang.Long,java.lang.String,java.lang.String,java.lang.String,java.lang.String,java.lang.String)>/phone}
VarNode{<com.medusa.gruul.shops.controller.ShopsRenovationController: com.medusa.gruul.common.core.util.Result delTemplatePage(java.lang.String,java.lang.String)>/templateId}
VarNode{<com.medusa.gruul.order.controller.mini.MiniOrderController: com.medusa.gruul.common.core.util.Result evaluateOrder(com.medusa.gruul.order.model.ApiOrderEvaluateDto)>/dto}
VarNode{<com.medusa.gruul.logistics.controller.FeignController: java.math.BigDecimal getLogisticsFreightCalculation(java.lang.String,java.lang.String)>/logisticsFreightDtos}
VarNode{<com.medusa.gruul.goods.web.controller.manager.SaleModeController: com.medusa.gruul.common.core.util.Result updateSaleMode(com.medusa.gruul.goods.api.model.dto.manager.SaleModeDto)>/saleModeDto}
VarNode{<com.medusa.gruul.sms.web.controller.SmsOrderController: com.medusa.gruul.common.core.util.Result createOrder(com.medusa.gruul.sms.model.dto.SendSmsDto)>/sendSmsDto}
VarNode{<com.medusa.gruul.order.controller.mini.MiniOrderController: com.medusa.gruul.common.core.util.Result cancelOrder(java.lang.Long)>/orderId}
VarNode{<com.medusa.gruul.afs.controller.mini.MiniAfsOrderController: com.medusa.gruul.common.core.util.Result getReturnAddress(java.lang.Long)>/orderId}
VarNode{<com.medusa.gruul.account.web.controller.MiniAccountTagController: com.medusa.gruul.common.core.util.Result settingUserTag(com.medusa.gruul.account.model.dto.UserTagDto)>/userTagDto}
VarNode{<com.medusa.gruul.shops.controller.AccountCenterController: com.medusa.gruul.common.core.util.Result accountCenterSettingModify(com.medusa.gruul.shops.api.model.AccountCenterSettingDto)>/dto}
VarNode{<com.medusa.gruul.afs.controller.manage.MangeAfsOrderController: com.medusa.gruul.common.core.util.Result getAfsOrderInfo(java.lang.Long)>/afsId}
VarNode{<com.medusa.gruul.logistics.controller.LogisticsExpressController: com.medusa.gruul.common.core.util.Result delExpressInfo(java.lang.Long)>/id}
VarNode{<com.medusa.gruul.logistics.controller.LogisticsExpressPrintController: com.medusa.gruul.common.core.util.Result setExpressPrintInfo(com.medusa.gruul.logistics.model.dto.manager.LogisticsExpressPrintDto)>/logisticsExpressPrintDto}
VarNode{<com.medusa.gruul.order.controller.manage.ManageOrderController: com.medusa.gruul.common.core.util.Result replyEvaluate(java.lang.Long,java.lang.String)>/id}
VarNode{<com.medusa.gruul.logistics.controller.FeignController: com.medusa.gruul.logistics.model.vo.LogisticsAddressVo getFeignDefaultAddress(java.lang.Integer)>/type}
VarNode{<com.medusa.gruul.goods.web.remote.GoodsController: java.lang.Boolean checkProductByTemplateId(java.lang.Long)>/templateId}
VarNode{<com.medusa.gruul.oss.controller.remote.RemoteFileController: com.medusa.gruul.common.core.util.Result wxUpload(byte[],java.lang.String)>/prefix}
VarNode{<com.medusa.gruul.goods.web.controller.manager.SupplierController: com.medusa.gruul.common.core.util.Result addSupplier(com.medusa.gruul.goods.api.model.dto.manager.SupplierDto)>/supplierDto}
VarNode{<com.medusa.gruul.order.controller.manage.ManageOrderController: com.medusa.gruul.common.core.util.Result setShareSetting(com.medusa.gruul.order.model.OrderShareSettingVo)>/vo}
VarNode{<com.medusa.gruul.oss.controller.FileUploadController: com.medusa.gruul.common.core.util.Result upload(org.springframework.web.multipart.MultipartFile)>/file}
VarNode{<com.medusa.gruul.shops.controller.remote.RemoteController: boolean updateSpecialArea(java.lang.String,java.lang.String)>/linkName}
VarNode{<com.medusa.gruul.shops.controller.ShopsRenovationController: com.medusa.gruul.common.core.util.Result addPlugin(com.medusa.gruul.shops.model.param.ShopsRenovationPluginParam)>/param}
VarNode{<com.medusa.gruul.goods.web.controller.manager.ShowCategoryController: com.medusa.gruul.common.core.util.Result getShowCategoryList(com.medusa.gruul.goods.api.model.param.manager.ShowCategoryParam)>/showCategoryParam}
VarNode{<com.medusa.gruul.order.controller.manage.ManageOrderController: com.medusa.gruul.common.core.util.Result unChoiceEvaluate(java.lang.Long[])>/ids}
VarNode{<com.medusa.gruul.account.web.remote.RemoteMiniAccount: com.medusa.gruul.account.api.model.AccountInfoDto accountInfo(java.lang.String,java.util.List)>/infos}
VarNode{<com.medusa.gruul.platform.web.controller.SysShopInvoiceOrderController: com.medusa.gruul.common.core.util.Result audit(com.medusa.gruul.platform.model.dto.InvoiceOrderAuditDto)>/orderAuditDto}
VarNode{<com.medusa.gruul.order.controller.manage.ManageOrderController: com.medusa.gruul.common.core.util.Result searchLogisticsOrder(com.medusa.gruul.order.model.ManageSearchLogisticsOrderDto)>/dto}
VarNode{<com.medusa.gruul.platform.web.controller.AccountInfoController: com.medusa.gruul.common.core.util.Result checkoutAccount(java.lang.String,java.lang.Integer)>/type}
VarNode{<com.medusa.gruul.afs.controller.mini.MiniAfsOrderItemController: com.medusa.gruul.common.core.util.Result getOrderGoodsApplyNumber(java.lang.Long)>/orderId}
VarNode{<com.medusa.gruul.order.controller.remote.RemoteOrderController: com.medusa.gruul.afs.api.entity.AfsOrder selectByOrderIdAndProductSkuId(java.lang.Long,java.lang.Long)>/productSkuId}
VarNode{<com.medusa.gruul.platform.web.controller.SystemConfController: com.medusa.gruul.common.core.util.Result add(com.medusa.gruul.platform.model.dto.SaveConfigDto)>/saveConfigDto}
VarNode{<com.medusa.gruul.goods.web.controller.manager.SkuStockController: com.medusa.gruul.common.core.util.Result findById(java.lang.Long)>/skuId}
VarNode{<com.medusa.gruul.payment.web.remote.RemoteEntPayController: com.medusa.gruul.common.core.util.Result payRefund(com.medusa.gruul.payment.api.model.dto.RefundRequestDto)>/param}
VarNode{<com.medusa.gruul.shops.controller.ShopsRenovationController: com.medusa.gruul.common.core.util.Result delTemplatePageAssembly(java.lang.String)>/ids}
VarNode{<com.medusa.gruul.platform.web.remote.RemoteMiniInfoController: com.medusa.gruul.platform.api.model.dto.ShopConfigDto getShopConfigAndAppId(java.lang.String)>/appId}
VarNode{<com.medusa.gruul.order.controller.remote.RemoteOrderController: java.util.List waitSendProduct(java.lang.String)>/sendBillId}
VarNode{<com.medusa.gruul.goods.web.controller.manager.ProductController: com.medusa.gruul.common.core.util.Result getAliveProductList(java.lang.Long[])>/ids}
VarNode{<com.medusa.gruul.order.controller.mini.MiniOrderController: com.medusa.gruul.common.core.util.Result updateReceiverAddress(com.medusa.gruul.order.model.ReceiverAddressDto)>/dto}
VarNode{<com.medusa.gruul.platform.web.controller.PlatformShopInfoConsoleController: com.medusa.gruul.common.core.util.Result payInfoUpdate(com.medusa.gruul.platform.model.dto.PayInfoUpdateDto)>/payInfoUpdateDto}
VarNode{<com.medusa.gruul.afs.controller.mini.MiniAfsOrderController: com.medusa.gruul.common.core.util.Result userCancel(java.lang.Long)>/afsId}
VarNode{<com.medusa.gruul.goods.web.remote.GoodsController: java.util.Collection findSkuStockListByProductIds(java.util.Set)>/productIds}
VarNode{<com.medusa.gruul.account.web.remote.RemoteMiniAccount: java.lang.Boolean portionAttributeModify(java.lang.String,com.medusa.gruul.account.api.model.MiniAccountExtendsUpdateDto)>/userId}
VarNode{<com.medusa.gruul.account.web.remote.RemoteMiniAccount: com.medusa.gruul.account.api.model.AccountInfoDto accountInfo(java.lang.String,java.util.List)>/shopUserId}
VarNode{<com.medusa.gruul.goods.web.controller.manager.ShowCategoryController: com.medusa.gruul.common.core.util.Result updateShowCategorySort(java.util.List)>/showCategoryDtos}
VarNode{<com.medusa.gruul.order.controller.mini.MiniOrderController: com.medusa.gruul.common.core.util.Result evaluateOrder(java.lang.String,com.medusa.gruul.order.model.ApiSearchEvaluateDto)>/dto}
VarNode{<com.medusa.gruul.logistics.controller.LogisticsExpressPrintController: com.medusa.gruul.common.core.util.Result getExpressPrintInfo(java.lang.Long)>/id}
VarNode{<com.medusa.gruul.goods.web.controller.manager.AttributeTemplateController: com.medusa.gruul.common.core.util.Result addAttributeTemplate(com.medusa.gruul.goods.api.model.dto.manager.AttributeTemplateDto)>/attributeTemplateDto}
VarNode{<com.medusa.gruul.goods.web.controller.manager.SupplierController: com.medusa.gruul.common.core.util.Result getSupplierList(com.medusa.gruul.goods.api.model.param.manager.SupplierParam)>/supplierParam}
VarNode{<com.medusa.gruul.shops.controller.ShopsGuidePageSwitchController: com.medusa.gruul.common.core.util.Result updateShopGuidePageSwitch(java.lang.Boolean)>/status}
VarNode{<com.medusa.gruul.platform.web.controller.SendCodeController: com.medusa.gruul.common.core.util.Result sendCode(com.medusa.gruul.platform.model.dto.SendCodeDto)>/sendCodeDto}
VarNode{<com.medusa.gruul.goods.web.controller.manager.ProductController: com.medusa.gruul.common.core.util.Result getSkuStockAndMemberPriceById(java.lang.Long)>/id}
VarNode{<com.medusa.gruul.order.controller.mini.MiniOrderController: com.medusa.gruul.common.core.util.Result payOrder(java.lang.Long,java.lang.Boolean,javax.servlet.http.HttpServletRequest)>/orderId}
VarNode{<com.medusa.gruul.goods.web.controller.manager.ProductController: com.medusa.gruul.common.core.util.Result updateProductShowCategory(java.lang.Long[],java.util.List)>/productIds}
VarNode{<com.medusa.gruul.shops.controller.ShopsPartnerController: com.medusa.gruul.common.core.util.Result save(java.lang.String,java.lang.String,java.lang.Long)>/pass}
VarNode{<com.medusa.gruul.goods.web.controller.api.ApiProductController: com.medusa.gruul.common.core.util.Result getAliveProductList(java.lang.Long[],java.lang.String,java.lang.Long)>/ids}
VarNode{<com.medusa.gruul.shops.controller.ShopsPartnerController: com.medusa.gruul.common.core.util.Result save(java.lang.String,java.lang.String,java.lang.Long)>/phone}
VarNode{<com.medusa.gruul.platform.web.controller.AccountInfoController: com.medusa.gruul.common.core.util.Result verifyStateResult(java.lang.String)>/code}
VarNode{<com.medusa.gruul.goods.web.controller.manager.ProductController: com.medusa.gruul.common.core.util.Result getDiscountProductList(com.medusa.gruul.goods.api.model.param.manager.DiscountProductParam)>/discountProductParam}
VarNode{<com.medusa.gruul.shops.controller.ShopsRenovationController: com.medusa.gruul.common.core.util.Result listTemplate(com.medusa.gruul.shops.model.param.ShopsRenovationTemplateParam)>/param}
VarNode{<com.medusa.gruul.order.controller.manage.ManageOrderController: com.medusa.gruul.common.core.util.Result logisticsSend(com.medusa.gruul.order.model.ManageSearchLogisticsOrderDto)>/dto}
VarNode{<com.medusa.gruul.order.controller.remote.RemoteOrderController: int doLogisticsOrderDelivery(java.lang.String)>/orderDeliveryDtoList}
VarNode{<com.medusa.gruul.platform.web.controller.SystemConfController: com.medusa.gruul.common.core.util.Result saveKfmsg(com.medusa.gruul.platform.model.dto.KfAddDto)>/dto}
VarNode{<com.medusa.gruul.order.controller.group.GroupLeaderOrderController: com.medusa.gruul.common.core.util.Result getUserOverviewPage(java.lang.String)>/keyword}
VarNode{<com.medusa.gruul.logistics.controller.LogisticsAddressController: com.medusa.gruul.common.core.util.Result setAddress(com.medusa.gruul.logistics.model.dto.manager.LogisticsAddressDto)>/logisticsAddressDto}
VarNode{<com.medusa.gruul.logistics.controller.LogisticsExpressPrintController: com.medusa.gruul.common.core.util.Result getExpressPrintList(com.medusa.gruul.logistics.model.param.LogisticsExpressPrintParam)>/logisticsExpressPrintParam}
VarNode{<com.medusa.gruul.logistics.controller.FeignController: java.math.BigDecimal getLogisticsFreightCalculation(java.lang.String,java.lang.String)>/region}
VarNode{<com.medusa.gruul.goods.web.controller.manager.AttributeTemplateController: com.medusa.gruul.common.core.util.Result getAttributeTemplateList(com.medusa.gruul.goods.api.model.param.manager.AttributeTemplateParam)>/attributeTemplateParam}
VarNode{<com.medusa.gruul.platform.web.controller.AccountInfoController: com.medusa.gruul.common.core.util.Result phoneChangeTie(com.medusa.gruul.platform.model.dto.PhoneChangeTieDto)>/phoneChangeTieDto}
VarNode{<com.medusa.gruul.goods.web.controller.manager.ShowCategoryController: com.medusa.gruul.common.core.util.Result updateShowCategory(com.medusa.gruul.goods.api.model.dto.manager.ShowCategoryDto)>/showCategoryDto}
VarNode{<com.medusa.gruul.goods.web.controller.api.ApiShoppingCartController: com.medusa.gruul.common.core.util.Result deleteShoppingCartList(java.util.List)>/apiShoppingCartDtos}
VarNode{<com.medusa.gruul.payment.web.remote.RemotePaymentController: com.medusa.gruul.payment.api.model.dto.PayStatusDto getPayStatus(java.lang.String,java.lang.String,java.lang.String)>/payChannel}
VarNode{<com.medusa.gruul.account.web.controller.MiniAccountController: com.medusa.gruul.common.core.util.Result decodePhoneInfo(com.medusa.gruul.account.model.dto.DecodePhoneInfo)>/decodePhoneInfo}
VarNode{<com.medusa.gruul.goods.web.controller.api.ApiProductController: com.medusa.gruul.common.core.util.Result getProductById(java.lang.Long)>/id}
VarNode{<com.medusa.gruul.order.controller.manage.ManageOrderController: com.medusa.gruul.common.core.util.Result closeOrder(java.lang.Long[])>/orderIds}
VarNode{<com.medusa.gruul.goods.web.remote.GoodsController: java.util.List findDiscountProductTypeList(java.util.List)>/productIds}
VarNode{<com.medusa.gruul.logistics.controller.LogisticsExpressController: com.medusa.gruul.common.core.util.Result getExpressList(com.medusa.gruul.logistics.model.param.LogisticsExpressParam)>/logisticsExpressParam}
VarNode{<com.medusa.gruul.order.controller.mini.MiniOrderController: com.medusa.gruul.common.core.util.Result payOrder(java.lang.Long,java.lang.Boolean,javax.servlet.http.HttpServletRequest)>/userBalance}
VarNode{<com.medusa.gruul.goods.web.controller.manager.ProductController: com.medusa.gruul.common.core.util.Result getProductById(java.lang.Long)>/id}
VarNode{<com.medusa.gruul.platform.web.controller.PlatformServiceInfoController: java.lang.String baseWarehouse(com.medusa.gruul.common.core.monitor.MonitorServiceConfig)>/monitorServiceConfig}
VarNode{<com.medusa.gruul.goods.web.controller.manager.ProductController: com.medusa.gruul.common.core.util.Result updateProductStatus(java.lang.Long[],java.lang.Integer)>/ids}
VarNode{<com.medusa.gruul.goods.web.remote.GoodsController: java.lang.Boolean batchSubtractStock(java.util.List)>/operateStockDtoList}
VarNode{<com.medusa.gruul.goods.web.controller.manager.ShowCategoryController: com.medusa.gruul.common.core.util.Result addSecondList(java.util.List)>/showCategorySecondDtos}
VarNode{<com.medusa.gruul.order.controller.manage.ManageOrderController: com.medusa.gruul.common.core.util.Result tracesInfo(java.lang.String,java.lang.String)>/tracesId}
VarNode{<com.medusa.gruul.goods.web.controller.api.ApiProductController: com.medusa.gruul.common.core.util.Result getAliveProductList(java.lang.Long[],java.lang.String,java.lang.Long)>/launchArea}
VarNode{<com.medusa.gruul.logistics.controller.LogisticsTemplateController: com.medusa.gruul.common.core.util.Result getTemplateList(com.medusa.gruul.logistics.model.param.LogisticsTemplateParam)>/logisticsTemplateParam}
VarNode{<com.medusa.gruul.account.web.controller.api.ApiMiniAccountCollectController: com.medusa.gruul.common.core.util.Result findAccountIsCollect(java.lang.Long)>/productId}
VarNode{<com.medusa.gruul.goods.web.controller.manager.ProductController: com.medusa.gruul.common.core.util.Result updateProduct(com.medusa.gruul.goods.api.model.dto.manager.ProductDto)>/productDto}
VarNode{<com.medusa.gruul.platform.web.controller.AccountInfoController: com.medusa.gruul.common.core.util.Result preAccountScanCode(com.medusa.gruul.platform.model.dto.PreAccountVerifyDto)>/preAccountVerifyDto}
VarNode{<com.medusa.gruul.payment.web.remote.RemotePaymentController: com.medusa.gruul.payment.api.model.dto.PayStatusDto getPayStatus(java.lang.String,java.lang.String,java.lang.String)>/outTradeNo}
VarNode{<com.medusa.gruul.account.web.controller.api.ApiMiniAccountFootMarkController: com.medusa.gruul.common.core.util.Result deleteAccountFootMark(java.lang.Long[],java.lang.Integer)>/type}
VarNode{<com.medusa.gruul.goods.web.controller.manager.ProductController: com.medusa.gruul.common.core.util.Result updateProductSaleMode(java.lang.Long[],java.lang.Long)>/ids}
VarNode{<com.medusa.gruul.afs.controller.mini.MiniAfsOrderController: com.medusa.gruul.common.core.util.Result getOrderApplyNumber(java.lang.Long)>/orderId}
VarNode{<com.medusa.gruul.shops.controller.remote.RemoteController: com.medusa.gruul.shops.api.entity.ShopsPartner getByPlatformId(java.lang.Long)>/platformId}
VarNode{<com.medusa.gruul.platform.web.controller.AccountInfoController: com.medusa.gruul.common.core.util.Result passChangeTie(com.medusa.gruul.platform.model.dto.PassChangeTieDto)>/passChangeTieDto}
VarNode{<com.medusa.gruul.afs.controller.remote.RemoteAfsController: java.lang.Long getAfsOrderNumber(java.lang.String)>/userId}
VarNode{<com.medusa.gruul.account.web.controller.api.ApiMiniAccountFootMarkController: com.medusa.gruul.common.core.util.Result addAccountFootMark(com.medusa.gruul.account.model.dto.AccountFootMarkDto)>/accountFootMarkDto}
VarNode{<com.medusa.gruul.goods.web.controller.manager.ProductAttributeController: com.medusa.gruul.common.core.util.Result selectByProductId(java.lang.Long)>/productId}
VarNode{<com.medusa.gruul.order.controller.manage.ManageOrderController: com.medusa.gruul.common.core.util.Result noteOrder(java.lang.Long[],java.lang.Boolean,java.lang.String)>/orderIds}
VarNode{<com.medusa.gruul.platform.web.controller.PlatformShopInfoConsoleController: com.medusa.gruul.common.core.util.Result consoleUpdate(com.medusa.gruul.platform.model.dto.ConsoleUpdateDto)>/dto}
VarNode{<com.medusa.gruul.shops.controller.ShopsRenovationController: com.medusa.gruul.common.core.util.Result saveTemplatePage(com.medusa.gruul.shops.model.param.ShopsRenovationPageParam)>/param}
VarNode{<com.medusa.gruul.shops.controller.ShopsGuidePageController: com.medusa.gruul.common.core.util.Result updateShopGuidePage(java.util.List)>/shopGuidePageDto}
Sink nodes:
VarNode{<com.medusa.gruul.goods.service.manager.impl.ProductAttributeServiceImpl: java.util.List selectByProductId(java.lang.Long)>/productId}
VarNode{<com.medusa.gruul.goods.service.api.impl.ApiProductServiceImpl: com.medusa.gruul.goods.api.model.vo.api.ApiProductVo getProductById(java.lang.Long)>/id}
VarNode{<com.medusa.gruul.goods.service.manager.impl.ProductServiceImpl: java.util.List findItemVoByIds(java.util.List)>/skuIds}
VarNode{<com.medusa.gruul.goods.service.api.impl.ApiProductServiceImpl: java.util.List getAliveProductListByCategory(java.lang.Long[],java.lang.Long)>/saleMode}
VarNode{<com.medusa.gruul.order.service.impl.MiniOrderServiceImpl: com.medusa.gruul.order.model.OrderShareInfo orderShareInfo(java.lang.Long)>/orderId}
VarNode{<com.medusa.gruul.logistics.service.impl.LogisticsExpressServiceImpl: com.medusa.gruul.logistics.model.vo.LogisticsExpressVo getExpressInfo(java.lang.Long)>/id}
VarNode{<com.medusa.gruul.shops.service.impl.ShopGuidePageSwitchServiceImpl: void updateShopGuidePageSwitch(java.lang.Boolean)>/status}
VarNode{<com.medusa.gruul.logistics.service.impl.LogisticsExpressPrintServiceImpl: com.medusa.gruul.logistics.model.vo.LogisticsExpressPrintVo getExpressPrintInfo(java.lang.Long)>/id}
VarNode{<com.medusa.gruul.logistics.service.impl.LogisticsAddressServiceImpl: com.medusa.gruul.common.core.util.Result getLogisticsExpressNumber(com.medusa.gruul.logistics.model.dto.manager.express.ExpressInfoDto,java.lang.Long)>/expressId}
VarNode{<com.medusa.gruul.logistics.service.impl.LogisticsTemplateServiceImpl: java.math.BigDecimal baseAggregation(java.lang.Long,java.lang.String,java.util.Map)>/$r66}
VarNode{<com.medusa.gruul.order.service.impl.MiniOrderServiceImpl: void receiptOrder(java.lang.Long,boolean)>/orderId}
VarNode{<com.medusa.gruul.goods.service.manager.impl.ProductServiceImpl: java.util.List getSkuStockAndMemberPriceById(java.lang.Long)>/id}
VarNode{<com.medusa.gruul.goods.service.manager.impl.ProductServiceImpl: java.util.List getDiscountProductTypeList(java.util.List)>/productIds}
VarNode{<com.medusa.gruul.goods.service.manager.impl.SupplierServiceImpl: java.util.List getDataSetSupplierList(java.util.List)>/supplierIds}
VarNode{<com.medusa.gruul.order.service.impl.RemoteOrderServiceImpl: java.util.List productRate(java.util.List)>/productIds}
VarNode{<com.medusa.gruul.goods.service.api.impl.ApiShowCategoryServiceImpl: java.util.List getApiShowCategoryListBySaleMode(java.lang.Long)>/saleMode}
VarNode{<com.medusa.gruul.goods.service.manager.impl.ShowCategoryServiceImpl: com.medusa.gruul.goods.api.model.vo.manager.ShowCategoryVo getShowCategoryById(java.lang.String)>/id}
VarNode{<com.medusa.gruul.logistics.service.impl.LogisticsTemplateServiceImpl: com.medusa.gruul.logistics.model.vo.LogisticsTemplateVo feignGetInfo(java.lang.Long)>/id}
VarNode{<com.medusa.gruul.logistics.service.impl.LogisticsTemplateServiceImpl: java.math.BigDecimal getOneTemplateAggregation(java.util.Map,java.util.Map,java.lang.String)>/$r13}
VarNode{<com.medusa.gruul.order.service.impl.RemoteOrderServiceImpl: java.lang.Boolean checkAfsOrder(java.util.List)>/orderIds}
VarNode{<com.medusa.gruul.logistics.service.impl.LogisticsTemplateServiceImpl: com.medusa.gruul.logistics.model.vo.LogisticsTemplateVo getTemplateInfo(java.lang.Long)>/id}
Dumping /Users/yuntsy/My/Projects/Java/WebAnalyzer/output/taint-flow-graph.dot
TFGDumper finishes, elapsed time: 0.07s
-------------- Pointer analysis statistics: --------------
#var pointers:                1,0471 (insens) / 1,0471 (sens)
#objects:                     3156 (insens) / 3156 (sens)
#var points-to:               6856 (insens) / 6856 (sens)
#static field points-to:      49 (sens)
#instance field points-to:    817 (sens)
#array points-to:             77 (sens)
#reachable methods:           1424 (insens) / 1424 (sens)
#call graph edges:            2860 (insens) / 2860 (sens)
----------------------------------------
pta finishes, elapsed time: 0.44s
cg starts ...
Call graph has 1424 reachable methods and 2860 edges
Dumping call graph to /Users/yuntsy/My/Projects/Java/WebAnalyzer/output/call-graph.dot
Dumping reachable methods to /Users/yuntsy/My/Projects/Java/WebAnalyzer/output/reachable-methods.txt
Dumping call edges to /Users/yuntsy/My/Projects/Java/WebAnalyzer/output/call-edges.txt
cg finishes, elapsed time: 0.13s
Tai-e finishes, elapsed time: 5.36s
