Writing log to /Users/yuntsy/My/Projects/Java/WebAnalyzer/output/tai-e.log
java.version: 17.0.11
java.version.date: 2024-04-16
java.runtime.version: 17.0.11+7-LTS-207
java.vendor: Oracle Corporation
java.vendor.version: null
os.name: Mac OS X
os.version: 26.3
os.arch: aarch64
Tai-e Version: 0.5.1
Tai-e Commit: a086cc6200102f74b303a2cb800dad4e1b8b3af5
Writing analysis plan to /Users/yuntsy/My/Projects/Java/WebAnalyzer/output/tai-e-plan.yml
WorldBuilder starts ...
Warning: main class was not given!
11537 classes with 125945 methods in the world
WorldBuilder finishes, elapsed time: 4.70s
ir-dumper starts ...
Dumping IR in /Users/yuntsy/My/Projects/Java/WebAnalyzer/output/tir
1001 classes in scope (APP) of class analyses
ir-dumper finishes, elapsed time: 1.65s
routerAnalysis starts ...
Router analysis started at: 2026-02-27 20:12:33
Router analysis completed at: 2026-02-27 20:12:33 (Duration: 9ms)
routerAnalysis finishes, elapsed time: 0.01s
beanAnalysis starts ...
beanAnalysis finishes, elapsed time: 0.01s
injectPointsAnalysis starts ...
injectPointsAnalysis finishes, elapsed time: 0.00s
aspectAnalysis starts ...
Starting AOP aspect analysis...
aspectAnalysis finishes, elapsed time: 0.00s
resultAnalysis starts ...
============================================================
                 Spring Analysis Result Summary             
============================================================
Router Methods (Endpoints)     : 206
Spring Beans                   : 387
Aspect Methods (Advice)        : 0
============================================================
resultAnalysis finishes, elapsed time: 0.00s
srfaAnalysis starts ...
SRFA Analysis started at: 2026-02-27 20:12:33
Loaded 118 controller classes from RouterAnalysis
Discovering mapper paths from 6 appClassPath entries
Auto-discovered 4 mapper path(s)
  - /var/folders/n9/gm62bg6x77xgx7pk8ttb_v640000gn/T/srfa-mapper-cache/app-sba_1731057264000
  - /var/folders/n9/gm62bg6x77xgx7pk8ttb_v640000gn/T/srfa-mapper-cache/course-service_1731057264000/mybatis
  - /var/folders/n9/gm62bg6x77xgx7pk8ttb_v640000gn/T/srfa-mapper-cache/system-service_1731057264000/mybatis
  - /var/folders/n9/gm62bg6x77xgx7pk8ttb_v640000gn/T/srfa-mapper-cache/user-service_1731057264000/mybatis
Using 4 mapper search path(s):
  - /var/folders/n9/gm62bg6x77xgx7pk8ttb_v640000gn/T/srfa-mapper-cache/app-sba_1731057264000
  - /var/folders/n9/gm62bg6x77xgx7pk8ttb_v640000gn/T/srfa-mapper-cache/course-service_1731057264000/mybatis
  - /var/folders/n9/gm62bg6x77xgx7pk8ttb_v640000gn/T/srfa-mapper-cache/system-service_1731057264000/mybatis
  - /var/folders/n9/gm62bg6x77xgx7pk8ttb_v640000gn/T/srfa-mapper-cache/user-service_1731057264000/mybatis
Parsed 47 MyBatis mapper files
Parsed 47 MyBatis mapper files
  Mapper namespace: com.roncoo.education.course.dao.impl.mapper.FileStorageMapper
    Operation: id=insert, type=insert, hasDollar=false
    Operation: id=insertSelective, type=insert, hasDollar=false
    Operation: id=selectByExample, type=select, hasDollar=true
      Risky var: ${{orderByClause}}
      Risky var: ${{limitStart}}
      Risky var: ${{pageSize}}
    Operation: id=selectByPrimaryKey, type=select, hasDollar=false
    Operation: id=deleteByPrimaryKey, type=delete, hasDollar=false
    Operation: id=updateByExampleSelective, type=update, hasDollar=false
    Operation: id=updateByExample, type=update, hasDollar=false
    Operation: id=updateByPrimaryKeySelective, type=update, hasDollar=false
    Operation: id=updateByPrimaryKey, type=update, hasDollar=false
  Mapper namespace: com.roncoo.education.course.dao.impl.mapper.CourseChapterPeriodMapper
    Operation: id=insert, type=insert, hasDollar=false
    Operation: id=insertSelective, type=insert, hasDollar=false
    Operation: id=selectByExample, type=select, hasDollar=true
      Risky var: ${{orderByClause}}
      Risky var: ${{limitStart}}
      Risky var: ${{pageSize}}
    Operation: id=selectByPrimaryKey, type=select, hasDollar=false
    Operation: id=deleteByPrimaryKey, type=delete, hasDollar=false
    Operation: id=updateByExampleSelective, type=update, hasDollar=false
    Operation: id=updateByExample, type=update, hasDollar=false
    Operation: id=updateByPrimaryKeySelective, type=update, hasDollar=false
    Operation: id=updateByPrimaryKey, type=update, hasDollar=false
  Mapper namespace: com.roncoo.education.course.dao.impl.mapper.CourseChapterAuditMapper
    Operation: id=insert, type=insert, hasDollar=false
    Operation: id=insertSelective, type=insert, hasDollar=false
    Operation: id=selectByExample, type=select, hasDollar=true
      Risky var: ${{orderByClause}}
      Risky var: ${{limitStart}}
      Risky var: ${{pageSize}}
    Operation: id=selectByPrimaryKey, type=select, hasDollar=false
    Operation: id=deleteByPrimaryKey, type=delete, hasDollar=false
    Operation: id=updateByExampleSelective, type=update, hasDollar=false
    Operation: id=updateByExample, type=update, hasDollar=false
    Operation: id=updateByPrimaryKeySelective, type=update, hasDollar=false
    Operation: id=updateByPrimaryKey, type=update, hasDollar=false
  Mapper namespace: com.roncoo.education.course.dao.impl.mapper.CourseVideoMapper
    Operation: id=insert, type=insert, hasDollar=false
    Operation: id=insertSelective, type=insert, hasDollar=false
    Operation: id=selectByExample, type=select, hasDollar=true
      Risky var: ${{orderByClause}}
      Risky var: ${{limitStart}}
      Risky var: ${{pageSize}}
    Operation: id=selectByPrimaryKey, type=select, hasDollar=false
    Operation: id=deleteByPrimaryKey, type=delete, hasDollar=false
    Operation: id=updateByExampleSelective, type=update, hasDollar=false
    Operation: id=updateByExample, type=update, hasDollar=false
    Operation: id=updateByPrimaryKeySelective, type=update, hasDollar=false
    Operation: id=updateByPrimaryKey, type=update, hasDollar=false
  Mapper namespace: com.roncoo.education.course.dao.impl.mapper.ZoneMapper
    Operation: id=insert, type=insert, hasDollar=false
    Operation: id=insertSelective, type=insert, hasDollar=false
    Operation: id=selectByExample, type=select, hasDollar=true
      Risky var: ${{orderByClause}}
      Risky var: ${{limitStart}}
      Risky var: ${{pageSize}}
    Operation: id=selectByPrimaryKey, type=select, hasDollar=false
    Operation: id=deleteByPrimaryKey, type=delete, hasDollar=false
    Operation: id=updateByExampleSelective, type=update, hasDollar=false
    Operation: id=updateByExample, type=update, hasDollar=false
    Operation: id=updateByPrimaryKeySelective, type=update, hasDollar=false
    Operation: id=updateByPrimaryKey, type=update, hasDollar=false
  Mapper namespace: com.roncoo.education.course.dao.impl.mapper.ZoneCourseMapper
    Operation: id=insert, type=insert, hasDollar=false
    Operation: id=insertSelective, type=insert, hasDollar=false
    Operation: id=selectByExample, type=select, hasDollar=true
      Risky var: ${{orderByClause}}
      Risky var: ${{limitStart}}
      Risky var: ${{pageSize}}
    Operation: id=selectByPrimaryKey, type=select, hasDollar=false
    Operation: id=deleteByPrimaryKey, type=delete, hasDollar=false
    Operation: id=updateByExampleSelective, type=update, hasDollar=false
    Operation: id=updateByExample, type=update, hasDollar=false
    Operation: id=updateByPrimaryKeySelective, type=update, hasDollar=false
    Operation: id=updateByPrimaryKey, type=update, hasDollar=false
  Mapper namespace: com.roncoo.education.course.dao.impl.mapper.CourseAuditMapper
    Operation: id=insert, type=insert, hasDollar=false
    Operation: id=insertSelective, type=insert, hasDollar=false
    Operation: id=selectByExample, type=select, hasDollar=true
      Risky var: ${{orderByClause}}
      Risky var: ${{limitStart}}
      Risky var: ${{pageSize}}
    Operation: id=selectByPrimaryKey, type=select, hasDollar=false
    Operation: id=deleteByPrimaryKey, type=delete, hasDollar=false
    Operation: id=updateByExampleSelective, type=update, hasDollar=false
    Operation: id=updateByExample, type=update, hasDollar=false
    Operation: id=updateByPrimaryKeySelective, type=update, hasDollar=false
    Operation: id=updateByPrimaryKey, type=update, hasDollar=false
  Mapper namespace: com.roncoo.education.course.dao.impl.mapper.CourseIntroduceAuditMapper
    Operation: id=insert, type=insert, hasDollar=false
    Operation: id=insertSelective, type=insert, hasDollar=false
    Operation: id=selectByExampleWithBLOBs, type=select, hasDollar=true
      Risky var: ${{orderByClause}}
    Operation: id=selectByExample, type=select, hasDollar=true
      Risky var: ${{orderByClause}}
      Risky var: ${{limitStart}}
      Risky var: ${{pageSize}}
    Operation: id=selectByPrimaryKey, type=select, hasDollar=false
    Operation: id=deleteByPrimaryKey, type=delete, hasDollar=false
    Operation: id=updateByExampleSelective, type=update, hasDollar=false
    Operation: id=updateByExampleWithBLOBs, type=update, hasDollar=false
    Operation: id=updateByExample, type=update, hasDollar=false
    Operation: id=updateByPrimaryKeySelective, type=update, hasDollar=false
    Operation: id=updateByPrimaryKeyWithBLOBs, type=update, hasDollar=false
    Operation: id=updateByPrimaryKey, type=update, hasDollar=false
  Mapper namespace: com.roncoo.education.course.dao.impl.mapper.CourseChapterMapper
    Operation: id=insert, type=insert, hasDollar=false
    Operation: id=insertSelective, type=insert, hasDollar=false
    Operation: id=selectByExample, type=select, hasDollar=true
      Risky var: ${{orderByClause}}
      Risky var: ${{limitStart}}
      Risky var: ${{pageSize}}
    Operation: id=selectByPrimaryKey, type=select, hasDollar=false
    Operation: id=deleteByPrimaryKey, type=delete, hasDollar=false
    Operation: id=updateByExampleSelective, type=update, hasDollar=false
    Operation: id=updateByExample, type=update, hasDollar=false
    Operation: id=updateByPrimaryKeySelective, type=update, hasDollar=false
    Operation: id=updateByPrimaryKey, type=update, hasDollar=false
  Mapper namespace: com.roncoo.education.course.dao.impl.mapper.CourseRecommendMapper
    Operation: id=insert, type=insert, hasDollar=false
    Operation: id=insertSelective, type=insert, hasDollar=false
    Operation: id=selectByExample, type=select, hasDollar=true
      Risky var: ${{orderByClause}}
      Risky var: ${{limitStart}}
      Risky var: ${{pageSize}}
    Operation: id=selectByPrimaryKey, type=select, hasDollar=false
    Operation: id=deleteByPrimaryKey, type=delete, hasDollar=false
    Operation: id=updateByExampleSelective, type=update, hasDollar=false
    Operation: id=updateByExample, type=update, hasDollar=false
    Operation: id=updateByPrimaryKeySelective, type=update, hasDollar=false
    Operation: id=updateByPrimaryKey, type=update, hasDollar=false
  Mapper namespace: com.roncoo.education.course.dao.impl.mapper.DicMapper
    Operation: id=insert, type=insert, hasDollar=false
    Operation: id=insertSelective, type=insert, hasDollar=false
    Operation: id=selectByExample, type=select, hasDollar=true
      Risky var: ${{orderByClause}}
      Risky var: ${{limitStart}}
      Risky var: ${{pageSize}}
    Operation: id=selectByPrimaryKey, type=select, hasDollar=false
    Operation: id=deleteByPrimaryKey, type=delete, hasDollar=false
    Operation: id=updateByExampleSelective, type=update, hasDollar=false
    Operation: id=updateByExample, type=update, hasDollar=false
    Operation: id=updateByPrimaryKeySelective, type=update, hasDollar=false
    Operation: id=updateByPrimaryKey, type=update, hasDollar=false
  Mapper namespace: com.roncoo.education.course.dao.impl.mapper.CourseMapper
    Operation: id=insert, type=insert, hasDollar=false
    Operation: id=insertSelective, type=insert, hasDollar=false
    Operation: id=selectByExample, type=select, hasDollar=true
      Risky var: ${{orderByClause}}
      Risky var: ${{limitStart}}
      Risky var: ${{pageSize}}
    Operation: id=selectByPrimaryKey, type=select, hasDollar=false
    Operation: id=deleteByPrimaryKey, type=delete, hasDollar=false
    Operation: id=updateByExampleSelective, type=update, hasDollar=false
    Operation: id=updateByExample, type=update, hasDollar=false
    Operation: id=updateByPrimaryKeySelective, type=update, hasDollar=false
    Operation: id=updateByPrimaryKey, type=update, hasDollar=false
  Mapper namespace: com.roncoo.education.course.dao.impl.mapper.AdvMapper
    Operation: id=insert, type=insert, hasDollar=false
    Operation: id=insertSelective, type=insert, hasDollar=false
    Operation: id=selectByExample, type=select, hasDollar=true
      Risky var: ${{orderByClause}}
      Risky var: ${{limitStart}}
      Risky var: ${{pageSize}}
    Operation: id=selectByPrimaryKey, type=select, hasDollar=false
    Operation: id=deleteByPrimaryKey, type=delete, hasDollar=false
    Operation: id=updateByExampleSelective, type=update, hasDollar=false
    Operation: id=updateByExample, type=update, hasDollar=false
    Operation: id=updateByPrimaryKeySelective, type=update, hasDollar=false
    Operation: id=updateByPrimaryKey, type=update, hasDollar=false
  Mapper namespace: com.roncoo.education.course.dao.impl.mapper.CourseUserStudyMapper
    Operation: id=insert, type=insert, hasDollar=false
    Operation: id=insertSelective, type=insert, hasDollar=false
    Operation: id=selectByExample, type=select, hasDollar=true
      Risky var: ${{orderByClause}}
      Risky var: ${{limitStart}}
      Risky var: ${{pageSize}}
    Operation: id=selectByPrimaryKey, type=select, hasDollar=false
    Operation: id=deleteByPrimaryKey, type=delete, hasDollar=false
    Operation: id=updateByExampleSelective, type=update, hasDollar=false
    Operation: id=updateByExample, type=update, hasDollar=false
    Operation: id=updateByPrimaryKeySelective, type=update, hasDollar=false
    Operation: id=updateByPrimaryKey, type=update, hasDollar=false
  Mapper namespace: com.roncoo.education.course.dao.impl.mapper.OrderPayMapper
    Operation: id=insert, type=insert, hasDollar=false
    Operation: id=insertSelective, type=insert, hasDollar=false
    Operation: id=selectByExample, type=select, hasDollar=true
      Risky var: ${{orderByClause}}
      Risky var: ${{limitStart}}
      Risky var: ${{pageSize}}
    Operation: id=selectByPrimaryKey, type=select, hasDollar=false
    Operation: id=deleteByPrimaryKey, type=delete, hasDollar=false
    Operation: id=updateByExampleSelective, type=update, hasDollar=false
    Operation: id=updateByExample, type=update, hasDollar=false
    Operation: id=updateByPrimaryKeySelective, type=update, hasDollar=false
    Operation: id=updateByPrimaryKey, type=update, hasDollar=false
  Mapper namespace: com.roncoo.education.course.dao.impl.mapper.DicListMapper
    Operation: id=insert, type=insert, hasDollar=false
    Operation: id=insertSelective, type=insert, hasDollar=false
    Operation: id=selectByExample, type=select, hasDollar=true
      Risky var: ${{orderByClause}}
      Risky var: ${{limitStart}}
      Risky var: ${{pageSize}}
    Operation: id=selectByPrimaryKey, type=select, hasDollar=false
    Operation: id=deleteByPrimaryKey, type=delete, hasDollar=false
    Operation: id=updateByExampleSelective, type=update, hasDollar=false
    Operation: id=updateByExample, type=update, hasDollar=false
    Operation: id=updateByPrimaryKeySelective, type=update, hasDollar=false
    Operation: id=updateByPrimaryKey, type=update, hasDollar=false
  Mapper namespace: com.roncoo.education.course.dao.impl.mapper.CourseUserStudyLogMapper
    Operation: id=insert, type=insert, hasDollar=false
    Operation: id=insertSelective, type=insert, hasDollar=false
    Operation: id=selectByExample, type=select, hasDollar=true
      Risky var: ${{orderByClause}}
      Risky var: ${{limitStart}}
      Risky var: ${{pageSize}}
    Operation: id=selectByPrimaryKey, type=select, hasDollar=false
    Operation: id=deleteByPrimaryKey, type=delete, hasDollar=false
    Operation: id=updateByExampleSelective, type=update, hasDollar=false
    Operation: id=updateByExample, type=update, hasDollar=false
    Operation: id=updateByPrimaryKeySelective, type=update, hasDollar=false
    Operation: id=updateByPrimaryKey, type=update, hasDollar=false
  Mapper namespace: com.roncoo.education.course.dao.impl.mapper.CourseChapterPeriodAuditMapper
    Operation: id=insert, type=insert, hasDollar=false
    Operation: id=insertSelective, type=insert, hasDollar=false
    Operation: id=selectByExample, type=select, hasDollar=true
      Risky var: ${{orderByClause}}
      Risky var: ${{limitStart}}
      Risky var: ${{pageSize}}
    Operation: id=selectByPrimaryKey, type=select, hasDollar=false
    Operation: id=deleteByPrimaryKey, type=delete, hasDollar=false
    Operation: id=updateByExampleSelective, type=update, hasDollar=false
    Operation: id=updateByExample, type=update, hasDollar=false
    Operation: id=updateByPrimaryKeySelective, type=update, hasDollar=false
    Operation: id=updateByPrimaryKey, type=update, hasDollar=false
  Mapper namespace: com.roncoo.education.course.dao.impl.mapper.CourseCategoryMapper
    Operation: id=insert, type=insert, hasDollar=false
    Operation: id=insertSelective, type=insert, hasDollar=false
    Operation: id=selectByExample, type=select, hasDollar=true
      Risky var: ${{orderByClause}}
      Risky var: ${{limitStart}}
      Risky var: ${{pageSize}}
    Operation: id=selectByPrimaryKey, type=select, hasDollar=false
    Operation: id=deleteByPrimaryKey, type=delete, hasDollar=false
    Operation: id=updateByExampleSelective, type=update, hasDollar=false
    Operation: id=updateByExample, type=update, hasDollar=false
    Operation: id=updateByPrimaryKeySelective, type=update, hasDollar=false
    Operation: id=updateByPrimaryKey, type=update, hasDollar=false
  Mapper namespace: com.roncoo.education.course.dao.impl.mapper.CourseIntroduceMapper
    Operation: id=insert, type=insert, hasDollar=false
    Operation: id=insertSelective, type=insert, hasDollar=false
    Operation: id=selectByExampleWithBLOBs, type=select, hasDollar=true
      Risky var: ${{orderByClause}}
    Operation: id=selectByExample, type=select, hasDollar=true
      Risky var: ${{orderByClause}}
      Risky var: ${{limitStart}}
      Risky var: ${{pageSize}}
    Operation: id=selectByPrimaryKey, type=select, hasDollar=false
    Operation: id=deleteByPrimaryKey, type=delete, hasDollar=false
    Operation: id=updateByExampleSelective, type=update, hasDollar=false
    Operation: id=updateByExampleWithBLOBs, type=update, hasDollar=false
    Operation: id=updateByExample, type=update, hasDollar=false
    Operation: id=updateByPrimaryKeySelective, type=update, hasDollar=false
    Operation: id=updateByPrimaryKeyWithBLOBs, type=update, hasDollar=false
    Operation: id=updateByPrimaryKey, type=update, hasDollar=false
  Mapper namespace: com.roncoo.education.course.dao.impl.mapper.OrderInfoMapper
    Operation: id=insert, type=insert, hasDollar=false
    Operation: id=insertSelective, type=insert, hasDollar=false
    Operation: id=selectByExample, type=select, hasDollar=true
      Risky var: ${{orderByClause}}
      Risky var: ${{limitStart}}
      Risky var: ${{pageSize}}
    Operation: id=selectByPrimaryKey, type=select, hasDollar=false
    Operation: id=deleteByPrimaryKey, type=delete, hasDollar=false
    Operation: id=updateByExampleSelective, type=update, hasDollar=false
    Operation: id=updateByExample, type=update, hasDollar=false
    Operation: id=updateByPrimaryKeySelective, type=update, hasDollar=false
    Operation: id=updateByPrimaryKey, type=update, hasDollar=false
  Mapper namespace: com.roncoo.education.system.dao.impl.mapper.NavBarMapper
    Operation: id=insert, type=insert, hasDollar=false
    Operation: id=insertSelective, type=insert, hasDollar=false
    Operation: id=selectByExample, type=select, hasDollar=true
      Risky var: ${{orderByClause}}
      Risky var: ${{limitStart}}
      Risky var: ${{pageSize}}
    Operation: id=selectByPrimaryKey, type=select, hasDollar=false
    Operation: id=deleteByPrimaryKey, type=delete, hasDollar=false
    Operation: id=updateByExampleSelective, type=update, hasDollar=false
    Operation: id=updateByExample, type=update, hasDollar=false
    Operation: id=updateByPrimaryKeySelective, type=update, hasDollar=false
    Operation: id=updateByPrimaryKey, type=update, hasDollar=false
  Mapper namespace: com.roncoo.education.system.dao.impl.mapper.SysMapper
    Operation: id=insert, type=insert, hasDollar=false
    Operation: id=insertSelective, type=insert, hasDollar=false
    Operation: id=selectByExample, type=select, hasDollar=true
      Risky var: ${{orderByClause}}
      Risky var: ${{limitStart}}
      Risky var: ${{pageSize}}
    Operation: id=selectByPrimaryKey, type=select, hasDollar=false
    Operation: id=deleteByPrimaryKey, type=delete, hasDollar=false
    Operation: id=updateByExampleSelective, type=update, hasDollar=false
    Operation: id=updateByExample, type=update, hasDollar=false
    Operation: id=updateByPrimaryKeySelective, type=update, hasDollar=false
    Operation: id=updateByPrimaryKey, type=update, hasDollar=false
  Mapper namespace: com.roncoo.education.system.dao.impl.mapper.MsgUserMapper
    Operation: id=insert, type=insert, hasDollar=false
    Operation: id=insertSelective, type=insert, hasDollar=false
    Operation: id=selectByExample, type=select, hasDollar=true
      Risky var: ${{orderByClause}}
      Risky var: ${{limitStart}}
      Risky var: ${{pageSize}}
    Operation: id=selectByPrimaryKey, type=select, hasDollar=false
    Operation: id=deleteByPrimaryKey, type=delete, hasDollar=false
    Operation: id=updateByExampleSelective, type=update, hasDollar=false
    Operation: id=updateByExample, type=update, hasDollar=false
    Operation: id=updateByPrimaryKeySelective, type=update, hasDollar=false
    Operation: id=updateByPrimaryKey, type=update, hasDollar=false
  Mapper namespace: com.roncoo.education.system.dao.impl.mapper.SysUserMapper
    Operation: id=insert, type=insert, hasDollar=false
    Operation: id=insertSelective, type=insert, hasDollar=false
    Operation: id=selectByExample, type=select, hasDollar=true
      Risky var: ${{orderByClause}}
      Risky var: ${{limitStart}}
      Risky var: ${{pageSize}}
    Operation: id=selectByPrimaryKey, type=select, hasDollar=false
    Operation: id=deleteByPrimaryKey, type=delete, hasDollar=false
    Operation: id=updateByExampleSelective, type=update, hasDollar=false
    Operation: id=updateByExample, type=update, hasDollar=false
    Operation: id=updateByPrimaryKeySelective, type=update, hasDollar=false
    Operation: id=updateByPrimaryKey, type=update, hasDollar=false
  Mapper namespace: com.roncoo.education.system.dao.impl.mapper.SysRoleMapper
    Operation: id=insert, type=insert, hasDollar=false
    Operation: id=insertSelective, type=insert, hasDollar=false
    Operation: id=selectByExample, type=select, hasDollar=true
      Risky var: ${{orderByClause}}
      Risky var: ${{limitStart}}
      Risky var: ${{pageSize}}
    Operation: id=selectByPrimaryKey, type=select, hasDollar=false
    Operation: id=deleteByPrimaryKey, type=delete, hasDollar=false
    Operation: id=updateByExampleSelective, type=update, hasDollar=false
    Operation: id=updateByExample, type=update, hasDollar=false
    Operation: id=updateByPrimaryKeySelective, type=update, hasDollar=false
    Operation: id=updateByPrimaryKey, type=update, hasDollar=false
  Mapper namespace: com.roncoo.education.system.dao.impl.mapper.SysLogMapper
    Operation: id=insert, type=insert, hasDollar=false
    Operation: id=insertSelective, type=insert, hasDollar=false
    Operation: id=selectByExample, type=select, hasDollar=true
      Risky var: ${{orderByClause}}
      Risky var: ${{limitStart}}
      Risky var: ${{pageSize}}
    Operation: id=selectByPrimaryKey, type=select, hasDollar=false
    Operation: id=deleteByPrimaryKey, type=delete, hasDollar=false
    Operation: id=updateByExampleSelective, type=update, hasDollar=false
    Operation: id=updateByExample, type=update, hasDollar=false
    Operation: id=updateByPrimaryKeySelective, type=update, hasDollar=false
    Operation: id=updateByPrimaryKey, type=update, hasDollar=false
  Mapper namespace: com.roncoo.education.system.dao.impl.mapper.WebsiteLinkMapper
    Operation: id=insert, type=insert, hasDollar=false
    Operation: id=insertSelective, type=insert, hasDollar=false
    Operation: id=selectByExample, type=select, hasDollar=true
      Risky var: ${{orderByClause}}
      Risky var: ${{limitStart}}
      Risky var: ${{pageSize}}
    Operation: id=selectByPrimaryKey, type=select, hasDollar=false
    Operation: id=deleteByPrimaryKey, type=delete, hasDollar=false
    Operation: id=updateByExampleSelective, type=update, hasDollar=false
    Operation: id=updateByExample, type=update, hasDollar=false
    Operation: id=updateByPrimaryKeySelective, type=update, hasDollar=false
    Operation: id=updateByPrimaryKey, type=update, hasDollar=false
  Mapper namespace: com.roncoo.education.system.dao.impl.mapper.WebsiteNavArticleMapper
    Operation: id=insert, type=insert, hasDollar=false
    Operation: id=insertSelective, type=insert, hasDollar=false
    Operation: id=selectByExampleWithBLOBs, type=select, hasDollar=true
      Risky var: ${{orderByClause}}
    Operation: id=selectByExample, type=select, hasDollar=true
      Risky var: ${{orderByClause}}
      Risky var: ${{limitStart}}
      Risky var: ${{pageSize}}
    Operation: id=selectByPrimaryKey, type=select, hasDollar=false
    Operation: id=deleteByPrimaryKey, type=delete, hasDollar=false
    Operation: id=updateByExampleSelective, type=update, hasDollar=false
    Operation: id=updateByExampleWithBLOBs, type=update, hasDollar=false
    Operation: id=updateByExample, type=update, hasDollar=false
    Operation: id=updateByPrimaryKeySelective, type=update, hasDollar=false
    Operation: id=updateByPrimaryKeyWithBLOBs, type=update, hasDollar=false
    Operation: id=updateByPrimaryKey, type=update, hasDollar=false
  Mapper namespace: com.roncoo.education.system.dao.impl.mapper.SysRoleUserMapper
    Operation: id=insert, type=insert, hasDollar=false
    Operation: id=insertSelective, type=insert, hasDollar=false
    Operation: id=selectByExample, type=select, hasDollar=true
      Risky var: ${{orderByClause}}
      Risky var: ${{limitStart}}
      Risky var: ${{pageSize}}
    Operation: id=selectByPrimaryKey, type=select, hasDollar=false
    Operation: id=deleteByPrimaryKey, type=delete, hasDollar=false
    Operation: id=updateByExampleSelective, type=update, hasDollar=false
    Operation: id=updateByExample, type=update, hasDollar=false
    Operation: id=updateByPrimaryKeySelective, type=update, hasDollar=false
    Operation: id=updateByPrimaryKey, type=update, hasDollar=false
  Mapper namespace: com.roncoo.education.system.dao.impl.mapper.SysMenuRoleMapper
    Operation: id=insert, type=insert, hasDollar=false
    Operation: id=insertSelective, type=insert, hasDollar=false
    Operation: id=selectByExample, type=select, hasDollar=true
      Risky var: ${{orderByClause}}
      Risky var: ${{limitStart}}
      Risky var: ${{pageSize}}
    Operation: id=selectByPrimaryKey, type=select, hasDollar=false
    Operation: id=deleteByPrimaryKey, type=delete, hasDollar=false
    Operation: id=updateByExampleSelective, type=update, hasDollar=false
    Operation: id=updateByExample, type=update, hasDollar=false
    Operation: id=updateByPrimaryKeySelective, type=update, hasDollar=false
    Operation: id=updateByPrimaryKey, type=update, hasDollar=false
  Mapper namespace: com.roncoo.education.system.dao.impl.mapper.WebsiteMapper
    Operation: id=insert, type=insert, hasDollar=false
    Operation: id=insertSelective, type=insert, hasDollar=false
    Operation: id=selectByExample, type=select, hasDollar=true
      Risky var: ${{orderByClause}}
      Risky var: ${{limitStart}}
      Risky var: ${{pageSize}}
    Operation: id=selectByPrimaryKey, type=select, hasDollar=false
    Operation: id=deleteByPrimaryKey, type=delete, hasDollar=false
    Operation: id=updateByExampleSelective, type=update, hasDollar=false
    Operation: id=updateByExample, type=update, hasDollar=false
    Operation: id=updateByPrimaryKeySelective, type=update, hasDollar=false
    Operation: id=updateByPrimaryKey, type=update, hasDollar=false
  Mapper namespace: com.roncoo.education.system.dao.impl.mapper.SysMenuMapper
    Operation: id=insert, type=insert, hasDollar=false
    Operation: id=insertSelective, type=insert, hasDollar=false
    Operation: id=selectByExample, type=select, hasDollar=true
      Risky var: ${{orderByClause}}
      Risky var: ${{limitStart}}
      Risky var: ${{pageSize}}
    Operation: id=selectByPrimaryKey, type=select, hasDollar=false
    Operation: id=deleteByPrimaryKey, type=delete, hasDollar=false
    Operation: id=updateByExampleSelective, type=update, hasDollar=false
    Operation: id=updateByExample, type=update, hasDollar=false
    Operation: id=updateByPrimaryKeySelective, type=update, hasDollar=false
    Operation: id=updateByPrimaryKey, type=update, hasDollar=false
  Mapper namespace: com.roncoo.education.system.dao.impl.mapper.MsgMapper
    Operation: id=insert, type=insert, hasDollar=false
    Operation: id=insertSelective, type=insert, hasDollar=false
    Operation: id=selectByExampleWithBLOBs, type=select, hasDollar=true
      Risky var: ${{orderByClause}}
    Operation: id=selectByExample, type=select, hasDollar=true
      Risky var: ${{orderByClause}}
      Risky var: ${{limitStart}}
      Risky var: ${{pageSize}}
    Operation: id=selectByPrimaryKey, type=select, hasDollar=false
    Operation: id=deleteByPrimaryKey, type=delete, hasDollar=false
    Operation: id=updateByExampleSelective, type=update, hasDollar=false
    Operation: id=updateByExampleWithBLOBs, type=update, hasDollar=false
    Operation: id=updateByExample, type=update, hasDollar=false
    Operation: id=updateByPrimaryKeySelective, type=update, hasDollar=false
    Operation: id=updateByPrimaryKeyWithBLOBs, type=update, hasDollar=false
    Operation: id=updateByPrimaryKey, type=update, hasDollar=false
  Mapper namespace: com.roncoo.education.system.dao.impl.mapper.MsgTemplateMapper
    Operation: id=insert, type=insert, hasDollar=false
    Operation: id=insertSelective, type=insert, hasDollar=false
    Operation: id=selectByExample, type=select, hasDollar=true
      Risky var: ${{orderByClause}}
      Risky var: ${{limitStart}}
      Risky var: ${{pageSize}}
    Operation: id=selectByPrimaryKey, type=select, hasDollar=false
    Operation: id=deleteByPrimaryKey, type=delete, hasDollar=false
    Operation: id=updateByExampleSelective, type=update, hasDollar=false
    Operation: id=updateByExample, type=update, hasDollar=false
    Operation: id=updateByPrimaryKeySelective, type=update, hasDollar=false
    Operation: id=updateByPrimaryKey, type=update, hasDollar=false
  Mapper namespace: com.roncoo.education.system.dao.impl.mapper.WebsiteNavMapper
    Operation: id=insert, type=insert, hasDollar=false
    Operation: id=insertSelective, type=insert, hasDollar=false
    Operation: id=selectByExample, type=select, hasDollar=true
      Risky var: ${{orderByClause}}
      Risky var: ${{limitStart}}
      Risky var: ${{pageSize}}
    Operation: id=selectByPrimaryKey, type=select, hasDollar=false
    Operation: id=deleteByPrimaryKey, type=delete, hasDollar=false
    Operation: id=updateByExampleSelective, type=update, hasDollar=false
    Operation: id=updateByExample, type=update, hasDollar=false
    Operation: id=updateByPrimaryKeySelective, type=update, hasDollar=false
    Operation: id=updateByPrimaryKey, type=update, hasDollar=false
  Mapper namespace: com.roncoo.education.user.dao.impl.mapper.SendSmsLogMapper
    Operation: id=insert, type=insert, hasDollar=false
    Operation: id=insertSelective, type=insert, hasDollar=false
    Operation: id=selectByExample, type=select, hasDollar=true
      Risky var: ${{orderByClause}}
      Risky var: ${{limitStart}}
      Risky var: ${{pageSize}}
    Operation: id=selectByPrimaryKey, type=select, hasDollar=false
    Operation: id=deleteByPrimaryKey, type=delete, hasDollar=false
    Operation: id=updateByExampleSelective, type=update, hasDollar=false
    Operation: id=updateByExample, type=update, hasDollar=false
    Operation: id=updateByPrimaryKeySelective, type=update, hasDollar=false
    Operation: id=updateByPrimaryKey, type=update, hasDollar=false
  Mapper namespace: com.roncoo.education.user.dao.impl.mapper.LecturerProfitMapper
    Operation: id=insert, type=insert, hasDollar=false
    Operation: id=insertSelective, type=insert, hasDollar=false
    Operation: id=selectByExample, type=select, hasDollar=true
      Risky var: ${{orderByClause}}
      Risky var: ${{limitStart}}
      Risky var: ${{pageSize}}
    Operation: id=selectByPrimaryKey, type=select, hasDollar=false
    Operation: id=deleteByPrimaryKey, type=delete, hasDollar=false
    Operation: id=updateByExampleSelective, type=update, hasDollar=false
    Operation: id=updateByExample, type=update, hasDollar=false
    Operation: id=updateByPrimaryKeySelective, type=update, hasDollar=false
    Operation: id=updateByPrimaryKey, type=update, hasDollar=false
  Mapper namespace: com.roncoo.education.user.dao.impl.mapper.PlatformMapper
    Operation: id=insert, type=insert, hasDollar=false
    Operation: id=insertSelective, type=insert, hasDollar=false
    Operation: id=selectByExample, type=select, hasDollar=true
      Risky var: ${{orderByClause}}
      Risky var: ${{limitStart}}
      Risky var: ${{pageSize}}
    Operation: id=selectByPrimaryKey, type=select, hasDollar=false
    Operation: id=deleteByPrimaryKey, type=delete, hasDollar=false
    Operation: id=updateByExampleSelective, type=update, hasDollar=false
    Operation: id=updateByExample, type=update, hasDollar=false
    Operation: id=updateByPrimaryKeySelective, type=update, hasDollar=false
    Operation: id=updateByPrimaryKey, type=update, hasDollar=false
  Mapper namespace: com.roncoo.education.user.dao.impl.mapper.UserLogModifiedMapper
    Operation: id=insert, type=insert, hasDollar=false
    Operation: id=insertSelective, type=insert, hasDollar=false
    Operation: id=selectByExample, type=select, hasDollar=true
      Risky var: ${{orderByClause}}
      Risky var: ${{limitStart}}
      Risky var: ${{pageSize}}
    Operation: id=selectByPrimaryKey, type=select, hasDollar=false
    Operation: id=deleteByPrimaryKey, type=delete, hasDollar=false
    Operation: id=updateByExampleSelective, type=update, hasDollar=false
    Operation: id=updateByExample, type=update, hasDollar=false
    Operation: id=updateByPrimaryKeySelective, type=update, hasDollar=false
    Operation: id=updateByPrimaryKey, type=update, hasDollar=false
  Mapper namespace: com.roncoo.education.user.dao.impl.mapper.UserMapper
    Operation: id=insert, type=insert, hasDollar=false
    Operation: id=insertSelective, type=insert, hasDollar=false
    Operation: id=selectByExample, type=select, hasDollar=true
      Risky var: ${{orderByClause}}
      Risky var: ${{limitStart}}
      Risky var: ${{pageSize}}
    Operation: id=selectByPrimaryKey, type=select, hasDollar=false
    Operation: id=deleteByPrimaryKey, type=delete, hasDollar=false
    Operation: id=updateByExampleSelective, type=update, hasDollar=false
    Operation: id=updateByExample, type=update, hasDollar=false
    Operation: id=updateByPrimaryKeySelective, type=update, hasDollar=false
    Operation: id=updateByPrimaryKey, type=update, hasDollar=false
  Mapper namespace: com.roncoo.education.user.dao.impl.mapper.UserLogLoginMapper
    Operation: id=insert, type=insert, hasDollar=false
    Operation: id=insertSelective, type=insert, hasDollar=false
    Operation: id=selectByExample, type=select, hasDollar=true
      Risky var: ${{orderByClause}}
      Risky var: ${{limitStart}}
      Risky var: ${{pageSize}}
    Operation: id=selectByPrimaryKey, type=select, hasDollar=false
    Operation: id=deleteByPrimaryKey, type=delete, hasDollar=false
    Operation: id=updateByExampleSelective, type=update, hasDollar=false
    Operation: id=updateByExample, type=update, hasDollar=false
    Operation: id=updateByPrimaryKeySelective, type=update, hasDollar=false
    Operation: id=updateByPrimaryKey, type=update, hasDollar=false
  Mapper namespace: com.roncoo.education.user.dao.impl.mapper.LecturerAuditMapper
    Operation: id=insert, type=insert, hasDollar=false
    Operation: id=insertSelective, type=insert, hasDollar=false
    Operation: id=selectByExample, type=select, hasDollar=true
      Risky var: ${{orderByClause}}
      Risky var: ${{limitStart}}
      Risky var: ${{pageSize}}
    Operation: id=selectByPrimaryKey, type=select, hasDollar=false
    Operation: id=deleteByPrimaryKey, type=delete, hasDollar=false
    Operation: id=updateByExampleSelective, type=update, hasDollar=false
    Operation: id=updateByExample, type=update, hasDollar=false
    Operation: id=updateByPrimaryKeySelective, type=update, hasDollar=false
    Operation: id=updateByPrimaryKey, type=update, hasDollar=false
  Mapper namespace: com.roncoo.education.user.dao.impl.mapper.LecturerMapper
    Operation: id=insert, type=insert, hasDollar=false
    Operation: id=insertSelective, type=insert, hasDollar=false
    Operation: id=selectByExample, type=select, hasDollar=true
      Risky var: ${{orderByClause}}
      Risky var: ${{limitStart}}
      Risky var: ${{pageSize}}
    Operation: id=selectByPrimaryKey, type=select, hasDollar=false
    Operation: id=deleteByPrimaryKey, type=delete, hasDollar=false
    Operation: id=updateByExampleSelective, type=update, hasDollar=false
    Operation: id=updateByExample, type=update, hasDollar=false
    Operation: id=updateByPrimaryKeySelective, type=update, hasDollar=false
    Operation: id=updateByPrimaryKey, type=update, hasDollar=false
  Mapper namespace: com.roncoo.education.user.dao.impl.mapper.LecturerExtMapper
    Operation: id=insert, type=insert, hasDollar=false
    Operation: id=insertSelective, type=insert, hasDollar=false
    Operation: id=selectByExample, type=select, hasDollar=true
      Risky var: ${{orderByClause}}
      Risky var: ${{limitStart}}
      Risky var: ${{pageSize}}
    Operation: id=selectByPrimaryKey, type=select, hasDollar=false
    Operation: id=deleteByPrimaryKey, type=delete, hasDollar=false
    Operation: id=updateByExampleSelective, type=update, hasDollar=false
    Operation: id=updateByExample, type=update, hasDollar=false
    Operation: id=updateByPrimaryKeySelective, type=update, hasDollar=false
    Operation: id=updateByPrimaryKey, type=update, hasDollar=false
  Mapper namespace: com.roncoo.education.user.dao.impl.mapper.UserExtMapper
    Operation: id=insert, type=insert, hasDollar=false
    Operation: id=insertSelective, type=insert, hasDollar=false
    Operation: id=selectByExample, type=select, hasDollar=true
      Risky var: ${{orderByClause}}
      Risky var: ${{limitStart}}
      Risky var: ${{pageSize}}
    Operation: id=selectByPrimaryKey, type=select, hasDollar=false
    Operation: id=deleteByPrimaryKey, type=delete, hasDollar=false
    Operation: id=updateByExampleSelective, type=update, hasDollar=false
    Operation: id=updateByExample, type=update, hasDollar=false
    Operation: id=updateByPrimaryKeySelective, type=update, hasDollar=false
    Operation: id=updateByPrimaryKey, type=update, hasDollar=false
  Mapper namespace: com.roncoo.education.user.dao.impl.mapper.RegionMapper
    Operation: id=insert, type=insert, hasDollar=false
    Operation: id=insertSelective, type=insert, hasDollar=false
    Operation: id=selectByExample, type=select, hasDollar=true
      Risky var: ${{orderByClause}}
      Risky var: ${{limitStart}}
      Risky var: ${{pageSize}}
    Operation: id=selectByPrimaryKey, type=select, hasDollar=false
    Operation: id=deleteByPrimaryKey, type=delete, hasDollar=false
    Operation: id=updateByExampleSelective, type=update, hasDollar=false
    Operation: id=updateByExample, type=update, hasDollar=false
    Operation: id=updateByPrimaryKeySelective, type=update, hasDollar=false
    Operation: id=updateByPrimaryKey, type=update, hasDollar=false
Collected 211 write field names from INSERT/UPDATE operations
Extracted 194 source metadata entries (before filtering)
Resolving 47 mapper namespaces...
  Namespace resolve: com.roncoo.education.course.dao.impl.mapper.FileStorageMapper -> com.roncoo.education.course.dao.impl.mapper.FileStorageMapper
  Namespace resolve: com.roncoo.education.course.dao.impl.mapper.CourseChapterPeriodMapper -> com.roncoo.education.course.dao.impl.mapper.CourseChapterPeriodMapper
  Namespace resolve: com.roncoo.education.course.dao.impl.mapper.CourseChapterAuditMapper -> com.roncoo.education.course.dao.impl.mapper.CourseChapterAuditMapper
  Namespace resolve: com.roncoo.education.course.dao.impl.mapper.CourseVideoMapper -> com.roncoo.education.course.dao.impl.mapper.CourseVideoMapper
  Namespace resolve: com.roncoo.education.course.dao.impl.mapper.ZoneMapper -> com.roncoo.education.course.dao.impl.mapper.ZoneMapper
  Namespace resolve: com.roncoo.education.course.dao.impl.mapper.ZoneCourseMapper -> com.roncoo.education.course.dao.impl.mapper.ZoneCourseMapper
  Namespace resolve: com.roncoo.education.course.dao.impl.mapper.CourseAuditMapper -> com.roncoo.education.course.dao.impl.mapper.CourseAuditMapper
  Namespace resolve: com.roncoo.education.course.dao.impl.mapper.CourseIntroduceAuditMapper -> com.roncoo.education.course.dao.impl.mapper.CourseIntroduceAuditMapper
  Namespace resolve: com.roncoo.education.course.dao.impl.mapper.CourseChapterMapper -> com.roncoo.education.course.dao.impl.mapper.CourseChapterMapper
  Namespace resolve: com.roncoo.education.course.dao.impl.mapper.CourseRecommendMapper -> com.roncoo.education.course.dao.impl.mapper.CourseRecommendMapper
  Namespace resolve: com.roncoo.education.course.dao.impl.mapper.DicMapper -> com.roncoo.education.course.dao.impl.mapper.DicMapper
  Namespace resolve: com.roncoo.education.course.dao.impl.mapper.CourseMapper -> com.roncoo.education.course.dao.impl.mapper.CourseMapper
  Namespace resolve: com.roncoo.education.course.dao.impl.mapper.AdvMapper -> com.roncoo.education.course.dao.impl.mapper.AdvMapper
  Namespace resolve: com.roncoo.education.course.dao.impl.mapper.CourseUserStudyMapper -> com.roncoo.education.course.dao.impl.mapper.CourseUserStudyMapper
  Namespace resolve: com.roncoo.education.course.dao.impl.mapper.OrderPayMapper -> com.roncoo.education.course.dao.impl.mapper.OrderPayMapper
  Namespace resolve: com.roncoo.education.course.dao.impl.mapper.DicListMapper -> com.roncoo.education.course.dao.impl.mapper.DicListMapper
  Namespace resolve: com.roncoo.education.course.dao.impl.mapper.CourseUserStudyLogMapper -> com.roncoo.education.course.dao.impl.mapper.CourseUserStudyLogMapper
  Namespace resolve: com.roncoo.education.course.dao.impl.mapper.CourseChapterPeriodAuditMapper -> com.roncoo.education.course.dao.impl.mapper.CourseChapterPeriodAuditMapper
  Namespace resolve: com.roncoo.education.course.dao.impl.mapper.CourseCategoryMapper -> com.roncoo.education.course.dao.impl.mapper.CourseCategoryMapper
  Namespace resolve: com.roncoo.education.course.dao.impl.mapper.CourseIntroduceMapper -> com.roncoo.education.course.dao.impl.mapper.CourseIntroduceMapper
  Namespace resolve: com.roncoo.education.course.dao.impl.mapper.OrderInfoMapper -> com.roncoo.education.course.dao.impl.mapper.OrderInfoMapper
  Namespace resolve: com.roncoo.education.system.dao.impl.mapper.NavBarMapper -> com.roncoo.education.system.dao.impl.mapper.NavBarMapper
  Namespace resolve: com.roncoo.education.system.dao.impl.mapper.SysMapper -> com.roncoo.education.system.dao.impl.mapper.SysMapper
  Namespace resolve: com.roncoo.education.system.dao.impl.mapper.MsgUserMapper -> com.roncoo.education.system.dao.impl.mapper.MsgUserMapper
  Namespace resolve: com.roncoo.education.system.dao.impl.mapper.SysUserMapper -> com.roncoo.education.system.dao.impl.mapper.SysUserMapper
  Namespace resolve: com.roncoo.education.system.dao.impl.mapper.SysRoleMapper -> com.roncoo.education.system.dao.impl.mapper.SysRoleMapper
  Namespace resolve: com.roncoo.education.system.dao.impl.mapper.SysLogMapper -> com.roncoo.education.system.dao.impl.mapper.SysLogMapper
  Namespace resolve: com.roncoo.education.system.dao.impl.mapper.WebsiteLinkMapper -> com.roncoo.education.system.dao.impl.mapper.WebsiteLinkMapper
  Namespace resolve: com.roncoo.education.system.dao.impl.mapper.WebsiteNavArticleMapper -> com.roncoo.education.system.dao.impl.mapper.WebsiteNavArticleMapper
  Namespace resolve: com.roncoo.education.system.dao.impl.mapper.SysRoleUserMapper -> com.roncoo.education.system.dao.impl.mapper.SysRoleUserMapper
  Namespace resolve: com.roncoo.education.system.dao.impl.mapper.SysMenuRoleMapper -> com.roncoo.education.system.dao.impl.mapper.SysMenuRoleMapper
  Namespace resolve: com.roncoo.education.system.dao.impl.mapper.WebsiteMapper -> com.roncoo.education.system.dao.impl.mapper.WebsiteMapper
  Namespace resolve: com.roncoo.education.system.dao.impl.mapper.SysMenuMapper -> com.roncoo.education.system.dao.impl.mapper.SysMenuMapper
  Namespace resolve: com.roncoo.education.system.dao.impl.mapper.MsgMapper -> com.roncoo.education.system.dao.impl.mapper.MsgMapper
  Namespace resolve: com.roncoo.education.system.dao.impl.mapper.MsgTemplateMapper -> com.roncoo.education.system.dao.impl.mapper.MsgTemplateMapper
  Namespace resolve: com.roncoo.education.system.dao.impl.mapper.WebsiteNavMapper -> com.roncoo.education.system.dao.impl.mapper.WebsiteNavMapper
  Namespace resolve: com.roncoo.education.user.dao.impl.mapper.SendSmsLogMapper -> com.roncoo.education.user.dao.impl.mapper.SendSmsLogMapper
  Namespace resolve: com.roncoo.education.user.dao.impl.mapper.LecturerProfitMapper -> com.roncoo.education.user.dao.impl.mapper.LecturerProfitMapper
  Namespace resolve: com.roncoo.education.user.dao.impl.mapper.PlatformMapper -> com.roncoo.education.user.dao.impl.mapper.PlatformMapper
  Namespace resolve: com.roncoo.education.user.dao.impl.mapper.UserLogModifiedMapper -> com.roncoo.education.user.dao.impl.mapper.UserLogModifiedMapper
  Namespace resolve: com.roncoo.education.user.dao.impl.mapper.UserMapper -> com.roncoo.education.user.dao.impl.mapper.UserMapper
  Namespace resolve: com.roncoo.education.user.dao.impl.mapper.UserLogLoginMapper -> com.roncoo.education.user.dao.impl.mapper.UserLogLoginMapper
  Namespace resolve: com.roncoo.education.user.dao.impl.mapper.LecturerAuditMapper -> com.roncoo.education.user.dao.impl.mapper.LecturerAuditMapper
  Namespace resolve: com.roncoo.education.user.dao.impl.mapper.LecturerMapper -> com.roncoo.education.user.dao.impl.mapper.LecturerMapper
  Namespace resolve: com.roncoo.education.user.dao.impl.mapper.LecturerExtMapper -> com.roncoo.education.user.dao.impl.mapper.LecturerExtMapper
  Namespace resolve: com.roncoo.education.user.dao.impl.mapper.UserExtMapper -> com.roncoo.education.user.dao.impl.mapper.UserExtMapper
  Namespace resolve: com.roncoo.education.user.dao.impl.mapper.RegionMapper -> com.roncoo.education.user.dao.impl.mapper.RegionMapper
Extracted 337 sink metadata entries (deduplicated, before risk filtering)
Sources: 194 generated, 0 filtered, 0 deduplicated
Sinks: 337 generated (risky), 0 filtered (safe), 0 deduplicated
  Note: 'risky' means uses string concatenation ($), 'safe' means uses prepared statement (#)
Written taint config to: output/taint-config-generated.yml
  Sources: 194 (SRFA param) + framework call sources
  Sinks: 337
  Transfers: standard set included
SRFA Analysis completed at: 2026-02-27 20:12:33 (Duration: 135ms)
srfaAnalysis finishes, elapsed time: 0.14s
pta starts ...
Loading taint config from /Users/yuntsy/My/Projects/Java/WebAnalyzer/output/taint-config-generated.yml
Ignore {"method":"<org.apache.shiro.SecurityUtils: org.apache.shiro.subject.Subject getSubject()>","type":"org.apache.shiro.subject.Subject"} due to missing source "kind"
Ignore {"method":"<org.apache.shiro.subject.Subject: java.lang.Object getPrincipal()>","type":"java.lang.Object"} due to missing source "kind"
Ignore {"method":"<org.apache.shiro.subject.Subject: org.apache.shiro.subject.PrincipalCollection getPrincipals()>","type":"org.apache.shiro.subject.PrincipalCollection"} due to missing source "kind"
Ignore {"method":"<org.apache.shiro.subject.PrincipalCollection: java.lang.Object getPrimaryPrincipal()>","type":"java.lang.Object"} due to missing source "kind"
Ignore {"method":"<org.springframework.security.core.context.SecurityContextHolder: org.springframework.security.core.context.SecurityContext getContext()>","type":"org.springframework.security.core.context.SecurityContext"} due to missing source "kind"
Ignore {"method":"<org.springframework.security.core.context.SecurityContext: org.springframework.security.core.Authentication getAuthentication()>","type":"org.springframework.security.core.Authentication"} due to missing source "kind"
Ignore {"method":"<org.springframework.security.core.Authentication: java.lang.Object getPrincipal()>","type":"java.lang.Object"} due to missing source "kind"
Ignore {"method":"<org.springframework.security.core.Authentication: java.lang.Object getDetails()>","type":"java.lang.Object"} due to missing source "kind"
Ignore {"method":"<org.springframework.security.core.Authentication: java.lang.String getName()>","type":"java.lang.String"} due to missing source "kind"
Ignore {"method":"<org.springframework.security.core.Authentication: java.util.Collection getAuthorities()>","type":"java.util.Collection"} due to missing source "kind"
Ignore {"method":"<org.springframework.security.core.userdetails.UserDetails: java.lang.String getUsername()>","type":"java.lang.String"} due to missing source "kind"
Ignore {"method":"<javax.servlet.http.HttpSession: java.lang.Object getAttribute(java.lang.String)>","type":"java.lang.Object"} due to missing source "kind"
Ignore {"method":"<javax.servlet.http.HttpSession: java.lang.Object getValue(java.lang.String)>","type":"java.lang.Object"} due to missing source "kind"
Ignore {"method":"<javax.servlet.http.HttpServletRequest: javax.servlet.http.HttpSession getSession()>","type":"javax.servlet.http.HttpSession"} due to missing source "kind"
Ignore {"method":"<javax.servlet.http.HttpServletRequest: javax.servlet.http.HttpSession getSession(boolean)>","type":"javax.servlet.http.HttpSession"} due to missing source "kind"
Ignore {"method":"<javax.servlet.http.HttpServletRequest: java.security.Principal getUserPrincipal()>","type":"java.security.Principal"} due to missing source "kind"
Ignore {"method":"<java.security.Principal: java.lang.String getName()>","type":"java.lang.String"} due to missing source "kind"
Ignore {"method":"<javax.servlet.http.HttpServletRequest: java.lang.Object getAttribute(java.lang.String)>","type":"java.lang.Object"} due to missing source "kind"
Ignore {"method":"<javax.servlet.ServletRequest: java.lang.Object getAttribute(java.lang.String)>","type":"java.lang.Object"} due to missing source "kind"
Ignore {"method":"<java.lang.ThreadLocal: java.lang.Object get()>","type":"java.lang.Object"} due to missing source "kind"
Ignore {"method":"<java.lang.InheritableThreadLocal: java.lang.Object get()>","type":"java.lang.Object"} due to missing source "kind"
Cannot find taint-transfer method '<java.util.LinkedHashMap: java.lang.Object put(java.lang.Object,java.lang.Object)>'
Cannot find taint-transfer method '<javax.servlet.http.HttpServletRequest: java.lang.String getParameter(java.lang.String)>'
Cannot find taint-transfer method '<javax.servlet.ServletRequest: java.lang.String getParameter(java.lang.String)>'
Cannot find taint-transfer method '<javax.servlet.http.HttpServletRequest: java.lang.String[] getParameterValues(java.lang.String)>'
Cannot find taint-transfer method '<javax.servlet.http.HttpServletRequest: java.lang.String getHeader(java.lang.String)>'
Cannot find taint-transfer method '<javax.servlet.http.HttpServletRequest: java.lang.String getQueryString()>'
Cannot find taint-transfer method '<javax.servlet.http.HttpServletRequest: java.lang.String getRequestURI()>'
Cannot find taint-transfer method '<javax.servlet.http.HttpServletRequest: java.lang.StringBuffer getRequestURL()>'
Cannot find taint-transfer method '<javax.servlet.http.HttpServletRequest: java.lang.String getRemoteAddr()>'
Cannot find taint-transfer method '<javax.servlet.http.HttpServletRequest: java.lang.Object getAttribute(java.lang.String)>'
Cannot find taint-transfer method '<org.apache.shiro.subject.Subject: java.lang.Object getPrincipal()>'
Cannot find taint-transfer method '<org.apache.shiro.subject.Subject: org.apache.shiro.subject.PrincipalCollection getPrincipals()>'
Cannot find taint-transfer method '<org.apache.shiro.subject.PrincipalCollection: java.lang.Object getPrimaryPrincipal()>'
Cannot find taint-transfer method '<org.apache.shiro.subject.PrincipalCollection: java.util.Collection fromRealm(java.lang.String)>'
Cannot find taint-transfer method '<org.springframework.security.core.context.SecurityContext: org.springframework.security.core.Authentication getAuthentication()>'
Cannot find taint-transfer method '<org.springframework.security.core.Authentication: java.lang.Object getPrincipal()>'
Cannot find taint-transfer method '<org.springframework.security.core.Authentication: java.lang.Object getDetails()>'
Cannot find taint-transfer method '<org.springframework.security.core.Authentication: java.lang.String getName()>'
Cannot find taint-transfer method '<org.springframework.security.core.Authentication: java.util.Collection getAuthorities()>'
Cannot find taint-transfer method '<org.springframework.security.core.userdetails.UserDetails: java.lang.String getUsername()>'
Cannot find taint-transfer method '<org.springframework.security.core.GrantedAuthority: java.lang.String getAuthority()>'
Cannot find taint-transfer method '<javax.servlet.http.HttpSession: java.lang.Object getAttribute(java.lang.String)>'
Cannot find taint-transfer method '<javax.servlet.http.HttpSession: java.lang.Object getValue(java.lang.String)>'
Cannot find taint-transfer method '<javax.servlet.http.HttpSession: void setAttribute(java.lang.String,java.lang.Object)>'
Cannot find taint-transfer method '<java.lang.InheritableThreadLocal: java.lang.Object get()>'
TaintConfig:
sources:
  - { kind: "param", method: "<com.roncoo.education.course.service.api.ApiAdvController: com.roncoo.education.common.core.base.Result list(com.roncoo.education.course.service.api.bo.AdvBO)>", index: "0", type: "com.roncoo.education.course.service.api.bo.AdvBO" }
  - { kind: "param", method: "<com.roncoo.education.course.service.api.ApiCourseController: com.roncoo.education.common.core.base.Result list(com.roncoo.education.course.service.api.bo.CourseInfoPageBO)>", index: "0", type: "com.roncoo.education.course.service.api.bo.CourseInfoPageBO" }
  - { kind: "param", method: "<com.roncoo.education.course.service.api.ApiCourseController: com.roncoo.education.common.core.base.Result view(com.roncoo.education.course.service.api.bo.CourseVideoBO)>", index: "0", type: "com.roncoo.education.course.service.api.bo.CourseVideoBO" }
  - { kind: "param", method: "<com.roncoo.education.course.service.api.ApiCourseController: com.roncoo.education.common.core.base.Result view(com.roncoo.education.course.service.api.bo.CourseInfoSearchBO)>", index: "0", type: "com.roncoo.education.course.service.api.bo.CourseInfoSearchBO" }
  - { kind: "param", method: "<com.roncoo.education.course.service.api.ApiCourseRecommendController: com.roncoo.education.common.core.base.Result list(com.roncoo.education.course.service.api.bo.CourseRecommendBO)>", index: "0", type: "com.roncoo.education.course.service.api.bo.CourseRecommendBO" }
  - { kind: "param", method: "<com.roncoo.education.course.service.api.ApiUploadController: com.roncoo.education.common.core.base.Result uploadVideo(org.springframework.web.multipart.MultipartFile)>", index: "0", type: "org.springframework.web.multipart.MultipartFile" }
  - { kind: "param", method: "<com.roncoo.education.course.service.api.ApiUploadController: com.roncoo.education.common.core.base.Result uploadPic(org.springframework.web.multipart.MultipartFile)>", index: "0", type: "org.springframework.web.multipart.MultipartFile" }
  - { kind: "param", method: "<com.roncoo.education.course.service.api.ApiUploadController: com.roncoo.education.common.core.base.Result uploadDoc(org.springframework.web.multipart.MultipartFile)>", index: "0", type: "org.springframework.web.multipart.MultipartFile" }
  - { kind: "param", method: "<com.roncoo.education.course.service.api.ApiZoneController: com.roncoo.education.common.core.base.Result listForPage(com.roncoo.education.course.service.api.bo.ZoneBO)>", index: "0", type: "com.roncoo.education.course.service.api.bo.ZoneBO" }
  - { kind: "param", method: "<com.roncoo.education.course.service.auth.AuthApiCourseAuditController: com.roncoo.education.common.core.base.Result view(com.roncoo.education.course.service.auth.bo.AuthCourseAuditViewBO)>", index: "0", type: "com.roncoo.education.course.service.auth.bo.AuthCourseAuditViewBO" }
  - { kind: "param", method: "<com.roncoo.education.course.service.auth.AuthApiCourseAuditController: com.roncoo.education.common.core.base.Result listForPage(com.roncoo.education.course.service.auth.bo.AuthCourseAuditListBO)>", index: "0", type: "com.roncoo.education.course.service.auth.bo.AuthCourseAuditListBO" }
  - { kind: "param", method: "<com.roncoo.education.course.service.auth.AuthApiCourseAuditController: com.roncoo.education.common.core.base.Result save(com.roncoo.education.course.service.auth.bo.AuthCourseAuditSaveBO)>", index: "0", type: "com.roncoo.education.course.service.auth.bo.AuthCourseAuditSaveBO" }
  - { kind: "param", method: "<com.roncoo.education.course.service.auth.AuthApiCourseAuditController: com.roncoo.education.common.core.base.Result update(com.roncoo.education.course.service.auth.bo.AuthCourseAuditUpdateBO)>", index: "0", type: "com.roncoo.education.course.service.auth.bo.AuthCourseAuditUpdateBO" }
  - { kind: "param", method: "<com.roncoo.education.course.service.auth.AuthApiCourseAuditController: com.roncoo.education.common.core.base.Result stand(com.roncoo.education.course.service.auth.bo.AuthCourseAuditStandBO)>", index: "0", type: "com.roncoo.education.course.service.auth.bo.AuthCourseAuditStandBO" }
  - { kind: "param", method: "<com.roncoo.education.course.service.auth.AuthApiCourseAuditController: com.roncoo.education.common.core.base.Result delete(com.roncoo.education.course.service.auth.bo.AuthCourseAuditDeleteBO)>", index: "0", type: "com.roncoo.education.course.service.auth.bo.AuthCourseAuditDeleteBO" }
  - { kind: "param", method: "<com.roncoo.education.course.service.auth.AuthApiCourseChapterAuditController: com.roncoo.education.common.core.base.Result view(com.roncoo.education.course.service.auth.bo.AuthCourseChapterAuditViewBO)>", index: "0", type: "com.roncoo.education.course.service.auth.bo.AuthCourseChapterAuditViewBO" }
  - { kind: "param", method: "<com.roncoo.education.course.service.auth.AuthApiCourseChapterAuditController: com.roncoo.education.common.core.base.Result delete(com.roncoo.education.course.service.auth.bo.AuthCourseChapterAuditDeleteBO)>", index: "0", type: "com.roncoo.education.course.service.auth.bo.AuthCourseChapterAuditDeleteBO" }
  - { kind: "param", method: "<com.roncoo.education.course.service.auth.AuthApiCourseChapterAuditController: com.roncoo.education.common.core.base.Result listByCourseNo(com.roncoo.education.course.service.auth.bo.AuthCourseChapterAuditBO)>", index: "0", type: "com.roncoo.education.course.service.auth.bo.AuthCourseChapterAuditBO" }
  - { kind: "param", method: "<com.roncoo.education.course.service.auth.AuthApiCourseChapterAuditController: com.roncoo.education.common.core.base.Result save(com.roncoo.education.course.service.auth.bo.AuthCourseChapterAuditSaveBO)>", index: "0", type: "com.roncoo.education.course.service.auth.bo.AuthCourseChapterAuditSaveBO" }
  - { kind: "param", method: "<com.roncoo.education.course.service.auth.AuthApiCourseChapterAuditController: com.roncoo.education.common.core.base.Result update(com.roncoo.education.course.service.auth.bo.AuthCourseChapterAuditUpdateBO)>", index: "0", type: "com.roncoo.education.course.service.auth.bo.AuthCourseChapterAuditUpdateBO" }
  - { kind: "param", method: "<com.roncoo.education.course.service.auth.AuthApiCourseChapterAuditController: com.roncoo.education.common.core.base.Result sort(com.roncoo.education.course.service.auth.bo.AuthCourseChapterAuditSortBO)>", index: "0", type: "com.roncoo.education.course.service.auth.bo.AuthCourseChapterAuditSortBO" }
  - { kind: "param", method: "<com.roncoo.education.course.service.auth.AuthApiCourseChapterPeriodAuditController: com.roncoo.education.common.core.base.Result listByChapterId(com.roncoo.education.course.service.auth.bo.AuthCourseChapterPeriodAuditBO)>", index: "0", type: "com.roncoo.education.course.service.auth.bo.AuthCourseChapterPeriodAuditBO" }
  - { kind: "param", method: "<com.roncoo.education.course.service.auth.AuthApiCourseChapterPeriodAuditController: com.roncoo.education.common.core.base.Result view(com.roncoo.education.course.service.auth.bo.AuthCourseChapterPeriodAuditViewBO)>", index: "0", type: "com.roncoo.education.course.service.auth.bo.AuthCourseChapterPeriodAuditViewBO" }
  - { kind: "param", method: "<com.roncoo.education.course.service.auth.AuthApiCourseChapterPeriodAuditController: com.roncoo.education.common.core.base.Result delete(com.roncoo.education.course.service.auth.bo.AuthCourseChapterPeriodAuditDeleteBO)>", index: "0", type: "com.roncoo.education.course.service.auth.bo.AuthCourseChapterPeriodAuditDeleteBO" }
  - { kind: "param", method: "<com.roncoo.education.course.service.auth.AuthApiCourseChapterPeriodAuditController: com.roncoo.education.common.core.base.Result save(com.roncoo.education.course.service.auth.bo.AuthCourseChapterPeriodAuditSaveBO)>", index: "0", type: "com.roncoo.education.course.service.auth.bo.AuthCourseChapterPeriodAuditSaveBO" }
  - { kind: "param", method: "<com.roncoo.education.course.service.auth.AuthApiCourseChapterPeriodAuditController: com.roncoo.education.common.core.base.Result update(com.roncoo.education.course.service.auth.bo.AuthCourseChapterPeriodAuditUpdateBO)>", index: "0", type: "com.roncoo.education.course.service.auth.bo.AuthCourseChapterPeriodAuditUpdateBO" }
  - { kind: "param", method: "<com.roncoo.education.course.service.auth.AuthApiCourseChapterPeriodAuditController: com.roncoo.education.common.core.base.Result sort(com.roncoo.education.course.service.auth.bo.AuthCourseChapterPeriodAuditSortBO)>", index: "0", type: "com.roncoo.education.course.service.auth.bo.AuthCourseChapterPeriodAuditSortBO" }
  - { kind: "param", method: "<com.roncoo.education.course.service.auth.AuthApiCourseController: com.roncoo.education.common.core.base.Result view(com.roncoo.education.course.service.auth.bo.AuthCourseViewBO)>", index: "0", type: "com.roncoo.education.course.service.auth.bo.AuthCourseViewBO" }
  - { kind: "param", method: "<com.roncoo.education.course.service.auth.AuthApiCourseController: com.roncoo.education.common.core.base.Result sign(com.roncoo.education.course.service.auth.bo.AuthCourseSignBO)>", index: "0", type: "com.roncoo.education.course.service.auth.bo.AuthCourseSignBO" }
  - { kind: "param", method: "<com.roncoo.education.course.service.auth.AuthApiCourseUserStudyLogController: com.roncoo.education.common.core.base.Result list(com.roncoo.education.course.service.auth.bo.AuthCourseUserStudyLogPageBO)>", index: "0", type: "com.roncoo.education.course.service.auth.bo.AuthCourseUserStudyLogPageBO" }
  - { kind: "param", method: "<com.roncoo.education.course.service.auth.AuthApiCourseVideoController: com.roncoo.education.common.core.base.Result save(com.roncoo.education.course.service.auth.bo.AuthCourseVideoSaveBO)>", index: "0", type: "com.roncoo.education.course.service.auth.bo.AuthCourseVideoSaveBO" }
  - { kind: "param", method: "<com.roncoo.education.course.service.auth.AuthApiCourseVideoController: com.roncoo.education.common.core.base.Result listByChapterId(com.roncoo.education.course.service.auth.bo.AuthCourseVideoBO)>", index: "0", type: "com.roncoo.education.course.service.auth.bo.AuthCourseVideoBO" }
  - { kind: "param", method: "<com.roncoo.education.course.service.auth.AuthApiCourseVideoController: com.roncoo.education.common.core.base.Result listByPeriodId(com.roncoo.education.course.service.auth.bo.AuthPeriodIdVideoBO)>", index: "0", type: "com.roncoo.education.course.service.auth.bo.AuthPeriodIdVideoBO" }
  - { kind: "param", method: "<com.roncoo.education.course.service.auth.AuthApiCourseVideoController: com.roncoo.education.common.core.base.Result update(com.roncoo.education.course.service.auth.bo.AuthCourseVideoUpdateBO)>", index: "0", type: "com.roncoo.education.course.service.auth.bo.AuthCourseVideoUpdateBO" }
  - { kind: "param", method: "<com.roncoo.education.course.service.auth.AuthApiCourseVideoController: com.roncoo.education.common.core.base.Result udpateById(com.roncoo.education.course.service.auth.bo.AuthCourseVideoDeleteBO)>", index: "0", type: "com.roncoo.education.course.service.auth.bo.AuthCourseVideoDeleteBO" }
  - { kind: "param", method: "<com.roncoo.education.course.service.auth.AuthApiOrderInfoController: com.roncoo.education.common.core.base.Result listForPage(com.roncoo.education.course.service.auth.bo.AuthOrderInfoListBO)>", index: "0", type: "com.roncoo.education.course.service.auth.bo.AuthOrderInfoListBO" }
  - { kind: "param", method: "<com.roncoo.education.course.service.auth.AuthApiOrderInfoController: com.roncoo.education.common.core.base.Result pay(com.roncoo.education.course.service.auth.bo.AuthOrderPayBO)>", index: "0", type: "com.roncoo.education.course.service.auth.bo.AuthOrderPayBO" }
  - { kind: "param", method: "<com.roncoo.education.course.service.auth.AuthApiOrderInfoController: com.roncoo.education.common.core.base.Result continuePay(com.roncoo.education.course.service.auth.bo.AuthOrderInfoContinuePayBO)>", index: "0", type: "com.roncoo.education.course.service.auth.bo.AuthOrderInfoContinuePayBO" }
  - { kind: "param", method: "<com.roncoo.education.course.service.auth.AuthApiOrderInfoController: com.roncoo.education.common.core.base.Result close(com.roncoo.education.course.service.api.bo.OrderInfoCloseBO)>", index: "0", type: "com.roncoo.education.course.service.api.bo.OrderInfoCloseBO" }
  - { kind: "param", method: "<com.roncoo.education.course.service.auth.AuthApiOrderInfoController: com.roncoo.education.common.core.base.Result view(com.roncoo.education.course.service.auth.bo.AuthOrderInfoViewBO)>", index: "0", type: "com.roncoo.education.course.service.auth.bo.AuthOrderInfoViewBO" }
  - { kind: "param", method: "<com.roncoo.education.course.service.auth.AuthApiOrderInfoController: com.roncoo.education.common.core.base.Result list(com.roncoo.education.course.service.auth.bo.AuthOrderInfoListBO)>", index: "0", type: "com.roncoo.education.course.service.auth.bo.AuthOrderInfoListBO" }
  - { kind: "param", method: "<com.roncoo.education.course.service.auth.AuthApiOrderInfoController: com.roncoo.education.common.core.base.Result charts(com.roncoo.education.course.service.auth.bo.AuthOrderInfoForChartsBO)>", index: "0", type: "com.roncoo.education.course.service.auth.bo.AuthOrderInfoForChartsBO" }
  - { kind: "param", method: "<com.roncoo.education.course.service.callback.CallbackOrderController: java.lang.String roncooPayNotify(com.roncoo.education.course.service.callback.bo.CallbackOrderBO)>", index: "0", type: "com.roncoo.education.course.service.callback.bo.CallbackOrderBO" }
  - { kind: "param", method: "<com.roncoo.education.course.service.callback.CallbackPolyvController: java.lang.String callbackPolyvVideo(com.roncoo.education.common.core.polyv.PolyvVideo)>", index: "0", type: "com.roncoo.education.common.core.polyv.PolyvVideo" }
  - { kind: "param", method: "<com.roncoo.education.course.service.callback.CallbackPolyvController: java.lang.String callbackPolyvAuth(com.roncoo.education.common.core.polyv.PolyvAuth,javax.servlet.http.HttpServletRequest)>", index: "0", type: "com.roncoo.education.common.core.polyv.PolyvAuth" }
  - { kind: "param", method: "<com.roncoo.education.course.service.pc.PcApiAdvController: com.roncoo.education.common.core.base.Result list(com.roncoo.education.course.service.pc.req.AdvPageREQ)>", index: "0", type: "com.roncoo.education.course.service.pc.req.AdvPageREQ" }
  - { kind: "param", method: "<com.roncoo.education.course.service.pc.PcApiAdvController: com.roncoo.education.common.core.base.Result save(com.roncoo.education.course.service.pc.req.AdvSaveREQ)>", index: "0", type: "com.roncoo.education.course.service.pc.req.AdvSaveREQ" }
  - { kind: "param", method: "<com.roncoo.education.course.service.pc.PcApiAdvController: com.roncoo.education.common.core.base.Result update(com.roncoo.education.course.service.pc.req.AdvUpdateREQ)>", index: "0", type: "com.roncoo.education.course.service.pc.req.AdvUpdateREQ" }
  - { kind: "param", method: "<com.roncoo.education.course.service.pc.PcApiAdvController: com.roncoo.education.common.core.base.Result delete(com.roncoo.education.course.service.pc.req.AdvDeleteREQ)>", index: "0", type: "com.roncoo.education.course.service.pc.req.AdvDeleteREQ" }
  - { kind: "param", method: "<com.roncoo.education.course.service.pc.PcApiAdvController: com.roncoo.education.common.core.base.Result view(com.roncoo.education.course.service.pc.req.AdvViewREQ)>", index: "0", type: "com.roncoo.education.course.service.pc.req.AdvViewREQ" }
  - { kind: "param", method: "<com.roncoo.education.course.service.pc.PcApiCourseAuditController: com.roncoo.education.common.core.base.Result list(com.roncoo.education.course.service.pc.req.CourseAuditPageREQ)>", index: "0", type: "com.roncoo.education.course.service.pc.req.CourseAuditPageREQ" }
  - { kind: "param", method: "<com.roncoo.education.course.service.pc.PcApiCourseAuditController: com.roncoo.education.common.core.base.Result update(com.roncoo.education.course.service.pc.req.CourseAuditUpdateREQ)>", index: "0", type: "com.roncoo.education.course.service.pc.req.CourseAuditUpdateREQ" }
  - { kind: "param", method: "<com.roncoo.education.course.service.pc.PcApiCourseAuditController: com.roncoo.education.common.core.base.Result audit(com.roncoo.education.course.service.pc.req.CourseAuditAuditStatusREQ)>", index: "0", type: "com.roncoo.education.course.service.pc.req.CourseAuditAuditStatusREQ" }
  - { kind: "param", method: "<com.roncoo.education.course.service.pc.PcApiCourseAuditController: com.roncoo.education.common.core.base.Result get(com.roncoo.education.course.service.pc.req.CourseAuditGetREQ)>", index: "0", type: "com.roncoo.education.course.service.pc.req.CourseAuditGetREQ" }
  - { kind: "param", method: "<com.roncoo.education.course.service.pc.PcApiCourseAuditController: com.roncoo.education.common.core.base.Result view(com.roncoo.education.course.service.pc.req.CourseAuditViewREQ)>", index: "0", type: "com.roncoo.education.course.service.pc.req.CourseAuditViewREQ" }
  - { kind: "param", method: "<com.roncoo.education.course.service.pc.PcApiCourseCategoryController: com.roncoo.education.common.core.base.Result listForPage(com.roncoo.education.course.service.pc.req.CourseCategoryPageREQ)>", index: "0", type: "com.roncoo.education.course.service.pc.req.CourseCategoryPageREQ" }
  - { kind: "param", method: "<com.roncoo.education.course.service.pc.PcApiCourseCategoryController: com.roncoo.education.common.core.base.Result save(com.roncoo.education.course.service.pc.req.CourseCategorySaveREQ)>", index: "0", type: "com.roncoo.education.course.service.pc.req.CourseCategorySaveREQ" }
  - { kind: "param", method: "<com.roncoo.education.course.service.pc.PcApiCourseCategoryController: com.roncoo.education.common.core.base.Result delete(com.roncoo.education.course.service.pc.req.CourseCategoryDeleteREQ)>", index: "0", type: "com.roncoo.education.course.service.pc.req.CourseCategoryDeleteREQ" }
  - { kind: "param", method: "<com.roncoo.education.course.service.pc.PcApiCourseCategoryController: com.roncoo.education.common.core.base.Result update(com.roncoo.education.course.service.pc.req.CourseCategoryUpdateREQ)>", index: "0", type: "com.roncoo.education.course.service.pc.req.CourseCategoryUpdateREQ" }
  - { kind: "param", method: "<com.roncoo.education.course.service.pc.PcApiCourseCategoryController: com.roncoo.education.common.core.base.Result view(com.roncoo.education.course.service.pc.req.CourseCategoryViewREQ)>", index: "0", type: "com.roncoo.education.course.service.pc.req.CourseCategoryViewREQ" }
  - { kind: "param", method: "<com.roncoo.education.course.service.pc.PcApiCourseController: com.roncoo.education.common.core.base.Result list(com.roncoo.education.course.service.pc.req.CoursePageREQ)>", index: "0", type: "com.roncoo.education.course.service.pc.req.CoursePageREQ" }
  - { kind: "param", method: "<com.roncoo.education.course.service.pc.PcApiCourseController: com.roncoo.education.common.core.base.Result update(com.roncoo.education.course.service.pc.req.CourseUpdateREQ)>", index: "0", type: "com.roncoo.education.course.service.pc.req.CourseUpdateREQ" }
  - { kind: "param", method: "<com.roncoo.education.course.service.pc.PcApiCourseController: com.roncoo.education.common.core.base.Result get(com.roncoo.education.course.service.pc.req.CourseGetREQ)>", index: "0", type: "com.roncoo.education.course.service.pc.req.CourseGetREQ" }
  - { kind: "param", method: "<com.roncoo.education.course.service.pc.PcApiCourseController: com.roncoo.education.common.core.base.Result view(com.roncoo.education.course.service.pc.req.CourseViewREQ)>", index: "0", type: "com.roncoo.education.course.service.pc.req.CourseViewREQ" }
  - { kind: "param", method: "<com.roncoo.education.course.service.pc.PcApiCourseRecommendController: com.roncoo.education.common.core.base.Result listForPage(com.roncoo.education.course.service.pc.req.CourseRecommendPageREQ)>", index: "0", type: "com.roncoo.education.course.service.pc.req.CourseRecommendPageREQ" }
  - { kind: "param", method: "<com.roncoo.education.course.service.pc.PcApiCourseRecommendController: com.roncoo.education.common.core.base.Result save(com.roncoo.education.course.service.pc.req.CourseRecommendSaveREQ)>", index: "0", type: "com.roncoo.education.course.service.pc.req.CourseRecommendSaveREQ" }
  - { kind: "param", method: "<com.roncoo.education.course.service.pc.PcApiCourseRecommendController: com.roncoo.education.common.core.base.Result delete(com.roncoo.education.course.service.pc.req.CourseRecommendDeleteREQ)>", index: "0", type: "com.roncoo.education.course.service.pc.req.CourseRecommendDeleteREQ" }
  - { kind: "param", method: "<com.roncoo.education.course.service.pc.PcApiCourseRecommendController: com.roncoo.education.common.core.base.Result update(com.roncoo.education.course.service.pc.req.CourseRecommendUpdateREQ)>", index: "0", type: "com.roncoo.education.course.service.pc.req.CourseRecommendUpdateREQ" }
  - { kind: "param", method: "<com.roncoo.education.course.service.pc.PcApiCourseRecommendController: com.roncoo.education.common.core.base.Result view(com.roncoo.education.course.service.pc.req.CourseRecommendViewREQ)>", index: "0", type: "com.roncoo.education.course.service.pc.req.CourseRecommendViewREQ" }
  - { kind: "param", method: "<com.roncoo.education.course.service.pc.PcApiCourseUserStudyLogController: com.roncoo.education.common.core.base.Result list(com.roncoo.education.course.service.pc.req.CourseUserStudyLogPageREQ)>", index: "0", type: "com.roncoo.education.course.service.pc.req.CourseUserStudyLogPageREQ" }
  - { kind: "param", method: "<com.roncoo.education.course.service.pc.PcApiCourseUserStudyLogController: com.roncoo.education.common.core.base.Result play(com.roncoo.education.course.service.pc.req.CourseUserStudyLogPlayREQ)>", index: "0", type: "com.roncoo.education.course.service.pc.req.CourseUserStudyLogPlayREQ" }
  - { kind: "param", method: "<com.roncoo.education.course.service.pc.PcApiOrderInfoController: com.roncoo.education.common.core.base.Result listForPage(com.roncoo.education.course.service.pc.req.OrderInfoPageREQ)>", index: "0", type: "com.roncoo.education.course.service.pc.req.OrderInfoPageREQ" }
  - { kind: "param", method: "<com.roncoo.education.course.service.pc.PcApiOrderInfoController: com.roncoo.education.common.core.base.Result view(com.roncoo.education.course.service.pc.req.OrderInfoViewREQ)>", index: "0", type: "com.roncoo.education.course.service.pc.req.OrderInfoViewREQ" }
  - { kind: "param", method: "<com.roncoo.education.course.service.pc.PcApiOrderInfoController: com.roncoo.education.common.core.base.Result update(com.roncoo.education.course.service.pc.req.OrderInfoUpdateREQ)>", index: "0", type: "com.roncoo.education.course.service.pc.req.OrderInfoUpdateREQ" }
  - { kind: "param", method: "<com.roncoo.education.course.service.pc.PcApiOrderInfoController: com.roncoo.education.common.core.base.Result statistical(com.roncoo.education.course.service.pc.req.OrderInfoStatisticalREQ)>", index: "0", type: "com.roncoo.education.course.service.pc.req.OrderInfoStatisticalREQ" }
  - { kind: "param", method: "<com.roncoo.education.course.service.pc.PcApiOrderPayController: com.roncoo.education.common.core.base.Result list(com.roncoo.education.course.service.pc.req.OrderPayPageREQ)>", index: "0", type: "com.roncoo.education.course.service.pc.req.OrderPayPageREQ" }
  - { kind: "param", method: "<com.roncoo.education.course.service.pc.PcApiUploadController: com.roncoo.education.common.core.base.Result uploadPic(org.springframework.web.multipart.MultipartFile)>", index: "0", type: "org.springframework.web.multipart.MultipartFile" }
  - { kind: "param", method: "<com.roncoo.education.course.service.pc.PcApiUploadController: com.roncoo.education.common.core.base.Result uploadDoc(org.springframework.web.multipart.MultipartFile)>", index: "0", type: "org.springframework.web.multipart.MultipartFile" }
  - { kind: "param", method: "<com.roncoo.education.course.service.pc.PcApiZoneController: com.roncoo.education.common.core.base.Result listForPage(com.roncoo.education.course.service.pc.req.ZonePageREQ)>", index: "0", type: "com.roncoo.education.course.service.pc.req.ZonePageREQ" }
  - { kind: "param", method: "<com.roncoo.education.course.service.pc.PcApiZoneController: com.roncoo.education.common.core.base.Result save(com.roncoo.education.course.service.pc.req.ZoneSaveREQ)>", index: "0", type: "com.roncoo.education.course.service.pc.req.ZoneSaveREQ" }
  - { kind: "param", method: "<com.roncoo.education.course.service.pc.PcApiZoneController: com.roncoo.education.common.core.base.Result delete(com.roncoo.education.course.service.pc.req.ZoneDeleteREQ)>", index: "0", type: "com.roncoo.education.course.service.pc.req.ZoneDeleteREQ" }
  - { kind: "param", method: "<com.roncoo.education.course.service.pc.PcApiZoneController: com.roncoo.education.common.core.base.Result update(com.roncoo.education.course.service.pc.req.ZoneUpdateREQ)>", index: "0", type: "com.roncoo.education.course.service.pc.req.ZoneUpdateREQ" }
  - { kind: "param", method: "<com.roncoo.education.course.service.pc.PcApiZoneController: com.roncoo.education.common.core.base.Result view(com.roncoo.education.course.service.pc.req.ZoneViewREQ)>", index: "0", type: "com.roncoo.education.course.service.pc.req.ZoneViewREQ" }
  - { kind: "param", method: "<com.roncoo.education.course.service.pc.PcApiZoneCourseController: com.roncoo.education.common.core.base.Result listForPage(com.roncoo.education.course.service.pc.req.ZoneCoursePageREQ)>", index: "0", type: "com.roncoo.education.course.service.pc.req.ZoneCoursePageREQ" }
  - { kind: "param", method: "<com.roncoo.education.course.service.pc.PcApiZoneCourseController: com.roncoo.education.common.core.base.Result save(com.roncoo.education.course.service.pc.req.ZoneCourseSaveREQ)>", index: "0", type: "com.roncoo.education.course.service.pc.req.ZoneCourseSaveREQ" }
  - { kind: "param", method: "<com.roncoo.education.course.service.pc.PcApiZoneCourseController: com.roncoo.education.common.core.base.Result delete(com.roncoo.education.course.service.pc.req.ZoneCourseDeleteREQ)>", index: "0", type: "com.roncoo.education.course.service.pc.req.ZoneCourseDeleteREQ" }
  - { kind: "param", method: "<com.roncoo.education.course.service.pc.PcApiZoneCourseController: com.roncoo.education.common.core.base.Result update(com.roncoo.education.course.service.pc.req.ZoneCourseUpdateREQ)>", index: "0", type: "com.roncoo.education.course.service.pc.req.ZoneCourseUpdateREQ" }
  - { kind: "param", method: "<com.roncoo.education.course.service.pc.PcApiZoneCourseController: com.roncoo.education.common.core.base.Result view(com.roncoo.education.course.service.pc.req.ZoneCourseViewREQ)>", index: "0", type: "com.roncoo.education.course.service.pc.req.ZoneCourseViewREQ" }
  - { kind: "param", method: "<com.roncoo.education.system.service.api.ApiWebsiteNavArticleController: com.roncoo.education.common.core.base.Result get(com.roncoo.education.system.service.api.bo.WebsiteNavArticleBO)>", index: "0", type: "com.roncoo.education.system.service.api.bo.WebsiteNavArticleBO" }
  - { kind: "param", method: "<com.roncoo.education.system.service.auth.AuthApiMsg: com.roncoo.education.common.core.base.Result view(com.roncoo.education.system.service.auth.bo.MsgViewBO)>", index: "0", type: "com.roncoo.education.system.service.auth.bo.MsgViewBO" }
  - { kind: "param", method: "<com.roncoo.education.system.service.auth.AuthApiMsgUser: com.roncoo.education.common.core.base.Result list(com.roncoo.education.system.service.auth.bo.MsgUserBO)>", index: "0", type: "com.roncoo.education.system.service.auth.bo.MsgUserBO" }
  - { kind: "param", method: "<com.roncoo.education.system.service.auth.AuthApiMsgUser: com.roncoo.education.common.core.base.Result readMsg(com.roncoo.education.system.service.auth.bo.MsgViewBO)>", index: "0", type: "com.roncoo.education.system.service.auth.bo.MsgViewBO" }
  - { kind: "param", method: "<com.roncoo.education.system.service.auth.AuthApiMsgUser: com.roncoo.education.common.core.base.Result getNumOfUnReadMsg(com.roncoo.education.system.service.auth.bo.MsgReadBO)>", index: "0", type: "com.roncoo.education.system.service.auth.bo.MsgReadBO" }
  - { kind: "param", method: "<com.roncoo.education.system.service.pc.PcApiMsgController: com.roncoo.education.common.core.base.Result list(com.roncoo.education.system.service.pc.req.MsgPageREQ)>", index: "0", type: "com.roncoo.education.system.service.pc.req.MsgPageREQ" }
  - { kind: "param", method: "<com.roncoo.education.system.service.pc.PcApiMsgController: com.roncoo.education.common.core.base.Result save(com.roncoo.education.system.service.pc.req.MsgSaveREQ)>", index: "0", type: "com.roncoo.education.system.service.pc.req.MsgSaveREQ" }
  - { kind: "param", method: "<com.roncoo.education.system.service.pc.PcApiMsgController: com.roncoo.education.common.core.base.Result delete(com.roncoo.education.system.service.pc.req.MsgDeleteREQ)>", index: "0", type: "com.roncoo.education.system.service.pc.req.MsgDeleteREQ" }
  - { kind: "param", method: "<com.roncoo.education.system.service.pc.PcApiMsgController: com.roncoo.education.common.core.base.Result update(com.roncoo.education.system.service.pc.req.MsgUpdateREQ)>", index: "0", type: "com.roncoo.education.system.service.pc.req.MsgUpdateREQ" }
  - { kind: "param", method: "<com.roncoo.education.system.service.pc.PcApiMsgController: com.roncoo.education.common.core.base.Result view(com.roncoo.education.system.service.pc.req.MsgViewREQ)>", index: "0", type: "com.roncoo.education.system.service.pc.req.MsgViewREQ" }
  - { kind: "param", method: "<com.roncoo.education.system.service.pc.PcApiMsgController: com.roncoo.education.common.core.base.Result push(com.roncoo.education.system.service.pc.req.MsgPushREQ)>", index: "0", type: "com.roncoo.education.system.service.pc.req.MsgPushREQ" }
  - { kind: "param", method: "<com.roncoo.education.system.service.pc.PcApiMsgTemplateController: com.roncoo.education.common.core.base.Result list(com.roncoo.education.system.service.pc.req.MsgTemplatePageREQ)>", index: "0", type: "com.roncoo.education.system.service.pc.req.MsgTemplatePageREQ" }
  - { kind: "param", method: "<com.roncoo.education.system.service.pc.PcApiMsgTemplateController: com.roncoo.education.common.core.base.Result save(com.roncoo.education.system.service.pc.req.MsgTemplateSaveREQ)>", index: "0", type: "com.roncoo.education.system.service.pc.req.MsgTemplateSaveREQ" }
  - { kind: "param", method: "<com.roncoo.education.system.service.pc.PcApiMsgTemplateController: com.roncoo.education.common.core.base.Result delete(com.roncoo.education.system.service.pc.req.MsgTemplateDeleteREQ)>", index: "0", type: "com.roncoo.education.system.service.pc.req.MsgTemplateDeleteREQ" }
  - { kind: "param", method: "<com.roncoo.education.system.service.pc.PcApiMsgTemplateController: com.roncoo.education.common.core.base.Result update(com.roncoo.education.system.service.pc.req.MsgTemplateUpdeteREQ)>", index: "0", type: "com.roncoo.education.system.service.pc.req.MsgTemplateUpdeteREQ" }
  - { kind: "param", method: "<com.roncoo.education.system.service.pc.PcApiMsgTemplateController: com.roncoo.education.common.core.base.Result view(com.roncoo.education.system.service.pc.req.MsgTemplateViewREQ)>", index: "0", type: "com.roncoo.education.system.service.pc.req.MsgTemplateViewREQ" }
  - { kind: "param", method: "<com.roncoo.education.system.service.pc.PcApiMsgUserController: com.roncoo.education.common.core.base.Result list(com.roncoo.education.system.service.pc.req.MsgUserPageREQ)>", index: "0", type: "com.roncoo.education.system.service.pc.req.MsgUserPageREQ" }
  - { kind: "param", method: "<com.roncoo.education.system.service.pc.PcApiMsgUserController: com.roncoo.education.common.core.base.Result delete(com.roncoo.education.system.service.pc.req.MsgUserDeleteREQ)>", index: "0", type: "com.roncoo.education.system.service.pc.req.MsgUserDeleteREQ" }
  - { kind: "param", method: "<com.roncoo.education.system.service.pc.PcApiMsgUserController: com.roncoo.education.common.core.base.Result view(com.roncoo.education.system.service.pc.req.MsgUserViewREQ)>", index: "0", type: "com.roncoo.education.system.service.pc.req.MsgUserViewREQ" }
  - { kind: "param", method: "<com.roncoo.education.system.service.pc.PcApiNavBarController: com.roncoo.education.common.core.base.Result list(com.roncoo.education.system.service.pc.req.NavBarPageREQ)>", index: "0", type: "com.roncoo.education.system.service.pc.req.NavBarPageREQ" }
  - { kind: "param", method: "<com.roncoo.education.system.service.pc.PcApiNavBarController: com.roncoo.education.common.core.base.Result save(com.roncoo.education.system.service.pc.req.NavBarSaveREQ)>", index: "0", type: "com.roncoo.education.system.service.pc.req.NavBarSaveREQ" }
  - { kind: "param", method: "<com.roncoo.education.system.service.pc.PcApiNavBarController: com.roncoo.education.common.core.base.Result delete(com.roncoo.education.system.service.pc.req.NavBarDeleteREQ)>", index: "0", type: "com.roncoo.education.system.service.pc.req.NavBarDeleteREQ" }
  - { kind: "param", method: "<com.roncoo.education.system.service.pc.PcApiNavBarController: com.roncoo.education.common.core.base.Result update(com.roncoo.education.system.service.pc.req.NavBarUpdateREQ)>", index: "0", type: "com.roncoo.education.system.service.pc.req.NavBarUpdateREQ" }
  - { kind: "param", method: "<com.roncoo.education.system.service.pc.PcApiNavBarController: com.roncoo.education.common.core.base.Result view(com.roncoo.education.system.service.pc.req.NavBarViewREQ)>", index: "0", type: "com.roncoo.education.system.service.pc.req.NavBarViewREQ" }
  - { kind: "param", method: "<com.roncoo.education.system.service.pc.PcApiSysController: com.roncoo.education.common.core.base.Result update(com.roncoo.education.system.service.pc.req.SysUpdateRESQ)>", index: "0", type: "com.roncoo.education.system.service.pc.req.SysUpdateRESQ" }
  - { kind: "param", method: "<com.roncoo.education.system.service.pc.PcApiSysEnumController: com.roncoo.education.common.core.base.Result getEnumInfo(com.roncoo.education.system.service.api.bo.SysEnumBO)>", index: "0", type: "com.roncoo.education.system.service.api.bo.SysEnumBO" }
  - { kind: "param", method: "<com.roncoo.education.system.service.pc.PcApiSysLogController: com.roncoo.education.common.core.base.Result list(com.roncoo.education.system.service.pc.req.SysLogPageREQ)>", index: "0", type: "com.roncoo.education.system.service.pc.req.SysLogPageREQ" }
  - { kind: "param", method: "<com.roncoo.education.system.service.pc.PcApiSysMenuController: com.roncoo.education.common.core.base.Result list(com.roncoo.education.system.service.pc.req.SysMenuListREQ)>", index: "0", type: "com.roncoo.education.system.service.pc.req.SysMenuListREQ" }
  - { kind: "param", method: "<com.roncoo.education.system.service.pc.PcApiSysMenuController: com.roncoo.education.common.core.base.Result save(com.roncoo.education.system.service.pc.req.SysMenuSaveREQ)>", index: "0", type: "com.roncoo.education.system.service.pc.req.SysMenuSaveREQ" }
  - { kind: "param", method: "<com.roncoo.education.system.service.pc.PcApiSysMenuController: com.roncoo.education.common.core.base.Result delete(com.roncoo.education.system.service.pc.req.SysMenuDeleteREQ)>", index: "0", type: "com.roncoo.education.system.service.pc.req.SysMenuDeleteREQ" }
  - { kind: "param", method: "<com.roncoo.education.system.service.pc.PcApiSysMenuController: com.roncoo.education.common.core.base.Result update(com.roncoo.education.system.service.pc.req.SysMenuUpdateREQ)>", index: "0", type: "com.roncoo.education.system.service.pc.req.SysMenuUpdateREQ" }
  - { kind: "param", method: "<com.roncoo.education.system.service.pc.PcApiSysMenuController: com.roncoo.education.common.core.base.Result view(com.roncoo.education.system.service.pc.req.SysMenuViewREQ)>", index: "0", type: "com.roncoo.education.system.service.pc.req.SysMenuViewREQ" }
  - { kind: "param", method: "<com.roncoo.education.system.service.pc.PcApiSysMenuController: com.roncoo.education.common.core.base.Result list(com.roncoo.education.system.service.pc.req.SysMenuUserListREQ)>", index: "0", type: "com.roncoo.education.system.service.pc.req.SysMenuUserListREQ" }
  - { kind: "param", method: "<com.roncoo.education.system.service.pc.PcApiSysMenuController: com.roncoo.education.common.core.base.Result buttonList(com.roncoo.education.system.service.pc.req.SysMenuUserListREQ)>", index: "0", type: "com.roncoo.education.system.service.pc.req.SysMenuUserListREQ" }
  - { kind: "param", method: "<com.roncoo.education.system.service.pc.PcApiSysMenuRoleController: com.roncoo.education.common.core.base.Result list(com.roncoo.education.system.service.pc.req.SysMenuRoleListREQ)>", index: "0", type: "com.roncoo.education.system.service.pc.req.SysMenuRoleListREQ" }
  - { kind: "param", method: "<com.roncoo.education.system.service.pc.PcApiSysMenuRoleController: com.roncoo.education.common.core.base.Result save(com.roncoo.education.system.service.pc.req.SysMenuRoleSaveREQ)>", index: "0", type: "com.roncoo.education.system.service.pc.req.SysMenuRoleSaveREQ" }
  - { kind: "param", method: "<com.roncoo.education.system.service.pc.PcApiSysRoleController: com.roncoo.education.common.core.base.Result list(com.roncoo.education.system.service.pc.req.SysRolePageREQ)>", index: "0", type: "com.roncoo.education.system.service.pc.req.SysRolePageREQ" }
  - { kind: "param", method: "<com.roncoo.education.system.service.pc.PcApiSysRoleController: com.roncoo.education.common.core.base.Result save(com.roncoo.education.system.service.pc.req.SysRoleSaveREQ)>", index: "0", type: "com.roncoo.education.system.service.pc.req.SysRoleSaveREQ" }
  - { kind: "param", method: "<com.roncoo.education.system.service.pc.PcApiSysRoleController: com.roncoo.education.common.core.base.Result delete(com.roncoo.education.system.service.pc.req.SysRoleDeleteREQ)>", index: "0", type: "com.roncoo.education.system.service.pc.req.SysRoleDeleteREQ" }
  - { kind: "param", method: "<com.roncoo.education.system.service.pc.PcApiSysRoleController: com.roncoo.education.common.core.base.Result update(com.roncoo.education.system.service.pc.req.SysRoleUpdateREQ)>", index: "0", type: "com.roncoo.education.system.service.pc.req.SysRoleUpdateREQ" }
  - { kind: "param", method: "<com.roncoo.education.system.service.pc.PcApiSysRoleController: com.roncoo.education.common.core.base.Result view(com.roncoo.education.system.service.pc.req.SysRoleViewREQ)>", index: "0", type: "com.roncoo.education.system.service.pc.req.SysRoleViewREQ" }
  - { kind: "param", method: "<com.roncoo.education.system.service.pc.PcApiSysRoleUserController: com.roncoo.education.common.core.base.Result list(com.roncoo.education.system.service.pc.req.SysRoleUserListREQ)>", index: "0", type: "com.roncoo.education.system.service.pc.req.SysRoleUserListREQ" }
  - { kind: "param", method: "<com.roncoo.education.system.service.pc.PcApiSysRoleUserController: com.roncoo.education.common.core.base.Result save(com.roncoo.education.system.service.pc.req.SysRoleUserSaveREQ)>", index: "0", type: "com.roncoo.education.system.service.pc.req.SysRoleUserSaveREQ" }
  - { kind: "param", method: "<com.roncoo.education.system.service.pc.PcApiSysUserController: com.roncoo.education.common.core.base.Result list(com.roncoo.education.system.service.pc.req.SysUserPageREQ)>", index: "0", type: "com.roncoo.education.system.service.pc.req.SysUserPageREQ" }
  - { kind: "param", method: "<com.roncoo.education.system.service.pc.PcApiSysUserController: com.roncoo.education.common.core.base.Result save(com.roncoo.education.system.service.pc.req.SysUserSaveREQ)>", index: "0", type: "com.roncoo.education.system.service.pc.req.SysUserSaveREQ" }
  - { kind: "param", method: "<com.roncoo.education.system.service.pc.PcApiSysUserController: com.roncoo.education.common.core.base.Result delete(com.roncoo.education.system.service.pc.req.SysUserDeleteREQ)>", index: "0", type: "com.roncoo.education.system.service.pc.req.SysUserDeleteREQ" }
  - { kind: "param", method: "<com.roncoo.education.system.service.pc.PcApiSysUserController: com.roncoo.education.common.core.base.Result update(com.roncoo.education.system.service.pc.req.SysUserUpdateREQ)>", index: "0", type: "com.roncoo.education.system.service.pc.req.SysUserUpdateREQ" }
  - { kind: "param", method: "<com.roncoo.education.system.service.pc.PcApiSysUserController: com.roncoo.education.common.core.base.Result view(com.roncoo.education.system.service.pc.req.SysUserViewREQ)>", index: "0", type: "com.roncoo.education.system.service.pc.req.SysUserViewREQ" }
  - { kind: "param", method: "<com.roncoo.education.system.service.pc.PcApiSysUserController: com.roncoo.education.common.core.base.Result updatePassword(com.roncoo.education.system.service.pc.req.SysUserUpdatePasswordREQ)>", index: "0", type: "com.roncoo.education.system.service.pc.req.SysUserUpdatePasswordREQ" }
  - { kind: "param", method: "<com.roncoo.education.system.service.pc.PcApiWebsiteController: com.roncoo.education.common.core.base.Result update(com.roncoo.education.system.service.pc.req.WebsiteUpdateREQ)>", index: "0", type: "com.roncoo.education.system.service.pc.req.WebsiteUpdateREQ" }
  - { kind: "param", method: "<com.roncoo.education.system.service.pc.PcApiWebsiteLinkController: com.roncoo.education.common.core.base.Result list(com.roncoo.education.system.service.pc.req.WebsiteLinkPageREQ)>", index: "0", type: "com.roncoo.education.system.service.pc.req.WebsiteLinkPageREQ" }
  - { kind: "param", method: "<com.roncoo.education.system.service.pc.PcApiWebsiteLinkController: com.roncoo.education.common.core.base.Result save(com.roncoo.education.system.service.pc.req.WebsiteLinkSaveREQ)>", index: "0", type: "com.roncoo.education.system.service.pc.req.WebsiteLinkSaveREQ" }
  - { kind: "param", method: "<com.roncoo.education.system.service.pc.PcApiWebsiteLinkController: com.roncoo.education.common.core.base.Result delete(com.roncoo.education.system.service.pc.req.WebsiteLinkDeleteREQ)>", index: "0", type: "com.roncoo.education.system.service.pc.req.WebsiteLinkDeleteREQ" }
  - { kind: "param", method: "<com.roncoo.education.system.service.pc.PcApiWebsiteLinkController: com.roncoo.education.common.core.base.Result update(com.roncoo.education.system.service.pc.req.WebsiteLinkUpdateREQ)>", index: "0", type: "com.roncoo.education.system.service.pc.req.WebsiteLinkUpdateREQ" }
  - { kind: "param", method: "<com.roncoo.education.system.service.pc.PcApiWebsiteLinkController: com.roncoo.education.common.core.base.Result view(com.roncoo.education.system.service.pc.req.WebsiteLinkViewREQ)>", index: "0", type: "com.roncoo.education.system.service.pc.req.WebsiteLinkViewREQ" }
  - { kind: "param", method: "<com.roncoo.education.system.service.pc.PcApiWebsiteNavArticleController: com.roncoo.education.common.core.base.Result view(com.roncoo.education.system.service.pc.req.WebsiteNavArticleViewREQ)>", index: "0", type: "com.roncoo.education.system.service.pc.req.WebsiteNavArticleViewREQ" }
  - { kind: "param", method: "<com.roncoo.education.system.service.pc.PcApiWebsiteNavArticleController: com.roncoo.education.common.core.base.Result save(com.roncoo.education.system.service.pc.req.WebsiteNavArticleSaveREQ)>", index: "0", type: "com.roncoo.education.system.service.pc.req.WebsiteNavArticleSaveREQ" }
  - { kind: "param", method: "<com.roncoo.education.system.service.pc.PcApiWebsiteNavArticleController: com.roncoo.education.common.core.base.Result update(com.roncoo.education.system.service.pc.req.WebsiteNavArticleUpdateREQ)>", index: "0", type: "com.roncoo.education.system.service.pc.req.WebsiteNavArticleUpdateREQ" }
  - { kind: "param", method: "<com.roncoo.education.system.service.pc.PcApiWebsiteNavController: com.roncoo.education.common.core.base.Result list(com.roncoo.education.system.service.pc.req.WebsiteNavPageREQ)>", index: "0", type: "com.roncoo.education.system.service.pc.req.WebsiteNavPageREQ" }
  - { kind: "param", method: "<com.roncoo.education.system.service.pc.PcApiWebsiteNavController: com.roncoo.education.common.core.base.Result save(com.roncoo.education.system.service.pc.req.WebsiteNavSaveREQ)>", index: "0", type: "com.roncoo.education.system.service.pc.req.WebsiteNavSaveREQ" }
  - { kind: "param", method: "<com.roncoo.education.system.service.pc.PcApiWebsiteNavController: com.roncoo.education.common.core.base.Result delete(com.roncoo.education.system.service.pc.req.WebsiteNavDeleteREQ)>", index: "0", type: "com.roncoo.education.system.service.pc.req.WebsiteNavDeleteREQ" }
  - { kind: "param", method: "<com.roncoo.education.system.service.pc.PcApiWebsiteNavController: com.roncoo.education.common.core.base.Result update(com.roncoo.education.system.service.pc.req.WebsiteNavUpdateREQ)>", index: "0", type: "com.roncoo.education.system.service.pc.req.WebsiteNavUpdateREQ" }
  - { kind: "param", method: "<com.roncoo.education.system.service.pc.PcApiWebsiteNavController: com.roncoo.education.common.core.base.Result view(com.roncoo.education.system.service.pc.req.WebsiteNavViewREQ)>", index: "0", type: "com.roncoo.education.system.service.pc.req.WebsiteNavViewREQ" }
  - { kind: "param", method: "<com.roncoo.education.user.service.api.ApiRegionController: com.roncoo.education.common.core.base.Result listForLevel(com.roncoo.education.user.service.api.bo.UserRegionLevelBO)>", index: "0", type: "com.roncoo.education.user.service.api.bo.UserRegionLevelBO" }
  - { kind: "param", method: "<com.roncoo.education.user.service.api.ApiRegionController: com.roncoo.education.common.core.base.Result listForProvince(com.roncoo.education.user.service.api.bo.UserRegionProvinceBO)>", index: "0", type: "com.roncoo.education.user.service.api.bo.UserRegionProvinceBO" }
  - { kind: "param", method: "<com.roncoo.education.user.service.api.ApiRegionController: com.roncoo.education.common.core.base.Result listForCity(com.roncoo.education.user.service.api.bo.UserRegionCityIdBO)>", index: "0", type: "com.roncoo.education.user.service.api.bo.UserRegionCityIdBO" }
  - { kind: "param", method: "<com.roncoo.education.user.service.api.ApiUserInfoController: com.roncoo.education.common.core.base.Result register(com.roncoo.education.user.service.api.bo.UserRegisterBO)>", index: "0", type: "com.roncoo.education.user.service.api.bo.UserRegisterBO" }
  - { kind: "param", method: "<com.roncoo.education.user.service.api.ApiUserInfoController: com.roncoo.education.common.core.base.Result loginPassword(com.roncoo.education.user.service.api.bo.UserLoginPasswordBO)>", index: "0", type: "com.roncoo.education.user.service.api.bo.UserLoginPasswordBO" }
  - { kind: "param", method: "<com.roncoo.education.user.service.api.ApiUserInfoController: com.roncoo.education.common.core.base.Result loginCode(com.roncoo.education.user.service.api.bo.UserLoginCodeBO)>", index: "0", type: "com.roncoo.education.user.service.api.bo.UserLoginCodeBO" }
  - { kind: "param", method: "<com.roncoo.education.user.service.api.ApiUserInfoController: com.roncoo.education.common.core.base.Result sendCode(com.roncoo.education.user.service.api.bo.UserSendCodeBO)>", index: "0", type: "com.roncoo.education.user.service.api.bo.UserSendCodeBO" }
  - { kind: "param", method: "<com.roncoo.education.user.service.api.ApiUserInfoController: com.roncoo.education.common.core.base.Result auth(com.roncoo.education.user.service.api.bo.UserAuthBO)>", index: "0", type: "com.roncoo.education.user.service.api.bo.UserAuthBO" }
  - { kind: "param", method: "<com.roncoo.education.user.service.api.ApiUserInfoController: com.roncoo.education.common.core.base.Result updatePassword(com.roncoo.education.user.service.auth.bo.UserUpdateBO)>", index: "0", type: "com.roncoo.education.user.service.auth.bo.UserUpdateBO" }
  - { kind: "param", method: "<com.roncoo.education.user.service.auth.AuthApiLecturerAuditController: com.roncoo.education.common.core.base.Result update(com.roncoo.education.user.service.auth.bo.AuthLecturerAuditBO)>", index: "0", type: "com.roncoo.education.user.service.auth.bo.AuthLecturerAuditBO" }
  - { kind: "param", method: "<com.roncoo.education.user.service.auth.AuthApiLecturerAuditController: com.roncoo.education.common.core.base.Result view(com.roncoo.education.user.service.auth.bo.AuthLecturerAuditViewBO)>", index: "0", type: "com.roncoo.education.user.service.auth.bo.AuthLecturerAuditViewBO" }
  - { kind: "param", method: "<com.roncoo.education.user.service.auth.AuthApiLecturerAuditController: com.roncoo.education.common.core.base.Result save(com.roncoo.education.user.service.auth.bo.AuthLecturerAuditSaveBO)>", index: "0", type: "com.roncoo.education.user.service.auth.bo.AuthLecturerAuditSaveBO" }
  - { kind: "param", method: "<com.roncoo.education.user.service.auth.AuthApiLecturerController: com.roncoo.education.common.core.base.Result view(com.roncoo.education.user.service.api.bo.LecturerViewBO)>", index: "0", type: "com.roncoo.education.user.service.api.bo.LecturerViewBO" }
  - { kind: "param", method: "<com.roncoo.education.user.service.auth.AuthApiLecturerExtController: com.roncoo.education.common.core.base.Result view(com.roncoo.education.user.service.auth.bo.AuthLecturerExtViewBO)>", index: "0", type: "com.roncoo.education.user.service.auth.bo.AuthLecturerExtViewBO" }
  - { kind: "param", method: "<com.roncoo.education.user.service.auth.AuthApiLecturerExtController: com.roncoo.education.common.core.base.Result updateBackInfo(com.roncoo.education.user.service.auth.bo.AuthUserExtBankBO)>", index: "0", type: "com.roncoo.education.user.service.auth.bo.AuthUserExtBankBO" }
  - { kind: "param", method: "<com.roncoo.education.user.service.auth.AuthApiLecturerProfitController: com.roncoo.education.common.core.base.Result list(com.roncoo.education.user.service.auth.bo.AuthLecturerProfitPageBO)>", index: "0", type: "com.roncoo.education.user.service.auth.bo.AuthLecturerProfitPageBO" }
  - { kind: "param", method: "<com.roncoo.education.user.service.auth.AuthApiLecturerProfitController: com.roncoo.education.common.core.base.Result save(com.roncoo.education.user.service.auth.bo.AuthLecturerProfitSaveBO)>", index: "0", type: "com.roncoo.education.user.service.auth.bo.AuthLecturerProfitSaveBO" }
  - { kind: "param", method: "<com.roncoo.education.user.service.auth.AuthApiUserExtController: com.roncoo.education.common.core.base.Result view(com.roncoo.education.user.service.auth.bo.AuthUserExtViewBO)>", index: "0", type: "com.roncoo.education.user.service.auth.bo.AuthUserExtViewBO" }
  - { kind: "param", method: "<com.roncoo.education.user.service.auth.AuthApiUserExtController: com.roncoo.education.common.core.base.Result update(com.roncoo.education.user.service.auth.bo.AuthUserExtBO)>", index: "0", type: "com.roncoo.education.user.service.auth.bo.AuthUserExtBO" }
  - { kind: "param", method: "<com.roncoo.education.user.service.pc.PcApiLecturerAuditController: com.roncoo.education.common.core.base.Result listForPage(com.roncoo.education.user.service.pc.req.LecturerAuditPageREQ)>", index: "0", type: "com.roncoo.education.user.service.pc.req.LecturerAuditPageREQ" }
  - { kind: "param", method: "<com.roncoo.education.user.service.pc.PcApiLecturerAuditController: com.roncoo.education.common.core.base.Result save(com.roncoo.education.user.service.pc.req.LecturerAuditSaveREQ)>", index: "0", type: "com.roncoo.education.user.service.pc.req.LecturerAuditSaveREQ" }
  - { kind: "param", method: "<com.roncoo.education.user.service.pc.PcApiLecturerAuditController: com.roncoo.education.common.core.base.Result update(com.roncoo.education.user.service.pc.req.LecturerAuditUpdateREQ)>", index: "0", type: "com.roncoo.education.user.service.pc.req.LecturerAuditUpdateREQ" }
  - { kind: "param", method: "<com.roncoo.education.user.service.pc.PcApiLecturerAuditController: com.roncoo.education.common.core.base.Result audit(com.roncoo.education.user.service.pc.req.LecturerAuditAuditREQ)>", index: "0", type: "com.roncoo.education.user.service.pc.req.LecturerAuditAuditREQ" }
  - { kind: "param", method: "<com.roncoo.education.user.service.pc.PcApiLecturerAuditController: com.roncoo.education.common.core.base.Result view(com.roncoo.education.user.service.pc.req.LecturerAuditViewREQ)>", index: "0", type: "com.roncoo.education.user.service.pc.req.LecturerAuditViewREQ" }
  - { kind: "param", method: "<com.roncoo.education.user.service.pc.PcApiLecturerAuditController: com.roncoo.education.common.core.base.Result check(com.roncoo.education.user.service.pc.req.LecturerAuditCheckMobileREQ)>", index: "0", type: "com.roncoo.education.user.service.pc.req.LecturerAuditCheckMobileREQ" }
  - { kind: "param", method: "<com.roncoo.education.user.service.pc.PcApiLecturerController: com.roncoo.education.common.core.base.Result listForPage(com.roncoo.education.user.service.pc.req.LecturerPageREQ)>", index: "0", type: "com.roncoo.education.user.service.pc.req.LecturerPageREQ" }
  - { kind: "param", method: "<com.roncoo.education.user.service.pc.PcApiLecturerController: com.roncoo.education.common.core.base.Result view(com.roncoo.education.user.service.pc.req.LecturerViewREQ)>", index: "0", type: "com.roncoo.education.user.service.pc.req.LecturerViewREQ" }
  - { kind: "param", method: "<com.roncoo.education.user.service.pc.PcApiLecturerController: com.roncoo.education.common.core.base.Result update(com.roncoo.education.user.service.pc.req.LecturerUpdateREQ)>", index: "0", type: "com.roncoo.education.user.service.pc.req.LecturerUpdateREQ" }
  - { kind: "param", method: "<com.roncoo.education.user.service.pc.PcApiLecturerProfitController: com.roncoo.education.common.core.base.Result listForPage(com.roncoo.education.user.service.pc.req.LecturerProfitPageREQ)>", index: "0", type: "com.roncoo.education.user.service.pc.req.LecturerProfitPageREQ" }
  - { kind: "param", method: "<com.roncoo.education.user.service.pc.PcApiLecturerProfitController: com.roncoo.education.common.core.base.Result update(com.roncoo.education.user.service.pc.req.LecturerProfitUpdateREQ)>", index: "0", type: "com.roncoo.education.user.service.pc.req.LecturerProfitUpdateREQ" }
  - { kind: "param", method: "<com.roncoo.education.user.service.pc.PcApiLecturerProfitController: com.roncoo.education.common.core.base.Result batch(com.roncoo.education.user.service.pc.req.LecturerProfitBatchREQ)>", index: "0", type: "com.roncoo.education.user.service.pc.req.LecturerProfitBatchREQ" }
  - { kind: "param", method: "<com.roncoo.education.user.service.pc.PcApiPlatformController: com.roncoo.education.common.core.base.Result listForPage(com.roncoo.education.user.service.pc.req.PlatformPageREQ)>", index: "0", type: "com.roncoo.education.user.service.pc.req.PlatformPageREQ" }
  - { kind: "param", method: "<com.roncoo.education.user.service.pc.PcApiPlatformController: com.roncoo.education.common.core.base.Result save(com.roncoo.education.user.service.pc.req.PlatformSaveREQ)>", index: "0", type: "com.roncoo.education.user.service.pc.req.PlatformSaveREQ" }
  - { kind: "param", method: "<com.roncoo.education.user.service.pc.PcApiPlatformController: com.roncoo.education.common.core.base.Result delete(com.roncoo.education.user.service.pc.req.PlatformDeleteREQ)>", index: "0", type: "com.roncoo.education.user.service.pc.req.PlatformDeleteREQ" }
  - { kind: "param", method: "<com.roncoo.education.user.service.pc.PcApiPlatformController: com.roncoo.education.common.core.base.Result update(com.roncoo.education.user.service.pc.req.PlatformUpdateREQ)>", index: "0", type: "com.roncoo.education.user.service.pc.req.PlatformUpdateREQ" }
  - { kind: "param", method: "<com.roncoo.education.user.service.pc.PcApiPlatformController: com.roncoo.education.common.core.base.Result view(com.roncoo.education.user.service.pc.req.PlatformViewREQ)>", index: "0", type: "com.roncoo.education.user.service.pc.req.PlatformViewREQ" }
  - { kind: "param", method: "<com.roncoo.education.user.service.pc.PcApiSendSmsLogController: com.roncoo.education.common.core.base.Result listForPage(com.roncoo.education.user.service.pc.req.SendSmsLogPageREQ)>", index: "0", type: "com.roncoo.education.user.service.pc.req.SendSmsLogPageREQ" }
  - { kind: "param", method: "<com.roncoo.education.user.service.pc.PcApiSendSmsLogController: com.roncoo.education.common.core.base.Result send(com.roncoo.education.user.service.pc.req.SendSmsLogSendREQ)>", index: "0", type: "com.roncoo.education.user.service.pc.req.SendSmsLogSendREQ" }
  - { kind: "param", method: "<com.roncoo.education.user.service.pc.PcApiUserController: com.roncoo.education.common.core.base.Result listForPage(com.roncoo.education.user.service.pc.req.UserPageREQ)>", index: "0", type: "com.roncoo.education.user.service.pc.req.UserPageREQ" }
  - { kind: "param", method: "<com.roncoo.education.user.service.pc.PcApiUserExtController: com.roncoo.education.common.core.base.Result listForPage(com.roncoo.education.user.service.pc.req.UserExtPageREQ)>", index: "0", type: "com.roncoo.education.user.service.pc.req.UserExtPageREQ" }
  - { kind: "param", method: "<com.roncoo.education.user.service.pc.PcApiUserExtController: com.roncoo.education.common.core.base.Result update(com.roncoo.education.user.service.pc.req.UserExtUpdateREQ)>", index: "0", type: "com.roncoo.education.user.service.pc.req.UserExtUpdateREQ" }
  - { kind: "param", method: "<com.roncoo.education.user.service.pc.PcApiUserExtController: com.roncoo.education.common.core.base.Result view(com.roncoo.education.user.service.pc.req.UserExtViewREQ)>", index: "0", type: "com.roncoo.education.user.service.pc.req.UserExtViewREQ" }
  - { kind: "param", method: "<com.roncoo.education.user.service.pc.PcApiUserLoginController: com.roncoo.education.common.core.base.Result loginPassword(com.roncoo.education.user.service.pc.req.UserLoginPasswordREQ)>", index: "0", type: "com.roncoo.education.user.service.pc.req.UserLoginPasswordREQ" }

sinks:
  - { method: "<com.roncoo.education.course.dao.impl.mapper.FileStorageMapper: int insert(com.roncoo.education.course.dao.impl.mapper.entity.FileStorage)>", index: "0" }
  - { method: "<com.roncoo.education.course.dao.impl.mapper.FileStorageMapper: int insertSelective(com.roncoo.education.course.dao.impl.mapper.entity.FileStorage)>", index: "0" }
  - { method: "<com.roncoo.education.course.dao.impl.mapper.FileStorageMapper: java.util.List selectByExample(com.roncoo.education.course.dao.impl.mapper.entity.FileStorageExample)>", index: "0" }
  - { method: "<com.roncoo.education.course.dao.impl.mapper.FileStorageMapper: com.roncoo.education.course.dao.impl.mapper.entity.FileStorage selectByPrimaryKey(java.lang.Long)>", index: "0" }
  - { method: "<com.roncoo.education.course.dao.impl.mapper.FileStorageMapper: int deleteByPrimaryKey(java.lang.Long)>", index: "0" }
  - { method: "<com.roncoo.education.course.dao.impl.mapper.FileStorageMapper: int updateByPrimaryKeySelective(com.roncoo.education.course.dao.impl.mapper.entity.FileStorage)>", index: "0" }
  - { method: "<com.roncoo.education.course.dao.impl.mapper.FileStorageMapper: int updateByPrimaryKey(com.roncoo.education.course.dao.impl.mapper.entity.FileStorage)>", index: "0" }
  - { method: "<com.roncoo.education.course.dao.impl.mapper.CourseChapterPeriodMapper: int insert(com.roncoo.education.course.dao.impl.mapper.entity.CourseChapterPeriod)>", index: "0" }
  - { method: "<com.roncoo.education.course.dao.impl.mapper.CourseChapterPeriodMapper: int insertSelective(com.roncoo.education.course.dao.impl.mapper.entity.CourseChapterPeriod)>", index: "0" }
  - { method: "<com.roncoo.education.course.dao.impl.mapper.CourseChapterPeriodMapper: java.util.List selectByExample(com.roncoo.education.course.dao.impl.mapper.entity.CourseChapterPeriodExample)>", index: "0" }
  - { method: "<com.roncoo.education.course.dao.impl.mapper.CourseChapterPeriodMapper: com.roncoo.education.course.dao.impl.mapper.entity.CourseChapterPeriod selectByPrimaryKey(java.lang.Long)>", index: "0" }
  - { method: "<com.roncoo.education.course.dao.impl.mapper.CourseChapterPeriodMapper: int deleteByPrimaryKey(java.lang.Long)>", index: "0" }
  - { method: "<com.roncoo.education.course.dao.impl.mapper.CourseChapterPeriodMapper: int updateByPrimaryKeySelective(com.roncoo.education.course.dao.impl.mapper.entity.CourseChapterPeriod)>", index: "0" }
  - { method: "<com.roncoo.education.course.dao.impl.mapper.CourseChapterPeriodMapper: int updateByPrimaryKey(com.roncoo.education.course.dao.impl.mapper.entity.CourseChapterPeriod)>", index: "0" }
  - { method: "<com.roncoo.education.course.dao.impl.mapper.CourseChapterAuditMapper: int insert(com.roncoo.education.course.dao.impl.mapper.entity.CourseChapterAudit)>", index: "0" }
  - { method: "<com.roncoo.education.course.dao.impl.mapper.CourseChapterAuditMapper: int insertSelective(com.roncoo.education.course.dao.impl.mapper.entity.CourseChapterAudit)>", index: "0" }
  - { method: "<com.roncoo.education.course.dao.impl.mapper.CourseChapterAuditMapper: java.util.List selectByExample(com.roncoo.education.course.dao.impl.mapper.entity.CourseChapterAuditExample)>", index: "0" }
  - { method: "<com.roncoo.education.course.dao.impl.mapper.CourseChapterAuditMapper: com.roncoo.education.course.dao.impl.mapper.entity.CourseChapterAudit selectByPrimaryKey(java.lang.Long)>", index: "0" }
  - { method: "<com.roncoo.education.course.dao.impl.mapper.CourseChapterAuditMapper: int deleteByPrimaryKey(java.lang.Long)>", index: "0" }
  - { method: "<com.roncoo.education.course.dao.impl.mapper.CourseChapterAuditMapper: int updateByPrimaryKeySelective(com.roncoo.education.course.dao.impl.mapper.entity.CourseChapterAudit)>", index: "0" }
  - { method: "<com.roncoo.education.course.dao.impl.mapper.CourseChapterAuditMapper: int updateByPrimaryKey(com.roncoo.education.course.dao.impl.mapper.entity.CourseChapterAudit)>", index: "0" }
  - { method: "<com.roncoo.education.course.dao.impl.mapper.CourseVideoMapper: int insert(com.roncoo.education.course.dao.impl.mapper.entity.CourseVideo)>", index: "0" }
  - { method: "<com.roncoo.education.course.dao.impl.mapper.CourseVideoMapper: int insertSelective(com.roncoo.education.course.dao.impl.mapper.entity.CourseVideo)>", index: "0" }
  - { method: "<com.roncoo.education.course.dao.impl.mapper.CourseVideoMapper: java.util.List selectByExample(com.roncoo.education.course.dao.impl.mapper.entity.CourseVideoExample)>", index: "0" }
  - { method: "<com.roncoo.education.course.dao.impl.mapper.CourseVideoMapper: com.roncoo.education.course.dao.impl.mapper.entity.CourseVideo selectByPrimaryKey(java.lang.Long)>", index: "0" }
  - { method: "<com.roncoo.education.course.dao.impl.mapper.CourseVideoMapper: int deleteByPrimaryKey(java.lang.Long)>", index: "0" }
  - { method: "<com.roncoo.education.course.dao.impl.mapper.CourseVideoMapper: int updateByPrimaryKeySelective(com.roncoo.education.course.dao.impl.mapper.entity.CourseVideo)>", index: "0" }
  - { method: "<com.roncoo.education.course.dao.impl.mapper.CourseVideoMapper: int updateByPrimaryKey(com.roncoo.education.course.dao.impl.mapper.entity.CourseVideo)>", index: "0" }
  - { method: "<com.roncoo.education.course.dao.impl.mapper.ZoneMapper: int insert(com.roncoo.education.course.dao.impl.mapper.entity.Zone)>", index: "0" }
  - { method: "<com.roncoo.education.course.dao.impl.mapper.ZoneMapper: int insertSelective(com.roncoo.education.course.dao.impl.mapper.entity.Zone)>", index: "0" }
  - { method: "<com.roncoo.education.course.dao.impl.mapper.ZoneMapper: java.util.List selectByExample(com.roncoo.education.course.dao.impl.mapper.entity.ZoneExample)>", index: "0" }
  - { method: "<com.roncoo.education.course.dao.impl.mapper.ZoneMapper: com.roncoo.education.course.dao.impl.mapper.entity.Zone selectByPrimaryKey(java.lang.Long)>", index: "0" }
  - { method: "<com.roncoo.education.course.dao.impl.mapper.ZoneMapper: int deleteByPrimaryKey(java.lang.Long)>", index: "0" }
  - { method: "<com.roncoo.education.course.dao.impl.mapper.ZoneMapper: int updateByPrimaryKeySelective(com.roncoo.education.course.dao.impl.mapper.entity.Zone)>", index: "0" }
  - { method: "<com.roncoo.education.course.dao.impl.mapper.ZoneMapper: int updateByPrimaryKey(com.roncoo.education.course.dao.impl.mapper.entity.Zone)>", index: "0" }
  - { method: "<com.roncoo.education.course.dao.impl.mapper.ZoneCourseMapper: int insert(com.roncoo.education.course.dao.impl.mapper.entity.ZoneCourse)>", index: "0" }
  - { method: "<com.roncoo.education.course.dao.impl.mapper.ZoneCourseMapper: int insertSelective(com.roncoo.education.course.dao.impl.mapper.entity.ZoneCourse)>", index: "0" }
  - { method: "<com.roncoo.education.course.dao.impl.mapper.ZoneCourseMapper: java.util.List selectByExample(com.roncoo.education.course.dao.impl.mapper.entity.ZoneCourseExample)>", index: "0" }
  - { method: "<com.roncoo.education.course.dao.impl.mapper.ZoneCourseMapper: com.roncoo.education.course.dao.impl.mapper.entity.ZoneCourse selectByPrimaryKey(java.lang.Long)>", index: "0" }
  - { method: "<com.roncoo.education.course.dao.impl.mapper.ZoneCourseMapper: int deleteByPrimaryKey(java.lang.Long)>", index: "0" }
  - { method: "<com.roncoo.education.course.dao.impl.mapper.ZoneCourseMapper: int updateByPrimaryKeySelective(com.roncoo.education.course.dao.impl.mapper.entity.ZoneCourse)>", index: "0" }
  - { method: "<com.roncoo.education.course.dao.impl.mapper.ZoneCourseMapper: int updateByPrimaryKey(com.roncoo.education.course.dao.impl.mapper.entity.ZoneCourse)>", index: "0" }
  - { method: "<com.roncoo.education.course.dao.impl.mapper.CourseAuditMapper: int insert(com.roncoo.education.course.dao.impl.mapper.entity.CourseAudit)>", index: "0" }
  - { method: "<com.roncoo.education.course.dao.impl.mapper.CourseAuditMapper: int insertSelective(com.roncoo.education.course.dao.impl.mapper.entity.CourseAudit)>", index: "0" }
  - { method: "<com.roncoo.education.course.dao.impl.mapper.CourseAuditMapper: java.util.List selectByExample(com.roncoo.education.course.dao.impl.mapper.entity.CourseAuditExample)>", index: "0" }
  - { method: "<com.roncoo.education.course.dao.impl.mapper.CourseAuditMapper: com.roncoo.education.course.dao.impl.mapper.entity.CourseAudit selectByPrimaryKey(java.lang.Long)>", index: "0" }
  - { method: "<com.roncoo.education.course.dao.impl.mapper.CourseAuditMapper: int deleteByPrimaryKey(java.lang.Long)>", index: "0" }
  - { method: "<com.roncoo.education.course.dao.impl.mapper.CourseAuditMapper: int updateByPrimaryKeySelective(com.roncoo.education.course.dao.impl.mapper.entity.CourseAudit)>", index: "0" }
  - { method: "<com.roncoo.education.course.dao.impl.mapper.CourseAuditMapper: int updateByPrimaryKey(com.roncoo.education.course.dao.impl.mapper.entity.CourseAudit)>", index: "0" }
  - { method: "<com.roncoo.education.course.dao.impl.mapper.CourseIntroduceAuditMapper: int insert(com.roncoo.education.course.dao.impl.mapper.entity.CourseIntroduceAudit)>", index: "0" }
  - { method: "<com.roncoo.education.course.dao.impl.mapper.CourseIntroduceAuditMapper: int insertSelective(com.roncoo.education.course.dao.impl.mapper.entity.CourseIntroduceAudit)>", index: "0" }
  - { method: "<com.roncoo.education.course.dao.impl.mapper.CourseIntroduceAuditMapper: java.util.List selectByExampleWithBLOBs(com.roncoo.education.course.dao.impl.mapper.entity.CourseIntroduceAuditExample)>", index: "0" }
  - { method: "<com.roncoo.education.course.dao.impl.mapper.CourseIntroduceAuditMapper: java.util.List selectByExample(com.roncoo.education.course.dao.impl.mapper.entity.CourseIntroduceAuditExample)>", index: "0" }
  - { method: "<com.roncoo.education.course.dao.impl.mapper.CourseIntroduceAuditMapper: com.roncoo.education.course.dao.impl.mapper.entity.CourseIntroduceAudit selectByPrimaryKey(java.lang.Long)>", index: "0" }
  - { method: "<com.roncoo.education.course.dao.impl.mapper.CourseIntroduceAuditMapper: int deleteByPrimaryKey(java.lang.Long)>", index: "0" }
  - { method: "<com.roncoo.education.course.dao.impl.mapper.CourseIntroduceAuditMapper: int updateByPrimaryKeySelective(com.roncoo.education.course.dao.impl.mapper.entity.CourseIntroduceAudit)>", index: "0" }
  - { method: "<com.roncoo.education.course.dao.impl.mapper.CourseIntroduceAuditMapper: int updateByPrimaryKeyWithBLOBs(com.roncoo.education.course.dao.impl.mapper.entity.CourseIntroduceAudit)>", index: "0" }
  - { method: "<com.roncoo.education.course.dao.impl.mapper.CourseIntroduceAuditMapper: int updateByPrimaryKey(com.roncoo.education.course.dao.impl.mapper.entity.CourseIntroduceAudit)>", index: "0" }
  - { method: "<com.roncoo.education.course.dao.impl.mapper.CourseChapterMapper: int insert(com.roncoo.education.course.dao.impl.mapper.entity.CourseChapter)>", index: "0" }
  - { method: "<com.roncoo.education.course.dao.impl.mapper.CourseChapterMapper: int insertSelective(com.roncoo.education.course.dao.impl.mapper.entity.CourseChapter)>", index: "0" }
  - { method: "<com.roncoo.education.course.dao.impl.mapper.CourseChapterMapper: java.util.List selectByExample(com.roncoo.education.course.dao.impl.mapper.entity.CourseChapterExample)>", index: "0" }
  - { method: "<com.roncoo.education.course.dao.impl.mapper.CourseChapterMapper: com.roncoo.education.course.dao.impl.mapper.entity.CourseChapter selectByPrimaryKey(java.lang.Long)>", index: "0" }
  - { method: "<com.roncoo.education.course.dao.impl.mapper.CourseChapterMapper: int deleteByPrimaryKey(java.lang.Long)>", index: "0" }
  - { method: "<com.roncoo.education.course.dao.impl.mapper.CourseChapterMapper: int updateByPrimaryKeySelective(com.roncoo.education.course.dao.impl.mapper.entity.CourseChapter)>", index: "0" }
  - { method: "<com.roncoo.education.course.dao.impl.mapper.CourseChapterMapper: int updateByPrimaryKey(com.roncoo.education.course.dao.impl.mapper.entity.CourseChapter)>", index: "0" }
  - { method: "<com.roncoo.education.course.dao.impl.mapper.CourseRecommendMapper: int insert(com.roncoo.education.course.dao.impl.mapper.entity.CourseRecommend)>", index: "0" }
  - { method: "<com.roncoo.education.course.dao.impl.mapper.CourseRecommendMapper: int insertSelective(com.roncoo.education.course.dao.impl.mapper.entity.CourseRecommend)>", index: "0" }
  - { method: "<com.roncoo.education.course.dao.impl.mapper.CourseRecommendMapper: java.util.List selectByExample(com.roncoo.education.course.dao.impl.mapper.entity.CourseRecommendExample)>", index: "0" }
  - { method: "<com.roncoo.education.course.dao.impl.mapper.CourseRecommendMapper: com.roncoo.education.course.dao.impl.mapper.entity.CourseRecommend selectByPrimaryKey(java.lang.Long)>", index: "0" }
  - { method: "<com.roncoo.education.course.dao.impl.mapper.CourseRecommendMapper: int deleteByPrimaryKey(java.lang.Long)>", index: "0" }
  - { method: "<com.roncoo.education.course.dao.impl.mapper.CourseRecommendMapper: int updateByPrimaryKeySelective(com.roncoo.education.course.dao.impl.mapper.entity.CourseRecommend)>", index: "0" }
  - { method: "<com.roncoo.education.course.dao.impl.mapper.CourseRecommendMapper: int updateByPrimaryKey(com.roncoo.education.course.dao.impl.mapper.entity.CourseRecommend)>", index: "0" }
  - { method: "<com.roncoo.education.course.dao.impl.mapper.DicMapper: int insert(com.roncoo.education.course.dao.impl.mapper.entity.Dic)>", index: "0" }
  - { method: "<com.roncoo.education.course.dao.impl.mapper.DicMapper: int insertSelective(com.roncoo.education.course.dao.impl.mapper.entity.Dic)>", index: "0" }
  - { method: "<com.roncoo.education.course.dao.impl.mapper.DicMapper: java.util.List selectByExample(com.roncoo.education.course.dao.impl.mapper.entity.DicExample)>", index: "0" }
  - { method: "<com.roncoo.education.course.dao.impl.mapper.DicMapper: com.roncoo.education.course.dao.impl.mapper.entity.Dic selectByPrimaryKey(java.lang.Long)>", index: "0" }
  - { method: "<com.roncoo.education.course.dao.impl.mapper.DicMapper: int deleteByPrimaryKey(java.lang.Long)>", index: "0" }
  - { method: "<com.roncoo.education.course.dao.impl.mapper.DicMapper: int updateByPrimaryKeySelective(com.roncoo.education.course.dao.impl.mapper.entity.Dic)>", index: "0" }
  - { method: "<com.roncoo.education.course.dao.impl.mapper.DicMapper: int updateByPrimaryKey(com.roncoo.education.course.dao.impl.mapper.entity.Dic)>", index: "0" }
  - { method: "<com.roncoo.education.course.dao.impl.mapper.CourseMapper: int insert(com.roncoo.education.course.dao.impl.mapper.entity.Course)>", index: "0" }
  - { method: "<com.roncoo.education.course.dao.impl.mapper.CourseMapper: int insertSelective(com.roncoo.education.course.dao.impl.mapper.entity.Course)>", index: "0" }
  - { method: "<com.roncoo.education.course.dao.impl.mapper.CourseMapper: java.util.List selectByExample(com.roncoo.education.course.dao.impl.mapper.entity.CourseExample)>", index: "0" }
  - { method: "<com.roncoo.education.course.dao.impl.mapper.CourseMapper: com.roncoo.education.course.dao.impl.mapper.entity.Course selectByPrimaryKey(java.lang.Long)>", index: "0" }
  - { method: "<com.roncoo.education.course.dao.impl.mapper.CourseMapper: int deleteByPrimaryKey(java.lang.Long)>", index: "0" }
  - { method: "<com.roncoo.education.course.dao.impl.mapper.CourseMapper: int updateByPrimaryKeySelective(com.roncoo.education.course.dao.impl.mapper.entity.Course)>", index: "0" }
  - { method: "<com.roncoo.education.course.dao.impl.mapper.CourseMapper: int updateByPrimaryKey(com.roncoo.education.course.dao.impl.mapper.entity.Course)>", index: "0" }
  - { method: "<com.roncoo.education.course.dao.impl.mapper.AdvMapper: int insert(com.roncoo.education.course.dao.impl.mapper.entity.Adv)>", index: "0" }
  - { method: "<com.roncoo.education.course.dao.impl.mapper.AdvMapper: int insertSelective(com.roncoo.education.course.dao.impl.mapper.entity.Adv)>", index: "0" }
  - { method: "<com.roncoo.education.course.dao.impl.mapper.AdvMapper: java.util.List selectByExample(com.roncoo.education.course.dao.impl.mapper.entity.AdvExample)>", index: "0" }
  - { method: "<com.roncoo.education.course.dao.impl.mapper.AdvMapper: com.roncoo.education.course.dao.impl.mapper.entity.Adv selectByPrimaryKey(java.lang.Long)>", index: "0" }
  - { method: "<com.roncoo.education.course.dao.impl.mapper.AdvMapper: int deleteByPrimaryKey(java.lang.Long)>", index: "0" }
  - { method: "<com.roncoo.education.course.dao.impl.mapper.AdvMapper: int updateByPrimaryKeySelective(com.roncoo.education.course.dao.impl.mapper.entity.Adv)>", index: "0" }
  - { method: "<com.roncoo.education.course.dao.impl.mapper.AdvMapper: int updateByPrimaryKey(com.roncoo.education.course.dao.impl.mapper.entity.Adv)>", index: "0" }
  - { method: "<com.roncoo.education.course.dao.impl.mapper.CourseUserStudyMapper: int insert(com.roncoo.education.course.dao.impl.mapper.entity.CourseUserStudy)>", index: "0" }
  - { method: "<com.roncoo.education.course.dao.impl.mapper.CourseUserStudyMapper: int insertSelective(com.roncoo.education.course.dao.impl.mapper.entity.CourseUserStudy)>", index: "0" }
  - { method: "<com.roncoo.education.course.dao.impl.mapper.CourseUserStudyMapper: java.util.List selectByExample(com.roncoo.education.course.dao.impl.mapper.entity.CourseUserStudyExample)>", index: "0" }
  - { method: "<com.roncoo.education.course.dao.impl.mapper.CourseUserStudyMapper: com.roncoo.education.course.dao.impl.mapper.entity.CourseUserStudy selectByPrimaryKey(java.lang.Long)>", index: "0" }
  - { method: "<com.roncoo.education.course.dao.impl.mapper.CourseUserStudyMapper: int deleteByPrimaryKey(java.lang.Long)>", index: "0" }
  - { method: "<com.roncoo.education.course.dao.impl.mapper.CourseUserStudyMapper: int updateByPrimaryKeySelective(com.roncoo.education.course.dao.impl.mapper.entity.CourseUserStudy)>", index: "0" }
  - { method: "<com.roncoo.education.course.dao.impl.mapper.CourseUserStudyMapper: int updateByPrimaryKey(com.roncoo.education.course.dao.impl.mapper.entity.CourseUserStudy)>", index: "0" }
  - { method: "<com.roncoo.education.course.dao.impl.mapper.OrderPayMapper: int insert(com.roncoo.education.course.dao.impl.mapper.entity.OrderPay)>", index: "0" }
  - { method: "<com.roncoo.education.course.dao.impl.mapper.OrderPayMapper: int insertSelective(com.roncoo.education.course.dao.impl.mapper.entity.OrderPay)>", index: "0" }
  - { method: "<com.roncoo.education.course.dao.impl.mapper.OrderPayMapper: java.util.List selectByExample(com.roncoo.education.course.dao.impl.mapper.entity.OrderPayExample)>", index: "0" }
  - { method: "<com.roncoo.education.course.dao.impl.mapper.OrderPayMapper: com.roncoo.education.course.dao.impl.mapper.entity.OrderPay selectByPrimaryKey(java.lang.Long)>", index: "0" }
  - { method: "<com.roncoo.education.course.dao.impl.mapper.OrderPayMapper: int deleteByPrimaryKey(java.lang.Long)>", index: "0" }
  - { method: "<com.roncoo.education.course.dao.impl.mapper.OrderPayMapper: int updateByPrimaryKeySelective(com.roncoo.education.course.dao.impl.mapper.entity.OrderPay)>", index: "0" }
  - { method: "<com.roncoo.education.course.dao.impl.mapper.OrderPayMapper: int updateByPrimaryKey(com.roncoo.education.course.dao.impl.mapper.entity.OrderPay)>", index: "0" }
  - { method: "<com.roncoo.education.course.dao.impl.mapper.DicListMapper: int insert(com.roncoo.education.course.dao.impl.mapper.entity.DicList)>", index: "0" }
  - { method: "<com.roncoo.education.course.dao.impl.mapper.DicListMapper: int insertSelective(com.roncoo.education.course.dao.impl.mapper.entity.DicList)>", index: "0" }
  - { method: "<com.roncoo.education.course.dao.impl.mapper.DicListMapper: java.util.List selectByExample(com.roncoo.education.course.dao.impl.mapper.entity.DicListExample)>", index: "0" }
  - { method: "<com.roncoo.education.course.dao.impl.mapper.DicListMapper: com.roncoo.education.course.dao.impl.mapper.entity.DicList selectByPrimaryKey(java.lang.Long)>", index: "0" }
  - { method: "<com.roncoo.education.course.dao.impl.mapper.DicListMapper: int deleteByPrimaryKey(java.lang.Long)>", index: "0" }
  - { method: "<com.roncoo.education.course.dao.impl.mapper.DicListMapper: int updateByPrimaryKeySelective(com.roncoo.education.course.dao.impl.mapper.entity.DicList)>", index: "0" }
  - { method: "<com.roncoo.education.course.dao.impl.mapper.DicListMapper: int updateByPrimaryKey(com.roncoo.education.course.dao.impl.mapper.entity.DicList)>", index: "0" }
  - { method: "<com.roncoo.education.course.dao.impl.mapper.CourseUserStudyLogMapper: int insert(com.roncoo.education.course.dao.impl.mapper.entity.CourseUserStudyLog)>", index: "0" }
  - { method: "<com.roncoo.education.course.dao.impl.mapper.CourseUserStudyLogMapper: int insertSelective(com.roncoo.education.course.dao.impl.mapper.entity.CourseUserStudyLog)>", index: "0" }
  - { method: "<com.roncoo.education.course.dao.impl.mapper.CourseUserStudyLogMapper: java.util.List selectByExample(com.roncoo.education.course.dao.impl.mapper.entity.CourseUserStudyLogExample)>", index: "0" }
  - { method: "<com.roncoo.education.course.dao.impl.mapper.CourseUserStudyLogMapper: com.roncoo.education.course.dao.impl.mapper.entity.CourseUserStudyLog selectByPrimaryKey(java.lang.Long)>", index: "0" }
  - { method: "<com.roncoo.education.course.dao.impl.mapper.CourseUserStudyLogMapper: int deleteByPrimaryKey(java.lang.Long)>", index: "0" }
  - { method: "<com.roncoo.education.course.dao.impl.mapper.CourseUserStudyLogMapper: int updateByPrimaryKeySelective(com.roncoo.education.course.dao.impl.mapper.entity.CourseUserStudyLog)>", index: "0" }
  - { method: "<com.roncoo.education.course.dao.impl.mapper.CourseUserStudyLogMapper: int updateByPrimaryKey(com.roncoo.education.course.dao.impl.mapper.entity.CourseUserStudyLog)>", index: "0" }
  - { method: "<com.roncoo.education.course.dao.impl.mapper.CourseChapterPeriodAuditMapper: int insert(com.roncoo.education.course.dao.impl.mapper.entity.CourseChapterPeriodAudit)>", index: "0" }
  - { method: "<com.roncoo.education.course.dao.impl.mapper.CourseChapterPeriodAuditMapper: int insertSelective(com.roncoo.education.course.dao.impl.mapper.entity.CourseChapterPeriodAudit)>", index: "0" }
  - { method: "<com.roncoo.education.course.dao.impl.mapper.CourseChapterPeriodAuditMapper: java.util.List selectByExample(com.roncoo.education.course.dao.impl.mapper.entity.CourseChapterPeriodAuditExample)>", index: "0" }
  - { method: "<com.roncoo.education.course.dao.impl.mapper.CourseChapterPeriodAuditMapper: com.roncoo.education.course.dao.impl.mapper.entity.CourseChapterPeriodAudit selectByPrimaryKey(java.lang.Long)>", index: "0" }
  - { method: "<com.roncoo.education.course.dao.impl.mapper.CourseChapterPeriodAuditMapper: int deleteByPrimaryKey(java.lang.Long)>", index: "0" }
  - { method: "<com.roncoo.education.course.dao.impl.mapper.CourseChapterPeriodAuditMapper: int updateByPrimaryKeySelective(com.roncoo.education.course.dao.impl.mapper.entity.CourseChapterPeriodAudit)>", index: "0" }
  - { method: "<com.roncoo.education.course.dao.impl.mapper.CourseChapterPeriodAuditMapper: int updateByPrimaryKey(com.roncoo.education.course.dao.impl.mapper.entity.CourseChapterPeriodAudit)>", index: "0" }
  - { method: "<com.roncoo.education.course.dao.impl.mapper.CourseCategoryMapper: int insert(com.roncoo.education.course.dao.impl.mapper.entity.CourseCategory)>", index: "0" }
  - { method: "<com.roncoo.education.course.dao.impl.mapper.CourseCategoryMapper: int insertSelective(com.roncoo.education.course.dao.impl.mapper.entity.CourseCategory)>", index: "0" }
  - { method: "<com.roncoo.education.course.dao.impl.mapper.CourseCategoryMapper: java.util.List selectByExample(com.roncoo.education.course.dao.impl.mapper.entity.CourseCategoryExample)>", index: "0" }
  - { method: "<com.roncoo.education.course.dao.impl.mapper.CourseCategoryMapper: com.roncoo.education.course.dao.impl.mapper.entity.CourseCategory selectByPrimaryKey(java.lang.Long)>", index: "0" }
  - { method: "<com.roncoo.education.course.dao.impl.mapper.CourseCategoryMapper: int deleteByPrimaryKey(java.lang.Long)>", index: "0" }
  - { method: "<com.roncoo.education.course.dao.impl.mapper.CourseCategoryMapper: int updateByPrimaryKeySelective(com.roncoo.education.course.dao.impl.mapper.entity.CourseCategory)>", index: "0" }
  - { method: "<com.roncoo.education.course.dao.impl.mapper.CourseCategoryMapper: int updateByPrimaryKey(com.roncoo.education.course.dao.impl.mapper.entity.CourseCategory)>", index: "0" }
  - { method: "<com.roncoo.education.course.dao.impl.mapper.CourseIntroduceMapper: int insert(com.roncoo.education.course.dao.impl.mapper.entity.CourseIntroduce)>", index: "0" }
  - { method: "<com.roncoo.education.course.dao.impl.mapper.CourseIntroduceMapper: int insertSelective(com.roncoo.education.course.dao.impl.mapper.entity.CourseIntroduce)>", index: "0" }
  - { method: "<com.roncoo.education.course.dao.impl.mapper.CourseIntroduceMapper: java.util.List selectByExampleWithBLOBs(com.roncoo.education.course.dao.impl.mapper.entity.CourseIntroduceExample)>", index: "0" }
  - { method: "<com.roncoo.education.course.dao.impl.mapper.CourseIntroduceMapper: java.util.List selectByExample(com.roncoo.education.course.dao.impl.mapper.entity.CourseIntroduceExample)>", index: "0" }
  - { method: "<com.roncoo.education.course.dao.impl.mapper.CourseIntroduceMapper: com.roncoo.education.course.dao.impl.mapper.entity.CourseIntroduce selectByPrimaryKey(java.lang.Long)>", index: "0" }
  - { method: "<com.roncoo.education.course.dao.impl.mapper.CourseIntroduceMapper: int deleteByPrimaryKey(java.lang.Long)>", index: "0" }
  - { method: "<com.roncoo.education.course.dao.impl.mapper.CourseIntroduceMapper: int updateByPrimaryKeySelective(com.roncoo.education.course.dao.impl.mapper.entity.CourseIntroduce)>", index: "0" }
  - { method: "<com.roncoo.education.course.dao.impl.mapper.CourseIntroduceMapper: int updateByPrimaryKeyWithBLOBs(com.roncoo.education.course.dao.impl.mapper.entity.CourseIntroduce)>", index: "0" }
  - { method: "<com.roncoo.education.course.dao.impl.mapper.CourseIntroduceMapper: int updateByPrimaryKey(com.roncoo.education.course.dao.impl.mapper.entity.CourseIntroduce)>", index: "0" }
  - { method: "<com.roncoo.education.course.dao.impl.mapper.OrderInfoMapper: int insert(com.roncoo.education.course.dao.impl.mapper.entity.OrderInfo)>", index: "0" }
  - { method: "<com.roncoo.education.course.dao.impl.mapper.OrderInfoMapper: int insertSelective(com.roncoo.education.course.dao.impl.mapper.entity.OrderInfo)>", index: "0" }
  - { method: "<com.roncoo.education.course.dao.impl.mapper.OrderInfoMapper: java.util.List selectByExample(com.roncoo.education.course.dao.impl.mapper.entity.OrderInfoExample)>", index: "0" }
  - { method: "<com.roncoo.education.course.dao.impl.mapper.OrderInfoMapper: com.roncoo.education.course.dao.impl.mapper.entity.OrderInfo selectByPrimaryKey(java.lang.Long)>", index: "0" }
  - { method: "<com.roncoo.education.course.dao.impl.mapper.OrderInfoMapper: int deleteByPrimaryKey(java.lang.Long)>", index: "0" }
  - { method: "<com.roncoo.education.course.dao.impl.mapper.OrderInfoMapper: int updateByPrimaryKeySelective(com.roncoo.education.course.dao.impl.mapper.entity.OrderInfo)>", index: "0" }
  - { method: "<com.roncoo.education.course.dao.impl.mapper.OrderInfoMapper: int updateByPrimaryKey(com.roncoo.education.course.dao.impl.mapper.entity.OrderInfo)>", index: "0" }
  - { method: "<com.roncoo.education.system.dao.impl.mapper.NavBarMapper: int insert(com.roncoo.education.system.dao.impl.mapper.entity.NavBar)>", index: "0" }
  - { method: "<com.roncoo.education.system.dao.impl.mapper.NavBarMapper: int insertSelective(com.roncoo.education.system.dao.impl.mapper.entity.NavBar)>", index: "0" }
  - { method: "<com.roncoo.education.system.dao.impl.mapper.NavBarMapper: java.util.List selectByExample(com.roncoo.education.system.dao.impl.mapper.entity.NavBarExample)>", index: "0" }
  - { method: "<com.roncoo.education.system.dao.impl.mapper.NavBarMapper: com.roncoo.education.system.dao.impl.mapper.entity.NavBar selectByPrimaryKey(java.lang.Long)>", index: "0" }
  - { method: "<com.roncoo.education.system.dao.impl.mapper.NavBarMapper: int deleteByPrimaryKey(java.lang.Long)>", index: "0" }
  - { method: "<com.roncoo.education.system.dao.impl.mapper.NavBarMapper: int updateByPrimaryKeySelective(com.roncoo.education.system.dao.impl.mapper.entity.NavBar)>", index: "0" }
  - { method: "<com.roncoo.education.system.dao.impl.mapper.NavBarMapper: int updateByPrimaryKey(com.roncoo.education.system.dao.impl.mapper.entity.NavBar)>", index: "0" }
  - { method: "<com.roncoo.education.system.dao.impl.mapper.SysMapper: int insert(com.roncoo.education.system.dao.impl.mapper.entity.Sys)>", index: "0" }
  - { method: "<com.roncoo.education.system.dao.impl.mapper.SysMapper: int insertSelective(com.roncoo.education.system.dao.impl.mapper.entity.Sys)>", index: "0" }
  - { method: "<com.roncoo.education.system.dao.impl.mapper.SysMapper: java.util.List selectByExample(com.roncoo.education.system.dao.impl.mapper.entity.SysExample)>", index: "0" }
  - { method: "<com.roncoo.education.system.dao.impl.mapper.SysMapper: com.roncoo.education.system.dao.impl.mapper.entity.Sys selectByPrimaryKey(java.lang.Long)>", index: "0" }
  - { method: "<com.roncoo.education.system.dao.impl.mapper.SysMapper: int deleteByPrimaryKey(java.lang.Long)>", index: "0" }
  - { method: "<com.roncoo.education.system.dao.impl.mapper.SysMapper: int updateByPrimaryKeySelective(com.roncoo.education.system.dao.impl.mapper.entity.Sys)>", index: "0" }
  - { method: "<com.roncoo.education.system.dao.impl.mapper.SysMapper: int updateByPrimaryKey(com.roncoo.education.system.dao.impl.mapper.entity.Sys)>", index: "0" }
  - { method: "<com.roncoo.education.system.dao.impl.mapper.MsgUserMapper: int insert(com.roncoo.education.system.dao.impl.mapper.entity.MsgUser)>", index: "0" }
  - { method: "<com.roncoo.education.system.dao.impl.mapper.MsgUserMapper: int insertSelective(com.roncoo.education.system.dao.impl.mapper.entity.MsgUser)>", index: "0" }
  - { method: "<com.roncoo.education.system.dao.impl.mapper.MsgUserMapper: java.util.List selectByExample(com.roncoo.education.system.dao.impl.mapper.entity.MsgUserExample)>", index: "0" }
  - { method: "<com.roncoo.education.system.dao.impl.mapper.MsgUserMapper: com.roncoo.education.system.dao.impl.mapper.entity.MsgUser selectByPrimaryKey(java.lang.Long)>", index: "0" }
  - { method: "<com.roncoo.education.system.dao.impl.mapper.MsgUserMapper: int deleteByPrimaryKey(java.lang.Long)>", index: "0" }
  - { method: "<com.roncoo.education.system.dao.impl.mapper.MsgUserMapper: int updateByPrimaryKeySelective(com.roncoo.education.system.dao.impl.mapper.entity.MsgUser)>", index: "0" }
  - { method: "<com.roncoo.education.system.dao.impl.mapper.MsgUserMapper: int updateByPrimaryKey(com.roncoo.education.system.dao.impl.mapper.entity.MsgUser)>", index: "0" }
  - { method: "<com.roncoo.education.system.dao.impl.mapper.SysUserMapper: int insert(com.roncoo.education.system.dao.impl.mapper.entity.SysUser)>", index: "0" }
  - { method: "<com.roncoo.education.system.dao.impl.mapper.SysUserMapper: int insertSelective(com.roncoo.education.system.dao.impl.mapper.entity.SysUser)>", index: "0" }
  - { method: "<com.roncoo.education.system.dao.impl.mapper.SysUserMapper: java.util.List selectByExample(com.roncoo.education.system.dao.impl.mapper.entity.SysUserExample)>", index: "0" }
  - { method: "<com.roncoo.education.system.dao.impl.mapper.SysUserMapper: com.roncoo.education.system.dao.impl.mapper.entity.SysUser selectByPrimaryKey(java.lang.Long)>", index: "0" }
  - { method: "<com.roncoo.education.system.dao.impl.mapper.SysUserMapper: int deleteByPrimaryKey(java.lang.Long)>", index: "0" }
  - { method: "<com.roncoo.education.system.dao.impl.mapper.SysUserMapper: int updateByPrimaryKeySelective(com.roncoo.education.system.dao.impl.mapper.entity.SysUser)>", index: "0" }
  - { method: "<com.roncoo.education.system.dao.impl.mapper.SysUserMapper: int updateByPrimaryKey(com.roncoo.education.system.dao.impl.mapper.entity.SysUser)>", index: "0" }
  - { method: "<com.roncoo.education.system.dao.impl.mapper.SysRoleMapper: int insert(com.roncoo.education.system.dao.impl.mapper.entity.SysRole)>", index: "0" }
  - { method: "<com.roncoo.education.system.dao.impl.mapper.SysRoleMapper: int insertSelective(com.roncoo.education.system.dao.impl.mapper.entity.SysRole)>", index: "0" }
  - { method: "<com.roncoo.education.system.dao.impl.mapper.SysRoleMapper: java.util.List selectByExample(com.roncoo.education.system.dao.impl.mapper.entity.SysRoleExample)>", index: "0" }
  - { method: "<com.roncoo.education.system.dao.impl.mapper.SysRoleMapper: com.roncoo.education.system.dao.impl.mapper.entity.SysRole selectByPrimaryKey(java.lang.Long)>", index: "0" }
  - { method: "<com.roncoo.education.system.dao.impl.mapper.SysRoleMapper: int deleteByPrimaryKey(java.lang.Long)>", index: "0" }
  - { method: "<com.roncoo.education.system.dao.impl.mapper.SysRoleMapper: int updateByPrimaryKeySelective(com.roncoo.education.system.dao.impl.mapper.entity.SysRole)>", index: "0" }
  - { method: "<com.roncoo.education.system.dao.impl.mapper.SysRoleMapper: int updateByPrimaryKey(com.roncoo.education.system.dao.impl.mapper.entity.SysRole)>", index: "0" }
  - { method: "<com.roncoo.education.system.dao.impl.mapper.SysLogMapper: int insert(com.roncoo.education.system.dao.impl.mapper.entity.SysLog)>", index: "0" }
  - { method: "<com.roncoo.education.system.dao.impl.mapper.SysLogMapper: int insertSelective(com.roncoo.education.system.dao.impl.mapper.entity.SysLog)>", index: "0" }
  - { method: "<com.roncoo.education.system.dao.impl.mapper.SysLogMapper: java.util.List selectByExample(com.roncoo.education.system.dao.impl.mapper.entity.SysLogExample)>", index: "0" }
  - { method: "<com.roncoo.education.system.dao.impl.mapper.SysLogMapper: com.roncoo.education.system.dao.impl.mapper.entity.SysLog selectByPrimaryKey(java.lang.Long)>", index: "0" }
  - { method: "<com.roncoo.education.system.dao.impl.mapper.SysLogMapper: int deleteByPrimaryKey(java.lang.Long)>", index: "0" }
  - { method: "<com.roncoo.education.system.dao.impl.mapper.SysLogMapper: int updateByPrimaryKeySelective(com.roncoo.education.system.dao.impl.mapper.entity.SysLog)>", index: "0" }
  - { method: "<com.roncoo.education.system.dao.impl.mapper.SysLogMapper: int updateByPrimaryKey(com.roncoo.education.system.dao.impl.mapper.entity.SysLog)>", index: "0" }
  - { method: "<com.roncoo.education.system.dao.impl.mapper.WebsiteLinkMapper: int insert(com.roncoo.education.system.dao.impl.mapper.entity.WebsiteLink)>", index: "0" }
  - { method: "<com.roncoo.education.system.dao.impl.mapper.WebsiteLinkMapper: int insertSelective(com.roncoo.education.system.dao.impl.mapper.entity.WebsiteLink)>", index: "0" }
  - { method: "<com.roncoo.education.system.dao.impl.mapper.WebsiteLinkMapper: java.util.List selectByExample(com.roncoo.education.system.dao.impl.mapper.entity.WebsiteLinkExample)>", index: "0" }
  - { method: "<com.roncoo.education.system.dao.impl.mapper.WebsiteLinkMapper: com.roncoo.education.system.dao.impl.mapper.entity.WebsiteLink selectByPrimaryKey(java.lang.Long)>", index: "0" }
  - { method: "<com.roncoo.education.system.dao.impl.mapper.WebsiteLinkMapper: int deleteByPrimaryKey(java.lang.Long)>", index: "0" }
  - { method: "<com.roncoo.education.system.dao.impl.mapper.WebsiteLinkMapper: int updateByPrimaryKeySelective(com.roncoo.education.system.dao.impl.mapper.entity.WebsiteLink)>", index: "0" }
  - { method: "<com.roncoo.education.system.dao.impl.mapper.WebsiteLinkMapper: int updateByPrimaryKey(com.roncoo.education.system.dao.impl.mapper.entity.WebsiteLink)>", index: "0" }
  - { method: "<com.roncoo.education.system.dao.impl.mapper.WebsiteNavArticleMapper: int insert(com.roncoo.education.system.dao.impl.mapper.entity.WebsiteNavArticle)>", index: "0" }
  - { method: "<com.roncoo.education.system.dao.impl.mapper.WebsiteNavArticleMapper: int insertSelective(com.roncoo.education.system.dao.impl.mapper.entity.WebsiteNavArticle)>", index: "0" }
  - { method: "<com.roncoo.education.system.dao.impl.mapper.WebsiteNavArticleMapper: java.util.List selectByExampleWithBLOBs(com.roncoo.education.system.dao.impl.mapper.entity.WebsiteNavArticleExample)>", index: "0" }
  - { method: "<com.roncoo.education.system.dao.impl.mapper.WebsiteNavArticleMapper: java.util.List selectByExample(com.roncoo.education.system.dao.impl.mapper.entity.WebsiteNavArticleExample)>", index: "0" }
  - { method: "<com.roncoo.education.system.dao.impl.mapper.WebsiteNavArticleMapper: com.roncoo.education.system.dao.impl.mapper.entity.WebsiteNavArticle selectByPrimaryKey(java.lang.Long)>", index: "0" }
  - { method: "<com.roncoo.education.system.dao.impl.mapper.WebsiteNavArticleMapper: int deleteByPrimaryKey(java.lang.Long)>", index: "0" }
  - { method: "<com.roncoo.education.system.dao.impl.mapper.WebsiteNavArticleMapper: int updateByPrimaryKeySelective(com.roncoo.education.system.dao.impl.mapper.entity.WebsiteNavArticle)>", index: "0" }
  - { method: "<com.roncoo.education.system.dao.impl.mapper.WebsiteNavArticleMapper: int updateByPrimaryKeyWithBLOBs(com.roncoo.education.system.dao.impl.mapper.entity.WebsiteNavArticle)>", index: "0" }
  - { method: "<com.roncoo.education.system.dao.impl.mapper.WebsiteNavArticleMapper: int updateByPrimaryKey(com.roncoo.education.system.dao.impl.mapper.entity.WebsiteNavArticle)>", index: "0" }
  - { method: "<com.roncoo.education.system.dao.impl.mapper.SysRoleUserMapper: int insert(com.roncoo.education.system.dao.impl.mapper.entity.SysRoleUser)>", index: "0" }
  - { method: "<com.roncoo.education.system.dao.impl.mapper.SysRoleUserMapper: int insertSelective(com.roncoo.education.system.dao.impl.mapper.entity.SysRoleUser)>", index: "0" }
  - { method: "<com.roncoo.education.system.dao.impl.mapper.SysRoleUserMapper: java.util.List selectByExample(com.roncoo.education.system.dao.impl.mapper.entity.SysRoleUserExample)>", index: "0" }
  - { method: "<com.roncoo.education.system.dao.impl.mapper.SysRoleUserMapper: com.roncoo.education.system.dao.impl.mapper.entity.SysRoleUser selectByPrimaryKey(java.lang.Long)>", index: "0" }
  - { method: "<com.roncoo.education.system.dao.impl.mapper.SysRoleUserMapper: int deleteByPrimaryKey(java.lang.Long)>", index: "0" }
  - { method: "<com.roncoo.education.system.dao.impl.mapper.SysRoleUserMapper: int updateByPrimaryKeySelective(com.roncoo.education.system.dao.impl.mapper.entity.SysRoleUser)>", index: "0" }
  - { method: "<com.roncoo.education.system.dao.impl.mapper.SysRoleUserMapper: int updateByPrimaryKey(com.roncoo.education.system.dao.impl.mapper.entity.SysRoleUser)>", index: "0" }
  - { method: "<com.roncoo.education.system.dao.impl.mapper.SysMenuRoleMapper: int insert(com.roncoo.education.system.dao.impl.mapper.entity.SysMenuRole)>", index: "0" }
  - { method: "<com.roncoo.education.system.dao.impl.mapper.SysMenuRoleMapper: int insertSelective(com.roncoo.education.system.dao.impl.mapper.entity.SysMenuRole)>", index: "0" }
  - { method: "<com.roncoo.education.system.dao.impl.mapper.SysMenuRoleMapper: java.util.List selectByExample(com.roncoo.education.system.dao.impl.mapper.entity.SysMenuRoleExample)>", index: "0" }
  - { method: "<com.roncoo.education.system.dao.impl.mapper.SysMenuRoleMapper: com.roncoo.education.system.dao.impl.mapper.entity.SysMenuRole selectByPrimaryKey(java.lang.Long)>", index: "0" }
  - { method: "<com.roncoo.education.system.dao.impl.mapper.SysMenuRoleMapper: int deleteByPrimaryKey(java.lang.Long)>", index: "0" }
  - { method: "<com.roncoo.education.system.dao.impl.mapper.SysMenuRoleMapper: int updateByPrimaryKeySelective(com.roncoo.education.system.dao.impl.mapper.entity.SysMenuRole)>", index: "0" }
  - { method: "<com.roncoo.education.system.dao.impl.mapper.SysMenuRoleMapper: int updateByPrimaryKey(com.roncoo.education.system.dao.impl.mapper.entity.SysMenuRole)>", index: "0" }
  - { method: "<com.roncoo.education.system.dao.impl.mapper.WebsiteMapper: int insert(com.roncoo.education.system.dao.impl.mapper.entity.Website)>", index: "0" }
  - { method: "<com.roncoo.education.system.dao.impl.mapper.WebsiteMapper: int insertSelective(com.roncoo.education.system.dao.impl.mapper.entity.Website)>", index: "0" }
  - { method: "<com.roncoo.education.system.dao.impl.mapper.WebsiteMapper: java.util.List selectByExample(com.roncoo.education.system.dao.impl.mapper.entity.WebsiteExample)>", index: "0" }
  - { method: "<com.roncoo.education.system.dao.impl.mapper.WebsiteMapper: com.roncoo.education.system.dao.impl.mapper.entity.Website selectByPrimaryKey(java.lang.Long)>", index: "0" }
  - { method: "<com.roncoo.education.system.dao.impl.mapper.WebsiteMapper: int deleteByPrimaryKey(java.lang.Long)>", index: "0" }
  - { method: "<com.roncoo.education.system.dao.impl.mapper.WebsiteMapper: int updateByPrimaryKeySelective(com.roncoo.education.system.dao.impl.mapper.entity.Website)>", index: "0" }
  - { method: "<com.roncoo.education.system.dao.impl.mapper.WebsiteMapper: int updateByPrimaryKey(com.roncoo.education.system.dao.impl.mapper.entity.Website)>", index: "0" }
  - { method: "<com.roncoo.education.system.dao.impl.mapper.SysMenuMapper: int insert(com.roncoo.education.system.dao.impl.mapper.entity.SysMenu)>", index: "0" }
  - { method: "<com.roncoo.education.system.dao.impl.mapper.SysMenuMapper: int insertSelective(com.roncoo.education.system.dao.impl.mapper.entity.SysMenu)>", index: "0" }
  - { method: "<com.roncoo.education.system.dao.impl.mapper.SysMenuMapper: java.util.List selectByExample(com.roncoo.education.system.dao.impl.mapper.entity.SysMenuExample)>", index: "0" }
  - { method: "<com.roncoo.education.system.dao.impl.mapper.SysMenuMapper: com.roncoo.education.system.dao.impl.mapper.entity.SysMenu selectByPrimaryKey(java.lang.Long)>", index: "0" }
  - { method: "<com.roncoo.education.system.dao.impl.mapper.SysMenuMapper: int deleteByPrimaryKey(java.lang.Long)>", index: "0" }
  - { method: "<com.roncoo.education.system.dao.impl.mapper.SysMenuMapper: int updateByPrimaryKeySelective(com.roncoo.education.system.dao.impl.mapper.entity.SysMenu)>", index: "0" }
  - { method: "<com.roncoo.education.system.dao.impl.mapper.SysMenuMapper: int updateByPrimaryKey(com.roncoo.education.system.dao.impl.mapper.entity.SysMenu)>", index: "0" }
  - { method: "<com.roncoo.education.system.dao.impl.mapper.MsgMapper: int insert(com.roncoo.education.system.dao.impl.mapper.entity.Msg)>", index: "0" }
  - { method: "<com.roncoo.education.system.dao.impl.mapper.MsgMapper: int insertSelective(com.roncoo.education.system.dao.impl.mapper.entity.Msg)>", index: "0" }
  - { method: "<com.roncoo.education.system.dao.impl.mapper.MsgMapper: java.util.List selectByExampleWithBLOBs(com.roncoo.education.system.dao.impl.mapper.entity.MsgExample)>", index: "0" }
  - { method: "<com.roncoo.education.system.dao.impl.mapper.MsgMapper: java.util.List selectByExample(com.roncoo.education.system.dao.impl.mapper.entity.MsgExample)>", index: "0" }
  - { method: "<com.roncoo.education.system.dao.impl.mapper.MsgMapper: com.roncoo.education.system.dao.impl.mapper.entity.Msg selectByPrimaryKey(java.lang.Long)>", index: "0" }
  - { method: "<com.roncoo.education.system.dao.impl.mapper.MsgMapper: int deleteByPrimaryKey(java.lang.Long)>", index: "0" }
  - { method: "<com.roncoo.education.system.dao.impl.mapper.MsgMapper: int updateByPrimaryKeySelective(com.roncoo.education.system.dao.impl.mapper.entity.Msg)>", index: "0" }
  - { method: "<com.roncoo.education.system.dao.impl.mapper.MsgMapper: int updateByPrimaryKeyWithBLOBs(com.roncoo.education.system.dao.impl.mapper.entity.Msg)>", index: "0" }
  - { method: "<com.roncoo.education.system.dao.impl.mapper.MsgMapper: int updateByPrimaryKey(com.roncoo.education.system.dao.impl.mapper.entity.Msg)>", index: "0" }
  - { method: "<com.roncoo.education.system.dao.impl.mapper.MsgTemplateMapper: int insert(com.roncoo.education.system.dao.impl.mapper.entity.MsgTemplate)>", index: "0" }
  - { method: "<com.roncoo.education.system.dao.impl.mapper.MsgTemplateMapper: int insertSelective(com.roncoo.education.system.dao.impl.mapper.entity.MsgTemplate)>", index: "0" }
  - { method: "<com.roncoo.education.system.dao.impl.mapper.MsgTemplateMapper: java.util.List selectByExample(com.roncoo.education.system.dao.impl.mapper.entity.MsgTemplateExample)>", index: "0" }
  - { method: "<com.roncoo.education.system.dao.impl.mapper.MsgTemplateMapper: com.roncoo.education.system.dao.impl.mapper.entity.MsgTemplate selectByPrimaryKey(java.lang.Long)>", index: "0" }
  - { method: "<com.roncoo.education.system.dao.impl.mapper.MsgTemplateMapper: int deleteByPrimaryKey(java.lang.Long)>", index: "0" }
  - { method: "<com.roncoo.education.system.dao.impl.mapper.MsgTemplateMapper: int updateByPrimaryKeySelective(com.roncoo.education.system.dao.impl.mapper.entity.MsgTemplate)>", index: "0" }
  - { method: "<com.roncoo.education.system.dao.impl.mapper.MsgTemplateMapper: int updateByPrimaryKey(com.roncoo.education.system.dao.impl.mapper.entity.MsgTemplate)>", index: "0" }
  - { method: "<com.roncoo.education.system.dao.impl.mapper.WebsiteNavMapper: int insert(com.roncoo.education.system.dao.impl.mapper.entity.WebsiteNav)>", index: "0" }
  - { method: "<com.roncoo.education.system.dao.impl.mapper.WebsiteNavMapper: int insertSelective(com.roncoo.education.system.dao.impl.mapper.entity.WebsiteNav)>", index: "0" }
  - { method: "<com.roncoo.education.system.dao.impl.mapper.WebsiteNavMapper: java.util.List selectByExample(com.roncoo.education.system.dao.impl.mapper.entity.WebsiteNavExample)>", index: "0" }
  - { method: "<com.roncoo.education.system.dao.impl.mapper.WebsiteNavMapper: com.roncoo.education.system.dao.impl.mapper.entity.WebsiteNav selectByPrimaryKey(java.lang.Long)>", index: "0" }
  - { method: "<com.roncoo.education.system.dao.impl.mapper.WebsiteNavMapper: int deleteByPrimaryKey(java.lang.Long)>", index: "0" }
  - { method: "<com.roncoo.education.system.dao.impl.mapper.WebsiteNavMapper: int updateByPrimaryKeySelective(com.roncoo.education.system.dao.impl.mapper.entity.WebsiteNav)>", index: "0" }
  - { method: "<com.roncoo.education.system.dao.impl.mapper.WebsiteNavMapper: int updateByPrimaryKey(com.roncoo.education.system.dao.impl.mapper.entity.WebsiteNav)>", index: "0" }
  - { method: "<com.roncoo.education.user.dao.impl.mapper.SendSmsLogMapper: int insert(com.roncoo.education.user.dao.impl.mapper.entity.SendSmsLog)>", index: "0" }
  - { method: "<com.roncoo.education.user.dao.impl.mapper.SendSmsLogMapper: int insertSelective(com.roncoo.education.user.dao.impl.mapper.entity.SendSmsLog)>", index: "0" }
  - { method: "<com.roncoo.education.user.dao.impl.mapper.SendSmsLogMapper: java.util.List selectByExample(com.roncoo.education.user.dao.impl.mapper.entity.SendSmsLogExample)>", index: "0" }
  - { method: "<com.roncoo.education.user.dao.impl.mapper.SendSmsLogMapper: com.roncoo.education.user.dao.impl.mapper.entity.SendSmsLog selectByPrimaryKey(java.lang.Long)>", index: "0" }
  - { method: "<com.roncoo.education.user.dao.impl.mapper.SendSmsLogMapper: int deleteByPrimaryKey(java.lang.Long)>", index: "0" }
  - { method: "<com.roncoo.education.user.dao.impl.mapper.SendSmsLogMapper: int updateByPrimaryKeySelective(com.roncoo.education.user.dao.impl.mapper.entity.SendSmsLog)>", index: "0" }
  - { method: "<com.roncoo.education.user.dao.impl.mapper.SendSmsLogMapper: int updateByPrimaryKey(com.roncoo.education.user.dao.impl.mapper.entity.SendSmsLog)>", index: "0" }
  - { method: "<com.roncoo.education.user.dao.impl.mapper.LecturerProfitMapper: int insert(com.roncoo.education.user.dao.impl.mapper.entity.LecturerProfit)>", index: "0" }
  - { method: "<com.roncoo.education.user.dao.impl.mapper.LecturerProfitMapper: int insertSelective(com.roncoo.education.user.dao.impl.mapper.entity.LecturerProfit)>", index: "0" }
  - { method: "<com.roncoo.education.user.dao.impl.mapper.LecturerProfitMapper: java.util.List selectByExample(com.roncoo.education.user.dao.impl.mapper.entity.LecturerProfitExample)>", index: "0" }
  - { method: "<com.roncoo.education.user.dao.impl.mapper.LecturerProfitMapper: com.roncoo.education.user.dao.impl.mapper.entity.LecturerProfit selectByPrimaryKey(java.lang.Long)>", index: "0" }
  - { method: "<com.roncoo.education.user.dao.impl.mapper.LecturerProfitMapper: int deleteByPrimaryKey(java.lang.Long)>", index: "0" }
  - { method: "<com.roncoo.education.user.dao.impl.mapper.LecturerProfitMapper: int updateByPrimaryKeySelective(com.roncoo.education.user.dao.impl.mapper.entity.LecturerProfit)>", index: "0" }
  - { method: "<com.roncoo.education.user.dao.impl.mapper.LecturerProfitMapper: int updateByPrimaryKey(com.roncoo.education.user.dao.impl.mapper.entity.LecturerProfit)>", index: "0" }
  - { method: "<com.roncoo.education.user.dao.impl.mapper.PlatformMapper: int insert(com.roncoo.education.user.dao.impl.mapper.entity.Platform)>", index: "0" }
  - { method: "<com.roncoo.education.user.dao.impl.mapper.PlatformMapper: int insertSelective(com.roncoo.education.user.dao.impl.mapper.entity.Platform)>", index: "0" }
  - { method: "<com.roncoo.education.user.dao.impl.mapper.PlatformMapper: java.util.List selectByExample(com.roncoo.education.user.dao.impl.mapper.entity.PlatformExample)>", index: "0" }
  - { method: "<com.roncoo.education.user.dao.impl.mapper.PlatformMapper: com.roncoo.education.user.dao.impl.mapper.entity.Platform selectByPrimaryKey(java.lang.Long)>", index: "0" }
  - { method: "<com.roncoo.education.user.dao.impl.mapper.PlatformMapper: int deleteByPrimaryKey(java.lang.Long)>", index: "0" }
  - { method: "<com.roncoo.education.user.dao.impl.mapper.PlatformMapper: int updateByPrimaryKeySelective(com.roncoo.education.user.dao.impl.mapper.entity.Platform)>", index: "0" }
  - { method: "<com.roncoo.education.user.dao.impl.mapper.PlatformMapper: int updateByPrimaryKey(com.roncoo.education.user.dao.impl.mapper.entity.Platform)>", index: "0" }
  - { method: "<com.roncoo.education.user.dao.impl.mapper.UserLogModifiedMapper: int insert(com.roncoo.education.user.dao.impl.mapper.entity.UserLogModified)>", index: "0" }
  - { method: "<com.roncoo.education.user.dao.impl.mapper.UserLogModifiedMapper: int insertSelective(com.roncoo.education.user.dao.impl.mapper.entity.UserLogModified)>", index: "0" }
  - { method: "<com.roncoo.education.user.dao.impl.mapper.UserLogModifiedMapper: java.util.List selectByExample(com.roncoo.education.user.dao.impl.mapper.entity.UserLogModifiedExample)>", index: "0" }
  - { method: "<com.roncoo.education.user.dao.impl.mapper.UserLogModifiedMapper: com.roncoo.education.user.dao.impl.mapper.entity.UserLogModified selectByPrimaryKey(java.lang.Long)>", index: "0" }
  - { method: "<com.roncoo.education.user.dao.impl.mapper.UserLogModifiedMapper: int deleteByPrimaryKey(java.lang.Long)>", index: "0" }
  - { method: "<com.roncoo.education.user.dao.impl.mapper.UserLogModifiedMapper: int updateByPrimaryKeySelective(com.roncoo.education.user.dao.impl.mapper.entity.UserLogModified)>", index: "0" }
  - { method: "<com.roncoo.education.user.dao.impl.mapper.UserLogModifiedMapper: int updateByPrimaryKey(com.roncoo.education.user.dao.impl.mapper.entity.UserLogModified)>", index: "0" }
  - { method: "<com.roncoo.education.user.dao.impl.mapper.UserMapper: int insert(com.roncoo.education.user.dao.impl.mapper.entity.User)>", index: "0" }
  - { method: "<com.roncoo.education.user.dao.impl.mapper.UserMapper: int insertSelective(com.roncoo.education.user.dao.impl.mapper.entity.User)>", index: "0" }
  - { method: "<com.roncoo.education.user.dao.impl.mapper.UserMapper: java.util.List selectByExample(com.roncoo.education.user.dao.impl.mapper.entity.UserExample)>", index: "0" }
  - { method: "<com.roncoo.education.user.dao.impl.mapper.UserMapper: com.roncoo.education.user.dao.impl.mapper.entity.User selectByPrimaryKey(java.lang.Long)>", index: "0" }
  - { method: "<com.roncoo.education.user.dao.impl.mapper.UserMapper: int deleteByPrimaryKey(java.lang.Long)>", index: "0" }
  - { method: "<com.roncoo.education.user.dao.impl.mapper.UserMapper: int updateByPrimaryKeySelective(com.roncoo.education.user.dao.impl.mapper.entity.User)>", index: "0" }
  - { method: "<com.roncoo.education.user.dao.impl.mapper.UserMapper: int updateByPrimaryKey(com.roncoo.education.user.dao.impl.mapper.entity.User)>", index: "0" }
  - { method: "<com.roncoo.education.user.dao.impl.mapper.UserLogLoginMapper: int insert(com.roncoo.education.user.dao.impl.mapper.entity.UserLogLogin)>", index: "0" }
  - { method: "<com.roncoo.education.user.dao.impl.mapper.UserLogLoginMapper: int insertSelective(com.roncoo.education.user.dao.impl.mapper.entity.UserLogLogin)>", index: "0" }
  - { method: "<com.roncoo.education.user.dao.impl.mapper.UserLogLoginMapper: java.util.List selectByExample(com.roncoo.education.user.dao.impl.mapper.entity.UserLogLoginExample)>", index: "0" }
  - { method: "<com.roncoo.education.user.dao.impl.mapper.UserLogLoginMapper: com.roncoo.education.user.dao.impl.mapper.entity.UserLogLogin selectByPrimaryKey(java.lang.Long)>", index: "0" }
  - { method: "<com.roncoo.education.user.dao.impl.mapper.UserLogLoginMapper: int deleteByPrimaryKey(java.lang.Long)>", index: "0" }
  - { method: "<com.roncoo.education.user.dao.impl.mapper.UserLogLoginMapper: int updateByPrimaryKeySelective(com.roncoo.education.user.dao.impl.mapper.entity.UserLogLogin)>", index: "0" }
  - { method: "<com.roncoo.education.user.dao.impl.mapper.UserLogLoginMapper: int updateByPrimaryKey(com.roncoo.education.user.dao.impl.mapper.entity.UserLogLogin)>", index: "0" }
  - { method: "<com.roncoo.education.user.dao.impl.mapper.LecturerAuditMapper: int insert(com.roncoo.education.user.dao.impl.mapper.entity.LecturerAudit)>", index: "0" }
  - { method: "<com.roncoo.education.user.dao.impl.mapper.LecturerAuditMapper: int insertSelective(com.roncoo.education.user.dao.impl.mapper.entity.LecturerAudit)>", index: "0" }
  - { method: "<com.roncoo.education.user.dao.impl.mapper.LecturerAuditMapper: java.util.List selectByExample(com.roncoo.education.user.dao.impl.mapper.entity.LecturerAuditExample)>", index: "0" }
  - { method: "<com.roncoo.education.user.dao.impl.mapper.LecturerAuditMapper: com.roncoo.education.user.dao.impl.mapper.entity.LecturerAudit selectByPrimaryKey(java.lang.Long)>", index: "0" }
  - { method: "<com.roncoo.education.user.dao.impl.mapper.LecturerAuditMapper: int deleteByPrimaryKey(java.lang.Long)>", index: "0" }
  - { method: "<com.roncoo.education.user.dao.impl.mapper.LecturerAuditMapper: int updateByPrimaryKeySelective(com.roncoo.education.user.dao.impl.mapper.entity.LecturerAudit)>", index: "0" }
  - { method: "<com.roncoo.education.user.dao.impl.mapper.LecturerAuditMapper: int updateByPrimaryKey(com.roncoo.education.user.dao.impl.mapper.entity.LecturerAudit)>", index: "0" }
  - { method: "<com.roncoo.education.user.dao.impl.mapper.LecturerMapper: int insert(com.roncoo.education.user.dao.impl.mapper.entity.Lecturer)>", index: "0" }
  - { method: "<com.roncoo.education.user.dao.impl.mapper.LecturerMapper: int insertSelective(com.roncoo.education.user.dao.impl.mapper.entity.Lecturer)>", index: "0" }
  - { method: "<com.roncoo.education.user.dao.impl.mapper.LecturerMapper: java.util.List selectByExample(com.roncoo.education.user.dao.impl.mapper.entity.LecturerExample)>", index: "0" }
  - { method: "<com.roncoo.education.user.dao.impl.mapper.LecturerMapper: com.roncoo.education.user.dao.impl.mapper.entity.Lecturer selectByPrimaryKey(java.lang.Long)>", index: "0" }
  - { method: "<com.roncoo.education.user.dao.impl.mapper.LecturerMapper: int deleteByPrimaryKey(java.lang.Long)>", index: "0" }
  - { method: "<com.roncoo.education.user.dao.impl.mapper.LecturerMapper: int updateByPrimaryKeySelective(com.roncoo.education.user.dao.impl.mapper.entity.Lecturer)>", index: "0" }
  - { method: "<com.roncoo.education.user.dao.impl.mapper.LecturerMapper: int updateByPrimaryKey(com.roncoo.education.user.dao.impl.mapper.entity.Lecturer)>", index: "0" }
  - { method: "<com.roncoo.education.user.dao.impl.mapper.LecturerExtMapper: int insert(com.roncoo.education.user.dao.impl.mapper.entity.LecturerExt)>", index: "0" }
  - { method: "<com.roncoo.education.user.dao.impl.mapper.LecturerExtMapper: int insertSelective(com.roncoo.education.user.dao.impl.mapper.entity.LecturerExt)>", index: "0" }
  - { method: "<com.roncoo.education.user.dao.impl.mapper.LecturerExtMapper: java.util.List selectByExample(com.roncoo.education.user.dao.impl.mapper.entity.LecturerExtExample)>", index: "0" }
  - { method: "<com.roncoo.education.user.dao.impl.mapper.LecturerExtMapper: com.roncoo.education.user.dao.impl.mapper.entity.LecturerExt selectByPrimaryKey(java.lang.Long)>", index: "0" }
  - { method: "<com.roncoo.education.user.dao.impl.mapper.LecturerExtMapper: int deleteByPrimaryKey(java.lang.Long)>", index: "0" }
  - { method: "<com.roncoo.education.user.dao.impl.mapper.LecturerExtMapper: int updateByPrimaryKeySelective(com.roncoo.education.user.dao.impl.mapper.entity.LecturerExt)>", index: "0" }
  - { method: "<com.roncoo.education.user.dao.impl.mapper.LecturerExtMapper: int updateByPrimaryKey(com.roncoo.education.user.dao.impl.mapper.entity.LecturerExt)>", index: "0" }
  - { method: "<com.roncoo.education.user.dao.impl.mapper.UserExtMapper: int insert(com.roncoo.education.user.dao.impl.mapper.entity.UserExt)>", index: "0" }
  - { method: "<com.roncoo.education.user.dao.impl.mapper.UserExtMapper: int insertSelective(com.roncoo.education.user.dao.impl.mapper.entity.UserExt)>", index: "0" }
  - { method: "<com.roncoo.education.user.dao.impl.mapper.UserExtMapper: java.util.List selectByExample(com.roncoo.education.user.dao.impl.mapper.entity.UserExtExample)>", index: "0" }
  - { method: "<com.roncoo.education.user.dao.impl.mapper.UserExtMapper: com.roncoo.education.user.dao.impl.mapper.entity.UserExt selectByPrimaryKey(java.lang.Long)>", index: "0" }
  - { method: "<com.roncoo.education.user.dao.impl.mapper.UserExtMapper: int deleteByPrimaryKey(java.lang.Long)>", index: "0" }
  - { method: "<com.roncoo.education.user.dao.impl.mapper.UserExtMapper: int updateByPrimaryKeySelective(com.roncoo.education.user.dao.impl.mapper.entity.UserExt)>", index: "0" }
  - { method: "<com.roncoo.education.user.dao.impl.mapper.UserExtMapper: int updateByPrimaryKey(com.roncoo.education.user.dao.impl.mapper.entity.UserExt)>", index: "0" }
  - { method: "<com.roncoo.education.user.dao.impl.mapper.RegionMapper: int insert(com.roncoo.education.user.dao.impl.mapper.entity.Region)>", index: "0" }
  - { method: "<com.roncoo.education.user.dao.impl.mapper.RegionMapper: int insertSelective(com.roncoo.education.user.dao.impl.mapper.entity.Region)>", index: "0" }
  - { method: "<com.roncoo.education.user.dao.impl.mapper.RegionMapper: java.util.List selectByExample(com.roncoo.education.user.dao.impl.mapper.entity.RegionExample)>", index: "0" }
  - { method: "<com.roncoo.education.user.dao.impl.mapper.RegionMapper: com.roncoo.education.user.dao.impl.mapper.entity.Region selectByPrimaryKey(java.lang.Long)>", index: "0" }
  - { method: "<com.roncoo.education.user.dao.impl.mapper.RegionMapper: int deleteByPrimaryKey(java.lang.Long)>", index: "0" }
  - { method: "<com.roncoo.education.user.dao.impl.mapper.RegionMapper: int updateByPrimaryKeySelective(com.roncoo.education.user.dao.impl.mapper.entity.Region)>", index: "0" }
  - { method: "<com.roncoo.education.user.dao.impl.mapper.RegionMapper: int updateByPrimaryKey(com.roncoo.education.user.dao.impl.mapper.entity.Region)>", index: "0" }

transfers:
  - { method: "<java.lang.String: java.lang.String concat(java.lang.String)>", from: "base", to: "result", type: "java.lang.String" }
  - { method: "<java.lang.String: java.lang.String concat(java.lang.String)>", from: "0", to: "result", type: "java.lang.String" }
  - { method: "<java.lang.String: java.lang.String substring(int)>", from: "base", to: "result", type: "java.lang.String" }
  - { method: "<java.lang.String: java.lang.String substring(int,int)>", from: "base", to: "result", type: "java.lang.String" }
  - { method: "<java.lang.String: java.lang.String replace(char,char)>", from: "base", to: "result", type: "java.lang.String" }
  - { method: "<java.lang.String: java.lang.String replace(java.lang.CharSequence,java.lang.CharSequence)>", from: "base", to: "result", type: "java.lang.String" }
  - { method: "<java.lang.String: java.lang.String replaceAll(java.lang.String,java.lang.String)>", from: "base", to: "result", type: "java.lang.String" }
  - { method: "<java.lang.String: java.lang.String replaceFirst(java.lang.String,java.lang.String)>", from: "base", to: "result", type: "java.lang.String" }
  - { method: "<java.lang.String: java.lang.String trim()>", from: "base", to: "result", type: "java.lang.String" }
  - { method: "<java.lang.String: java.lang.String strip()>", from: "base", to: "result", type: "java.lang.String" }
  - { method: "<java.lang.String: java.lang.String stripLeading()>", from: "base", to: "result", type: "java.lang.String" }
  - { method: "<java.lang.String: java.lang.String stripTrailing()>", from: "base", to: "result", type: "java.lang.String" }
  - { method: "<java.lang.String: java.lang.String toLowerCase()>", from: "base", to: "result", type: "java.lang.String" }
  - { method: "<java.lang.String: java.lang.String toLowerCase(java.util.Locale)>", from: "base", to: "result", type: "java.lang.String" }
  - { method: "<java.lang.String: java.lang.String toUpperCase()>", from: "base", to: "result", type: "java.lang.String" }
  - { method: "<java.lang.String: java.lang.String toUpperCase(java.util.Locale)>", from: "base", to: "result", type: "java.lang.String" }
  - { method: "<java.lang.String: java.lang.String intern()>", from: "base", to: "result", type: "java.lang.String" }
  - { method: "<java.lang.String: java.lang.String valueOf(java.lang.Object)>", from: "0", to: "result", type: "java.lang.String" }
  - { method: "<java.lang.String: java.lang.String valueOf(char[])>", from: "0", to: "result", type: "java.lang.String" }
  - { method: "<java.lang.String: java.lang.String format(java.lang.String,java.lang.Object[])>", from: "0", to: "result", type: "java.lang.String" }
  - { method: "<java.lang.String: java.lang.String format(java.util.Locale,java.lang.String,java.lang.Object[])>", from: "1", to: "result", type: "java.lang.String" }
  - { method: "<java.lang.String: java.lang.String join(java.lang.CharSequence,java.lang.CharSequence[])>", from: "1", to: "result", type: "java.lang.String" }
  - { method: "<java.lang.String: java.lang.String join(java.lang.CharSequence,java.lang.Iterable)>", from: "1", to: "result", type: "java.lang.String" }
  - { method: "<java.lang.String: char[] toCharArray()>", from: "base", to: "result", type: "char[]" }
  - { method: "<java.lang.StringBuilder: java.lang.StringBuilder append(java.lang.String)>", from: "0", to: "base", type: "java.lang.StringBuilder" }
  - { method: "<java.lang.StringBuilder: java.lang.StringBuilder append(java.lang.Object)>", from: "0", to: "base", type: "java.lang.StringBuilder" }
  - { method: "<java.lang.StringBuilder: java.lang.StringBuilder append(java.lang.CharSequence)>", from: "0", to: "base", type: "java.lang.StringBuilder" }
  - { method: "<java.lang.StringBuilder: java.lang.StringBuilder append(char[])>", from: "0", to: "base", type: "java.lang.StringBuilder" }
  - { method: "<java.lang.StringBuilder: java.lang.StringBuilder append(boolean)>", from: "0", to: "base", type: "java.lang.StringBuilder" }
  - { method: "<java.lang.StringBuilder: java.lang.StringBuilder append(int)>", from: "0", to: "base", type: "java.lang.StringBuilder" }
  - { method: "<java.lang.StringBuilder: java.lang.StringBuilder append(long)>", from: "0", to: "base", type: "java.lang.StringBuilder" }
  - { method: "<java.lang.StringBuilder: java.lang.StringBuilder append(java.lang.String)>", from: "base", to: "result", type: "java.lang.StringBuilder" }
  - { method: "<java.lang.StringBuilder: java.lang.StringBuilder append(java.lang.Object)>", from: "base", to: "result", type: "java.lang.StringBuilder" }
  - { method: "<java.lang.StringBuilder: java.lang.StringBuilder append(java.lang.CharSequence)>", from: "base", to: "result", type: "java.lang.StringBuilder" }
  - { method: "<java.lang.StringBuilder: java.lang.String toString()>", from: "base", to: "result", type: "java.lang.String" }
  - { method: "<java.lang.StringBuilder: java.lang.StringBuilder insert(int,java.lang.String)>", from: "1", to: "base", type: "java.lang.StringBuilder" }
  - { method: "<java.lang.StringBuilder: java.lang.StringBuilder insert(int,java.lang.Object)>", from: "1", to: "base", type: "java.lang.StringBuilder" }
  - { method: "<java.lang.StringBuilder: java.lang.StringBuilder insert(int,java.lang.CharSequence)>", from: "1", to: "base", type: "java.lang.StringBuilder" }
  - { method: "<java.lang.StringBuffer: java.lang.StringBuffer append(java.lang.String)>", from: "0", to: "base", type: "java.lang.StringBuffer" }
  - { method: "<java.lang.StringBuffer: java.lang.StringBuffer append(java.lang.Object)>", from: "0", to: "base", type: "java.lang.StringBuffer" }
  - { method: "<java.lang.StringBuffer: java.lang.StringBuffer append(java.lang.String)>", from: "base", to: "result", type: "java.lang.StringBuffer" }
  - { method: "<java.lang.StringBuffer: java.lang.StringBuffer append(java.lang.Object)>", from: "base", to: "result", type: "java.lang.StringBuffer" }
  - { method: "<java.lang.StringBuffer: java.lang.String toString()>", from: "base", to: "result", type: "java.lang.String" }
  - { method: "<java.util.Map: java.lang.Object get(java.lang.Object)>", from: "base", to: "result", type: "java.lang.Object" }
  - { method: "<java.util.HashMap: java.lang.Object get(java.lang.Object)>", from: "base", to: "result", type: "java.lang.Object" }
  - { method: "<java.util.LinkedHashMap: java.lang.Object get(java.lang.Object)>", from: "base", to: "result", type: "java.lang.Object" }
  - { method: "<java.util.TreeMap: java.lang.Object get(java.lang.Object)>", from: "base", to: "result", type: "java.lang.Object" }
  - { method: "<java.util.concurrent.ConcurrentHashMap: java.lang.Object get(java.lang.Object)>", from: "base", to: "result", type: "java.lang.Object" }
  - { method: "<java.util.Map: java.lang.Object put(java.lang.Object,java.lang.Object)>", from: "1", to: "base", type: "java.util.Map" }
  - { method: "<java.util.HashMap: java.lang.Object put(java.lang.Object,java.lang.Object)>", from: "1", to: "base", type: "java.util.HashMap" }
  - { method: "<java.util.Map: void putAll(java.util.Map)>", from: "0", to: "base", type: "java.util.Map" }
  - { method: "<java.util.Map: java.util.Collection values()>", from: "base", to: "result", type: "java.util.Collection" }
  - { method: "<java.util.Map: java.util.Set entrySet()>", from: "base", to: "result", type: "java.util.Set" }
  - { method: "<java.util.Map$Entry: java.lang.Object getValue()>", from: "base", to: "result", type: "java.lang.Object" }
  - { method: "<java.util.Map$Entry: java.lang.Object getKey()>", from: "base", to: "result", type: "java.lang.Object" }
  - { method: "<java.util.List: java.lang.Object get(int)>", from: "base", to: "result", type: "java.lang.Object" }
  - { method: "<java.util.ArrayList: java.lang.Object get(int)>", from: "base", to: "result", type: "java.lang.Object" }
  - { method: "<java.util.LinkedList: java.lang.Object get(int)>", from: "base", to: "result", type: "java.lang.Object" }
  - { method: "<java.util.List: boolean add(java.lang.Object)>", from: "0", to: "base", type: "java.util.List" }
  - { method: "<java.util.ArrayList: boolean add(java.lang.Object)>", from: "0", to: "base", type: "java.util.ArrayList" }
  - { method: "<java.util.LinkedList: boolean add(java.lang.Object)>", from: "0", to: "base", type: "java.util.LinkedList" }
  - { method: "<java.util.Collection: boolean add(java.lang.Object)>", from: "0", to: "base", type: "java.util.Collection" }
  - { method: "<java.util.Iterator: java.lang.Object next()>", from: "base", to: "result", type: "java.lang.Object" }
  - { method: "<java.util.ListIterator: java.lang.Object next()>", from: "base", to: "result", type: "java.lang.Object" }
  - { method: "<java.util.Optional: java.lang.Object get()>", from: "base", to: "result", type: "java.lang.Object" }
  - { method: "<java.util.Optional: java.lang.Object orElse(java.lang.Object)>", from: "base", to: "result", type: "java.lang.Object" }
  - { method: "<java.util.Optional: java.lang.Object orElseGet(java.util.function.Supplier)>", from: "base", to: "result", type: "java.lang.Object" }
  - { method: "<java.util.Optional: java.util.Optional of(java.lang.Object)>", from: "0", to: "result", type: "java.util.Optional" }
  - { method: "<java.util.Optional: java.util.Optional ofNullable(java.lang.Object)>", from: "0", to: "result", type: "java.util.Optional" }
  - { method: "<java.lang.Object: java.lang.String toString()>", from: "base", to: "result", type: "java.lang.String" }
  - { method: "<java.lang.ThreadLocal: java.lang.Object get()>", from: "base", to: "result", type: "java.lang.Object" }

Initializing global bean mock objects for beans...
Initialized 293 global bean objects.
Added entry point (Empty): <com.roncoo.education.app.gateway.IndexController: reactor.core.publisher.Mono index()>
Added entry point (Empty): <com.roncoo.education.app.gateway.swagger.SwaggerHandler: reactor.core.publisher.Mono securityConfiguration()>
Added entry point (Empty): <com.roncoo.education.app.gateway.swagger.SwaggerHandler: reactor.core.publisher.Mono uiConfiguration()>
Added entry point (Empty): <com.roncoo.education.app.gateway.swagger.SwaggerHandler: reactor.core.publisher.Mono swaggerResources()>
Added entry point (Empty): <com.roncoo.education.course.service.api.ApiCourseCategoryController: com.roncoo.education.common.core.base.Result list()>
Concrete class not found for type: org.springframework.web.multipart.support.StandardMultipartFile
Concrete class not found for type: org.springframework.web.multipart.support.StandardMultipartFile
Concrete class not found for type: org.springframework.web.multipart.support.StandardMultipartFile
Concrete class not found for type: javax.servlet.http.HttpServletRequestWrapper
Added entry point (Empty): <com.roncoo.education.course.service.pc.PcApiCourseController: com.roncoo.education.common.core.base.Result addEs()>
Concrete class not found for type: org.springframework.web.multipart.support.StandardMultipartFile
Concrete class not found for type: org.springframework.web.multipart.support.StandardMultipartFile
Added entry point (Empty): <com.roncoo.education.system.service.api.ApiNavBarController: com.roncoo.education.common.core.base.Result list()>
Added entry point (Empty): <com.roncoo.education.system.service.api.ApiWebsiteController: com.roncoo.education.common.core.base.Result get()>
Added entry point (Empty): <com.roncoo.education.system.service.api.ApiWebsiteLinkController: com.roncoo.education.common.core.base.Result list()>
Added entry point (Empty): <com.roncoo.education.system.service.api.ApiWebsiteNavController: com.roncoo.education.common.core.base.Result list()>
Added entry point (Empty): <com.roncoo.education.system.service.pc.PcApiSysController: com.roncoo.education.common.core.base.Result view()>
Added entry point (Empty): <com.roncoo.education.system.service.pc.PcApiWebsiteController: com.roncoo.education.common.core.base.Result view()>
Initializing global aspect mock objects...
No bean found for concrete class: org.springframework.data.elasticsearch.core.ElasticsearchRestTemplate
No bean found for concrete class: org.springframework.data.elasticsearch.core.ElasticsearchRestTemplate
No bean found for concrete class: org.springframework.data.redis.core.RedisTemplate
No bean found for concrete class: org.springframework.data.redis.core.RedisTemplate
No bean found for concrete class: org.springframework.data.redis.core.RedisTemplate
No bean found for concrete class: org.springframework.data.redis.core.RedisTemplate
No bean found for concrete class: org.springframework.data.redis.core.RedisTemplate
No bean found for concrete class: org.springframework.data.redis.core.RedisTemplate
No bean found for concrete class: org.springframework.data.redis.core.RedisTemplate
No bean found for concrete class: org.springframework.data.redis.core.RedisTemplate
No bean found for concrete class: org.springframework.cloud.gateway.route.RouteLocator
No bean found for concrete class: org.springframework.cloud.gateway.config.GatewayProperties
No bean found for concrete class: org.springframework.data.elasticsearch.core.ElasticsearchRestTemplate
No bean found for concrete class: org.springframework.data.elasticsearch.core.ElasticsearchRestTemplate
No bean found for concrete class: org.springframework.data.elasticsearch.core.ElasticsearchRestTemplate
No bean found for concrete class: org.springframework.data.elasticsearch.core.ElasticsearchRestTemplate
[Pointer analysis] elapsed time: 0.16s
Detected 0 taint flow(s):
TFGDumper starts ...
Source nodes:
VarNode{<com.roncoo.education.course.service.auth.AuthApiCourseChapterPeriodAuditController: com.roncoo.education.common.core.base.Result listByChapterId(com.roncoo.education.course.service.auth.bo.AuthCourseChapterPeriodAuditBO)>/authCourseChapterPeriodAuditBO}
VarNode{<com.roncoo.education.course.service.auth.AuthApiCourseVideoController: com.roncoo.education.common.core.base.Result listByPeriodId(com.roncoo.education.course.service.auth.bo.AuthPeriodIdVideoBO)>/authCourseVideoBO}
VarNode{<com.roncoo.education.user.service.auth.AuthApiLecturerProfitController: com.roncoo.education.common.core.base.Result save(com.roncoo.education.user.service.auth.bo.AuthLecturerProfitSaveBO)>/authLecturerProfitSaveBO}
VarNode{<com.roncoo.education.user.service.pc.PcApiUserExtController: com.roncoo.education.common.core.base.Result update(com.roncoo.education.user.service.pc.req.UserExtUpdateREQ)>/userExtUpdateREQ}
VarNode{<com.roncoo.education.system.service.pc.PcApiSysRoleController: com.roncoo.education.common.core.base.Result delete(com.roncoo.education.system.service.pc.req.SysRoleDeleteREQ)>/sysRoleDeleteREQ}
VarNode{<com.roncoo.education.course.service.pc.PcApiAdvController: com.roncoo.education.common.core.base.Result update(com.roncoo.education.course.service.pc.req.AdvUpdateREQ)>/advUpdateREQ}
VarNode{<com.roncoo.education.user.service.pc.PcApiLecturerAuditController: com.roncoo.education.common.core.base.Result save(com.roncoo.education.user.service.pc.req.LecturerAuditSaveREQ)>/lecturerAuditSaveREQ}
VarNode{<com.roncoo.education.system.service.pc.PcApiMsgUserController: com.roncoo.education.common.core.base.Result list(com.roncoo.education.system.service.pc.req.MsgUserPageREQ)>/msgUserPageREQ}
VarNode{<com.roncoo.education.course.service.auth.AuthApiCourseChapterAuditController: com.roncoo.education.common.core.base.Result listByCourseNo(com.roncoo.education.course.service.auth.bo.AuthCourseChapterAuditBO)>/authCourseChapterAuditBO}
VarNode{<com.roncoo.education.course.service.pc.PcApiCourseAuditController: com.roncoo.education.common.core.base.Result audit(com.roncoo.education.course.service.pc.req.CourseAuditAuditStatusREQ)>/courseAuditAuditStatusREQ}
VarNode{<com.roncoo.education.system.service.pc.PcApiSysUserController: com.roncoo.education.common.core.base.Result save(com.roncoo.education.system.service.pc.req.SysUserSaveREQ)>/sysUserSaveREQ}
VarNode{<com.roncoo.education.system.service.api.ApiWebsiteNavArticleController: com.roncoo.education.common.core.base.Result get(com.roncoo.education.system.service.api.bo.WebsiteNavArticleBO)>/websiteNavArticleBO}
VarNode{<com.roncoo.education.system.service.pc.PcApiSysEnumController: com.roncoo.education.common.core.base.Result getEnumInfo(com.roncoo.education.system.service.api.bo.SysEnumBO)>/sysEnumBO}
VarNode{<com.roncoo.education.course.service.callback.CallbackPolyvController: java.lang.String callbackPolyvVideo(com.roncoo.education.common.core.polyv.PolyvVideo)>/polyvVideo}
VarNode{<com.roncoo.education.system.service.pc.PcApiMsgController: com.roncoo.education.common.core.base.Result save(com.roncoo.education.system.service.pc.req.MsgSaveREQ)>/msgSaveREQ}
VarNode{<com.roncoo.education.course.service.auth.AuthApiCourseChapterAuditController: com.roncoo.education.common.core.base.Result view(com.roncoo.education.course.service.auth.bo.AuthCourseChapterAuditViewBO)>/authCourseChapterAuditViewBO}
VarNode{<com.roncoo.education.system.service.auth.AuthApiMsgUser: com.roncoo.education.common.core.base.Result list(com.roncoo.education.system.service.auth.bo.MsgUserBO)>/msgUserBO}
VarNode{<com.roncoo.education.course.service.auth.AuthApiCourseChapterAuditController: com.roncoo.education.common.core.base.Result sort(com.roncoo.education.course.service.auth.bo.AuthCourseChapterAuditSortBO)>/authCourseChapterAuditSortBO}
VarNode{<com.roncoo.education.course.service.callback.CallbackPolyvController: java.lang.String callbackPolyvAuth(com.roncoo.education.common.core.polyv.PolyvAuth,javax.servlet.http.HttpServletRequest)>/polyvAuth}
VarNode{<com.roncoo.education.system.service.pc.PcApiSysRoleUserController: com.roncoo.education.common.core.base.Result list(com.roncoo.education.system.service.pc.req.SysRoleUserListREQ)>/sysRoleUserListREQ}
VarNode{<com.roncoo.education.course.service.auth.AuthApiCourseUserStudyLogController: com.roncoo.education.common.core.base.Result list(com.roncoo.education.course.service.auth.bo.AuthCourseUserStudyLogPageBO)>/authCourseUserStudyLogPageBO}
VarNode{<com.roncoo.education.user.service.pc.PcApiLecturerProfitController: com.roncoo.education.common.core.base.Result update(com.roncoo.education.user.service.pc.req.LecturerProfitUpdateREQ)>/LecturerProfitUpdateREQ}
VarNode{<com.roncoo.education.user.service.pc.PcApiLecturerAuditController: com.roncoo.education.common.core.base.Result view(com.roncoo.education.user.service.pc.req.LecturerAuditViewREQ)>/lecturerAuditViewREQ}
VarNode{<com.roncoo.education.course.service.pc.PcApiCourseRecommendController: com.roncoo.education.common.core.base.Result save(com.roncoo.education.course.service.pc.req.CourseRecommendSaveREQ)>/courseRecommendSaveREQ}
VarNode{<com.roncoo.education.course.service.api.ApiCourseController: com.roncoo.education.common.core.base.Result view(com.roncoo.education.course.service.api.bo.CourseInfoSearchBO)>/courseInfoSearchBO}
VarNode{<com.roncoo.education.course.service.pc.PcApiCourseCategoryController: com.roncoo.education.common.core.base.Result view(com.roncoo.education.course.service.pc.req.CourseCategoryViewREQ)>/courseCategoryViewREQ}
VarNode{<com.roncoo.education.system.service.pc.PcApiSysRoleController: com.roncoo.education.common.core.base.Result save(com.roncoo.education.system.service.pc.req.SysRoleSaveREQ)>/sysRoleSaveREQ}
VarNode{<com.roncoo.education.system.service.pc.PcApiSysLogController: com.roncoo.education.common.core.base.Result list(com.roncoo.education.system.service.pc.req.SysLogPageREQ)>/sysLogPageREQ}
VarNode{<com.roncoo.education.course.service.pc.PcApiAdvController: com.roncoo.education.common.core.base.Result list(com.roncoo.education.course.service.pc.req.AdvPageREQ)>/advPageREQ}
VarNode{<com.roncoo.education.course.service.pc.PcApiCourseAuditController: com.roncoo.education.common.core.base.Result get(com.roncoo.education.course.service.pc.req.CourseAuditGetREQ)>/courseAuditGetREQ}
VarNode{<com.roncoo.education.system.service.pc.PcApiMsgController: com.roncoo.education.common.core.base.Result list(com.roncoo.education.system.service.pc.req.MsgPageREQ)>/msgPageREQ}
VarNode{<com.roncoo.education.course.service.api.ApiCourseRecommendController: com.roncoo.education.common.core.base.Result list(com.roncoo.education.course.service.api.bo.CourseRecommendBO)>/courseRecommendBO}
VarNode{<com.roncoo.education.user.service.api.ApiUserInfoController: com.roncoo.education.common.core.base.Result register(com.roncoo.education.user.service.api.bo.UserRegisterBO)>/userRegisterBO}
VarNode{<com.roncoo.education.system.service.pc.PcApiSysMenuRoleController: com.roncoo.education.common.core.base.Result save(com.roncoo.education.system.service.pc.req.SysMenuRoleSaveREQ)>/sysMenuRoleSaveREQ}
VarNode{<com.roncoo.education.user.service.auth.AuthApiLecturerAuditController: com.roncoo.education.common.core.base.Result save(com.roncoo.education.user.service.auth.bo.AuthLecturerAuditSaveBO)>/authLecturerAuditSaveBO}
VarNode{<com.roncoo.education.course.service.auth.AuthApiCourseAuditController: com.roncoo.education.common.core.base.Result delete(com.roncoo.education.course.service.auth.bo.AuthCourseAuditDeleteBO)>/authCourseAuditDeleteBO}
VarNode{<com.roncoo.education.course.service.auth.AuthApiOrderInfoController: com.roncoo.education.common.core.base.Result listForPage(com.roncoo.education.course.service.auth.bo.AuthOrderInfoListBO)>/authOrderInfoListBO}
VarNode{<com.roncoo.education.system.service.pc.PcApiSysMenuController: com.roncoo.education.common.core.base.Result buttonList(com.roncoo.education.system.service.pc.req.SysMenuUserListREQ)>/sysMenuUserListREQ}
VarNode{<com.roncoo.education.user.service.auth.AuthApiLecturerProfitController: com.roncoo.education.common.core.base.Result list(com.roncoo.education.user.service.auth.bo.AuthLecturerProfitPageBO)>/authLecturerProfitPageBO}
VarNode{<com.roncoo.education.course.service.pc.PcApiZoneController: com.roncoo.education.common.core.base.Result update(com.roncoo.education.course.service.pc.req.ZoneUpdateREQ)>/zoneUpdateREQ}
VarNode{<com.roncoo.education.course.service.pc.PcApiOrderInfoController: com.roncoo.education.common.core.base.Result statistical(com.roncoo.education.course.service.pc.req.OrderInfoStatisticalREQ)>/orderInfoStatisticalREQ}
VarNode{<com.roncoo.education.user.service.api.ApiUserInfoController: com.roncoo.education.common.core.base.Result updatePassword(com.roncoo.education.user.service.auth.bo.UserUpdateBO)>/userUpdateBO}
VarNode{<com.roncoo.education.system.service.pc.PcApiWebsiteNavArticleController: com.roncoo.education.common.core.base.Result view(com.roncoo.education.system.service.pc.req.WebsiteNavArticleViewREQ)>/websiteNavArticleViewREQ}
VarNode{<com.roncoo.education.user.service.pc.PcApiLecturerController: com.roncoo.education.common.core.base.Result view(com.roncoo.education.user.service.pc.req.LecturerViewREQ)>/lecturerViewREQ}
VarNode{<com.roncoo.education.course.service.auth.AuthApiCourseVideoController: com.roncoo.education.common.core.base.Result save(com.roncoo.education.course.service.auth.bo.AuthCourseVideoSaveBO)>/authCourseVideoSaveBO}
VarNode{<com.roncoo.education.user.service.auth.AuthApiLecturerAuditController: com.roncoo.education.common.core.base.Result update(com.roncoo.education.user.service.auth.bo.AuthLecturerAuditBO)>/authLecturerAuditBO}
VarNode{<com.roncoo.education.course.service.pc.PcApiCourseRecommendController: com.roncoo.education.common.core.base.Result delete(com.roncoo.education.course.service.pc.req.CourseRecommendDeleteREQ)>/courseRecommendDeleteREQ}
VarNode{<com.roncoo.education.system.service.pc.PcApiNavBarController: com.roncoo.education.common.core.base.Result delete(com.roncoo.education.system.service.pc.req.NavBarDeleteREQ)>/navBarDeleteREQ}
VarNode{<com.roncoo.education.user.service.auth.AuthApiLecturerExtController: com.roncoo.education.common.core.base.Result view(com.roncoo.education.user.service.auth.bo.AuthLecturerExtViewBO)>/authLecturerExtViewBO}
VarNode{<com.roncoo.education.system.service.pc.PcApiSysRoleController: com.roncoo.education.common.core.base.Result update(com.roncoo.education.system.service.pc.req.SysRoleUpdateREQ)>/sysRoleUpdateREQ}
VarNode{<com.roncoo.education.user.service.pc.PcApiUserExtController: com.roncoo.education.common.core.base.Result listForPage(com.roncoo.education.user.service.pc.req.UserExtPageREQ)>/userExtREQ}
VarNode{<com.roncoo.education.course.service.pc.PcApiCourseRecommendController: com.roncoo.education.common.core.base.Result listForPage(com.roncoo.education.course.service.pc.req.CourseRecommendPageREQ)>/courseRecommendPageREQ}
VarNode{<com.roncoo.education.user.service.pc.PcApiLecturerProfitController: com.roncoo.education.common.core.base.Result listForPage(com.roncoo.education.user.service.pc.req.LecturerProfitPageREQ)>/lecturerProfitPageREQ}
VarNode{<com.roncoo.education.system.service.pc.PcApiWebsiteLinkController: com.roncoo.education.common.core.base.Result view(com.roncoo.education.system.service.pc.req.WebsiteLinkViewREQ)>/websiteLinkViewREQ}
VarNode{<com.roncoo.education.course.service.pc.PcApiZoneController: com.roncoo.education.common.core.base.Result delete(com.roncoo.education.course.service.pc.req.ZoneDeleteREQ)>/zoneDeleteREQ}
VarNode{<com.roncoo.education.system.service.pc.PcApiSysController: com.roncoo.education.common.core.base.Result update(com.roncoo.education.system.service.pc.req.SysUpdateRESQ)>/sysUpdateRESQ}
VarNode{<com.roncoo.education.course.service.auth.AuthApiCourseChapterAuditController: com.roncoo.education.common.core.base.Result delete(com.roncoo.education.course.service.auth.bo.AuthCourseChapterAuditDeleteBO)>/authCourseChapterAuditDeleteBO}
VarNode{<com.roncoo.education.course.service.pc.PcApiCourseController: com.roncoo.education.common.core.base.Result update(com.roncoo.education.course.service.pc.req.CourseUpdateREQ)>/courseUpdateREQ}
VarNode{<com.roncoo.education.course.service.pc.PcApiZoneCourseController: com.roncoo.education.common.core.base.Result listForPage(com.roncoo.education.course.service.pc.req.ZoneCoursePageREQ)>/zoneCoursePageREQ}
VarNode{<com.roncoo.education.system.service.pc.PcApiSysUserController: com.roncoo.education.common.core.base.Result update(com.roncoo.education.system.service.pc.req.SysUserUpdateREQ)>/sysUserUpdateREQ}
VarNode{<com.roncoo.education.course.service.auth.AuthApiCourseController: com.roncoo.education.common.core.base.Result view(com.roncoo.education.course.service.auth.bo.AuthCourseViewBO)>/authCourseViewBO}
VarNode{<com.roncoo.education.system.service.pc.PcApiSysMenuController: com.roncoo.education.common.core.base.Result save(com.roncoo.education.system.service.pc.req.SysMenuSaveREQ)>/sysMenuSaveREQ}
VarNode{<com.roncoo.education.course.service.auth.AuthApiCourseChapterPeriodAuditController: com.roncoo.education.common.core.base.Result view(com.roncoo.education.course.service.auth.bo.AuthCourseChapterPeriodAuditViewBO)>/authCourseChapterPeriodAuditViewBO}
VarNode{<com.roncoo.education.course.service.pc.PcApiCourseAuditController: com.roncoo.education.common.core.base.Result list(com.roncoo.education.course.service.pc.req.CourseAuditPageREQ)>/courseAuditPageREQ}
VarNode{<com.roncoo.education.user.service.pc.PcApiLecturerController: com.roncoo.education.common.core.base.Result update(com.roncoo.education.user.service.pc.req.LecturerUpdateREQ)>/lecturerViewUpdateREQ}
VarNode{<com.roncoo.education.course.service.pc.PcApiZoneCourseController: com.roncoo.education.common.core.base.Result update(com.roncoo.education.course.service.pc.req.ZoneCourseUpdateREQ)>/zoneCourseUpdateREQ}
VarNode{<com.roncoo.education.user.service.api.ApiRegionController: com.roncoo.education.common.core.base.Result listForProvince(com.roncoo.education.user.service.api.bo.UserRegionProvinceBO)>/userRegionProvinceBO}
VarNode{<com.roncoo.education.system.service.pc.PcApiWebsiteLinkController: com.roncoo.education.common.core.base.Result delete(com.roncoo.education.system.service.pc.req.WebsiteLinkDeleteREQ)>/websiteLinkDeleteREQ}
VarNode{<com.roncoo.education.system.service.pc.PcApiSysUserController: com.roncoo.education.common.core.base.Result updatePassword(com.roncoo.education.system.service.pc.req.SysUserUpdatePasswordREQ)>/sysUserUpdatePasswordREQ}
VarNode{<com.roncoo.education.system.service.pc.PcApiMsgTemplateController: com.roncoo.education.common.core.base.Result update(com.roncoo.education.system.service.pc.req.MsgTemplateUpdeteREQ)>/msgTemplateUpdeteREQ}
VarNode{<com.roncoo.education.user.service.pc.PcApiPlatformController: com.roncoo.education.common.core.base.Result update(com.roncoo.education.user.service.pc.req.PlatformUpdateREQ)>/platformUpdateREQ}
VarNode{<com.roncoo.education.system.service.pc.PcApiNavBarController: com.roncoo.education.common.core.base.Result list(com.roncoo.education.system.service.pc.req.NavBarPageREQ)>/navBarPageREQ}
VarNode{<com.roncoo.education.course.service.pc.PcApiCourseAuditController: com.roncoo.education.common.core.base.Result view(com.roncoo.education.course.service.pc.req.CourseAuditViewREQ)>/courseAuditViewREQ}
VarNode{<com.roncoo.education.course.service.pc.PcApiAdvController: com.roncoo.education.common.core.base.Result view(com.roncoo.education.course.service.pc.req.AdvViewREQ)>/advViewREQ}
VarNode{<com.roncoo.education.user.service.auth.AuthApiUserExtController: com.roncoo.education.common.core.base.Result view(com.roncoo.education.user.service.auth.bo.AuthUserExtViewBO)>/authUserExtViewBO}
VarNode{<com.roncoo.education.user.service.api.ApiUserInfoController: com.roncoo.education.common.core.base.Result loginPassword(com.roncoo.education.user.service.api.bo.UserLoginPasswordBO)>/userLoginPasswordBO}
VarNode{<com.roncoo.education.user.service.api.ApiRegionController: com.roncoo.education.common.core.base.Result listForCity(com.roncoo.education.user.service.api.bo.UserRegionCityIdBO)>/userRegionCityIdBO}
VarNode{<com.roncoo.education.system.service.pc.PcApiSysRoleUserController: com.roncoo.education.common.core.base.Result save(com.roncoo.education.system.service.pc.req.SysRoleUserSaveREQ)>/sysRoleUserSaveREQ}
VarNode{<com.roncoo.education.user.service.pc.PcApiLecturerAuditController: com.roncoo.education.common.core.base.Result update(com.roncoo.education.user.service.pc.req.LecturerAuditUpdateREQ)>/lecturerAuditUpdateREQ}
VarNode{<com.roncoo.education.user.service.pc.PcApiLecturerController: com.roncoo.education.common.core.base.Result listForPage(com.roncoo.education.user.service.pc.req.LecturerPageREQ)>/lecturerPageREQ}
VarNode{<com.roncoo.education.course.service.auth.AuthApiCourseChapterPeriodAuditController: com.roncoo.education.common.core.base.Result update(com.roncoo.education.course.service.auth.bo.AuthCourseChapterPeriodAuditUpdateBO)>/authCourseChapterPeriodAuditUpdateBO}
VarNode{<com.roncoo.education.user.service.pc.PcApiLecturerAuditController: com.roncoo.education.common.core.base.Result check(com.roncoo.education.user.service.pc.req.LecturerAuditCheckMobileREQ)>/lecturerAuditCheckMobileREQ}
VarNode{<com.roncoo.education.user.service.api.ApiRegionController: com.roncoo.education.common.core.base.Result listForLevel(com.roncoo.education.user.service.api.bo.UserRegionLevelBO)>/userRegionLevelBO}
VarNode{<com.roncoo.education.system.service.pc.PcApiWebsiteNavController: com.roncoo.education.common.core.base.Result list(com.roncoo.education.system.service.pc.req.WebsiteNavPageREQ)>/websiteNavPageREQ}
VarNode{<com.roncoo.education.system.service.auth.AuthApiMsgUser: com.roncoo.education.common.core.base.Result getNumOfUnReadMsg(com.roncoo.education.system.service.auth.bo.MsgReadBO)>/msgReadBO}
VarNode{<com.roncoo.education.system.service.pc.PcApiSysMenuController: com.roncoo.education.common.core.base.Result view(com.roncoo.education.system.service.pc.req.SysMenuViewREQ)>/sysMenuViewREQ}
VarNode{<com.roncoo.education.course.service.api.ApiAdvController: com.roncoo.education.common.core.base.Result list(com.roncoo.education.course.service.api.bo.AdvBO)>/advBO}
VarNode{<com.roncoo.education.course.service.auth.AuthApiOrderInfoController: com.roncoo.education.common.core.base.Result continuePay(com.roncoo.education.course.service.auth.bo.AuthOrderInfoContinuePayBO)>/authOrderInfoContinuePayBO}
VarNode{<com.roncoo.education.user.service.pc.PcApiSendSmsLogController: com.roncoo.education.common.core.base.Result send(com.roncoo.education.user.service.pc.req.SendSmsLogSendREQ)>/sendSmsLogSendREQ}
VarNode{<com.roncoo.education.course.service.pc.PcApiZoneCourseController: com.roncoo.education.common.core.base.Result save(com.roncoo.education.course.service.pc.req.ZoneCourseSaveREQ)>/zoneCourseSaveREQ}
VarNode{<com.roncoo.education.system.service.pc.PcApiSysMenuController: com.roncoo.education.common.core.base.Result update(com.roncoo.education.system.service.pc.req.SysMenuUpdateREQ)>/sysMenuUpdateREQ}
VarNode{<com.roncoo.education.system.service.pc.PcApiWebsiteController: com.roncoo.education.common.core.base.Result update(com.roncoo.education.system.service.pc.req.WebsiteUpdateREQ)>/websiteUpdateREQ}
VarNode{<com.roncoo.education.system.service.pc.PcApiWebsiteNavController: com.roncoo.education.common.core.base.Result delete(com.roncoo.education.system.service.pc.req.WebsiteNavDeleteREQ)>/websiteNavDeleteREQ}
VarNode{<com.roncoo.education.course.service.pc.PcApiOrderInfoController: com.roncoo.education.common.core.base.Result listForPage(com.roncoo.education.course.service.pc.req.OrderInfoPageREQ)>/orderInfoPageREQ}
VarNode{<com.roncoo.education.system.service.pc.PcApiMsgUserController: com.roncoo.education.common.core.base.Result delete(com.roncoo.education.system.service.pc.req.MsgUserDeleteREQ)>/msgUserDeleteREQ}
VarNode{<com.roncoo.education.course.service.pc.PcApiCourseCategoryController: com.roncoo.education.common.core.base.Result listForPage(com.roncoo.education.course.service.pc.req.CourseCategoryPageREQ)>/courseCategoryPageREQ}
VarNode{<com.roncoo.education.user.service.pc.PcApiUserExtController: com.roncoo.education.common.core.base.Result view(com.roncoo.education.user.service.pc.req.UserExtViewREQ)>/userExtViewREQ}
VarNode{<com.roncoo.education.system.service.pc.PcApiSysMenuController: com.roncoo.education.common.core.base.Result list(com.roncoo.education.system.service.pc.req.SysMenuUserListREQ)>/sysMenuUserListREQ}
VarNode{<com.roncoo.education.course.service.auth.AuthApiCourseChapterPeriodAuditController: com.roncoo.education.common.core.base.Result delete(com.roncoo.education.course.service.auth.bo.AuthCourseChapterPeriodAuditDeleteBO)>/authCourseChapterPeriodAuditDeleteBO}
VarNode{<com.roncoo.education.course.service.pc.PcApiOrderInfoController: com.roncoo.education.common.core.base.Result update(com.roncoo.education.course.service.pc.req.OrderInfoUpdateREQ)>/orderInfoUpdateREQ}
VarNode{<com.roncoo.education.system.service.pc.PcApiWebsiteNavController: com.roncoo.education.common.core.base.Result update(com.roncoo.education.system.service.pc.req.WebsiteNavUpdateREQ)>/websiteNavUpdateREQ}
VarNode{<com.roncoo.education.user.service.pc.PcApiPlatformController: com.roncoo.education.common.core.base.Result view(com.roncoo.education.user.service.pc.req.PlatformViewREQ)>/platformViewREQ}
VarNode{<com.roncoo.education.system.service.auth.AuthApiMsg: com.roncoo.education.common.core.base.Result view(com.roncoo.education.system.service.auth.bo.MsgViewBO)>/MsgViewBO}
VarNode{<com.roncoo.education.course.service.auth.AuthApiOrderInfoController: com.roncoo.education.common.core.base.Result close(com.roncoo.education.course.service.api.bo.OrderInfoCloseBO)>/orderInfoCloseBO}
VarNode{<com.roncoo.education.system.service.pc.PcApiWebsiteLinkController: com.roncoo.education.common.core.base.Result list(com.roncoo.education.system.service.pc.req.WebsiteLinkPageREQ)>/websiteLinkPageREQ}
VarNode{<com.roncoo.education.course.service.auth.AuthApiCourseAuditController: com.roncoo.education.common.core.base.Result save(com.roncoo.education.course.service.auth.bo.AuthCourseAuditSaveBO)>/authCourseAuditSaveBO}
VarNode{<com.roncoo.education.user.service.auth.AuthApiLecturerExtController: com.roncoo.education.common.core.base.Result updateBackInfo(com.roncoo.education.user.service.auth.bo.AuthUserExtBankBO)>/authUserExtBankBO}
VarNode{<com.roncoo.education.course.service.auth.AuthApiCourseAuditController: com.roncoo.education.common.core.base.Result update(com.roncoo.education.course.service.auth.bo.AuthCourseAuditUpdateBO)>/authCourseAuditUpdateBO}
VarNode{<com.roncoo.education.system.service.pc.PcApiWebsiteNavController: com.roncoo.education.common.core.base.Result save(com.roncoo.education.system.service.pc.req.WebsiteNavSaveREQ)>/websiteNavSaveREQ}
VarNode{<com.roncoo.education.user.service.api.ApiUserInfoController: com.roncoo.education.common.core.base.Result loginCode(com.roncoo.education.user.service.api.bo.UserLoginCodeBO)>/userLoginCodeBO}
VarNode{<com.roncoo.education.course.service.pc.PcApiZoneController: com.roncoo.education.common.core.base.Result listForPage(com.roncoo.education.course.service.pc.req.ZonePageREQ)>/zonePageREQ}
VarNode{<com.roncoo.education.user.service.pc.PcApiPlatformController: com.roncoo.education.common.core.base.Result listForPage(com.roncoo.education.user.service.pc.req.PlatformPageREQ)>/platformPageREQ}
VarNode{<com.roncoo.education.course.service.auth.AuthApiCourseController: com.roncoo.education.common.core.base.Result sign(com.roncoo.education.course.service.auth.bo.AuthCourseSignBO)>/authCourseSignBO}
VarNode{<com.roncoo.education.course.service.api.ApiCourseController: com.roncoo.education.common.core.base.Result view(com.roncoo.education.course.service.api.bo.CourseVideoBO)>/courseVideoBO}
VarNode{<com.roncoo.education.course.service.pc.PcApiCourseRecommendController: com.roncoo.education.common.core.base.Result view(com.roncoo.education.course.service.pc.req.CourseRecommendViewREQ)>/courseRecommendViewREQ}
VarNode{<com.roncoo.education.course.service.auth.AuthApiOrderInfoController: com.roncoo.education.common.core.base.Result view(com.roncoo.education.course.service.auth.bo.AuthOrderInfoViewBO)>/authOrderInfoViewBO}
VarNode{<com.roncoo.education.course.service.pc.PcApiZoneController: com.roncoo.education.common.core.base.Result view(com.roncoo.education.course.service.pc.req.ZoneViewREQ)>/zoneViewREQ}
VarNode{<com.roncoo.education.system.service.auth.AuthApiMsgUser: com.roncoo.education.common.core.base.Result readMsg(com.roncoo.education.system.service.auth.bo.MsgViewBO)>/MsgViewBO}
VarNode{<com.roncoo.education.course.service.auth.AuthApiCourseChapterPeriodAuditController: com.roncoo.education.common.core.base.Result save(com.roncoo.education.course.service.auth.bo.AuthCourseChapterPeriodAuditSaveBO)>/authCourseChapterPeriodAuditSaveBO}
VarNode{<com.roncoo.education.system.service.pc.PcApiWebsiteLinkController: com.roncoo.education.common.core.base.Result save(com.roncoo.education.system.service.pc.req.WebsiteLinkSaveREQ)>/websiteLinkSaveREQ}
VarNode{<com.roncoo.education.system.service.pc.PcApiMsgController: com.roncoo.education.common.core.base.Result update(com.roncoo.education.system.service.pc.req.MsgUpdateREQ)>/msgUpdateREQ}
VarNode{<com.roncoo.education.system.service.pc.PcApiMsgTemplateController: com.roncoo.education.common.core.base.Result list(com.roncoo.education.system.service.pc.req.MsgTemplatePageREQ)>/msgTemplatePageREQ}
VarNode{<com.roncoo.education.course.service.pc.PcApiCourseCategoryController: com.roncoo.education.common.core.base.Result delete(com.roncoo.education.course.service.pc.req.CourseCategoryDeleteREQ)>/courseCategoryDeleteREQ}
VarNode{<com.roncoo.education.system.service.pc.PcApiWebsiteLinkController: com.roncoo.education.common.core.base.Result update(com.roncoo.education.system.service.pc.req.WebsiteLinkUpdateREQ)>/websiteLinkUpdateREQ}
VarNode{<com.roncoo.education.system.service.pc.PcApiMsgController: com.roncoo.education.common.core.base.Result view(com.roncoo.education.system.service.pc.req.MsgViewREQ)>/msgViewREQ}
VarNode{<com.roncoo.education.course.service.pc.PcApiZoneController: com.roncoo.education.common.core.base.Result save(com.roncoo.education.course.service.pc.req.ZoneSaveREQ)>/zoneSaveREQ}
VarNode{<com.roncoo.education.course.service.auth.AuthApiCourseChapterAuditController: com.roncoo.education.common.core.base.Result save(com.roncoo.education.course.service.auth.bo.AuthCourseChapterAuditSaveBO)>/authCourseChapterAuditSaveBO}
VarNode{<com.roncoo.education.system.service.pc.PcApiSysMenuController: com.roncoo.education.common.core.base.Result delete(com.roncoo.education.system.service.pc.req.SysMenuDeleteREQ)>/sysMenuDeleteREQ}
VarNode{<com.roncoo.education.course.service.pc.PcApiCourseCategoryController: com.roncoo.education.common.core.base.Result save(com.roncoo.education.course.service.pc.req.CourseCategorySaveREQ)>/courseCategorySaveREQ}
VarNode{<com.roncoo.education.user.service.auth.AuthApiUserExtController: com.roncoo.education.common.core.base.Result update(com.roncoo.education.user.service.auth.bo.AuthUserExtBO)>/authUserExtBO}
VarNode{<com.roncoo.education.system.service.pc.PcApiSysUserController: com.roncoo.education.common.core.base.Result view(com.roncoo.education.system.service.pc.req.SysUserViewREQ)>/sysUserViewREQ}
VarNode{<com.roncoo.education.course.service.auth.AuthApiCourseChapterPeriodAuditController: com.roncoo.education.common.core.base.Result sort(com.roncoo.education.course.service.auth.bo.AuthCourseChapterPeriodAuditSortBO)>/authCourseChapterPeriodAuditSortBO}
VarNode{<com.roncoo.education.user.service.pc.PcApiUserController: com.roncoo.education.common.core.base.Result listForPage(com.roncoo.education.user.service.pc.req.UserPageREQ)>/userPageREQ}
VarNode{<com.roncoo.education.system.service.pc.PcApiMsgController: com.roncoo.education.common.core.base.Result delete(com.roncoo.education.system.service.pc.req.MsgDeleteREQ)>/msgDeleteREQ}
VarNode{<com.roncoo.education.system.service.pc.PcApiMsgTemplateController: com.roncoo.education.common.core.base.Result save(com.roncoo.education.system.service.pc.req.MsgTemplateSaveREQ)>/msgTemplateSaveREQ}
VarNode{<com.roncoo.education.system.service.pc.PcApiWebsiteNavArticleController: com.roncoo.education.common.core.base.Result update(com.roncoo.education.system.service.pc.req.WebsiteNavArticleUpdateREQ)>/websiteNavArticleUpdateREQ}
VarNode{<com.roncoo.education.system.service.pc.PcApiNavBarController: com.roncoo.education.common.core.base.Result update(com.roncoo.education.system.service.pc.req.NavBarUpdateREQ)>/navBarUpdateREQ}
VarNode{<com.roncoo.education.course.service.api.ApiCourseController: com.roncoo.education.common.core.base.Result list(com.roncoo.education.course.service.api.bo.CourseInfoPageBO)>/courseInfoPageBO}
VarNode{<com.roncoo.education.system.service.pc.PcApiWebsiteNavController: com.roncoo.education.common.core.base.Result view(com.roncoo.education.system.service.pc.req.WebsiteNavViewREQ)>/websiteNavViewREQ}
VarNode{<com.roncoo.education.system.service.pc.PcApiSysUserController: com.roncoo.education.common.core.base.Result delete(com.roncoo.education.system.service.pc.req.SysUserDeleteREQ)>/sysUserSaveREQ}
VarNode{<com.roncoo.education.course.service.pc.PcApiAdvController: com.roncoo.education.common.core.base.Result save(com.roncoo.education.course.service.pc.req.AdvSaveREQ)>/advSaveREQ}
VarNode{<com.roncoo.education.system.service.pc.PcApiMsgTemplateController: com.roncoo.education.common.core.base.Result delete(com.roncoo.education.system.service.pc.req.MsgTemplateDeleteREQ)>/msgTemplateDeleteREQ}
VarNode{<com.roncoo.education.user.service.api.ApiUserInfoController: com.roncoo.education.common.core.base.Result auth(com.roncoo.education.user.service.api.bo.UserAuthBO)>/userAuthBO}
VarNode{<com.roncoo.education.user.service.pc.PcApiLecturerAuditController: com.roncoo.education.common.core.base.Result listForPage(com.roncoo.education.user.service.pc.req.LecturerAuditPageREQ)>/lecturerAuditPageREQ}
VarNode{<com.roncoo.education.course.service.auth.AuthApiCourseVideoController: com.roncoo.education.common.core.base.Result update(com.roncoo.education.course.service.auth.bo.AuthCourseVideoUpdateBO)>/authCourseVideoUpdateBO}
VarNode{<com.roncoo.education.course.service.auth.AuthApiCourseAuditController: com.roncoo.education.common.core.base.Result listForPage(com.roncoo.education.course.service.auth.bo.AuthCourseAuditListBO)>/authCourseAuditListBO}
VarNode{<com.roncoo.education.course.service.pc.PcApiCourseController: com.roncoo.education.common.core.base.Result list(com.roncoo.education.course.service.pc.req.CoursePageREQ)>/coursePageREQ}
VarNode{<com.roncoo.education.course.service.pc.PcApiZoneCourseController: com.roncoo.education.common.core.base.Result view(com.roncoo.education.course.service.pc.req.ZoneCourseViewREQ)>/zoneCourseViewREQ}
VarNode{<com.roncoo.education.user.service.api.ApiUserInfoController: com.roncoo.education.common.core.base.Result sendCode(com.roncoo.education.user.service.api.bo.UserSendCodeBO)>/userSendCodeBO}
VarNode{<com.roncoo.education.user.service.pc.PcApiPlatformController: com.roncoo.education.common.core.base.Result delete(com.roncoo.education.user.service.pc.req.PlatformDeleteREQ)>/platformDeleteREQ}
VarNode{<com.roncoo.education.course.service.auth.AuthApiCourseChapterAuditController: com.roncoo.education.common.core.base.Result update(com.roncoo.education.course.service.auth.bo.AuthCourseChapterAuditUpdateBO)>/authCourseChapterAuditUpdateBO}
VarNode{<com.roncoo.education.course.service.auth.AuthApiOrderInfoController: com.roncoo.education.common.core.base.Result list(com.roncoo.education.course.service.auth.bo.AuthOrderInfoListBO)>/authOrderInfoListBO}
VarNode{<com.roncoo.education.course.service.auth.AuthApiCourseAuditController: com.roncoo.education.common.core.base.Result stand(com.roncoo.education.course.service.auth.bo.AuthCourseAuditStandBO)>/authCourseAuditStandBO}
VarNode{<com.roncoo.education.course.service.pc.PcApiAdvController: com.roncoo.education.common.core.base.Result delete(com.roncoo.education.course.service.pc.req.AdvDeleteREQ)>/advDeleteREQ}
VarNode{<com.roncoo.education.course.service.pc.PcApiZoneCourseController: com.roncoo.education.common.core.base.Result delete(com.roncoo.education.course.service.pc.req.ZoneCourseDeleteREQ)>/zoneCourseDeleteREQ}
VarNode{<com.roncoo.education.system.service.pc.PcApiNavBarController: com.roncoo.education.common.core.base.Result save(com.roncoo.education.system.service.pc.req.NavBarSaveREQ)>/navBarSaveREQ}
VarNode{<com.roncoo.education.system.service.pc.PcApiMsgController: com.roncoo.education.common.core.base.Result push(com.roncoo.education.system.service.pc.req.MsgPushREQ)>/msgPushREQ}
VarNode{<com.roncoo.education.course.service.pc.PcApiCourseRecommendController: com.roncoo.education.common.core.base.Result update(com.roncoo.education.course.service.pc.req.CourseRecommendUpdateREQ)>/courseRecommendUpdateREQ}
VarNode{<com.roncoo.education.course.service.api.ApiZoneController: com.roncoo.education.common.core.base.Result listForPage(com.roncoo.education.course.service.api.bo.ZoneBO)>/zoneBO}
VarNode{<com.roncoo.education.user.service.pc.PcApiLecturerAuditController: com.roncoo.education.common.core.base.Result audit(com.roncoo.education.user.service.pc.req.LecturerAuditAuditREQ)>/lecturerAuditAuditREQ}
VarNode{<com.roncoo.education.course.service.auth.AuthApiCourseVideoController: com.roncoo.education.common.core.base.Result udpateById(com.roncoo.education.course.service.auth.bo.AuthCourseVideoDeleteBO)>/authCourseVideoDeleteBO}
VarNode{<com.roncoo.education.user.service.pc.PcApiSendSmsLogController: com.roncoo.education.common.core.base.Result listForPage(com.roncoo.education.user.service.pc.req.SendSmsLogPageREQ)>/sendSmsLogPageREQ}
VarNode{<com.roncoo.education.course.service.pc.PcApiCourseUserStudyLogController: com.roncoo.education.common.core.base.Result play(com.roncoo.education.course.service.pc.req.CourseUserStudyLogPlayREQ)>/courseUserStudyLogPlayREQ}
VarNode{<com.roncoo.education.course.service.pc.PcApiCourseController: com.roncoo.education.common.core.base.Result view(com.roncoo.education.course.service.pc.req.CourseViewREQ)>/courseViewREQ}
VarNode{<com.roncoo.education.system.service.pc.PcApiSysRoleController: com.roncoo.education.common.core.base.Result view(com.roncoo.education.system.service.pc.req.SysRoleViewREQ)>/sysRoleViewREQ}
VarNode{<com.roncoo.education.course.service.auth.AuthApiCourseVideoController: com.roncoo.education.common.core.base.Result listByChapterId(com.roncoo.education.course.service.auth.bo.AuthCourseVideoBO)>/authCourseVideoBO}
VarNode{<com.roncoo.education.system.service.pc.PcApiSysRoleController: com.roncoo.education.common.core.base.Result list(com.roncoo.education.system.service.pc.req.SysRolePageREQ)>/sysRolePageREQ}
VarNode{<com.roncoo.education.course.service.pc.PcApiCourseController: com.roncoo.education.common.core.base.Result get(com.roncoo.education.course.service.pc.req.CourseGetREQ)>/courseGetREQ}
VarNode{<com.roncoo.education.user.service.auth.AuthApiLecturerAuditController: com.roncoo.education.common.core.base.Result view(com.roncoo.education.user.service.auth.bo.AuthLecturerAuditViewBO)>/authLecturerAuditViewBO}
VarNode{<com.roncoo.education.course.service.pc.PcApiCourseCategoryController: com.roncoo.education.common.core.base.Result update(com.roncoo.education.course.service.pc.req.CourseCategoryUpdateREQ)>/courseCategoryUpdateREQ}
VarNode{<com.roncoo.education.course.service.callback.CallbackOrderController: java.lang.String roncooPayNotify(com.roncoo.education.course.service.callback.bo.CallbackOrderBO)>/callbackOrderBO}
VarNode{<com.roncoo.education.system.service.pc.PcApiMsgTemplateController: com.roncoo.education.common.core.base.Result view(com.roncoo.education.system.service.pc.req.MsgTemplateViewREQ)>/msgTemplateViewREQ}
VarNode{<com.roncoo.education.course.service.auth.AuthApiCourseAuditController: com.roncoo.education.common.core.base.Result view(com.roncoo.education.course.service.auth.bo.AuthCourseAuditViewBO)>/authCourseAuditViewBO}
VarNode{<com.roncoo.education.system.service.pc.PcApiNavBarController: com.roncoo.education.common.core.base.Result view(com.roncoo.education.system.service.pc.req.NavBarViewREQ)>/navBarViewREQ}
VarNode{<com.roncoo.education.course.service.pc.PcApiCourseAuditController: com.roncoo.education.common.core.base.Result update(com.roncoo.education.course.service.pc.req.CourseAuditUpdateREQ)>/courseAuditUpdateREQ}
VarNode{<com.roncoo.education.course.service.auth.AuthApiOrderInfoController: com.roncoo.education.common.core.base.Result charts(com.roncoo.education.course.service.auth.bo.AuthOrderInfoForChartsBO)>/authOrderInfoForChartsBO}
VarNode{<com.roncoo.education.course.service.pc.PcApiOrderPayController: com.roncoo.education.common.core.base.Result list(com.roncoo.education.course.service.pc.req.OrderPayPageREQ)>/orderPayPageREQ}
VarNode{<com.roncoo.education.course.service.auth.AuthApiOrderInfoController: com.roncoo.education.common.core.base.Result pay(com.roncoo.education.course.service.auth.bo.AuthOrderPayBO)>/authOrderPayBO}
VarNode{<com.roncoo.education.system.service.pc.PcApiSysUserController: com.roncoo.education.common.core.base.Result list(com.roncoo.education.system.service.pc.req.SysUserPageREQ)>/sysUserPageREQ}
VarNode{<com.roncoo.education.course.service.pc.PcApiOrderInfoController: com.roncoo.education.common.core.base.Result view(com.roncoo.education.course.service.pc.req.OrderInfoViewREQ)>/orderInfoViewREQ}
VarNode{<com.roncoo.education.user.service.pc.PcApiUserLoginController: com.roncoo.education.common.core.base.Result loginPassword(com.roncoo.education.user.service.pc.req.UserLoginPasswordREQ)>/userLoginPasswordREQ}
VarNode{<com.roncoo.education.system.service.pc.PcApiSysMenuRoleController: com.roncoo.education.common.core.base.Result list(com.roncoo.education.system.service.pc.req.SysMenuRoleListREQ)>/sysMenuRoleListREQ}
VarNode{<com.roncoo.education.system.service.pc.PcApiMsgUserController: com.roncoo.education.common.core.base.Result view(com.roncoo.education.system.service.pc.req.MsgUserViewREQ)>/msgUserViewREQ}
VarNode{<com.roncoo.education.user.service.auth.AuthApiLecturerController: com.roncoo.education.common.core.base.Result view(com.roncoo.education.user.service.api.bo.LecturerViewBO)>/lecturerViewBO}
VarNode{<com.roncoo.education.course.service.pc.PcApiCourseUserStudyLogController: com.roncoo.education.common.core.base.Result list(com.roncoo.education.course.service.pc.req.CourseUserStudyLogPageREQ)>/courseUserStudyLogREQ}
VarNode{<com.roncoo.education.system.service.pc.PcApiSysMenuController: com.roncoo.education.common.core.base.Result list(com.roncoo.education.system.service.pc.req.SysMenuListREQ)>/sysMenuListREQ}
VarNode{<com.roncoo.education.user.service.pc.PcApiPlatformController: com.roncoo.education.common.core.base.Result save(com.roncoo.education.user.service.pc.req.PlatformSaveREQ)>/platformSaveREQ}
VarNode{<com.roncoo.education.user.service.pc.PcApiLecturerProfitController: com.roncoo.education.common.core.base.Result batch(com.roncoo.education.user.service.pc.req.LecturerProfitBatchREQ)>/lecturerProfitBatchREQ}
VarNode{<com.roncoo.education.system.service.pc.PcApiWebsiteNavArticleController: com.roncoo.education.common.core.base.Result save(com.roncoo.education.system.service.pc.req.WebsiteNavArticleSaveREQ)>/websiteNavArticleSaveREQ}
Sink nodes:
Dumping /Users/yuntsy/My/Projects/Java/WebAnalyzer/output/taint-flow-graph.dot
TFGDumper finishes, elapsed time: 0.06s
-------------- Pointer analysis statistics: --------------
#var pointers:                9864 (insens) / 9864 (sens)
#objects:                     2043 (insens) / 2043 (sens)
#var points-to:               8332 (insens) / 8332 (sens)
#static field points-to:      0 (sens)
#instance field points-to:    1055 (sens)
#array points-to:             11 (sens)
#reachable methods:           1775 (insens) / 1775 (sens)
#call graph edges:            3188 (insens) / 3188 (sens)
----------------------------------------
pta finishes, elapsed time: 0.48s
cg starts ...
Call graph has 1775 reachable methods and 3188 edges
Dumping call graph to /Users/yuntsy/My/Projects/Java/WebAnalyzer/output/call-graph.dot
Dumping reachable methods to /Users/yuntsy/My/Projects/Java/WebAnalyzer/output/reachable-methods.txt
Dumping call edges to /Users/yuntsy/My/Projects/Java/WebAnalyzer/output/call-edges.txt
cg finishes, elapsed time: 0.11s
Tai-e finishes, elapsed time: 7.22s
