Writing log to /Users/yuntsy/My/Projects/Java/WebAnalyzer/output/tai-e.log
java.version: 17.0.11
java.version.date: 2024-04-16
java.runtime.version: 17.0.11+7-LTS-207
java.vendor: Oracle Corporation
java.vendor.version: null
os.name: Mac OS X
os.version: 26.3
os.arch: aarch64
Tai-e Version: 0.5.1
Manifest does not contain Tai-e commit information
Tai-e Commit: Unknown
Writing analysis plan to /Users/yuntsy/My/Projects/Java/WebAnalyzer/output/tai-e-plan.yml
WorldBuilder starts ...
Warning: main class was not given!
27379 classes with 240699 methods in the world
WorldBuilder finishes, elapsed time: 21.85s
ir-dumper starts ...
Dumping IR in /Users/yuntsy/My/Projects/Java/WebAnalyzer/output/tir
13486 classes in scope (APP) of class analyses
ir-dumper finishes, elapsed time: 11.77s
routerAnalysis starts ...
Router analysis started at: 2026-02-28 21:35:43
Router analysis completed at: 2026-02-28 21:35:43 (Duration: 7ms)
routerAnalysis finishes, elapsed time: 0.01s
beanAnalysis starts ...
beanAnalysis finishes, elapsed time: 0.01s
injectPointsAnalysis starts ...
injectPointsAnalysis finishes, elapsed time: 0.00s
aspectAnalysis starts ...
Starting AOP aspect analysis...
aspectAnalysis finishes, elapsed time: 0.00s
resultAnalysis starts ...
============================================================
                 Spring Analysis Result Summary             
============================================================
Router Methods (Endpoints)     : 73
Spring Beans                   : 90
Aspect Methods (Advice)        : 0
============================================================
resultAnalysis finishes, elapsed time: 0.00s
srfaAnalysis starts ...
SRFA Analysis started at: 2026-02-28 21:35:43
Loaded 16 controller classes from RouterAnalysis
Discovering mapper paths from 16 appClassPath entries
Auto-discovered 33 mapper path(s)
  - /Users/yuntsy/My/Graduate/Data/final/newbee-mall/src/main/resources/mapper
  - /var/folders/n9/gm62bg6x77xgx7pk8ttb_v640000gn/T/srfa-mapper-cache/jakarta_servlet-api-4_0_4_1592488715000/META-INF/maven/jakarta.servlet/jakarta.servlet-api
  - /var/folders/n9/gm62bg6x77xgx7pk8ttb_v640000gn/T/srfa-mapper-cache/javax_servlet-api-4_0_1_1532351392000/META-INF/maven/javax.servlet/javax.servlet-api
  - /var/folders/n9/gm62bg6x77xgx7pk8ttb_v640000gn/T/srfa-mapper-cache/spring-web-6_2_1_1733996318000/META-INF
  - /var/folders/n9/gm62bg6x77xgx7pk8ttb_v640000gn/T/srfa-mapper-cache/spring-jdbc-6_2_0_1731602316000/org/springframework/jdbc/support
  - /var/folders/n9/gm62bg6x77xgx7pk8ttb_v640000gn/T/srfa-mapper-cache/jakarta_servlet-api-6_0_0_1720887509497/META-INF/maven/jakarta.servlet/jakarta.servlet-api
  - /var/folders/n9/gm62bg6x77xgx7pk8ttb_v640000gn/T/srfa-mapper-cache/spring-context-6_2_0_1731602337000/org/springframework/remoting/rmi
  - /var/folders/n9/gm62bg6x77xgx7pk8ttb_v640000gn/T/srfa-mapper-cache/mybatis-3_4_6_1520782006000/META-INF/maven/ognl/ognl
  - /var/folders/n9/gm62bg6x77xgx7pk8ttb_v640000gn/T/srfa-mapper-cache/mybatis-3_4_6_1520782006000/META-INF/maven/org.javassist/javassist
  - /var/folders/n9/gm62bg6x77xgx7pk8ttb_v640000gn/T/srfa-mapper-cache/mybatis-3_4_6_1520782006000/META-INF/maven/org.mybatis/mybatis
  - /var/folders/n9/gm62bg6x77xgx7pk8ttb_v640000gn/T/srfa-mapper-cache/tomcat-catalina-10_1_18_1704467231000/org/apache/catalina
  - /var/folders/n9/gm62bg6x77xgx7pk8ttb_v640000gn/T/srfa-mapper-cache/tomcat-catalina-10_1_18_1704467231000/org/apache/catalina/core
  - /var/folders/n9/gm62bg6x77xgx7pk8ttb_v640000gn/T/srfa-mapper-cache/tomcat-catalina-10_1_18_1704467231000/org/apache/catalina/valves
  - /var/folders/n9/gm62bg6x77xgx7pk8ttb_v640000gn/T/srfa-mapper-cache/tomcat-catalina-10_1_18_1704467231000/org/apache/catalina/valves/rewrite
  - /var/folders/n9/gm62bg6x77xgx7pk8ttb_v640000gn/T/srfa-mapper-cache/tomcat-catalina-10_1_18_1704467231000/org/apache/catalina/mbeans
  - /var/folders/n9/gm62bg6x77xgx7pk8ttb_v640000gn/T/srfa-mapper-cache/tomcat-catalina-10_1_18_1704467231000/org/apache/catalina/deploy
  - /var/folders/n9/gm62bg6x77xgx7pk8ttb_v640000gn/T/srfa-mapper-cache/tomcat-catalina-10_1_18_1704467231000/org/apache/catalina/mapper
  - /var/folders/n9/gm62bg6x77xgx7pk8ttb_v640000gn/T/srfa-mapper-cache/tomcat-catalina-10_1_18_1704467231000/org/apache/catalina/webresources
  - /var/folders/n9/gm62bg6x77xgx7pk8ttb_v640000gn/T/srfa-mapper-cache/tomcat-catalina-10_1_18_1704467231000/org/apache/catalina/loader
  - /var/folders/n9/gm62bg6x77xgx7pk8ttb_v640000gn/T/srfa-mapper-cache/tomcat-catalina-10_1_18_1704467231000/org/apache/catalina/users
  - /var/folders/n9/gm62bg6x77xgx7pk8ttb_v640000gn/T/srfa-mapper-cache/tomcat-catalina-10_1_18_1704467231000/org/apache/catalina/connector
  - /var/folders/n9/gm62bg6x77xgx7pk8ttb_v640000gn/T/srfa-mapper-cache/tomcat-catalina-10_1_18_1704467231000/org/apache/catalina/authenticator
  - /var/folders/n9/gm62bg6x77xgx7pk8ttb_v640000gn/T/srfa-mapper-cache/tomcat-catalina-10_1_18_1704467231000/org/apache/catalina/startup
  - /var/folders/n9/gm62bg6x77xgx7pk8ttb_v640000gn/T/srfa-mapper-cache/tomcat-catalina-10_1_18_1704467231000/org/apache/catalina/realm
  - /var/folders/n9/gm62bg6x77xgx7pk8ttb_v640000gn/T/srfa-mapper-cache/tomcat-catalina-10_1_18_1704467231000/org/apache/catalina/session
  - /var/folders/n9/gm62bg6x77xgx7pk8ttb_v640000gn/T/srfa-mapper-cache/mybatis-3_5_15_1702536962000/META-INF/maven/ognl/ognl
  - /var/folders/n9/gm62bg6x77xgx7pk8ttb_v640000gn/T/srfa-mapper-cache/mybatis-3_5_15_1702536962000/META-INF/maven/org.javassist/javassist
  - /var/folders/n9/gm62bg6x77xgx7pk8ttb_v640000gn/T/srfa-mapper-cache/mybatis-3_5_15_1702536962000/META-INF/maven/org.mybatis/mybatis
  - /var/folders/n9/gm62bg6x77xgx7pk8ttb_v640000gn/T/srfa-mapper-cache/shiro-web-1_13_0_1699061658000/META-INF/maven/org.apache.shiro/shiro-web
  - /var/folders/n9/gm62bg6x77xgx7pk8ttb_v640000gn/T/srfa-mapper-cache/shiro-core-1_13_0_1699061656000/META-INF/maven/org.apache.shiro/shiro-core
  - /var/folders/n9/gm62bg6x77xgx7pk8ttb_v640000gn/T/srfa-mapper-cache/quartz-2_3_2_1571857751000
  - /var/folders/n9/gm62bg6x77xgx7pk8ttb_v640000gn/T/srfa-mapper-cache/quartz-2_3_2_1571857751000/org/quartz/impl/jdbcjobstore
  - /var/folders/n9/gm62bg6x77xgx7pk8ttb_v640000gn/T/srfa-mapper-cache/quartz-2_3_2_1571857751000/META-INF/maven/org.quartz-scheduler/quartz
Using 33 mapper search path(s):
  - /Users/yuntsy/My/Graduate/Data/final/newbee-mall/src/main/resources/mapper
  - /var/folders/n9/gm62bg6x77xgx7pk8ttb_v640000gn/T/srfa-mapper-cache/jakarta_servlet-api-4_0_4_1592488715000/META-INF/maven/jakarta.servlet/jakarta.servlet-api
  - /var/folders/n9/gm62bg6x77xgx7pk8ttb_v640000gn/T/srfa-mapper-cache/javax_servlet-api-4_0_1_1532351392000/META-INF/maven/javax.servlet/javax.servlet-api
  - /var/folders/n9/gm62bg6x77xgx7pk8ttb_v640000gn/T/srfa-mapper-cache/spring-web-6_2_1_1733996318000/META-INF
  - /var/folders/n9/gm62bg6x77xgx7pk8ttb_v640000gn/T/srfa-mapper-cache/spring-jdbc-6_2_0_1731602316000/org/springframework/jdbc/support
  - /var/folders/n9/gm62bg6x77xgx7pk8ttb_v640000gn/T/srfa-mapper-cache/jakarta_servlet-api-6_0_0_1720887509497/META-INF/maven/jakarta.servlet/jakarta.servlet-api
  - /var/folders/n9/gm62bg6x77xgx7pk8ttb_v640000gn/T/srfa-mapper-cache/spring-context-6_2_0_1731602337000/org/springframework/remoting/rmi
  - /var/folders/n9/gm62bg6x77xgx7pk8ttb_v640000gn/T/srfa-mapper-cache/mybatis-3_4_6_1520782006000/META-INF/maven/ognl/ognl
  - /var/folders/n9/gm62bg6x77xgx7pk8ttb_v640000gn/T/srfa-mapper-cache/mybatis-3_4_6_1520782006000/META-INF/maven/org.javassist/javassist
  - /var/folders/n9/gm62bg6x77xgx7pk8ttb_v640000gn/T/srfa-mapper-cache/mybatis-3_4_6_1520782006000/META-INF/maven/org.mybatis/mybatis
  - /var/folders/n9/gm62bg6x77xgx7pk8ttb_v640000gn/T/srfa-mapper-cache/tomcat-catalina-10_1_18_1704467231000/org/apache/catalina
  - /var/folders/n9/gm62bg6x77xgx7pk8ttb_v640000gn/T/srfa-mapper-cache/tomcat-catalina-10_1_18_1704467231000/org/apache/catalina/core
  - /var/folders/n9/gm62bg6x77xgx7pk8ttb_v640000gn/T/srfa-mapper-cache/tomcat-catalina-10_1_18_1704467231000/org/apache/catalina/valves
  - /var/folders/n9/gm62bg6x77xgx7pk8ttb_v640000gn/T/srfa-mapper-cache/tomcat-catalina-10_1_18_1704467231000/org/apache/catalina/valves/rewrite
  - /var/folders/n9/gm62bg6x77xgx7pk8ttb_v640000gn/T/srfa-mapper-cache/tomcat-catalina-10_1_18_1704467231000/org/apache/catalina/mbeans
  - /var/folders/n9/gm62bg6x77xgx7pk8ttb_v640000gn/T/srfa-mapper-cache/tomcat-catalina-10_1_18_1704467231000/org/apache/catalina/deploy
  - /var/folders/n9/gm62bg6x77xgx7pk8ttb_v640000gn/T/srfa-mapper-cache/tomcat-catalina-10_1_18_1704467231000/org/apache/catalina/mapper
  - /var/folders/n9/gm62bg6x77xgx7pk8ttb_v640000gn/T/srfa-mapper-cache/tomcat-catalina-10_1_18_1704467231000/org/apache/catalina/webresources
  - /var/folders/n9/gm62bg6x77xgx7pk8ttb_v640000gn/T/srfa-mapper-cache/tomcat-catalina-10_1_18_1704467231000/org/apache/catalina/loader
  - /var/folders/n9/gm62bg6x77xgx7pk8ttb_v640000gn/T/srfa-mapper-cache/tomcat-catalina-10_1_18_1704467231000/org/apache/catalina/users
  - /var/folders/n9/gm62bg6x77xgx7pk8ttb_v640000gn/T/srfa-mapper-cache/tomcat-catalina-10_1_18_1704467231000/org/apache/catalina/connector
  - /var/folders/n9/gm62bg6x77xgx7pk8ttb_v640000gn/T/srfa-mapper-cache/tomcat-catalina-10_1_18_1704467231000/org/apache/catalina/authenticator
  - /var/folders/n9/gm62bg6x77xgx7pk8ttb_v640000gn/T/srfa-mapper-cache/tomcat-catalina-10_1_18_1704467231000/org/apache/catalina/startup
  - /var/folders/n9/gm62bg6x77xgx7pk8ttb_v640000gn/T/srfa-mapper-cache/tomcat-catalina-10_1_18_1704467231000/org/apache/catalina/realm
  - /var/folders/n9/gm62bg6x77xgx7pk8ttb_v640000gn/T/srfa-mapper-cache/tomcat-catalina-10_1_18_1704467231000/org/apache/catalina/session
  - /var/folders/n9/gm62bg6x77xgx7pk8ttb_v640000gn/T/srfa-mapper-cache/mybatis-3_5_15_1702536962000/META-INF/maven/ognl/ognl
  - /var/folders/n9/gm62bg6x77xgx7pk8ttb_v640000gn/T/srfa-mapper-cache/mybatis-3_5_15_1702536962000/META-INF/maven/org.javassist/javassist
  - /var/folders/n9/gm62bg6x77xgx7pk8ttb_v640000gn/T/srfa-mapper-cache/mybatis-3_5_15_1702536962000/META-INF/maven/org.mybatis/mybatis
  - /var/folders/n9/gm62bg6x77xgx7pk8ttb_v640000gn/T/srfa-mapper-cache/shiro-web-1_13_0_1699061658000/META-INF/maven/org.apache.shiro/shiro-web
  - /var/folders/n9/gm62bg6x77xgx7pk8ttb_v640000gn/T/srfa-mapper-cache/shiro-core-1_13_0_1699061656000/META-INF/maven/org.apache.shiro/shiro-core
  - /var/folders/n9/gm62bg6x77xgx7pk8ttb_v640000gn/T/srfa-mapper-cache/quartz-2_3_2_1571857751000
  - /var/folders/n9/gm62bg6x77xgx7pk8ttb_v640000gn/T/srfa-mapper-cache/quartz-2_3_2_1571857751000/org/quartz/impl/jdbcjobstore
  - /var/folders/n9/gm62bg6x77xgx7pk8ttb_v640000gn/T/srfa-mapper-cache/quartz-2_3_2_1571857751000/META-INF/maven/org.quartz-scheduler/quartz
Parsed 9 MyBatis mapper files
Parsed 9 MyBatis mapper files
  Mapper namespace: ltd.newbee.mall.dao.CarouselMapper
    Operation: id=findCarouselList, type=select, hasDollar=false
    Operation: id=selectByPrimaryKey, type=select, hasDollar=false
    Operation: id=findCarouselsByNum, type=select, hasDollar=false
    Operation: id=insert, type=insert, hasDollar=false
    Operation: id=insertSelective, type=insert, hasDollar=false
    Operation: id=updateByPrimaryKeySelective, type=update, hasDollar=false
    Operation: id=updateByPrimaryKey, type=update, hasDollar=false
    Operation: id=deleteBatch, type=update, hasDollar=false
    Operation: id=deleteByPrimaryKey, type=delete, hasDollar=false
  Mapper namespace: ltd.newbee.mall.dao.NewBeeMallOrderMapper
    Operation: id=selectByPrimaryKey, type=select, hasDollar=false
    Operation: id=selectByOrderNo, type=select, hasDollar=false
    Operation: id=selectByPrimaryKeys, type=select, hasDollar=false
    Operation: id=findNewBeeMallOrderList, type=select, hasDollar=false
    Operation: id=getTotalNewBeeMallOrders, type=select, hasDollar=false
    Operation: id=insert, type=insert, hasDollar=false
    Operation: id=insertSelective, type=insert, hasDollar=false
    Operation: id=deleteByPrimaryKey, type=update, hasDollar=false
    Operation: id=checkDone, type=update, hasDollar=false
    Operation: id=checkOut, type=update, hasDollar=false
    Operation: id=closeOrder, type=update, hasDollar=false
    Operation: id=updateByPrimaryKeySelective, type=update, hasDollar=false
    Operation: id=updateByPrimaryKey, type=update, hasDollar=false
  Mapper namespace: ltd.newbee.mall.dao.NewBeeMallShoppingCartItemMapper
    Operation: id=selectByPrimaryKey, type=select, hasDollar=false
    Operation: id=selectByUserIdAndGoodsId, type=select, hasDollar=false
    Operation: id=selectByUserId, type=select, hasDollar=false
    Operation: id=selectCountByUserId, type=select, hasDollar=false
    Operation: id=insert, type=insert, hasDollar=false
    Operation: id=insertSelective, type=insert, hasDollar=false
    Operation: id=deleteByPrimaryKey, type=update, hasDollar=false
    Operation: id=deleteBatch, type=update, hasDollar=false
    Operation: id=updateByPrimaryKeySelective, type=update, hasDollar=false
    Operation: id=updateByPrimaryKey, type=update, hasDollar=false
  Mapper namespace: ltd.newbee.mall.dao.IndexConfigMapper
    Operation: id=findIndexConfigList, type=select, hasDollar=false
    Operation: id=getTotalIndexConfigs, type=select, hasDollar=false
    Operation: id=findIndexConfigsByTypeAndNum, type=select, hasDollar=false
    Operation: id=selectByPrimaryKey, type=select, hasDollar=false
    Operation: id=selectByTypeAndGoodsId, type=select, hasDollar=false
    Operation: id=insert, type=insert, hasDollar=false
    Operation: id=insertSelective, type=insert, hasDollar=false
    Operation: id=deleteByPrimaryKey, type=update, hasDollar=false
    Operation: id=deleteBatch, type=update, hasDollar=false
    Operation: id=updateByPrimaryKeySelective, type=update, hasDollar=false
    Operation: id=updateByPrimaryKey, type=update, hasDollar=false
  Mapper namespace: ltd.newbee.mall.dao.NewBeeMallGoodsMapper
    Operation: id=selectByPrimaryKey, type=select, hasDollar=false
    Operation: id=selectByCategoryIdAndName, type=select, hasDollar=false
    Operation: id=findNewBeeMallGoodsList, type=select, hasDollar=false
    Operation: id=findNewBeeMallGoodsListBySearch, type=select, hasDollar=false
    Operation: id=getTotalNewBeeMallGoodsBySearch, type=select, hasDollar=false
    Operation: id=selectByPrimaryKeys, type=select, hasDollar=false
    Operation: id=getTotalNewBeeMallGoods, type=select, hasDollar=false
    Operation: id=batchInsert, type=insert, hasDollar=false
    Operation: id=insert, type=insert, hasDollar=false
    Operation: id=insertSelective, type=insert, hasDollar=false
    Operation: id=updateStockNum, type=update, hasDollar=false
    Operation: id=recoverStockNum, type=update, hasDollar=false
    Operation: id=batchUpdateSellStatus, type=update, hasDollar=false
    Operation: id=updateByPrimaryKeySelective, type=update, hasDollar=false
    Operation: id=updateByPrimaryKeyWithBLOBs, type=update, hasDollar=false
    Operation: id=updateByPrimaryKey, type=update, hasDollar=false
    Operation: id=deleteByPrimaryKey, type=delete, hasDollar=false
  Mapper namespace: ltd.newbee.mall.dao.AdminUserMapper
    Operation: id=login, type=select, hasDollar=false
    Operation: id=selectByPrimaryKey, type=select, hasDollar=false
    Operation: id=insert, type=insert, hasDollar=false
    Operation: id=insertSelective, type=insert, hasDollar=false
    Operation: id=updateByPrimaryKeySelective, type=update, hasDollar=false
    Operation: id=updateByPrimaryKey, type=update, hasDollar=false
  Mapper namespace: ltd.newbee.mall.dao.GoodsCategoryMapper
    Operation: id=findGoodsCategoryList, type=select, hasDollar=false
    Operation: id=getTotalGoodsCategories, type=select, hasDollar=false
    Operation: id=selectByPrimaryKey, type=select, hasDollar=false
    Operation: id=selectByLevelAndName, type=select, hasDollar=false
    Operation: id=selectByLevelAndParentIdsAndNumber, type=select, hasDollar=false
    Operation: id=insert, type=insert, hasDollar=false
    Operation: id=insertSelective, type=insert, hasDollar=false
    Operation: id=deleteByPrimaryKey, type=update, hasDollar=false
    Operation: id=deleteBatch, type=update, hasDollar=false
    Operation: id=updateByPrimaryKeySelective, type=update, hasDollar=false
    Operation: id=updateByPrimaryKey, type=update, hasDollar=false
  Mapper namespace: ltd.newbee.mall.dao.NewBeeMallOrderItemMapper
    Operation: id=selectByPrimaryKey, type=select, hasDollar=false
    Operation: id=selectByOrderId, type=select, hasDollar=false
    Operation: id=selectByOrderIds, type=select, hasDollar=false
    Operation: id=insertBatch, type=insert, hasDollar=false
    Operation: id=insert, type=insert, hasDollar=false
    Operation: id=insertSelective, type=insert, hasDollar=false
    Operation: id=updateByPrimaryKeySelective, type=update, hasDollar=false
    Operation: id=updateByPrimaryKey, type=update, hasDollar=false
    Operation: id=deleteByPrimaryKey, type=delete, hasDollar=false
  Mapper namespace: ltd.newbee.mall.dao.MallUserMapper
    Operation: id=findMallUserList, type=select, hasDollar=false
    Operation: id=getTotalMallUsers, type=select, hasDollar=false
    Operation: id=selectByPrimaryKey, type=select, hasDollar=false
    Operation: id=selectByLoginName, type=select, hasDollar=false
    Operation: id=selectByLoginNameAndPasswd, type=select, hasDollar=false
    Operation: id=insert, type=insert, hasDollar=false
    Operation: id=insertSelective, type=insert, hasDollar=false
    Operation: id=deleteByPrimaryKey, type=update, hasDollar=false
    Operation: id=updateByPrimaryKeySelective, type=update, hasDollar=false
    Operation: id=updateByPrimaryKey, type=update, hasDollar=false
    Operation: id=lockUserBatch, type=update, hasDollar=false
Collected 60 write field names from INSERT/UPDATE operations
Extracted 83 source metadata entries (before filtering)
Resolving 9 mapper namespaces...
  Namespace resolve: ltd.newbee.mall.dao.CarouselMapper -> ltd.newbee.mall.dao.CarouselMapper
  Namespace resolve: ltd.newbee.mall.dao.NewBeeMallOrderMapper -> ltd.newbee.mall.dao.NewBeeMallOrderMapper
  Namespace resolve: ltd.newbee.mall.dao.NewBeeMallShoppingCartItemMapper -> ltd.newbee.mall.dao.NewBeeMallShoppingCartItemMapper
  Namespace resolve: ltd.newbee.mall.dao.IndexConfigMapper -> ltd.newbee.mall.dao.IndexConfigMapper
  Namespace resolve: ltd.newbee.mall.dao.NewBeeMallGoodsMapper -> ltd.newbee.mall.dao.NewBeeMallGoodsMapper
  Namespace resolve: ltd.newbee.mall.dao.AdminUserMapper -> ltd.newbee.mall.dao.AdminUserMapper
  Namespace resolve: ltd.newbee.mall.dao.GoodsCategoryMapper -> ltd.newbee.mall.dao.GoodsCategoryMapper
  Namespace resolve: ltd.newbee.mall.dao.NewBeeMallOrderItemMapper -> ltd.newbee.mall.dao.NewBeeMallOrderItemMapper
  Namespace resolve: ltd.newbee.mall.dao.MallUserMapper -> ltd.newbee.mall.dao.MallUserMapper
Extracted 85 sink metadata entries (deduplicated, before risk filtering)
Sources: 83 generated, 0 filtered, 0 deduplicated
Sinks: 85 generated (risky), 0 filtered (safe), 0 deduplicated
  Note: 'risky' means uses string concatenation ($), 'safe' means uses prepared statement (#)
Written taint config to: output/taint-config-generated.yml
  Sources: 83 (SRFA param) + framework call sources
  Sinks: 85 (SRFA) + common predefined sinks
  Transfers: standard set included
SRFA Analysis completed at: 2026-02-28 21:35:43 (Duration: 115ms)
srfaAnalysis finishes, elapsed time: 0.12s
pta starts ...
Loading taint config from /Users/yuntsy/My/Projects/Java/WebAnalyzer/output/taint-config-generated.yml
Cannot find source method '<org.springframework.security.core.context.SecurityContextHolder: org.springframework.security.core.context.SecurityContext getContext()>'
Cannot find source method '<org.springframework.security.core.context.SecurityContext: org.springframework.security.core.Authentication getAuthentication()>'
Cannot find source method '<org.springframework.security.core.Authentication: java.lang.Object getPrincipal()>'
Cannot find source method '<org.springframework.security.core.Authentication: java.lang.Object getDetails()>'
Cannot find source method '<org.springframework.security.core.Authentication: java.lang.String getName()>'
Cannot find source method '<org.springframework.security.core.Authentication: java.util.Collection getAuthorities()>'
Cannot find source method '<org.springframework.security.core.userdetails.UserDetails: java.lang.String getUsername()>'
Cannot find source method '<javax.servlet.http.HttpServletRequest: java.lang.String getParameter(java.lang.String)>'
Cannot find source method '<javax.servlet.http.HttpServletRequest: java.lang.Object getAttribute(java.lang.String)>'
Cannot find source method '<java.lang.InheritableThreadLocal: java.lang.Object get()>'
Cannot find sink method '<javax.persistence.EntityManager: javax.persistence.Query createQuery(java.lang.String)>'
Cannot find sink method '<javax.persistence.EntityManager: javax.persistence.Query createNativeQuery(java.lang.String)>'
Cannot find sink method '<javax.persistence.EntityManager: javax.persistence.Query createNativeQuery(java.lang.String,java.lang.Class)>'
Cannot find sink method '<org.hibernate.Session: org.hibernate.Query createQuery(java.lang.String)>'
Cannot find sink method '<org.hibernate.Session: org.hibernate.SQLQuery createSQLQuery(java.lang.String)>'
Cannot find sink method '<javax.servlet.ServletOutputStream: void write(byte[])>'
Cannot find sink method '<javax.servlet.jsp.JspWriter: void print(java.lang.String)>'
Cannot find sink method '<javax.servlet.jsp.JspWriter: void println(java.lang.String)>'
Cannot find sink method '<javax.servlet.jsp.JspWriter: void write(java.lang.String)>'
Cannot find sink method '<org.apache.http.client.HttpClient: org.apache.http.HttpResponse execute(org.apache.http.client.methods.HttpUriRequest)>'
Cannot find sink method '<org.springframework.web.client.RestTemplate: java.lang.Object getForObject(java.lang.String,java.lang.Class)>'
Cannot find sink method '<org.springframework.web.client.RestTemplate: org.springframework.http.ResponseEntity getForEntity(java.lang.String,java.lang.Class)>'
Cannot find sink method '<org.springframework.web.client.RestTemplate: java.lang.Object postForObject(java.lang.String,java.lang.Object,java.lang.Class)>'
Cannot find sink method '<org.springframework.web.client.RestTemplate: org.springframework.http.ResponseEntity exchange(java.lang.String,org.springframework.http.HttpMethod,org.springframework.http.HttpEntity,java.lang.Class)>'
Cannot find sink method '<org.springframework.ldap.core.LdapTemplate: java.util.List search(java.lang.String,java.lang.String,javax.naming.directory.SearchControls,org.springframework.ldap.core.AttributesMapper)>'
Cannot find sink method '<org.springframework.expression.ExpressionParser: org.springframework.expression.Expression parseExpression(java.lang.String)>'
Cannot find sink method '<org.springframework.expression.spel.standard.SpelExpressionParser: org.springframework.expression.Expression parseExpression(java.lang.String)>'
Cannot find sink method '<ognl.Ognl: java.lang.Object parseExpression(java.lang.String)>'
Cannot find sink method '<ognl.Ognl: java.lang.Object getValue(java.lang.String,java.lang.Object)>'
Cannot find sink method '<org.mvel2.MVEL: java.lang.Object eval(java.lang.String)>'
Cannot find sink method '<org.mvel2.MVEL: java.lang.Object eval(java.lang.String,java.lang.Object)>'
Cannot find sink method '<org.apache.commons.jexl3.JexlEngine: org.apache.commons.jexl3.JexlExpression createExpression(java.lang.String)>'
Cannot find sink method '<org.apache.commons.jexl3.JexlEngine: org.apache.commons.jexl3.JexlScript createScript(java.lang.String)>'
Cannot find sink method '<freemarker.template.Template: void <init>(java.lang.String,java.io.Reader)>'
Cannot find sink method '<org.apache.velocity.app.VelocityEngine: boolean evaluate(org.apache.velocity.context.Context,java.io.Writer,java.lang.String,java.lang.String)>'
Cannot find sink method '<com.alibaba.fastjson.JSON: java.lang.Object parse(java.lang.String)>'
Cannot find sink method '<com.alibaba.fastjson.JSON: java.lang.Object parseObject(java.lang.String)>'
Cannot find sink method '<com.alibaba.fastjson.JSON: java.lang.Object parseObject(java.lang.String,java.lang.Class)>'
Cannot find sink method '<com.fasterxml.jackson.databind.ObjectMapper: java.lang.Object readValue(java.lang.String,java.lang.Class)>'
Cannot find sink method '<org.yaml.snakeyaml.Yaml: java.lang.Object load(java.lang.String)>'
Cannot find sink method '<org.yaml.snakeyaml.Yaml: java.lang.Object load(java.io.InputStream)>'
Cannot find sink method '<org.apache.logging.log4j.Logger: void info(java.lang.String)>'
Cannot find sink method '<org.apache.logging.log4j.Logger: void warn(java.lang.String)>'
Cannot find sink method '<org.apache.logging.log4j.Logger: void error(java.lang.String)>'
Cannot find sink method '<org.apache.logging.log4j.Logger: void debug(java.lang.String)>'
Cannot find sink method '<org.apache.logging.log4j.Logger: void fatal(java.lang.String)>'
Cannot find sink method '<org.slf4j.Logger: void info(java.lang.String)>'
Cannot find sink method '<org.slf4j.Logger: void warn(java.lang.String)>'
Cannot find sink method '<org.slf4j.Logger: void error(java.lang.String)>'
Cannot find sink method '<org.slf4j.Logger: void debug(java.lang.String)>'
Cannot find sink method '<javax.servlet.http.HttpServletRequest: javax.servlet.RequestDispatcher getRequestDispatcher(java.lang.String)>'
Cannot find taint-transfer method '<java.util.LinkedHashMap: java.lang.Object put(java.lang.Object,java.lang.Object)>'
Cannot find taint-transfer method '<javax.servlet.http.HttpServletRequest: java.lang.String getParameter(java.lang.String)>'
Cannot find taint-transfer method '<javax.servlet.http.HttpServletRequest: java.lang.String[] getParameterValues(java.lang.String)>'
Cannot find taint-transfer method '<javax.servlet.http.HttpServletRequest: java.lang.String getRemoteAddr()>'
Cannot find taint-transfer method '<javax.servlet.http.HttpServletRequest: java.lang.Object getAttribute(java.lang.String)>'
Cannot find taint-transfer method '<org.springframework.security.core.context.SecurityContext: org.springframework.security.core.Authentication getAuthentication()>'
Cannot find taint-transfer method '<org.springframework.security.core.Authentication: java.lang.Object getPrincipal()>'
Cannot find taint-transfer method '<org.springframework.security.core.Authentication: java.lang.Object getDetails()>'
Cannot find taint-transfer method '<org.springframework.security.core.Authentication: java.lang.String getName()>'
Cannot find taint-transfer method '<org.springframework.security.core.Authentication: java.util.Collection getAuthorities()>'
Cannot find taint-transfer method '<org.springframework.security.core.userdetails.UserDetails: java.lang.String getUsername()>'
Cannot find taint-transfer method '<org.springframework.security.core.GrantedAuthority: java.lang.String getAuthority()>'
Cannot find taint-transfer method '<java.lang.InheritableThreadLocal: java.lang.Object get()>'
TaintConfig:
sources:
  - { kind: "param", method: "<ltd.newbee.mall.controller.admin.NewBeeMallGoodsController: java.lang.String edit(javax.servlet.http.HttpServletRequest,java.lang.Long)>", index: "1", type: "java.lang.Long" }
  - { kind: "param", method: "<ltd.newbee.mall.controller.admin.NewBeeMallGoodsController: ltd.newbee.mall.util.Result list(java.util.Map)>", index: "0", type: "java.util.Map" }
  - { kind: "param", method: "<ltd.newbee.mall.controller.admin.NewBeeMallGoodsController: ltd.newbee.mall.util.Result save(ltd.newbee.mall.entity.NewBeeMallGoods)>", index: "0", type: "ltd.newbee.mall.entity.NewBeeMallGoods" }
  - { kind: "param", method: "<ltd.newbee.mall.controller.admin.NewBeeMallGoodsController: ltd.newbee.mall.util.Result update(ltd.newbee.mall.entity.NewBeeMallGoods)>", index: "0", type: "ltd.newbee.mall.entity.NewBeeMallGoods" }
  - { kind: "param", method: "<ltd.newbee.mall.controller.admin.NewBeeMallGoodsController: ltd.newbee.mall.util.Result info(java.lang.Long)>", index: "0", type: "java.lang.Long" }
  - { kind: "param", method: "<ltd.newbee.mall.controller.admin.NewBeeMallGoodsController: ltd.newbee.mall.util.Result delete(java.lang.Long[],int)>", index: "0", type: "java.lang.Long[]" }
  - { kind: "param", method: "<ltd.newbee.mall.controller.admin.NewBeeMallGoodsController: ltd.newbee.mall.util.Result delete(java.lang.Long[],int)>", index: "1", type: "int" }
  - { kind: "param", method: "<ltd.newbee.mall.controller.admin.NewBeeMallGoodsCategoryController: java.lang.String categoriesPage(javax.servlet.http.HttpServletRequest,java.lang.Byte,java.lang.Long,java.lang.Long)>", index: "1", type: "java.lang.Byte" }
  - { kind: "param", method: "<ltd.newbee.mall.controller.admin.NewBeeMallGoodsCategoryController: java.lang.String categoriesPage(javax.servlet.http.HttpServletRequest,java.lang.Byte,java.lang.Long,java.lang.Long)>", index: "2", type: "java.lang.Long" }
  - { kind: "param", method: "<ltd.newbee.mall.controller.admin.NewBeeMallGoodsCategoryController: java.lang.String categoriesPage(javax.servlet.http.HttpServletRequest,java.lang.Byte,java.lang.Long,java.lang.Long)>", index: "3", type: "java.lang.Long" }
  - { kind: "param", method: "<ltd.newbee.mall.controller.admin.NewBeeMallGoodsCategoryController: ltd.newbee.mall.util.Result list(java.util.Map)>", index: "0", type: "java.util.Map" }
  - { kind: "param", method: "<ltd.newbee.mall.controller.admin.NewBeeMallGoodsCategoryController: ltd.newbee.mall.util.Result listForSelect(java.lang.Long)>", index: "0", type: "java.lang.Long" }
  - { kind: "param", method: "<ltd.newbee.mall.controller.admin.NewBeeMallGoodsCategoryController: ltd.newbee.mall.util.Result save(ltd.newbee.mall.entity.GoodsCategory)>", index: "0", type: "ltd.newbee.mall.entity.GoodsCategory" }
  - { kind: "param", method: "<ltd.newbee.mall.controller.admin.NewBeeMallGoodsCategoryController: ltd.newbee.mall.util.Result update(ltd.newbee.mall.entity.GoodsCategory)>", index: "0", type: "ltd.newbee.mall.entity.GoodsCategory" }
  - { kind: "param", method: "<ltd.newbee.mall.controller.admin.NewBeeMallGoodsCategoryController: ltd.newbee.mall.util.Result info(java.lang.Long)>", index: "0", type: "java.lang.Long" }
  - { kind: "param", method: "<ltd.newbee.mall.controller.admin.NewBeeMallGoodsCategoryController: ltd.newbee.mall.util.Result delete(java.lang.Integer[])>", index: "0", type: "java.lang.Integer[]" }
  - { kind: "param", method: "<ltd.newbee.mall.controller.admin.NewBeeMallCarouselController: ltd.newbee.mall.util.Result list(java.util.Map)>", index: "0", type: "java.util.Map" }
  - { kind: "param", method: "<ltd.newbee.mall.controller.admin.NewBeeMallCarouselController: ltd.newbee.mall.util.Result save(ltd.newbee.mall.entity.Carousel)>", index: "0", type: "ltd.newbee.mall.entity.Carousel" }
  - { kind: "param", method: "<ltd.newbee.mall.controller.admin.NewBeeMallCarouselController: ltd.newbee.mall.util.Result update(ltd.newbee.mall.entity.Carousel)>", index: "0", type: "ltd.newbee.mall.entity.Carousel" }
  - { kind: "param", method: "<ltd.newbee.mall.controller.admin.NewBeeMallCarouselController: ltd.newbee.mall.util.Result info(java.lang.Integer)>", index: "0", type: "java.lang.Integer" }
  - { kind: "param", method: "<ltd.newbee.mall.controller.admin.NewBeeMallCarouselController: ltd.newbee.mall.util.Result delete(java.lang.Integer[])>", index: "0", type: "java.lang.Integer[]" }
  - { kind: "param", method: "<ltd.newbee.mall.controller.admin.NewBeeMallOrderController: ltd.newbee.mall.util.Result list(java.util.Map)>", index: "0", type: "java.util.Map" }
  - { kind: "param", method: "<ltd.newbee.mall.controller.admin.NewBeeMallOrderController: ltd.newbee.mall.util.Result update(ltd.newbee.mall.entity.NewBeeMallOrder)>", index: "0", type: "ltd.newbee.mall.entity.NewBeeMallOrder" }
  - { kind: "param", method: "<ltd.newbee.mall.controller.admin.NewBeeMallOrderController: ltd.newbee.mall.util.Result info(java.lang.Long)>", index: "0", type: "java.lang.Long" }
  - { kind: "param", method: "<ltd.newbee.mall.controller.admin.NewBeeMallOrderController: ltd.newbee.mall.util.Result checkDone(java.lang.Long[])>", index: "0", type: "java.lang.Long[]" }
  - { kind: "param", method: "<ltd.newbee.mall.controller.admin.NewBeeMallOrderController: ltd.newbee.mall.util.Result checkOut(java.lang.Long[])>", index: "0", type: "java.lang.Long[]" }
  - { kind: "param", method: "<ltd.newbee.mall.controller.admin.NewBeeMallOrderController: ltd.newbee.mall.util.Result closeOrder(java.lang.Long[])>", index: "0", type: "java.lang.Long[]" }
  - { kind: "param", method: "<ltd.newbee.mall.controller.admin.NewBeeMallUserController: ltd.newbee.mall.util.Result list(java.util.Map)>", index: "0", type: "java.util.Map" }
  - { kind: "param", method: "<ltd.newbee.mall.controller.admin.NewBeeMallUserController: ltd.newbee.mall.util.Result delete(java.lang.Integer[],int)>", index: "0", type: "java.lang.Integer[]" }
  - { kind: "param", method: "<ltd.newbee.mall.controller.admin.NewBeeMallUserController: ltd.newbee.mall.util.Result delete(java.lang.Integer[],int)>", index: "1", type: "int" }
  - { kind: "param", method: "<ltd.newbee.mall.controller.admin.NewBeeMallGoodsIndexConfigController: java.lang.String indexConfigsPage(javax.servlet.http.HttpServletRequest,int)>", index: "1", type: "int" }
  - { kind: "param", method: "<ltd.newbee.mall.controller.admin.NewBeeMallGoodsIndexConfigController: ltd.newbee.mall.util.Result list(java.util.Map)>", index: "0", type: "java.util.Map" }
  - { kind: "param", method: "<ltd.newbee.mall.controller.admin.NewBeeMallGoodsIndexConfigController: ltd.newbee.mall.util.Result save(ltd.newbee.mall.entity.IndexConfig)>", index: "0", type: "ltd.newbee.mall.entity.IndexConfig" }
  - { kind: "param", method: "<ltd.newbee.mall.controller.admin.NewBeeMallGoodsIndexConfigController: ltd.newbee.mall.util.Result update(ltd.newbee.mall.entity.IndexConfig)>", index: "0", type: "ltd.newbee.mall.entity.IndexConfig" }
  - { kind: "param", method: "<ltd.newbee.mall.controller.admin.NewBeeMallGoodsIndexConfigController: ltd.newbee.mall.util.Result info(java.lang.Long)>", index: "0", type: "java.lang.Long" }
  - { kind: "param", method: "<ltd.newbee.mall.controller.admin.NewBeeMallGoodsIndexConfigController: ltd.newbee.mall.util.Result delete(java.lang.Long[])>", index: "0", type: "java.lang.Long[]" }
  - { kind: "param", method: "<ltd.newbee.mall.controller.admin.AdminController: java.lang.String login(java.lang.String,java.lang.String,java.lang.String,javax.servlet.http.HttpSession)>", index: "0", type: "java.lang.String" }
  - { kind: "param", method: "<ltd.newbee.mall.controller.admin.AdminController: java.lang.String login(java.lang.String,java.lang.String,java.lang.String,javax.servlet.http.HttpSession)>", index: "1", type: "java.lang.String" }
  - { kind: "param", method: "<ltd.newbee.mall.controller.admin.AdminController: java.lang.String login(java.lang.String,java.lang.String,java.lang.String,javax.servlet.http.HttpSession)>", index: "2", type: "java.lang.String" }
  - { kind: "param", method: "<ltd.newbee.mall.controller.admin.AdminController: java.lang.String login(java.lang.String,java.lang.String,java.lang.String,javax.servlet.http.HttpSession)>", index: "3", type: "javax.servlet.http.HttpSession" }
  - { kind: "param", method: "<ltd.newbee.mall.controller.admin.AdminController: java.lang.String passwordUpdate(javax.servlet.http.HttpServletRequest,java.lang.String,java.lang.String)>", index: "1", type: "java.lang.String" }
  - { kind: "param", method: "<ltd.newbee.mall.controller.admin.AdminController: java.lang.String passwordUpdate(javax.servlet.http.HttpServletRequest,java.lang.String,java.lang.String)>", index: "2", type: "java.lang.String" }
  - { kind: "param", method: "<ltd.newbee.mall.controller.admin.AdminController: java.lang.String nameUpdate(javax.servlet.http.HttpServletRequest,java.lang.String,java.lang.String)>", index: "1", type: "java.lang.String" }
  - { kind: "param", method: "<ltd.newbee.mall.controller.admin.AdminController: java.lang.String nameUpdate(javax.servlet.http.HttpServletRequest,java.lang.String,java.lang.String)>", index: "2", type: "java.lang.String" }
  - { kind: "param", method: "<ltd.newbee.mall.controller.common.UploadController: ltd.newbee.mall.util.Result upload(javax.servlet.http.HttpServletRequest,org.springframework.web.multipart.MultipartFile)>", index: "1", type: "org.springframework.web.multipart.MultipartFile" }
  - { kind: "param", method: "<ltd.newbee.mall.controller.mall.OrderController: java.lang.String orderDetailPage(javax.servlet.http.HttpServletRequest,java.lang.String,javax.servlet.http.HttpSession)>", index: "1", type: "java.lang.String" }
  - { kind: "param", method: "<ltd.newbee.mall.controller.mall.OrderController: java.lang.String orderDetailPage(javax.servlet.http.HttpServletRequest,java.lang.String,javax.servlet.http.HttpSession)>", index: "2", type: "javax.servlet.http.HttpSession" }
  - { kind: "param", method: "<ltd.newbee.mall.controller.mall.OrderController: java.lang.String orderListPage(java.util.Map,javax.servlet.http.HttpServletRequest,javax.servlet.http.HttpSession)>", index: "0", type: "java.util.Map" }
  - { kind: "param", method: "<ltd.newbee.mall.controller.mall.OrderController: java.lang.String orderListPage(java.util.Map,javax.servlet.http.HttpServletRequest,javax.servlet.http.HttpSession)>", index: "2", type: "javax.servlet.http.HttpSession" }
  - { kind: "param", method: "<ltd.newbee.mall.controller.mall.OrderController: java.lang.String saveOrder(javax.servlet.http.HttpSession)>", index: "0", type: "javax.servlet.http.HttpSession" }
  - { kind: "param", method: "<ltd.newbee.mall.controller.mall.OrderController: ltd.newbee.mall.util.Result cancelOrder(java.lang.String,javax.servlet.http.HttpSession)>", index: "0", type: "java.lang.String" }
  - { kind: "param", method: "<ltd.newbee.mall.controller.mall.OrderController: ltd.newbee.mall.util.Result cancelOrder(java.lang.String,javax.servlet.http.HttpSession)>", index: "1", type: "javax.servlet.http.HttpSession" }
  - { kind: "param", method: "<ltd.newbee.mall.controller.mall.OrderController: ltd.newbee.mall.util.Result finishOrder(java.lang.String,javax.servlet.http.HttpSession)>", index: "0", type: "java.lang.String" }
  - { kind: "param", method: "<ltd.newbee.mall.controller.mall.OrderController: ltd.newbee.mall.util.Result finishOrder(java.lang.String,javax.servlet.http.HttpSession)>", index: "1", type: "javax.servlet.http.HttpSession" }
  - { kind: "param", method: "<ltd.newbee.mall.controller.mall.OrderController: java.lang.String selectPayType(javax.servlet.http.HttpServletRequest,java.lang.String,javax.servlet.http.HttpSession)>", index: "1", type: "java.lang.String" }
  - { kind: "param", method: "<ltd.newbee.mall.controller.mall.OrderController: java.lang.String selectPayType(javax.servlet.http.HttpServletRequest,java.lang.String,javax.servlet.http.HttpSession)>", index: "2", type: "javax.servlet.http.HttpSession" }
  - { kind: "param", method: "<ltd.newbee.mall.controller.mall.OrderController: java.lang.String payOrder(javax.servlet.http.HttpServletRequest,java.lang.String,javax.servlet.http.HttpSession,int)>", index: "1", type: "java.lang.String" }
  - { kind: "param", method: "<ltd.newbee.mall.controller.mall.OrderController: java.lang.String payOrder(javax.servlet.http.HttpServletRequest,java.lang.String,javax.servlet.http.HttpSession,int)>", index: "2", type: "javax.servlet.http.HttpSession" }
  - { kind: "param", method: "<ltd.newbee.mall.controller.mall.OrderController: java.lang.String payOrder(javax.servlet.http.HttpServletRequest,java.lang.String,javax.servlet.http.HttpSession,int)>", index: "3", type: "int" }
  - { kind: "param", method: "<ltd.newbee.mall.controller.mall.OrderController: ltd.newbee.mall.util.Result paySuccess(java.lang.String,int)>", index: "0", type: "java.lang.String" }
  - { kind: "param", method: "<ltd.newbee.mall.controller.mall.OrderController: ltd.newbee.mall.util.Result paySuccess(java.lang.String,int)>", index: "1", type: "int" }
  - { kind: "param", method: "<ltd.newbee.mall.controller.mall.GoodsController: java.lang.String searchPage(java.util.Map,javax.servlet.http.HttpServletRequest)>", index: "0", type: "java.util.Map" }
  - { kind: "param", method: "<ltd.newbee.mall.controller.mall.GoodsController: java.lang.String detailPage(java.lang.Long,javax.servlet.http.HttpServletRequest)>", index: "0", type: "java.lang.Long" }
  - { kind: "param", method: "<ltd.newbee.mall.controller.mall.ShoppingCartController: java.lang.String cartListPage(javax.servlet.http.HttpServletRequest,javax.servlet.http.HttpSession)>", index: "1", type: "javax.servlet.http.HttpSession" }
  - { kind: "param", method: "<ltd.newbee.mall.controller.mall.ShoppingCartController: ltd.newbee.mall.util.Result saveNewBeeMallShoppingCartItem(ltd.newbee.mall.entity.NewBeeMallShoppingCartItem,javax.servlet.http.HttpSession)>", index: "0", type: "ltd.newbee.mall.entity.NewBeeMallShoppingCartItem" }
  - { kind: "param", method: "<ltd.newbee.mall.controller.mall.ShoppingCartController: ltd.newbee.mall.util.Result saveNewBeeMallShoppingCartItem(ltd.newbee.mall.entity.NewBeeMallShoppingCartItem,javax.servlet.http.HttpSession)>", index: "1", type: "javax.servlet.http.HttpSession" }
  - { kind: "param", method: "<ltd.newbee.mall.controller.mall.ShoppingCartController: ltd.newbee.mall.util.Result updateNewBeeMallShoppingCartItem(ltd.newbee.mall.entity.NewBeeMallShoppingCartItem,javax.servlet.http.HttpSession)>", index: "0", type: "ltd.newbee.mall.entity.NewBeeMallShoppingCartItem" }
  - { kind: "param", method: "<ltd.newbee.mall.controller.mall.ShoppingCartController: ltd.newbee.mall.util.Result updateNewBeeMallShoppingCartItem(ltd.newbee.mall.entity.NewBeeMallShoppingCartItem,javax.servlet.http.HttpSession)>", index: "1", type: "javax.servlet.http.HttpSession" }
  - { kind: "param", method: "<ltd.newbee.mall.controller.mall.ShoppingCartController: ltd.newbee.mall.util.Result updateNewBeeMallShoppingCartItem(java.lang.Long,javax.servlet.http.HttpSession)>", index: "0", type: "java.lang.Long" }
  - { kind: "param", method: "<ltd.newbee.mall.controller.mall.ShoppingCartController: ltd.newbee.mall.util.Result updateNewBeeMallShoppingCartItem(java.lang.Long,javax.servlet.http.HttpSession)>", index: "1", type: "javax.servlet.http.HttpSession" }
  - { kind: "param", method: "<ltd.newbee.mall.controller.mall.ShoppingCartController: java.lang.String settlePage(javax.servlet.http.HttpServletRequest,javax.servlet.http.HttpSession)>", index: "1", type: "javax.servlet.http.HttpSession" }
  - { kind: "param", method: "<ltd.newbee.mall.controller.mall.PersonalController: java.lang.String personalPage(javax.servlet.http.HttpServletRequest,javax.servlet.http.HttpSession)>", index: "1", type: "javax.servlet.http.HttpSession" }
  - { kind: "param", method: "<ltd.newbee.mall.controller.mall.PersonalController: java.lang.String logout(javax.servlet.http.HttpSession)>", index: "0", type: "javax.servlet.http.HttpSession" }
  - { kind: "param", method: "<ltd.newbee.mall.controller.mall.PersonalController: ltd.newbee.mall.util.Result login(java.lang.String,java.lang.String,java.lang.String,javax.servlet.http.HttpSession)>", index: "0", type: "java.lang.String" }
  - { kind: "param", method: "<ltd.newbee.mall.controller.mall.PersonalController: ltd.newbee.mall.util.Result login(java.lang.String,java.lang.String,java.lang.String,javax.servlet.http.HttpSession)>", index: "1", type: "java.lang.String" }
  - { kind: "param", method: "<ltd.newbee.mall.controller.mall.PersonalController: ltd.newbee.mall.util.Result login(java.lang.String,java.lang.String,java.lang.String,javax.servlet.http.HttpSession)>", index: "2", type: "java.lang.String" }
  - { kind: "param", method: "<ltd.newbee.mall.controller.mall.PersonalController: ltd.newbee.mall.util.Result login(java.lang.String,java.lang.String,java.lang.String,javax.servlet.http.HttpSession)>", index: "3", type: "javax.servlet.http.HttpSession" }
  - { kind: "param", method: "<ltd.newbee.mall.controller.mall.PersonalController: ltd.newbee.mall.util.Result register(java.lang.String,java.lang.String,java.lang.String,javax.servlet.http.HttpSession)>", index: "0", type: "java.lang.String" }
  - { kind: "param", method: "<ltd.newbee.mall.controller.mall.PersonalController: ltd.newbee.mall.util.Result register(java.lang.String,java.lang.String,java.lang.String,javax.servlet.http.HttpSession)>", index: "1", type: "java.lang.String" }
  - { kind: "param", method: "<ltd.newbee.mall.controller.mall.PersonalController: ltd.newbee.mall.util.Result register(java.lang.String,java.lang.String,java.lang.String,javax.servlet.http.HttpSession)>", index: "2", type: "java.lang.String" }
  - { kind: "param", method: "<ltd.newbee.mall.controller.mall.PersonalController: ltd.newbee.mall.util.Result register(java.lang.String,java.lang.String,java.lang.String,javax.servlet.http.HttpSession)>", index: "3", type: "javax.servlet.http.HttpSession" }
  - { kind: "param", method: "<ltd.newbee.mall.controller.mall.PersonalController: ltd.newbee.mall.util.Result updateInfo(ltd.newbee.mall.entity.MallUser,javax.servlet.http.HttpSession)>", index: "0", type: "ltd.newbee.mall.entity.MallUser" }
  - { kind: "param", method: "<ltd.newbee.mall.controller.mall.PersonalController: ltd.newbee.mall.util.Result updateInfo(ltd.newbee.mall.entity.MallUser,javax.servlet.http.HttpSession)>", index: "1", type: "javax.servlet.http.HttpSession" }
  - { kind: "call", method: "<org.apache.shiro.SecurityUtils: org.apache.shiro.subject.Subject getSubject()>", index: "result", type: "org.apache.shiro.subject.Subject" }
  - { kind: "call", method: "<org.apache.shiro.subject.Subject: java.lang.Object getPrincipal()>", index: "result", type: "java.lang.Object" }
  - { kind: "call", method: "<org.apache.shiro.subject.Subject: org.apache.shiro.subject.PrincipalCollection getPrincipals()>", index: "result", type: "org.apache.shiro.subject.PrincipalCollection" }
  - { kind: "call", method: "<org.apache.shiro.subject.PrincipalCollection: java.lang.Object getPrimaryPrincipal()>", index: "result", type: "java.lang.Object" }
  - { kind: "call", method: "<javax.servlet.http.HttpSession: java.lang.Object getAttribute(java.lang.String)>", index: "result", type: "java.lang.Object" }
  - { kind: "call", method: "<javax.servlet.http.HttpSession: java.lang.Object getValue(java.lang.String)>", index: "result", type: "java.lang.Object" }
  - { kind: "call", method: "<javax.servlet.http.HttpServletRequest: javax.servlet.http.HttpSession getSession()>", index: "result", type: "javax.servlet.http.HttpSession" }
  - { kind: "call", method: "<javax.servlet.http.HttpServletRequest: javax.servlet.http.HttpSession getSession(boolean)>", index: "result", type: "javax.servlet.http.HttpSession" }
  - { kind: "call", method: "<javax.servlet.http.HttpServletRequest: java.security.Principal getUserPrincipal()>", index: "result", type: "java.security.Principal" }
  - { kind: "call", method: "<java.security.Principal: java.lang.String getName()>", index: "result", type: "java.lang.String" }
  - { kind: "call", method: "<javax.servlet.ServletRequest: java.lang.Object getAttribute(java.lang.String)>", index: "result", type: "java.lang.Object" }
  - { kind: "call", method: "<java.lang.ThreadLocal: java.lang.Object get()>", index: "result", type: "java.lang.Object" }

sinks:
  - { method: "<ltd.newbee.mall.dao.CarouselMapper: java.util.List findCarouselList(ltd.newbee.mall.util.PageQueryUtil)>", index: "0" }
  - { method: "<ltd.newbee.mall.dao.CarouselMapper: ltd.newbee.mall.entity.Carousel selectByPrimaryKey(java.lang.Integer)>", index: "0" }
  - { method: "<ltd.newbee.mall.dao.CarouselMapper: java.util.List findCarouselsByNum(int)>", index: "0" }
  - { method: "<ltd.newbee.mall.dao.CarouselMapper: int insert(ltd.newbee.mall.entity.Carousel)>", index: "0" }
  - { method: "<ltd.newbee.mall.dao.CarouselMapper: int insertSelective(ltd.newbee.mall.entity.Carousel)>", index: "0" }
  - { method: "<ltd.newbee.mall.dao.CarouselMapper: int updateByPrimaryKeySelective(ltd.newbee.mall.entity.Carousel)>", index: "0" }
  - { method: "<ltd.newbee.mall.dao.CarouselMapper: int updateByPrimaryKey(ltd.newbee.mall.entity.Carousel)>", index: "0" }
  - { method: "<ltd.newbee.mall.dao.CarouselMapper: int deleteBatch(java.lang.Integer[])>", index: "0" }
  - { method: "<ltd.newbee.mall.dao.CarouselMapper: int deleteByPrimaryKey(java.lang.Integer)>", index: "0" }
  - { method: "<ltd.newbee.mall.dao.NewBeeMallOrderMapper: ltd.newbee.mall.entity.NewBeeMallOrder selectByPrimaryKey(java.lang.Long)>", index: "0" }
  - { method: "<ltd.newbee.mall.dao.NewBeeMallOrderMapper: ltd.newbee.mall.entity.NewBeeMallOrder selectByOrderNo(java.lang.String)>", index: "0" }
  - { method: "<ltd.newbee.mall.dao.NewBeeMallOrderMapper: java.util.List selectByPrimaryKeys(java.util.List)>", index: "0" }
  - { method: "<ltd.newbee.mall.dao.NewBeeMallOrderMapper: java.util.List findNewBeeMallOrderList(ltd.newbee.mall.util.PageQueryUtil)>", index: "0" }
  - { method: "<ltd.newbee.mall.dao.NewBeeMallOrderMapper: int getTotalNewBeeMallOrders(ltd.newbee.mall.util.PageQueryUtil)>", index: "0" }
  - { method: "<ltd.newbee.mall.dao.NewBeeMallOrderMapper: int insert(ltd.newbee.mall.entity.NewBeeMallOrder)>", index: "0" }
  - { method: "<ltd.newbee.mall.dao.NewBeeMallOrderMapper: int insertSelective(ltd.newbee.mall.entity.NewBeeMallOrder)>", index: "0" }
  - { method: "<ltd.newbee.mall.dao.NewBeeMallOrderMapper: int deleteByPrimaryKey(java.lang.Long)>", index: "0" }
  - { method: "<ltd.newbee.mall.dao.NewBeeMallOrderMapper: int checkDone(java.util.List)>", index: "0" }
  - { method: "<ltd.newbee.mall.dao.NewBeeMallOrderMapper: int checkOut(java.util.List)>", index: "0" }
  - { method: "<ltd.newbee.mall.dao.NewBeeMallOrderMapper: int updateByPrimaryKeySelective(ltd.newbee.mall.entity.NewBeeMallOrder)>", index: "0" }
  - { method: "<ltd.newbee.mall.dao.NewBeeMallOrderMapper: int updateByPrimaryKey(ltd.newbee.mall.entity.NewBeeMallOrder)>", index: "0" }
  - { method: "<ltd.newbee.mall.dao.NewBeeMallShoppingCartItemMapper: ltd.newbee.mall.entity.NewBeeMallShoppingCartItem selectByPrimaryKey(java.lang.Long)>", index: "0" }
  - { method: "<ltd.newbee.mall.dao.NewBeeMallShoppingCartItemMapper: int selectCountByUserId(java.lang.Long)>", index: "0" }
  - { method: "<ltd.newbee.mall.dao.NewBeeMallShoppingCartItemMapper: int insert(ltd.newbee.mall.entity.NewBeeMallShoppingCartItem)>", index: "0" }
  - { method: "<ltd.newbee.mall.dao.NewBeeMallShoppingCartItemMapper: int insertSelective(ltd.newbee.mall.entity.NewBeeMallShoppingCartItem)>", index: "0" }
  - { method: "<ltd.newbee.mall.dao.NewBeeMallShoppingCartItemMapper: int deleteByPrimaryKey(java.lang.Long)>", index: "0" }
  - { method: "<ltd.newbee.mall.dao.NewBeeMallShoppingCartItemMapper: int deleteBatch(java.util.List)>", index: "0" }
  - { method: "<ltd.newbee.mall.dao.NewBeeMallShoppingCartItemMapper: int updateByPrimaryKeySelective(ltd.newbee.mall.entity.NewBeeMallShoppingCartItem)>", index: "0" }
  - { method: "<ltd.newbee.mall.dao.NewBeeMallShoppingCartItemMapper: int updateByPrimaryKey(ltd.newbee.mall.entity.NewBeeMallShoppingCartItem)>", index: "0" }
  - { method: "<ltd.newbee.mall.dao.IndexConfigMapper: java.util.List findIndexConfigList(ltd.newbee.mall.util.PageQueryUtil)>", index: "0" }
  - { method: "<ltd.newbee.mall.dao.IndexConfigMapper: int getTotalIndexConfigs(ltd.newbee.mall.util.PageQueryUtil)>", index: "0" }
  - { method: "<ltd.newbee.mall.dao.IndexConfigMapper: ltd.newbee.mall.entity.IndexConfig selectByPrimaryKey(java.lang.Long)>", index: "0" }
  - { method: "<ltd.newbee.mall.dao.IndexConfigMapper: int insert(ltd.newbee.mall.entity.IndexConfig)>", index: "0" }
  - { method: "<ltd.newbee.mall.dao.IndexConfigMapper: int insertSelective(ltd.newbee.mall.entity.IndexConfig)>", index: "0" }
  - { method: "<ltd.newbee.mall.dao.IndexConfigMapper: int deleteByPrimaryKey(java.lang.Long)>", index: "0" }
  - { method: "<ltd.newbee.mall.dao.IndexConfigMapper: int deleteBatch(java.lang.Long[])>", index: "0" }
  - { method: "<ltd.newbee.mall.dao.IndexConfigMapper: int updateByPrimaryKeySelective(ltd.newbee.mall.entity.IndexConfig)>", index: "0" }
  - { method: "<ltd.newbee.mall.dao.IndexConfigMapper: int updateByPrimaryKey(ltd.newbee.mall.entity.IndexConfig)>", index: "0" }
  - { method: "<ltd.newbee.mall.dao.NewBeeMallGoodsMapper: ltd.newbee.mall.entity.NewBeeMallGoods selectByPrimaryKey(java.lang.Long)>", index: "0" }
  - { method: "<ltd.newbee.mall.dao.NewBeeMallGoodsMapper: java.util.List findNewBeeMallGoodsList(ltd.newbee.mall.util.PageQueryUtil)>", index: "0" }
  - { method: "<ltd.newbee.mall.dao.NewBeeMallGoodsMapper: java.util.List findNewBeeMallGoodsListBySearch(ltd.newbee.mall.util.PageQueryUtil)>", index: "0" }
  - { method: "<ltd.newbee.mall.dao.NewBeeMallGoodsMapper: int getTotalNewBeeMallGoodsBySearch(ltd.newbee.mall.util.PageQueryUtil)>", index: "0" }
  - { method: "<ltd.newbee.mall.dao.NewBeeMallGoodsMapper: java.util.List selectByPrimaryKeys(java.util.List)>", index: "0" }
  - { method: "<ltd.newbee.mall.dao.NewBeeMallGoodsMapper: int getTotalNewBeeMallGoods(ltd.newbee.mall.util.PageQueryUtil)>", index: "0" }
  - { method: "<ltd.newbee.mall.dao.NewBeeMallGoodsMapper: int batchInsert(java.util.List)>", index: "0" }
  - { method: "<ltd.newbee.mall.dao.NewBeeMallGoodsMapper: int insert(ltd.newbee.mall.entity.NewBeeMallGoods)>", index: "0" }
  - { method: "<ltd.newbee.mall.dao.NewBeeMallGoodsMapper: int insertSelective(ltd.newbee.mall.entity.NewBeeMallGoods)>", index: "0" }
  - { method: "<ltd.newbee.mall.dao.NewBeeMallGoodsMapper: int updateStockNum(java.util.List)>", index: "0" }
  - { method: "<ltd.newbee.mall.dao.NewBeeMallGoodsMapper: int recoverStockNum(java.util.List)>", index: "0" }
  - { method: "<ltd.newbee.mall.dao.NewBeeMallGoodsMapper: int updateByPrimaryKeySelective(ltd.newbee.mall.entity.NewBeeMallGoods)>", index: "0" }
  - { method: "<ltd.newbee.mall.dao.NewBeeMallGoodsMapper: int updateByPrimaryKeyWithBLOBs(ltd.newbee.mall.entity.NewBeeMallGoods)>", index: "0" }
  - { method: "<ltd.newbee.mall.dao.NewBeeMallGoodsMapper: int updateByPrimaryKey(ltd.newbee.mall.entity.NewBeeMallGoods)>", index: "0" }
  - { method: "<ltd.newbee.mall.dao.NewBeeMallGoodsMapper: int deleteByPrimaryKey(java.lang.Long)>", index: "0" }
  - { method: "<ltd.newbee.mall.dao.AdminUserMapper: ltd.newbee.mall.entity.AdminUser selectByPrimaryKey(java.lang.Integer)>", index: "0" }
  - { method: "<ltd.newbee.mall.dao.AdminUserMapper: int insert(ltd.newbee.mall.entity.AdminUser)>", index: "0" }
  - { method: "<ltd.newbee.mall.dao.AdminUserMapper: int insertSelective(ltd.newbee.mall.entity.AdminUser)>", index: "0" }
  - { method: "<ltd.newbee.mall.dao.AdminUserMapper: int updateByPrimaryKeySelective(ltd.newbee.mall.entity.AdminUser)>", index: "0" }
  - { method: "<ltd.newbee.mall.dao.AdminUserMapper: int updateByPrimaryKey(ltd.newbee.mall.entity.AdminUser)>", index: "0" }
  - { method: "<ltd.newbee.mall.dao.GoodsCategoryMapper: java.util.List findGoodsCategoryList(ltd.newbee.mall.util.PageQueryUtil)>", index: "0" }
  - { method: "<ltd.newbee.mall.dao.GoodsCategoryMapper: int getTotalGoodsCategories(ltd.newbee.mall.util.PageQueryUtil)>", index: "0" }
  - { method: "<ltd.newbee.mall.dao.GoodsCategoryMapper: ltd.newbee.mall.entity.GoodsCategory selectByPrimaryKey(java.lang.Long)>", index: "0" }
  - { method: "<ltd.newbee.mall.dao.GoodsCategoryMapper: int insert(ltd.newbee.mall.entity.GoodsCategory)>", index: "0" }
  - { method: "<ltd.newbee.mall.dao.GoodsCategoryMapper: int insertSelective(ltd.newbee.mall.entity.GoodsCategory)>", index: "0" }
  - { method: "<ltd.newbee.mall.dao.GoodsCategoryMapper: int deleteByPrimaryKey(java.lang.Long)>", index: "0" }
  - { method: "<ltd.newbee.mall.dao.GoodsCategoryMapper: int deleteBatch(java.lang.Integer[])>", index: "0" }
  - { method: "<ltd.newbee.mall.dao.GoodsCategoryMapper: int updateByPrimaryKeySelective(ltd.newbee.mall.entity.GoodsCategory)>", index: "0" }
  - { method: "<ltd.newbee.mall.dao.GoodsCategoryMapper: int updateByPrimaryKey(ltd.newbee.mall.entity.GoodsCategory)>", index: "0" }
  - { method: "<ltd.newbee.mall.dao.NewBeeMallOrderItemMapper: ltd.newbee.mall.entity.NewBeeMallOrderItem selectByPrimaryKey(java.lang.Long)>", index: "0" }
  - { method: "<ltd.newbee.mall.dao.NewBeeMallOrderItemMapper: java.util.List selectByOrderId(java.lang.Long)>", index: "0" }
  - { method: "<ltd.newbee.mall.dao.NewBeeMallOrderItemMapper: java.util.List selectByOrderIds(java.util.List)>", index: "0" }
  - { method: "<ltd.newbee.mall.dao.NewBeeMallOrderItemMapper: int insertBatch(java.util.List)>", index: "0" }
  - { method: "<ltd.newbee.mall.dao.NewBeeMallOrderItemMapper: int insert(ltd.newbee.mall.entity.NewBeeMallOrderItem)>", index: "0" }
  - { method: "<ltd.newbee.mall.dao.NewBeeMallOrderItemMapper: int insertSelective(ltd.newbee.mall.entity.NewBeeMallOrderItem)>", index: "0" }
  - { method: "<ltd.newbee.mall.dao.NewBeeMallOrderItemMapper: int updateByPrimaryKeySelective(ltd.newbee.mall.entity.NewBeeMallOrderItem)>", index: "0" }
  - { method: "<ltd.newbee.mall.dao.NewBeeMallOrderItemMapper: int updateByPrimaryKey(ltd.newbee.mall.entity.NewBeeMallOrderItem)>", index: "0" }
  - { method: "<ltd.newbee.mall.dao.NewBeeMallOrderItemMapper: int deleteByPrimaryKey(java.lang.Long)>", index: "0" }
  - { method: "<ltd.newbee.mall.dao.MallUserMapper: java.util.List findMallUserList(ltd.newbee.mall.util.PageQueryUtil)>", index: "0" }
  - { method: "<ltd.newbee.mall.dao.MallUserMapper: int getTotalMallUsers(ltd.newbee.mall.util.PageQueryUtil)>", index: "0" }
  - { method: "<ltd.newbee.mall.dao.MallUserMapper: ltd.newbee.mall.entity.MallUser selectByPrimaryKey(java.lang.Long)>", index: "0" }
  - { method: "<ltd.newbee.mall.dao.MallUserMapper: ltd.newbee.mall.entity.MallUser selectByLoginName(java.lang.String)>", index: "0" }
  - { method: "<ltd.newbee.mall.dao.MallUserMapper: int insert(ltd.newbee.mall.entity.MallUser)>", index: "0" }
  - { method: "<ltd.newbee.mall.dao.MallUserMapper: int insertSelective(ltd.newbee.mall.entity.MallUser)>", index: "0" }
  - { method: "<ltd.newbee.mall.dao.MallUserMapper: int deleteByPrimaryKey(java.lang.Long)>", index: "0" }
  - { method: "<ltd.newbee.mall.dao.MallUserMapper: int updateByPrimaryKeySelective(ltd.newbee.mall.entity.MallUser)>", index: "0" }
  - { method: "<ltd.newbee.mall.dao.MallUserMapper: int updateByPrimaryKey(ltd.newbee.mall.entity.MallUser)>", index: "0" }
  - { method: "<java.sql.Statement: java.sql.ResultSet executeQuery(java.lang.String)>", index: "0" }
  - { method: "<java.sql.Statement: int executeUpdate(java.lang.String)>", index: "0" }
  - { method: "<java.sql.Statement: boolean execute(java.lang.String)>", index: "0" }
  - { method: "<java.sql.Statement: void addBatch(java.lang.String)>", index: "0" }
  - { method: "<java.sql.Connection: java.sql.PreparedStatement prepareStatement(java.lang.String)>", index: "0" }
  - { method: "<java.sql.Connection: java.sql.CallableStatement prepareCall(java.lang.String)>", index: "0" }
  - { method: "<org.springframework.jdbc.core.JdbcTemplate: java.util.List query(java.lang.String,org.springframework.jdbc.core.RowMapper)>", index: "0" }
  - { method: "<org.springframework.jdbc.core.JdbcTemplate: java.lang.Object queryForObject(java.lang.String,java.lang.Class)>", index: "0" }
  - { method: "<org.springframework.jdbc.core.JdbcTemplate: java.util.List queryForList(java.lang.String,java.lang.Class)>", index: "0" }
  - { method: "<org.springframework.jdbc.core.JdbcTemplate: int update(java.lang.String)>", index: "0" }
  - { method: "<org.springframework.jdbc.core.JdbcTemplate: int[] batchUpdate(java.lang.String[])>", index: "0" }
  - { method: "<java.lang.Runtime: java.lang.Process exec(java.lang.String)>", index: "0" }
  - { method: "<java.lang.Runtime: java.lang.Process exec(java.lang.String[])>", index: "0" }
  - { method: "<java.lang.Runtime: java.lang.Process exec(java.lang.String,java.lang.String[])>", index: "0" }
  - { method: "<java.lang.Runtime: java.lang.Process exec(java.lang.String,java.lang.String[],java.io.File)>", index: "0" }
  - { method: "<java.lang.ProcessBuilder: void <init>(java.lang.String[])>", index: "0" }
  - { method: "<java.lang.ProcessBuilder: void <init>(java.util.List)>", index: "0" }
  - { method: "<java.lang.ProcessBuilder: java.lang.ProcessBuilder command(java.lang.String[])>", index: "0" }
  - { method: "<java.lang.ProcessBuilder: java.lang.ProcessBuilder command(java.util.List)>", index: "0" }
  - { method: "<java.io.File: void <init>(java.lang.String)>", index: "0" }
  - { method: "<java.io.File: void <init>(java.lang.String,java.lang.String)>", index: "0" }
  - { method: "<java.io.File: void <init>(java.lang.String,java.lang.String)>", index: "1" }
  - { method: "<java.io.FileInputStream: void <init>(java.lang.String)>", index: "0" }
  - { method: "<java.io.FileOutputStream: void <init>(java.lang.String)>", index: "0" }
  - { method: "<java.io.FileReader: void <init>(java.lang.String)>", index: "0" }
  - { method: "<java.io.FileWriter: void <init>(java.lang.String)>", index: "0" }
  - { method: "<java.nio.file.Paths: java.nio.file.Path get(java.lang.String,java.lang.String[])>", index: "0" }
  - { method: "<java.nio.file.Path: java.nio.file.Path resolve(java.lang.String)>", index: "0" }
  - { method: "<java.nio.file.Files: java.util.List readAllLines(java.nio.file.Path)>", index: "0" }
  - { method: "<java.nio.file.Files: byte[] readAllBytes(java.nio.file.Path)>", index: "0" }
  - { method: "<java.nio.file.Files: java.nio.file.Path write(java.nio.file.Path,byte[],java.nio.file.OpenOption[])>", index: "0" }
  - { method: "<java.io.PrintWriter: void print(java.lang.String)>", index: "0" }
  - { method: "<java.io.PrintWriter: void println(java.lang.String)>", index: "0" }
  - { method: "<java.io.PrintWriter: void write(java.lang.String)>", index: "0" }
  - { method: "<javax.servlet.ServletOutputStream: void print(java.lang.String)>", index: "0" }
  - { method: "<java.net.URL: void <init>(java.lang.String)>", index: "0" }
  - { method: "<java.net.URI: void <init>(java.lang.String)>", index: "0" }
  - { method: "<java.net.URI: java.net.URI create(java.lang.String)>", index: "0" }
  - { method: "<javax.servlet.http.HttpServletResponse: void sendRedirect(java.lang.String)>", index: "0" }
  - { method: "<javax.servlet.RequestDispatcher: void forward(javax.servlet.ServletRequest,javax.servlet.ServletResponse)>", index: "0" }
  - { method: "<javax.naming.directory.DirContext: javax.naming.NamingEnumeration search(java.lang.String,java.lang.String,javax.naming.directory.SearchControls)>", index: "0" }
  - { method: "<javax.naming.directory.DirContext: javax.naming.NamingEnumeration search(java.lang.String,java.lang.String,javax.naming.directory.SearchControls)>", index: "1" }
  - { method: "<javax.naming.directory.InitialDirContext: javax.naming.NamingEnumeration search(java.lang.String,java.lang.String,javax.naming.directory.SearchControls)>", index: "0" }
  - { method: "<javax.naming.directory.InitialDirContext: javax.naming.NamingEnumeration search(java.lang.String,java.lang.String,javax.naming.directory.SearchControls)>", index: "1" }
  - { method: "<javax.xml.xpath.XPath: java.lang.String evaluate(java.lang.String,java.lang.Object)>", index: "0" }
  - { method: "<javax.xml.xpath.XPath: javax.xml.xpath.XPathExpression compile(java.lang.String)>", index: "0" }
  - { method: "<javax.xml.parsers.DocumentBuilder: org.w3c.dom.Document parse(java.io.InputStream)>", index: "0" }
  - { method: "<javax.xml.parsers.DocumentBuilder: org.w3c.dom.Document parse(java.lang.String)>", index: "0" }
  - { method: "<javax.xml.parsers.SAXParser: void parse(java.io.InputStream,org.xml.sax.helpers.DefaultHandler)>", index: "0" }
  - { method: "<org.xml.sax.XMLReader: void parse(org.xml.sax.InputSource)>", index: "0" }
  - { method: "<java.io.ObjectInputStream: void <init>(java.io.InputStream)>", index: "0" }
  - { method: "<java.lang.Class: java.lang.Class forName(java.lang.String)>", index: "0" }
  - { method: "<java.lang.ClassLoader: java.lang.Class loadClass(java.lang.String)>", index: "0" }
  - { method: "<java.lang.reflect.Method: java.lang.Object invoke(java.lang.Object,java.lang.Object[])>", index: "1" }
  - { method: "<javax.servlet.ServletContext: javax.servlet.RequestDispatcher getRequestDispatcher(java.lang.String)>", index: "0" }
  - { method: "<javax.servlet.http.Cookie: void <init>(java.lang.String,java.lang.String)>", index: "1" }
  - { method: "<javax.servlet.http.Cookie: void setValue(java.lang.String)>", index: "0" }
  - { method: "<javax.servlet.http.HttpServletResponse: void addHeader(java.lang.String,java.lang.String)>", index: "1" }
  - { method: "<javax.servlet.http.HttpServletResponse: void setHeader(java.lang.String,java.lang.String)>", index: "1" }

transfers:
  - { method: "<java.lang.String: java.lang.String concat(java.lang.String)>", from: "base", to: "result", type: "java.lang.String" }
  - { method: "<java.lang.String: java.lang.String concat(java.lang.String)>", from: "0", to: "result", type: "java.lang.String" }
  - { method: "<java.lang.String: java.lang.String substring(int)>", from: "base", to: "result", type: "java.lang.String" }
  - { method: "<java.lang.String: java.lang.String substring(int,int)>", from: "base", to: "result", type: "java.lang.String" }
  - { method: "<java.lang.String: java.lang.String replace(char,char)>", from: "base", to: "result", type: "java.lang.String" }
  - { method: "<java.lang.String: java.lang.String replace(java.lang.CharSequence,java.lang.CharSequence)>", from: "base", to: "result", type: "java.lang.String" }
  - { method: "<java.lang.String: java.lang.String replaceAll(java.lang.String,java.lang.String)>", from: "base", to: "result", type: "java.lang.String" }
  - { method: "<java.lang.String: java.lang.String replaceFirst(java.lang.String,java.lang.String)>", from: "base", to: "result", type: "java.lang.String" }
  - { method: "<java.lang.String: java.lang.String trim()>", from: "base", to: "result", type: "java.lang.String" }
  - { method: "<java.lang.String: java.lang.String strip()>", from: "base", to: "result", type: "java.lang.String" }
  - { method: "<java.lang.String: java.lang.String stripLeading()>", from: "base", to: "result", type: "java.lang.String" }
  - { method: "<java.lang.String: java.lang.String stripTrailing()>", from: "base", to: "result", type: "java.lang.String" }
  - { method: "<java.lang.String: java.lang.String toLowerCase()>", from: "base", to: "result", type: "java.lang.String" }
  - { method: "<java.lang.String: java.lang.String toLowerCase(java.util.Locale)>", from: "base", to: "result", type: "java.lang.String" }
  - { method: "<java.lang.String: java.lang.String toUpperCase()>", from: "base", to: "result", type: "java.lang.String" }
  - { method: "<java.lang.String: java.lang.String toUpperCase(java.util.Locale)>", from: "base", to: "result", type: "java.lang.String" }
  - { method: "<java.lang.String: java.lang.String intern()>", from: "base", to: "result", type: "java.lang.String" }
  - { method: "<java.lang.String: java.lang.String valueOf(java.lang.Object)>", from: "0", to: "result", type: "java.lang.String" }
  - { method: "<java.lang.String: java.lang.String valueOf(char[])>", from: "0", to: "result", type: "java.lang.String" }
  - { method: "<java.lang.String: java.lang.String format(java.lang.String,java.lang.Object[])>", from: "0", to: "result", type: "java.lang.String" }
  - { method: "<java.lang.String: java.lang.String format(java.util.Locale,java.lang.String,java.lang.Object[])>", from: "1", to: "result", type: "java.lang.String" }
  - { method: "<java.lang.String: java.lang.String join(java.lang.CharSequence,java.lang.CharSequence[])>", from: "1", to: "result", type: "java.lang.String" }
  - { method: "<java.lang.String: java.lang.String join(java.lang.CharSequence,java.lang.Iterable)>", from: "1", to: "result", type: "java.lang.String" }
  - { method: "<java.lang.String: char[] toCharArray()>", from: "base", to: "result", type: "char[]" }
  - { method: "<java.lang.StringBuilder: java.lang.StringBuilder append(java.lang.String)>", from: "0", to: "base", type: "java.lang.StringBuilder" }
  - { method: "<java.lang.StringBuilder: java.lang.StringBuilder append(java.lang.Object)>", from: "0", to: "base", type: "java.lang.StringBuilder" }
  - { method: "<java.lang.StringBuilder: java.lang.StringBuilder append(java.lang.CharSequence)>", from: "0", to: "base", type: "java.lang.StringBuilder" }
  - { method: "<java.lang.StringBuilder: java.lang.StringBuilder append(char[])>", from: "0", to: "base", type: "java.lang.StringBuilder" }
  - { method: "<java.lang.StringBuilder: java.lang.StringBuilder append(boolean)>", from: "0", to: "base", type: "java.lang.StringBuilder" }
  - { method: "<java.lang.StringBuilder: java.lang.StringBuilder append(int)>", from: "0", to: "base", type: "java.lang.StringBuilder" }
  - { method: "<java.lang.StringBuilder: java.lang.StringBuilder append(long)>", from: "0", to: "base", type: "java.lang.StringBuilder" }
  - { method: "<java.lang.StringBuilder: java.lang.StringBuilder append(java.lang.String)>", from: "base", to: "result", type: "java.lang.StringBuilder" }
  - { method: "<java.lang.StringBuilder: java.lang.StringBuilder append(java.lang.Object)>", from: "base", to: "result", type: "java.lang.StringBuilder" }
  - { method: "<java.lang.StringBuilder: java.lang.StringBuilder append(java.lang.CharSequence)>", from: "base", to: "result", type: "java.lang.StringBuilder" }
  - { method: "<java.lang.StringBuilder: java.lang.String toString()>", from: "base", to: "result", type: "java.lang.String" }
  - { method: "<java.lang.StringBuilder: java.lang.StringBuilder insert(int,java.lang.String)>", from: "1", to: "base", type: "java.lang.StringBuilder" }
  - { method: "<java.lang.StringBuilder: java.lang.StringBuilder insert(int,java.lang.Object)>", from: "1", to: "base", type: "java.lang.StringBuilder" }
  - { method: "<java.lang.StringBuilder: java.lang.StringBuilder insert(int,java.lang.CharSequence)>", from: "1", to: "base", type: "java.lang.StringBuilder" }
  - { method: "<java.lang.StringBuffer: java.lang.StringBuffer append(java.lang.String)>", from: "0", to: "base", type: "java.lang.StringBuffer" }
  - { method: "<java.lang.StringBuffer: java.lang.StringBuffer append(java.lang.Object)>", from: "0", to: "base", type: "java.lang.StringBuffer" }
  - { method: "<java.lang.StringBuffer: java.lang.StringBuffer append(java.lang.String)>", from: "base", to: "result", type: "java.lang.StringBuffer" }
  - { method: "<java.lang.StringBuffer: java.lang.StringBuffer append(java.lang.Object)>", from: "base", to: "result", type: "java.lang.StringBuffer" }
  - { method: "<java.lang.StringBuffer: java.lang.String toString()>", from: "base", to: "result", type: "java.lang.String" }
  - { method: "<java.util.Map: java.lang.Object get(java.lang.Object)>", from: "base", to: "result", type: "java.lang.Object" }
  - { method: "<java.util.HashMap: java.lang.Object get(java.lang.Object)>", from: "base", to: "result", type: "java.lang.Object" }
  - { method: "<java.util.LinkedHashMap: java.lang.Object get(java.lang.Object)>", from: "base", to: "result", type: "java.lang.Object" }
  - { method: "<java.util.TreeMap: java.lang.Object get(java.lang.Object)>", from: "base", to: "result", type: "java.lang.Object" }
  - { method: "<java.util.concurrent.ConcurrentHashMap: java.lang.Object get(java.lang.Object)>", from: "base", to: "result", type: "java.lang.Object" }
  - { method: "<java.util.Map: java.lang.Object put(java.lang.Object,java.lang.Object)>", from: "1", to: "base", type: "java.util.Map" }
  - { method: "<java.util.HashMap: java.lang.Object put(java.lang.Object,java.lang.Object)>", from: "1", to: "base", type: "java.util.HashMap" }
  - { method: "<java.util.Map: void putAll(java.util.Map)>", from: "0", to: "base", type: "java.util.Map" }
  - { method: "<java.util.Map: java.util.Collection values()>", from: "base", to: "result", type: "java.util.Collection" }
  - { method: "<java.util.Map: java.util.Set entrySet()>", from: "base", to: "result", type: "java.util.Set" }
  - { method: "<java.util.Map$Entry: java.lang.Object getValue()>", from: "base", to: "result", type: "java.lang.Object" }
  - { method: "<java.util.Map$Entry: java.lang.Object getKey()>", from: "base", to: "result", type: "java.lang.Object" }
  - { method: "<java.util.List: java.lang.Object get(int)>", from: "base", to: "result", type: "java.lang.Object" }
  - { method: "<java.util.ArrayList: java.lang.Object get(int)>", from: "base", to: "result", type: "java.lang.Object" }
  - { method: "<java.util.LinkedList: java.lang.Object get(int)>", from: "base", to: "result", type: "java.lang.Object" }
  - { method: "<java.util.List: boolean add(java.lang.Object)>", from: "0", to: "base", type: "java.util.List" }
  - { method: "<java.util.ArrayList: boolean add(java.lang.Object)>", from: "0", to: "base", type: "java.util.ArrayList" }
  - { method: "<java.util.LinkedList: boolean add(java.lang.Object)>", from: "0", to: "base", type: "java.util.LinkedList" }
  - { method: "<java.util.Collection: boolean add(java.lang.Object)>", from: "0", to: "base", type: "java.util.Collection" }
  - { method: "<java.util.Iterator: java.lang.Object next()>", from: "base", to: "result", type: "java.lang.Object" }
  - { method: "<java.util.ListIterator: java.lang.Object next()>", from: "base", to: "result", type: "java.lang.Object" }
  - { method: "<java.util.Optional: java.lang.Object get()>", from: "base", to: "result", type: "java.lang.Object" }
  - { method: "<java.util.Optional: java.lang.Object orElse(java.lang.Object)>", from: "base", to: "result", type: "java.lang.Object" }
  - { method: "<java.util.Optional: java.lang.Object orElseGet(java.util.function.Supplier)>", from: "base", to: "result", type: "java.lang.Object" }
  - { method: "<java.util.Optional: java.util.Optional of(java.lang.Object)>", from: "0", to: "result", type: "java.util.Optional" }
  - { method: "<java.util.Optional: java.util.Optional ofNullable(java.lang.Object)>", from: "0", to: "result", type: "java.util.Optional" }
  - { method: "<java.lang.Object: java.lang.String toString()>", from: "base", to: "result", type: "java.lang.String" }
  - { method: "<javax.servlet.ServletRequest: java.lang.String getParameter(java.lang.String)>", from: "base", to: "result", type: "java.lang.String" }
  - { method: "<javax.servlet.http.HttpServletRequest: java.lang.String getHeader(java.lang.String)>", from: "base", to: "result", type: "java.lang.String" }
  - { method: "<javax.servlet.http.HttpServletRequest: java.lang.String getQueryString()>", from: "base", to: "result", type: "java.lang.String" }
  - { method: "<javax.servlet.http.HttpServletRequest: java.lang.String getRequestURI()>", from: "base", to: "result", type: "java.lang.String" }
  - { method: "<javax.servlet.http.HttpServletRequest: java.lang.StringBuffer getRequestURL()>", from: "base", to: "result", type: "java.lang.StringBuffer" }
  - { method: "<org.apache.shiro.subject.Subject: java.lang.Object getPrincipal()>", from: "base", to: "result", type: "java.lang.Object" }
  - { method: "<org.apache.shiro.subject.Subject: org.apache.shiro.subject.PrincipalCollection getPrincipals()>", from: "base", to: "result", type: "org.apache.shiro.subject.PrincipalCollection" }
  - { method: "<org.apache.shiro.subject.PrincipalCollection: java.lang.Object getPrimaryPrincipal()>", from: "base", to: "result", type: "java.lang.Object" }
  - { method: "<org.apache.shiro.subject.PrincipalCollection: java.util.Collection fromRealm(java.lang.String)>", from: "base", to: "result", type: "java.util.Collection" }
  - { method: "<javax.servlet.http.HttpSession: java.lang.Object getAttribute(java.lang.String)>", from: "base", to: "result", type: "java.lang.Object" }
  - { method: "<javax.servlet.http.HttpSession: java.lang.Object getValue(java.lang.String)>", from: "base", to: "result", type: "java.lang.Object" }
  - { method: "<javax.servlet.http.HttpSession: void setAttribute(java.lang.String,java.lang.Object)>", from: "1", to: "base", type: "javax.servlet.http.HttpSession" }
  - { method: "<java.lang.ThreadLocal: java.lang.Object get()>", from: "base", to: "result", type: "java.lang.Object" }

Initializing global bean mock objects for beans...
Initialized 59 global bean objects.
Added entry point (Empty): <ltd.newbee.mall.controller.admin.AdminController: java.lang.String login()>
Added entry point (Empty): <ltd.newbee.mall.controller.admin.AdminController: java.lang.String test()>
Concrete class not found for type: org.springframework.web.multipart.support.StandardMultipartFile
Added entry point (Empty): <ltd.newbee.mall.controller.mall.PersonalController: java.lang.String loginPage()>
Added entry point (Empty): <ltd.newbee.mall.controller.mall.PersonalController: java.lang.String registerPage()>
Added entry point (Empty): <ltd.newbee.mall.controller.mall.PersonalController: java.lang.String addressesPage()>
Initializing global aspect mock objects...
[Pointer analysis] elapsed time: 0.07s
Detected 27 taint flow(s):
TaintFlow{<ltd.newbee.mall.controller.admin.NewBeeMallCarouselController: ltd.newbee.mall.util.Result delete(java.lang.Integer[])>/0 -> <ltd.newbee.mall.service.impl.NewBeeMallCarouselServiceImpl: java.lang.Boolean deleteBatch(java.lang.Integer[])>[7@L76] $i1 = invokeinterface $r2.deleteBatch(ids)/0}
TaintFlow{<ltd.newbee.mall.controller.admin.NewBeeMallCarouselController: ltd.newbee.mall.util.Result info(java.lang.Integer)>/0 -> <ltd.newbee.mall.service.impl.NewBeeMallCarouselServiceImpl: ltd.newbee.mall.entity.Carousel getCarouselById(java.lang.Integer)>[1@L67] $r3 = invokeinterface $r2.selectByPrimaryKey(id)/0}
TaintFlow{<ltd.newbee.mall.controller.admin.NewBeeMallCarouselController: ltd.newbee.mall.util.Result save(ltd.newbee.mall.entity.Carousel)>/0 -> <ltd.newbee.mall.service.impl.NewBeeMallCarouselServiceImpl: java.lang.String saveCarousel(ltd.newbee.mall.entity.Carousel)>[1@L43] $i0 = invokeinterface $r2.insertSelective(carousel)/0}
TaintFlow{<ltd.newbee.mall.controller.admin.NewBeeMallGoodsCategoryController: ltd.newbee.mall.util.Result delete(java.lang.Integer[])>/0 -> <ltd.newbee.mall.service.impl.NewBeeMallCategoryServiceImpl: java.lang.Boolean deleteBatch(java.lang.Integer[])>[7@L88] $i1 = invokeinterface $r2.deleteBatch(ids)/0}
TaintFlow{<ltd.newbee.mall.controller.admin.NewBeeMallGoodsCategoryController: ltd.newbee.mall.util.Result info(java.lang.Long)>/0 -> <ltd.newbee.mall.service.impl.NewBeeMallCategoryServiceImpl: ltd.newbee.mall.entity.GoodsCategory getGoodsCategoryById(java.lang.Long)>[1@L79] $r3 = invokeinterface $r2.selectByPrimaryKey(id)/0}
TaintFlow{<ltd.newbee.mall.controller.admin.NewBeeMallGoodsCategoryController: ltd.newbee.mall.util.Result listForSelect(java.lang.Long)>/0 -> <ltd.newbee.mall.service.impl.NewBeeMallCategoryServiceImpl: ltd.newbee.mall.entity.GoodsCategory getGoodsCategoryById(java.lang.Long)>[1@L79] $r3 = invokeinterface $r2.selectByPrimaryKey(id)/0}
TaintFlow{<ltd.newbee.mall.controller.admin.NewBeeMallGoodsCategoryController: ltd.newbee.mall.util.Result save(ltd.newbee.mall.entity.GoodsCategory)>/0 -> <ltd.newbee.mall.service.impl.NewBeeMallCategoryServiceImpl: java.lang.String saveCategory(ltd.newbee.mall.entity.GoodsCategory)>[9@L53] $i0 = invokeinterface $r6.insertSelective(goodsCategory)/0}
TaintFlow{<ltd.newbee.mall.controller.admin.NewBeeMallGoodsCategoryController: ltd.newbee.mall.util.Result update(ltd.newbee.mall.entity.GoodsCategory)>/0 -> <ltd.newbee.mall.service.impl.NewBeeMallCategoryServiceImpl: java.lang.String updateGoodsCategory(ltd.newbee.mall.entity.GoodsCategory)>[24@L71] $i0 = invokeinterface $r10.updateByPrimaryKeySelective(goodsCategory)/0}
TaintFlow{<ltd.newbee.mall.controller.admin.NewBeeMallGoodsController: java.lang.String edit(javax.servlet.http.HttpServletRequest,java.lang.Long)>/1 -> <ltd.newbee.mall.service.impl.NewBeeMallGoodsServiceImpl: ltd.newbee.mall.entity.NewBeeMallGoods getNewBeeMallGoodsById(java.lang.Long)>[1@L102] $r3 = invokeinterface $r2.selectByPrimaryKey(id)/0}
TaintFlow{<ltd.newbee.mall.controller.admin.NewBeeMallGoodsController: ltd.newbee.mall.util.Result info(java.lang.Long)>/0 -> <ltd.newbee.mall.service.impl.NewBeeMallGoodsServiceImpl: ltd.newbee.mall.entity.NewBeeMallGoods getNewBeeMallGoodsById(java.lang.Long)>[1@L102] $r3 = invokeinterface $r2.selectByPrimaryKey(id)/0}
TaintFlow{<ltd.newbee.mall.controller.admin.NewBeeMallGoodsController: ltd.newbee.mall.util.Result save(ltd.newbee.mall.entity.NewBeeMallGoods)>/0 -> <ltd.newbee.mall.service.impl.NewBeeMallGoodsServiceImpl: java.lang.String saveNewBeeMallGoods(ltd.newbee.mall.entity.NewBeeMallGoods)>[30@L61] $i2 = invokeinterface $r19.insertSelective(goods)/0}
TaintFlow{<ltd.newbee.mall.controller.admin.NewBeeMallGoodsController: ltd.newbee.mall.util.Result update(ltd.newbee.mall.entity.NewBeeMallGoods)>/0 -> <ltd.newbee.mall.service.impl.NewBeeMallGoodsServiceImpl: java.lang.String updateNewBeeMallGoods(ltd.newbee.mall.entity.NewBeeMallGoods)>[45@L94] $i2 = invokeinterface $r23.updateByPrimaryKeySelective(goods)/0}
TaintFlow{<ltd.newbee.mall.controller.admin.NewBeeMallGoodsIndexConfigController: ltd.newbee.mall.util.Result delete(java.lang.Long[])>/0 -> <ltd.newbee.mall.service.impl.NewBeeMallIndexConfigServiceImpl: java.lang.Boolean deleteBatch(java.lang.Long[])>[7@L119] $i1 = invokeinterface $r2.deleteBatch(ids)/0}
TaintFlow{<ltd.newbee.mall.controller.admin.NewBeeMallGoodsIndexConfigController: ltd.newbee.mall.util.Result save(ltd.newbee.mall.entity.IndexConfig)>/0 -> <ltd.newbee.mall.service.impl.NewBeeMallIndexConfigServiceImpl: java.lang.String saveIndexConfig(ltd.newbee.mall.entity.IndexConfig)>[18@L55] $i1 = invokeinterface $r9.insertSelective(indexConfig)/0}
TaintFlow{<ltd.newbee.mall.controller.admin.NewBeeMallGoodsIndexConfigController: ltd.newbee.mall.util.Result update(ltd.newbee.mall.entity.IndexConfig)>/0 -> <ltd.newbee.mall.service.impl.NewBeeMallIndexConfigServiceImpl: java.lang.String updateIndexConfig(ltd.newbee.mall.entity.IndexConfig)>[33@L76] $i1 = invokeinterface $r13.updateByPrimaryKeySelective(indexConfig)/0}
TaintFlow{<ltd.newbee.mall.controller.admin.NewBeeMallOrderController: ltd.newbee.mall.util.Result info(java.lang.Long)>/0 -> <ltd.newbee.mall.service.impl.NewBeeMallOrderServiceImpl: java.util.List getOrderItems(java.lang.Long)>[1@L398] $r3 = invokeinterface $r2.selectByPrimaryKey(id)/0}
TaintFlow{<ltd.newbee.mall.controller.mall.GoodsController: java.lang.String detailPage(java.lang.Long,javax.servlet.http.HttpServletRequest)>/0 -> <ltd.newbee.mall.service.impl.NewBeeMallGoodsServiceImpl: ltd.newbee.mall.entity.NewBeeMallGoods getNewBeeMallGoodsById(java.lang.Long)>[1@L102] $r3 = invokeinterface $r2.selectByPrimaryKey(id)/0}
TaintFlow{<ltd.newbee.mall.controller.mall.OrderController: java.lang.String orderDetailPage(javax.servlet.http.HttpServletRequest,java.lang.String,javax.servlet.http.HttpSession)>/1 -> <ltd.newbee.mall.service.impl.NewBeeMallOrderServiceImpl: ltd.newbee.mall.controller.vo.NewBeeMallOrderDetailVO getOrderDetailByOrderNo(java.lang.String,java.lang.Long)>[1@L267] $r3 = invokeinterface $r2.selectByOrderNo(orderNo)/0}
TaintFlow{<ltd.newbee.mall.controller.mall.OrderController: java.lang.String payOrder(javax.servlet.http.HttpServletRequest,java.lang.String,javax.servlet.http.HttpSession,int)>/1 -> <ltd.newbee.mall.service.impl.NewBeeMallOrderServiceImpl: ltd.newbee.mall.entity.NewBeeMallOrder getNewBeeMallOrderByOrderNo(java.lang.String)>[1@L291] $r3 = invokeinterface $r2.selectByOrderNo(orderNo)/0}
TaintFlow{<ltd.newbee.mall.controller.mall.OrderController: java.lang.String selectPayType(javax.servlet.http.HttpServletRequest,java.lang.String,javax.servlet.http.HttpSession)>/1 -> <ltd.newbee.mall.service.impl.NewBeeMallOrderServiceImpl: ltd.newbee.mall.entity.NewBeeMallOrder getNewBeeMallOrderByOrderNo(java.lang.String)>[1@L291] $r3 = invokeinterface $r2.selectByOrderNo(orderNo)/0}
TaintFlow{<ltd.newbee.mall.controller.mall.OrderController: ltd.newbee.mall.util.Result cancelOrder(java.lang.String,javax.servlet.http.HttpSession)>/0 -> <ltd.newbee.mall.service.impl.NewBeeMallOrderServiceImpl: java.lang.String cancelOrder(java.lang.String,java.lang.Long)>[1@L328] $r3 = invokeinterface $r2.selectByOrderNo(orderNo)/0}
TaintFlow{<ltd.newbee.mall.controller.mall.OrderController: ltd.newbee.mall.util.Result finishOrder(java.lang.String,javax.servlet.http.HttpSession)>/0 -> <ltd.newbee.mall.service.impl.NewBeeMallOrderServiceImpl: java.lang.String finishOrder(java.lang.String,java.lang.Long)>[1@L353] $r3 = invokeinterface $r2.selectByOrderNo(orderNo)/0}
TaintFlow{<ltd.newbee.mall.controller.mall.OrderController: ltd.newbee.mall.util.Result paySuccess(java.lang.String,int)>/0 -> <ltd.newbee.mall.service.impl.NewBeeMallOrderServiceImpl: java.lang.String paySuccess(java.lang.String,int)>[1@L376] $r3 = invokeinterface $r2.selectByOrderNo(orderNo)/0}
TaintFlow{<ltd.newbee.mall.controller.mall.PersonalController: ltd.newbee.mall.util.Result register(java.lang.String,java.lang.String,java.lang.String,javax.servlet.http.HttpSession)>/0 -> <ltd.newbee.mall.service.impl.NewBeeMallUserServiceImpl: java.lang.String register(java.lang.String,java.lang.String)>[1@L41] $r3 = invokeinterface $r2.selectByLoginName(loginName)/0}
TaintFlow{<ltd.newbee.mall.controller.mall.ShoppingCartController: ltd.newbee.mall.util.Result saveNewBeeMallShoppingCartItem(ltd.newbee.mall.entity.NewBeeMallShoppingCartItem,javax.servlet.http.HttpSession)>/0 -> <ltd.newbee.mall.service.impl.NewBeeMallShoppingCartServiceImpl: java.lang.String saveNewBeeMallCartItem(ltd.newbee.mall.entity.NewBeeMallShoppingCartItem)>[34@L60] $i3 = invokeinterface $r12.insertSelective(newBeeMallShoppingCartItem)/0}
TaintFlow{<ltd.newbee.mall.controller.mall.ShoppingCartController: ltd.newbee.mall.util.Result updateNewBeeMallShoppingCartItem(java.lang.Long,javax.servlet.http.HttpSession)>/0 -> <ltd.newbee.mall.service.impl.NewBeeMallShoppingCartServiceImpl: java.lang.Boolean deleteById(java.lang.Long,java.lang.Long)>[1@L100] $r3 = invokeinterface $r2.selectByPrimaryKey(shoppingCartItemId)/0}
TaintFlow{<ltd.newbee.mall.controller.mall.ShoppingCartController: ltd.newbee.mall.util.Result updateNewBeeMallShoppingCartItem(java.lang.Long,javax.servlet.http.HttpSession)>/0 -> <ltd.newbee.mall.service.impl.NewBeeMallShoppingCartServiceImpl: java.lang.Boolean deleteById(java.lang.Long,java.lang.Long)>[12@L108] $i0 = invokeinterface $r6.deleteByPrimaryKey(shoppingCartItemId)/0}
TFGDumper starts ...
Source nodes:
VarNode{<ltd.newbee.mall.controller.mall.OrderController: java.lang.String orderDetailPage(javax.servlet.http.HttpServletRequest,java.lang.String,javax.servlet.http.HttpSession)>/httpSession}
VarNode{<ltd.newbee.mall.controller.admin.AdminController: java.lang.String login(java.lang.String,java.lang.String,java.lang.String,javax.servlet.http.HttpSession)>/verifyCode}
VarNode{<ltd.newbee.mall.controller.admin.NewBeeMallGoodsIndexConfigController: ltd.newbee.mall.util.Result save(ltd.newbee.mall.entity.IndexConfig)>/indexConfig}
VarNode{<ltd.newbee.mall.controller.mall.OrderController: ltd.newbee.mall.util.Result cancelOrder(java.lang.String,javax.servlet.http.HttpSession)>/orderNo}
VarNode{<ltd.newbee.mall.controller.mall.OrderController: java.lang.String payOrder(javax.servlet.http.HttpServletRequest,java.lang.String,javax.servlet.http.HttpSession,int)>/httpSession}
VarNode{<ltd.newbee.mall.controller.admin.AdminController: java.lang.String login(java.lang.String,java.lang.String,java.lang.String,javax.servlet.http.HttpSession)>/userName}
VarNode{<ltd.newbee.mall.controller.admin.NewBeeMallGoodsController: ltd.newbee.mall.util.Result list(java.util.Map)>/params}
VarNode{<ltd.newbee.mall.controller.admin.NewBeeMallGoodsController: ltd.newbee.mall.util.Result info(java.lang.Long)>/id}
VarNode{<ltd.newbee.mall.controller.mall.OrderController: java.lang.String selectPayType(javax.servlet.http.HttpServletRequest,java.lang.String,javax.servlet.http.HttpSession)>/orderNo}
VarNode{<ltd.newbee.mall.controller.admin.NewBeeMallOrderController: ltd.newbee.mall.util.Result checkOut(java.lang.Long[])>/ids}
VarNode{<ltd.newbee.mall.controller.mall.PersonalController: ltd.newbee.mall.util.Result register(java.lang.String,java.lang.String,java.lang.String,javax.servlet.http.HttpSession)>/password}
VarNode{<ltd.newbee.mall.controller.admin.AdminController: java.lang.String nameUpdate(javax.servlet.http.HttpServletRequest,java.lang.String,java.lang.String)>/nickName}
VarNode{<ltd.newbee.mall.controller.admin.AdminController: java.lang.String passwordUpdate(javax.servlet.http.HttpServletRequest,java.lang.String,java.lang.String)>/newPassword}
VarNode{<ltd.newbee.mall.controller.mall.OrderController: java.lang.String payOrder(javax.servlet.http.HttpServletRequest,java.lang.String,javax.servlet.http.HttpSession,int)>/orderNo}
VarNode{<ltd.newbee.mall.controller.mall.OrderController: ltd.newbee.mall.util.Result finishOrder(java.lang.String,javax.servlet.http.HttpSession)>/httpSession}
VarNode{<ltd.newbee.mall.controller.mall.GoodsController: java.lang.String searchPage(java.util.Map,javax.servlet.http.HttpServletRequest)>/params}
VarNode{<ltd.newbee.mall.controller.mall.OrderController: ltd.newbee.mall.util.Result paySuccess(java.lang.String,int)>/payType}
VarNode{<ltd.newbee.mall.controller.mall.ShoppingCartController: ltd.newbee.mall.util.Result saveNewBeeMallShoppingCartItem(ltd.newbee.mall.entity.NewBeeMallShoppingCartItem,javax.servlet.http.HttpSession)>/newBeeMallShoppingCartItem}
VarNode{<ltd.newbee.mall.controller.admin.NewBeeMallOrderController: ltd.newbee.mall.util.Result info(java.lang.Long)>/id}
VarNode{<ltd.newbee.mall.controller.admin.NewBeeMallGoodsController: ltd.newbee.mall.util.Result save(ltd.newbee.mall.entity.NewBeeMallGoods)>/newBeeMallGoods}
VarNode{<ltd.newbee.mall.controller.mall.ShoppingCartController: ltd.newbee.mall.util.Result updateNewBeeMallShoppingCartItem(java.lang.Long,javax.servlet.http.HttpSession)>/newBeeMallShoppingCartItemId}
VarNode{<ltd.newbee.mall.controller.admin.AdminController: java.lang.String nameUpdate(javax.servlet.http.HttpServletRequest,java.lang.String,java.lang.String)>/loginUserName}
VarNode{<ltd.newbee.mall.controller.mall.OrderController: java.lang.String orderListPage(java.util.Map,javax.servlet.http.HttpServletRequest,javax.servlet.http.HttpSession)>/params}
VarNode{<ltd.newbee.mall.controller.admin.NewBeeMallGoodsCategoryController: java.lang.String categoriesPage(javax.servlet.http.HttpServletRequest,java.lang.Byte,java.lang.Long,java.lang.Long)>/backParentId}
VarNode{<ltd.newbee.mall.controller.admin.NewBeeMallGoodsCategoryController: java.lang.String categoriesPage(javax.servlet.http.HttpServletRequest,java.lang.Byte,java.lang.Long,java.lang.Long)>/categoryLevel}
VarNode{<ltd.newbee.mall.controller.admin.NewBeeMallGoodsController: ltd.newbee.mall.util.Result delete(java.lang.Long[],int)>/sellStatus}
VarNode{<ltd.newbee.mall.controller.admin.NewBeeMallUserController: ltd.newbee.mall.util.Result list(java.util.Map)>/params}
VarNode{<ltd.newbee.mall.controller.mall.OrderController: java.lang.String payOrder(javax.servlet.http.HttpServletRequest,java.lang.String,javax.servlet.http.HttpSession,int)>/payType}
VarNode{<ltd.newbee.mall.controller.mall.OrderController: ltd.newbee.mall.util.Result paySuccess(java.lang.String,int)>/orderNo}
VarNode{<ltd.newbee.mall.controller.mall.ShoppingCartController: ltd.newbee.mall.util.Result updateNewBeeMallShoppingCartItem(ltd.newbee.mall.entity.NewBeeMallShoppingCartItem,javax.servlet.http.HttpSession)>/newBeeMallShoppingCartItem}
VarNode{<ltd.newbee.mall.controller.admin.NewBeeMallOrderController: ltd.newbee.mall.util.Result closeOrder(java.lang.Long[])>/ids}
VarNode{<ltd.newbee.mall.controller.mall.ShoppingCartController: ltd.newbee.mall.util.Result updateNewBeeMallShoppingCartItem(java.lang.Long,javax.servlet.http.HttpSession)>/httpSession}
VarNode{<ltd.newbee.mall.controller.admin.NewBeeMallGoodsCategoryController: ltd.newbee.mall.util.Result update(ltd.newbee.mall.entity.GoodsCategory)>/goodsCategory}
VarNode{<ltd.newbee.mall.controller.admin.NewBeeMallGoodsIndexConfigController: ltd.newbee.mall.util.Result delete(java.lang.Long[])>/ids}
VarNode{<ltd.newbee.mall.controller.admin.NewBeeMallOrderController: ltd.newbee.mall.util.Result checkDone(java.lang.Long[])>/ids}
VarNode{<ltd.newbee.mall.controller.mall.PersonalController: ltd.newbee.mall.util.Result updateInfo(ltd.newbee.mall.entity.MallUser,javax.servlet.http.HttpSession)>/mallUser}
VarNode{<ltd.newbee.mall.controller.admin.NewBeeMallCarouselController: ltd.newbee.mall.util.Result list(java.util.Map)>/params}
VarNode{<ltd.newbee.mall.controller.admin.NewBeeMallCarouselController: ltd.newbee.mall.util.Result save(ltd.newbee.mall.entity.Carousel)>/carousel}
VarNode{<ltd.newbee.mall.controller.mall.GoodsController: java.lang.String detailPage(java.lang.Long,javax.servlet.http.HttpServletRequest)>/goodsId}
VarNode{<ltd.newbee.mall.controller.admin.NewBeeMallOrderController: ltd.newbee.mall.util.Result list(java.util.Map)>/params}
VarNode{<ltd.newbee.mall.controller.mall.ShoppingCartController: ltd.newbee.mall.util.Result saveNewBeeMallShoppingCartItem(ltd.newbee.mall.entity.NewBeeMallShoppingCartItem,javax.servlet.http.HttpSession)>/httpSession}
VarNode{<ltd.newbee.mall.controller.admin.NewBeeMallGoodsIndexConfigController: ltd.newbee.mall.util.Result list(java.util.Map)>/params}
VarNode{<ltd.newbee.mall.controller.admin.NewBeeMallGoodsIndexConfigController: ltd.newbee.mall.util.Result info(java.lang.Long)>/id}
VarNode{<ltd.newbee.mall.controller.admin.AdminController: java.lang.String login(java.lang.String,java.lang.String,java.lang.String,javax.servlet.http.HttpSession)>/password}
VarNode{<ltd.newbee.mall.controller.mall.OrderController: ltd.newbee.mall.util.Result cancelOrder(java.lang.String,javax.servlet.http.HttpSession)>/httpSession}
VarNode{<ltd.newbee.mall.controller.admin.NewBeeMallCarouselController: ltd.newbee.mall.util.Result update(ltd.newbee.mall.entity.Carousel)>/carousel}
VarNode{<ltd.newbee.mall.controller.admin.NewBeeMallGoodsCategoryController: java.lang.String categoriesPage(javax.servlet.http.HttpServletRequest,java.lang.Byte,java.lang.Long,java.lang.Long)>/parentId}
VarNode{<ltd.newbee.mall.controller.mall.PersonalController: ltd.newbee.mall.util.Result register(java.lang.String,java.lang.String,java.lang.String,javax.servlet.http.HttpSession)>/httpSession}
VarNode{<ltd.newbee.mall.controller.admin.NewBeeMallGoodsCategoryController: ltd.newbee.mall.util.Result list(java.util.Map)>/params}
VarNode{<ltd.newbee.mall.controller.mall.OrderController: ltd.newbee.mall.util.Result finishOrder(java.lang.String,javax.servlet.http.HttpSession)>/orderNo}
VarNode{<ltd.newbee.mall.controller.admin.NewBeeMallOrderController: ltd.newbee.mall.util.Result update(ltd.newbee.mall.entity.NewBeeMallOrder)>/newBeeMallOrder}
VarNode{<ltd.newbee.mall.controller.mall.ShoppingCartController: ltd.newbee.mall.util.Result updateNewBeeMallShoppingCartItem(ltd.newbee.mall.entity.NewBeeMallShoppingCartItem,javax.servlet.http.HttpSession)>/httpSession}
VarNode{<ltd.newbee.mall.controller.admin.NewBeeMallGoodsController: ltd.newbee.mall.util.Result delete(java.lang.Long[],int)>/ids}
VarNode{<ltd.newbee.mall.controller.admin.NewBeeMallGoodsController: java.lang.String edit(javax.servlet.http.HttpServletRequest,java.lang.Long)>/goodsId}
VarNode{<ltd.newbee.mall.controller.admin.NewBeeMallGoodsCategoryController: ltd.newbee.mall.util.Result delete(java.lang.Integer[])>/ids}
VarNode{<ltd.newbee.mall.controller.admin.AdminController: java.lang.String passwordUpdate(javax.servlet.http.HttpServletRequest,java.lang.String,java.lang.String)>/originalPassword}
VarNode{<ltd.newbee.mall.controller.mall.PersonalController: ltd.newbee.mall.util.Result updateInfo(ltd.newbee.mall.entity.MallUser,javax.servlet.http.HttpSession)>/httpSession}
VarNode{<ltd.newbee.mall.controller.mall.PersonalController: ltd.newbee.mall.util.Result login(java.lang.String,java.lang.String,java.lang.String,javax.servlet.http.HttpSession)>/httpSession}
VarNode{<ltd.newbee.mall.controller.admin.AdminController: java.lang.String login(java.lang.String,java.lang.String,java.lang.String,javax.servlet.http.HttpSession)>/session}
VarNode{<ltd.newbee.mall.controller.mall.OrderController: java.lang.String orderListPage(java.util.Map,javax.servlet.http.HttpServletRequest,javax.servlet.http.HttpSession)>/httpSession}
VarNode{<ltd.newbee.mall.controller.admin.NewBeeMallCarouselController: ltd.newbee.mall.util.Result info(java.lang.Integer)>/id}
VarNode{<ltd.newbee.mall.controller.admin.NewBeeMallGoodsIndexConfigController: java.lang.String indexConfigsPage(javax.servlet.http.HttpServletRequest,int)>/configType}
VarNode{<ltd.newbee.mall.controller.mall.OrderController: java.lang.String selectPayType(javax.servlet.http.HttpServletRequest,java.lang.String,javax.servlet.http.HttpSession)>/httpSession}
VarNode{<ltd.newbee.mall.controller.admin.NewBeeMallGoodsIndexConfigController: ltd.newbee.mall.util.Result update(ltd.newbee.mall.entity.IndexConfig)>/indexConfig}
VarNode{<ltd.newbee.mall.controller.mall.PersonalController: ltd.newbee.mall.util.Result login(java.lang.String,java.lang.String,java.lang.String,javax.servlet.http.HttpSession)>/verifyCode}
VarNode{<ltd.newbee.mall.controller.admin.NewBeeMallUserController: ltd.newbee.mall.util.Result delete(java.lang.Integer[],int)>/lockStatus}
VarNode{<ltd.newbee.mall.controller.mall.OrderController: java.lang.String orderDetailPage(javax.servlet.http.HttpServletRequest,java.lang.String,javax.servlet.http.HttpSession)>/orderNo}
VarNode{<ltd.newbee.mall.controller.mall.PersonalController: ltd.newbee.mall.util.Result register(java.lang.String,java.lang.String,java.lang.String,javax.servlet.http.HttpSession)>/loginName}
VarNode{<ltd.newbee.mall.controller.mall.PersonalController: ltd.newbee.mall.util.Result register(java.lang.String,java.lang.String,java.lang.String,javax.servlet.http.HttpSession)>/verifyCode}
VarNode{<ltd.newbee.mall.controller.admin.NewBeeMallGoodsCategoryController: ltd.newbee.mall.util.Result save(ltd.newbee.mall.entity.GoodsCategory)>/goodsCategory}
VarNode{<ltd.newbee.mall.controller.admin.NewBeeMallUserController: ltd.newbee.mall.util.Result delete(java.lang.Integer[],int)>/ids}
VarNode{<ltd.newbee.mall.controller.admin.NewBeeMallGoodsController: ltd.newbee.mall.util.Result update(ltd.newbee.mall.entity.NewBeeMallGoods)>/newBeeMallGoods}
VarNode{<ltd.newbee.mall.controller.admin.NewBeeMallGoodsCategoryController: ltd.newbee.mall.util.Result info(java.lang.Long)>/id}
VarNode{<ltd.newbee.mall.controller.admin.NewBeeMallGoodsCategoryController: ltd.newbee.mall.util.Result listForSelect(java.lang.Long)>/categoryId}
VarNode{<ltd.newbee.mall.controller.mall.PersonalController: ltd.newbee.mall.util.Result login(java.lang.String,java.lang.String,java.lang.String,javax.servlet.http.HttpSession)>/loginName}
VarNode{<ltd.newbee.mall.controller.admin.NewBeeMallCarouselController: ltd.newbee.mall.util.Result delete(java.lang.Integer[])>/ids}
VarNode{<ltd.newbee.mall.controller.mall.PersonalController: ltd.newbee.mall.util.Result login(java.lang.String,java.lang.String,java.lang.String,javax.servlet.http.HttpSession)>/password}
Sink nodes:
VarNode{<ltd.newbee.mall.service.impl.NewBeeMallGoodsServiceImpl: java.lang.String updateNewBeeMallGoods(ltd.newbee.mall.entity.NewBeeMallGoods)>/goods}
VarNode{<ltd.newbee.mall.service.impl.NewBeeMallOrderServiceImpl: java.lang.String finishOrder(java.lang.String,java.lang.Long)>/orderNo}
VarNode{<ltd.newbee.mall.service.impl.NewBeeMallUserServiceImpl: java.lang.String register(java.lang.String,java.lang.String)>/loginName}
VarNode{<ltd.newbee.mall.service.impl.NewBeeMallOrderServiceImpl: ltd.newbee.mall.entity.NewBeeMallOrder getNewBeeMallOrderByOrderNo(java.lang.String)>/orderNo}
VarNode{<ltd.newbee.mall.service.impl.NewBeeMallCarouselServiceImpl: ltd.newbee.mall.entity.Carousel getCarouselById(java.lang.Integer)>/id}
VarNode{<ltd.newbee.mall.service.impl.NewBeeMallCarouselServiceImpl: java.lang.String saveCarousel(ltd.newbee.mall.entity.Carousel)>/carousel}
VarNode{<ltd.newbee.mall.service.impl.NewBeeMallCarouselServiceImpl: java.lang.Boolean deleteBatch(java.lang.Integer[])>/ids}
VarNode{<ltd.newbee.mall.service.impl.NewBeeMallGoodsServiceImpl: ltd.newbee.mall.entity.NewBeeMallGoods getNewBeeMallGoodsById(java.lang.Long)>/id}
VarNode{<ltd.newbee.mall.service.impl.NewBeeMallGoodsServiceImpl: java.lang.String saveNewBeeMallGoods(ltd.newbee.mall.entity.NewBeeMallGoods)>/goods}
VarNode{<ltd.newbee.mall.service.impl.NewBeeMallCategoryServiceImpl: java.lang.String saveCategory(ltd.newbee.mall.entity.GoodsCategory)>/goodsCategory}
VarNode{<ltd.newbee.mall.service.impl.NewBeeMallShoppingCartServiceImpl: java.lang.Boolean deleteById(java.lang.Long,java.lang.Long)>/shoppingCartItemId}
VarNode{<ltd.newbee.mall.service.impl.NewBeeMallIndexConfigServiceImpl: java.lang.String saveIndexConfig(ltd.newbee.mall.entity.IndexConfig)>/indexConfig}
VarNode{<ltd.newbee.mall.service.impl.NewBeeMallIndexConfigServiceImpl: java.lang.String updateIndexConfig(ltd.newbee.mall.entity.IndexConfig)>/indexConfig}
VarNode{<ltd.newbee.mall.service.impl.NewBeeMallOrderServiceImpl: ltd.newbee.mall.controller.vo.NewBeeMallOrderDetailVO getOrderDetailByOrderNo(java.lang.String,java.lang.Long)>/orderNo}
VarNode{<ltd.newbee.mall.service.impl.NewBeeMallCategoryServiceImpl: ltd.newbee.mall.entity.GoodsCategory getGoodsCategoryById(java.lang.Long)>/id}
VarNode{<ltd.newbee.mall.service.impl.NewBeeMallIndexConfigServiceImpl: java.lang.Boolean deleteBatch(java.lang.Long[])>/ids}
VarNode{<ltd.newbee.mall.service.impl.NewBeeMallOrderServiceImpl: java.util.List getOrderItems(java.lang.Long)>/id}
VarNode{<ltd.newbee.mall.service.impl.NewBeeMallCategoryServiceImpl: java.lang.Boolean deleteBatch(java.lang.Integer[])>/ids}
VarNode{<ltd.newbee.mall.service.impl.NewBeeMallOrderServiceImpl: java.lang.String cancelOrder(java.lang.String,java.lang.Long)>/orderNo}
VarNode{<ltd.newbee.mall.service.impl.NewBeeMallCategoryServiceImpl: java.lang.String updateGoodsCategory(ltd.newbee.mall.entity.GoodsCategory)>/goodsCategory}
VarNode{<ltd.newbee.mall.service.impl.NewBeeMallOrderServiceImpl: java.lang.String paySuccess(java.lang.String,int)>/orderNo}
VarNode{<ltd.newbee.mall.service.impl.NewBeeMallShoppingCartServiceImpl: java.lang.String saveNewBeeMallCartItem(ltd.newbee.mall.entity.NewBeeMallShoppingCartItem)>/newBeeMallShoppingCartItem}
Dumping /Users/yuntsy/My/Projects/Java/WebAnalyzer/output/taint-flow-graph.dot
TFGDumper finishes, elapsed time: 0.08s
-------------- Pointer analysis statistics: --------------
#var pointers:                2185 (insens) / 2185 (sens)
#objects:                     603 (insens) / 603 (sens)
#var points-to:               2763 (insens) / 2768 (sens)
#static field points-to:      80 (sens)
#instance field points-to:    399 (sens)
#array points-to:             70 (sens)
#reachable methods:           345 (insens) / 345 (sens)
#call graph edges:            995 (insens) / 995 (sens)
----------------------------------------
pta finishes, elapsed time: 0.31s
cg starts ...
Call graph has 345 reachable methods and 995 edges
Dumping call graph to /Users/yuntsy/My/Projects/Java/WebAnalyzer/output/call-graph.dot
Dumping reachable methods to /Users/yuntsy/My/Projects/Java/WebAnalyzer/output/reachable-methods.txt
Dumping call edges to /Users/yuntsy/My/Projects/Java/WebAnalyzer/output/call-edges.txt
cg finishes, elapsed time: 0.06s
Tai-e finishes, elapsed time: 34.22s
