Writing log to /Users/yuntsy/My/Projects/Java/WebAnalyzer/output/tai-e.log
java.version: 17.0.11
java.version.date: 2024-04-16
java.runtime.version: 17.0.11+7-LTS-207
java.vendor: Oracle Corporation
java.vendor.version: null
os.name: Mac OS X
os.version: 26.3
os.arch: aarch64
Tai-e Version: 0.5.1
Manifest does not contain Tai-e commit information
Tai-e Commit: Unknown
Writing analysis plan to /Users/yuntsy/My/Projects/Java/WebAnalyzer/output/tai-e-plan.yml
WorldBuilder starts ...
Warning: main class was not given!
11188 classes with 106724 methods in the world
WorldBuilder finishes, elapsed time: 3.61s
ir-dumper starts ...
Dumping IR in /Users/yuntsy/My/Projects/Java/WebAnalyzer/output/tir
513 classes in scope (APP) of class analyses
ir-dumper finishes, elapsed time: 0.94s
routerAnalysis starts ...
Router analysis started at: 2026-03-01 22:26:00
Router analysis completed at: 2026-03-01 22:26:00 (Duration: 22ms)
routerAnalysis finishes, elapsed time: 0.03s
beanAnalysis starts ...
Return type not found in class hierarchy: void
Return type not found in class hierarchy: void
beanAnalysis finishes, elapsed time: 0.01s
injectPointsAnalysis starts ...
injectPointsAnalysis finishes, elapsed time: 0.01s
aspectAnalysis starts ...
Starting AOP aspect analysis...
aspectAnalysis finishes, elapsed time: 0.00s
resultAnalysis starts ...
============================================================
                 Spring Analysis Result Summary             
============================================================
Router Methods (Endpoints)     : 601
Spring Beans                   : 205
Aspect Methods (Advice)        : 7
============================================================
resultAnalysis finishes, elapsed time: 0.00s
srfaAnalysis starts ...
SRFA Analysis started at: 2026-03-01 22:26:00
Loaded 50 controller classes from RouterAnalysis
Discovering mapper paths from 6 appClassPath entries
Auto-discovered 17 mapper path(s)
  - /Users/yuntsy/My/Graduate/Data/taint/JeecgBoot-3.5.3/jeecg-boot-base-core/src/main/java/org/jeecg/modules/base/mapper/xml
  - /Users/yuntsy/My/Graduate/Data/taint/JeecgBoot-3.5.3/jeecg-module-demo/src/main/java/org/jeecg/modules/demo/test/mapper/xml
  - /Users/yuntsy/My/Graduate/Data/taint/JeecgBoot-3.5.3/jeecg-module-system/jeecg-system-biz/src/main/resources/jeecg/code-template-online/inner-table/onetomany/java/${bussiPackage}/${entityPackage}/mapper/xml
  - /Users/yuntsy/My/Graduate/Data/taint/JeecgBoot-3.5.3/jeecg-module-system/jeecg-system-biz/src/main/resources/jeecg/code-template-online/jvxe/onetomany/java/${bussiPackage}/${entityPackage}/mapper/xml
  - /Users/yuntsy/My/Graduate/Data/taint/JeecgBoot-3.5.3/jeecg-module-system/jeecg-system-biz/src/main/resources/jeecg/code-template-online/default/tree/java/${bussiPackage}/${entityPackage}/mapper/xml
  - /Users/yuntsy/My/Graduate/Data/taint/JeecgBoot-3.5.3/jeecg-module-system/jeecg-system-biz/src/main/resources/jeecg/code-template-online/default/onetomany/java/${bussiPackage}/${entityPackage}/mapper/xml
  - /Users/yuntsy/My/Graduate/Data/taint/JeecgBoot-3.5.3/jeecg-module-system/jeecg-system-biz/src/main/resources/jeecg/code-template-online/default/one/java/${bussiPackage}/${entityPackage}/mapper/xml
  - /Users/yuntsy/My/Graduate/Data/taint/JeecgBoot-3.5.3/jeecg-module-system/jeecg-system-biz/src/main/resources/jeecg/code-template-online/tab/onetomany/java/${bussiPackage}/${entityPackage}/mapper/xml
  - /Users/yuntsy/My/Graduate/Data/taint/JeecgBoot-3.5.3/jeecg-module-system/jeecg-system-biz/src/main/resources/jeecg/code-template-online/erp/onetomany/java/${bussiPackage}/${entityPackage}/mapper/xml
  - /Users/yuntsy/My/Graduate/Data/taint/JeecgBoot-3.5.3/jeecg-module-system/jeecg-system-biz/src/main/resources/jeecg/code-template/onetomany/java/${bussiPackage}/${entityPackage}/mapper/xml
  - /Users/yuntsy/My/Graduate/Data/taint/JeecgBoot-3.5.3/jeecg-module-system/jeecg-system-biz/src/main/resources/jeecg/code-template/onetomany2/java/${bussiPackage}/${entityPackage}/mapper/xml
  - /Users/yuntsy/My/Graduate/Data/taint/JeecgBoot-3.5.3/jeecg-module-system/jeecg-system-biz/src/main/resources/jeecg/code-template/one/java/${bussiPackage}/${entityPackage}/mapper/xml
  - /Users/yuntsy/My/Graduate/Data/taint/JeecgBoot-3.5.3/jeecg-module-system/jeecg-system-biz/src/main/resources/jeecg/code-template/one2/java/${bussiPackage}/mapper/${entityPackage}/xml
  - /Users/yuntsy/My/Graduate/Data/taint/JeecgBoot-3.5.3/jeecg-module-system/jeecg-system-biz/src/main/java/org/jeecg/modules/message/mapper/xml
  - /Users/yuntsy/My/Graduate/Data/taint/JeecgBoot-3.5.3/jeecg-module-system/jeecg-system-biz/src/main/java/org/jeecg/modules/system/mapper/xml
  - /Users/yuntsy/My/Graduate/Data/taint/JeecgBoot-3.5.3/jeecg-module-system/jeecg-system-biz/src/main/java/org/jeecg/modules/quartz/mapper/xml
  - /Users/yuntsy/My/Graduate/Data/taint/JeecgBoot-3.5.3/jeecg-module-system/jeecg-system-start/src/main/resources
Using 17 mapper search path(s):
  - /Users/yuntsy/My/Graduate/Data/taint/JeecgBoot-3.5.3/jeecg-boot-base-core/src/main/java/org/jeecg/modules/base/mapper/xml
  - /Users/yuntsy/My/Graduate/Data/taint/JeecgBoot-3.5.3/jeecg-module-demo/src/main/java/org/jeecg/modules/demo/test/mapper/xml
  - /Users/yuntsy/My/Graduate/Data/taint/JeecgBoot-3.5.3/jeecg-module-system/jeecg-system-biz/src/main/resources/jeecg/code-template-online/inner-table/onetomany/java/${bussiPackage}/${entityPackage}/mapper/xml
  - /Users/yuntsy/My/Graduate/Data/taint/JeecgBoot-3.5.3/jeecg-module-system/jeecg-system-biz/src/main/resources/jeecg/code-template-online/jvxe/onetomany/java/${bussiPackage}/${entityPackage}/mapper/xml
  - /Users/yuntsy/My/Graduate/Data/taint/JeecgBoot-3.5.3/jeecg-module-system/jeecg-system-biz/src/main/resources/jeecg/code-template-online/default/tree/java/${bussiPackage}/${entityPackage}/mapper/xml
  - /Users/yuntsy/My/Graduate/Data/taint/JeecgBoot-3.5.3/jeecg-module-system/jeecg-system-biz/src/main/resources/jeecg/code-template-online/default/onetomany/java/${bussiPackage}/${entityPackage}/mapper/xml
  - /Users/yuntsy/My/Graduate/Data/taint/JeecgBoot-3.5.3/jeecg-module-system/jeecg-system-biz/src/main/resources/jeecg/code-template-online/default/one/java/${bussiPackage}/${entityPackage}/mapper/xml
  - /Users/yuntsy/My/Graduate/Data/taint/JeecgBoot-3.5.3/jeecg-module-system/jeecg-system-biz/src/main/resources/jeecg/code-template-online/tab/onetomany/java/${bussiPackage}/${entityPackage}/mapper/xml
  - /Users/yuntsy/My/Graduate/Data/taint/JeecgBoot-3.5.3/jeecg-module-system/jeecg-system-biz/src/main/resources/jeecg/code-template-online/erp/onetomany/java/${bussiPackage}/${entityPackage}/mapper/xml
  - /Users/yuntsy/My/Graduate/Data/taint/JeecgBoot-3.5.3/jeecg-module-system/jeecg-system-biz/src/main/resources/jeecg/code-template/onetomany/java/${bussiPackage}/${entityPackage}/mapper/xml
  - /Users/yuntsy/My/Graduate/Data/taint/JeecgBoot-3.5.3/jeecg-module-system/jeecg-system-biz/src/main/resources/jeecg/code-template/onetomany2/java/${bussiPackage}/${entityPackage}/mapper/xml
  - /Users/yuntsy/My/Graduate/Data/taint/JeecgBoot-3.5.3/jeecg-module-system/jeecg-system-biz/src/main/resources/jeecg/code-template/one/java/${bussiPackage}/${entityPackage}/mapper/xml
  - /Users/yuntsy/My/Graduate/Data/taint/JeecgBoot-3.5.3/jeecg-module-system/jeecg-system-biz/src/main/resources/jeecg/code-template/one2/java/${bussiPackage}/mapper/${entityPackage}/xml
  - /Users/yuntsy/My/Graduate/Data/taint/JeecgBoot-3.5.3/jeecg-module-system/jeecg-system-biz/src/main/java/org/jeecg/modules/message/mapper/xml
  - /Users/yuntsy/My/Graduate/Data/taint/JeecgBoot-3.5.3/jeecg-module-system/jeecg-system-biz/src/main/java/org/jeecg/modules/system/mapper/xml
  - /Users/yuntsy/My/Graduate/Data/taint/JeecgBoot-3.5.3/jeecg-module-system/jeecg-system-biz/src/main/java/org/jeecg/modules/quartz/mapper/xml
  - /Users/yuntsy/My/Graduate/Data/taint/JeecgBoot-3.5.3/jeecg-module-system/jeecg-system-start/src/main/resources
Parsed 20 MyBatis mapper files
Parsed 20 MyBatis mapper files
  Mapper namespace: org.jeecg.modules.base.mapper.BaseCommonMapper
    Operation: id=saveLog, type=insert, hasDollar=false
  Mapper namespace: org.jeecg.modules.demo.test.mapper.JeecgDemoMapper
    Operation: id=getDemoByName, type=select, hasDollar=false
    Operation: id=queryListWithPermission, type=select, hasDollar=true
      Risky var: ${{permissionSql}}
    Operation: id=queryAllAuth, type=select, hasDollar=false
    Operation: id=queryUserAuth, type=select, hasDollar=false
  Mapper namespace: org.jeecg.modules.system.mapper.SysPermissionDataRuleMapper
    Operation: id=queryDataRuleIds, type=select, hasDollar=false
  Mapper namespace: org.jeecg.modules.system.mapper.SysThirdAccountMapper
    Operation: id=selectThirdIdsByUsername, type=select, hasDollar=false
  Mapper namespace: org.jeecg.modules.system.mapper.SysUserTenantMapper
    Operation: id=getPageUserList, type=select, hasDollar=false
    Operation: id=getUserIdsByTenantId, type=select, hasDollar=false
    Operation: id=getTenantIdsByUserId, type=select, hasDollar=false
    Operation: id=getTenantListByUserId, type=select, hasDollar=false
    Operation: id=getUserIdsByCreateBy, type=select, hasDollar=false
    Operation: id=getUserTenantPageList, type=select, hasDollar=false
    Operation: id=getTenantIdsNoStatus, type=select, hasDollar=false
    Operation: id=countCreateTenantNum, type=select, hasDollar=false
    Operation: id=userTenantIzExist, type=select, hasDollar=false
    Operation: id=putCancelQuit, type=update, hasDollar=false
  Mapper namespace: org.jeecg.modules.system.mapper.SysPermissionMapper
    Operation: id=queryListByParentId, type=select, hasDollar=false
    Operation: id=queryByUser, type=select, hasDollar=false
    Operation: id=queryCountByUsername, type=select, hasDollar=false
    Operation: id=queryDepartPermissionList, type=select, hasDollar=false
  Mapper namespace: org.jeecg.modules.system.mapper.SysUserMapper
    Operation: id=getUserByName, type=select, hasDollar=false
    Operation: id=getUserByDepId, type=select, hasDollar=false
    Operation: id=getDepNamesByUserIds, type=select, hasDollar=false
    Operation: id=getUserByDepIds, type=select, hasDollar=false
    Operation: id=getUserByRoleId, type=select, hasDollar=false
    Operation: id=getUserByPhone, type=select, hasDollar=false
    Operation: id=getUserByEmail, type=select, hasDollar=false
    Operation: id=selectLogicDeleted, type=select, hasDollar=true
      Risky var: ${{ew.customSqlSegment}}
    Operation: id=queryByDepIds, type=select, hasDollar=false
    Operation: id=selectUserListByRoleId, type=select, hasDollar=false
    Operation: id=getTenantQuitList, type=select, hasDollar=false
    Operation: id=deleteLogicDeleted, type=delete, hasDollar=false
    Operation: id=updateUserDepart, type=update, hasDollar=false
    Operation: id=deleteBathRoleUserRelation, type=update, hasDollar=false
    Operation: id=deleteBathRolePermissionRelation, type=update, hasDollar=false
    Operation: id=revertLogicDeleted, type=update, hasDollar=false
    Operation: id=updateStatusAndFlag, type=update, hasDollar=false
  Mapper namespace: org.jeecg.modules.system.mapper.SysLogMapper
    Operation: id=findTodayVisitCount, type=select, hasDollar=false
    Operation: id=findTodayIp, type=select, hasDollar=false
    Operation: id=findVisitCount, type=select, hasDollar=false
  Mapper namespace: org.jeecg.modules.system.mapper.SysDepartRoleMapper
    Operation: id=queryDeptRoleByDeptAndUser, type=select, hasDollar=false
  Mapper namespace: org.jeecg.modules.system.mapper.SysDictMapper
    Operation: id=queryDictItemsByCode, type=select, hasDollar=false
    Operation: id=queryEnableDictItemsByCode, type=select, hasDollar=false
    Operation: id=queryDictItemsByCodeList, type=select, hasDollar=false
    Operation: id=queryDictTextByKey, type=select, hasDollar=false
    Operation: id=queryManyDictByKeys, type=select, hasDollar=false
    Operation: id=queryTableDictItemsByCode, type=select, hasDollar=true
      Risky var: ${{text}}
      Risky var: ${{code}}
      Risky var: ${{table}}
    Operation: id=queryTableDictItemsByCodeAndFilter, type=select, hasDollar=true
      Risky var: ${{text}}
      Risky var: ${{code}}
      Risky var: ${{table}}
      Risky var: ${{filterSql}}
    Operation: id=queryTableDictTextByKey, type=select, hasDollar=true
      Risky var: ${{text}}
      Risky var: ${{table}}
      Risky var: ${{code}}
    Operation: id=duplicateCheckCountSql, type=select, hasDollar=true
      Risky var: ${{tableName}}
      Risky var: ${{fieldName}}
    Operation: id=duplicateCheckCountSqlNoDataId, type=select, hasDollar=true
      Risky var: ${{tableName}}
      Risky var: ${{fieldName}}
    Operation: id=queryTreeList, type=select, hasDollar=true
      Risky var: ${{text}}
      Risky var: ${{code}}
      Risky var: ${{hasChildField}}
      Risky var: ${{hasChildField}}
      Risky var: ${{pidField}}
      Risky var: ${{table}}
      Risky var: ${{pidField}}
      Risky var: ${{pidField}}
      Risky var: ${{pidField}}
      Risky var: ${{key}}
      Risky var: ${{pidField}}
      Risky var: ${{pidField}}
      Risky var: ${{pidField}}
    Operation: id=queryDictTablePageList, type=select, hasDollar=true
      Risky var: ${{query.text}}
      Risky var: ${{query.code}}
      Risky var: ${{query.table}}
      Risky var: ${{query.text}}
      Risky var: ${{query.code}}
      Risky var: ${{query.code}}
    Operation: id=queryTableDictWithFilter, type=select, hasDollar=true
      Risky var: ${{text}}
      Risky var: ${{code}}
      Risky var: ${{table}}
      Risky var: ${{filterSql}}
    Operation: id=queryAllTableDictItems, type=select, hasDollar=true
      Risky var: ${{text}}
      Risky var: ${{code}}
      Risky var: ${{table}}
      Risky var: ${{filterSql}}
    Operation: id=queryTableDictByKeysAndFilterSql, type=select, hasDollar=true
      Risky var: ${{text}}
      Risky var: ${{code}}
      Risky var: ${{table}}
      Risky var: ${{code}}
      Risky var: ${{filterSql}}
    Operation: id=getDictListByLowAppId, type=select, hasDollar=false
  Mapper namespace: org.jeecg.modules.system.mapper.SysDepartMapper
    Operation: id=queryUserDeparts, type=select, hasDollar=false
    Operation: id=queryDepartsByUsername, type=select, hasDollar=false
    Operation: id=getSubDepIdsByDepId, type=select, hasDollar=false
    Operation: id=getSubDepIdsByOrgCodes, type=select, hasDollar=false
    Operation: id=queryTreeListByPid, type=select, hasDollar=false
    Operation: id=queryCompByOrgCode, type=select, hasDollar=false
    Operation: id=queryBookDepTreeSync, type=select, hasDollar=false
    Operation: id=getMaxCodeDepart, type=select, hasDollar=false
  Mapper namespace: org.jeecg.modules.system.mapper.SysAnnouncementSendMapper
    Operation: id=queryByUserId, type=select, hasDollar=false
    Operation: id=getMyAnnouncementSendList, type=select, hasDollar=false
    Operation: id=getOne, type=select, hasDollar=false
    Operation: id=updateReaded, type=update, hasDollar=false
  Mapper namespace: org.jeecg.modules.system.mapper.SysCategoryMapper
    Operation: id=queryListByPid, type=select, hasDollar=false
  Mapper namespace: org.jeecg.modules.system.mapper.SysTenantMapper
    Operation: id=getRecycleBinPageList, type=select, hasDollar=false
    Operation: id=queryTenantPackUserCount, type=select, hasDollar=false
    Operation: id=queryUserPackCode, type=select, hasDollar=false
    Operation: id=querySuperAdminCount, type=select, hasDollar=false
    Operation: id=queryPackUserList, type=select, hasDollar=false
    Operation: id=queryUserDepartList, type=select, hasDollar=false
    Operation: id=queryUserPositionList, type=select, hasDollar=false
    Operation: id=queryTenantPackUserList, type=select, hasDollar=false
    Operation: id=deleteByTenantId, type=delete, hasDollar=false
    Operation: id=revertTenantLogic, type=update, hasDollar=false
  Mapper namespace: org.jeecg.modules.system.mapper.SysCommentMapper
    Operation: id=queryCommentList, type=select, hasDollar=false
    Operation: id=queryFormFileList, type=select, hasDollar=false
    Operation: id=queryUserAvatarList, type=select, hasDollar=false
  Mapper namespace: org.jeecg.modules.system.mapper.SysAnnouncementMapper
    Operation: id=querySysCementListByUserId, type=select, hasDollar=false
    Operation: id=queryMessageList, type=select, hasDollar=false
  Mapper namespace: org.jeecg.modules.system.mapper.SysPackPermissionMapper
    Operation: id=getPermissionsByPackId, type=select, hasDollar=false
  Mapper namespace: org.jeecg.modules.system.mapper.SysUserDepartMapper
    Operation: id=getUserDepartByUid, type=select, hasDollar=false
    Operation: id=queryDepartUserList, type=select, hasDollar=false
    Operation: id=queryDepartUserPageList, type=select, hasDollar=false
    Operation: id=getUserInformation, type=select, hasDollar=false
    Operation: id=getProcessUserList, type=select, hasDollar=false
    Operation: id=getTenantDepart, type=select, hasDollar=false
    Operation: id=getTenantUserDepart, type=select, hasDollar=false
    Operation: id=deleteUserDepart, type=delete, hasDollar=false
  Mapper namespace: org.jeecg.modules.system.mapper.SysDataLogMapper
    Operation: id=queryMaxDataVer, type=select, hasDollar=false
  Mapper namespace: org.jeecg.modules.quartz.mapper.QuartzJobMapper
    Operation: id=findByJobClassName, type=select, hasDollar=false
Collected 23 write field names from INSERT/UPDATE operations
Extracted 733 source metadata entries (before filtering)
Resolving 20 mapper namespaces...
  Namespace resolve: org.jeecg.modules.base.mapper.BaseCommonMapper -> org.jeecg.modules.base.mapper.BaseCommonMapper
  Namespace resolve: org.jeecg.modules.demo.test.mapper.JeecgDemoMapper -> org.jeecg.modules.demo.test.mapper.JeecgDemoMapper
  Namespace resolve: org.jeecg.modules.system.mapper.SysPermissionDataRuleMapper -> org.jeecg.modules.system.mapper.SysPermissionDataRuleMapper
  Namespace resolve: org.jeecg.modules.system.mapper.SysThirdAccountMapper -> org.jeecg.modules.system.mapper.SysThirdAccountMapper
  Namespace resolve: org.jeecg.modules.system.mapper.SysUserTenantMapper -> org.jeecg.modules.system.mapper.SysUserTenantMapper
  Namespace resolve: org.jeecg.modules.system.mapper.SysPermissionMapper -> org.jeecg.modules.system.mapper.SysPermissionMapper
  Namespace resolve: org.jeecg.modules.system.mapper.SysUserMapper -> org.jeecg.modules.system.mapper.SysUserMapper
  Namespace resolve: org.jeecg.modules.system.mapper.SysLogMapper -> org.jeecg.modules.system.mapper.SysLogMapper
  Namespace resolve: org.jeecg.modules.system.mapper.SysDepartRoleMapper -> org.jeecg.modules.system.mapper.SysDepartRoleMapper
  Namespace resolve: org.jeecg.modules.system.mapper.SysDictMapper -> org.jeecg.modules.system.mapper.SysDictMapper
  Namespace resolve: org.jeecg.modules.system.mapper.SysDepartMapper -> org.jeecg.modules.system.mapper.SysDepartMapper
  Namespace resolve: org.jeecg.modules.system.mapper.SysAnnouncementSendMapper -> org.jeecg.modules.system.mapper.SysAnnouncementSendMapper
  Namespace resolve: org.jeecg.modules.system.mapper.SysCategoryMapper -> org.jeecg.modules.system.mapper.SysCategoryMapper
  Namespace resolve: org.jeecg.modules.system.mapper.SysTenantMapper -> org.jeecg.modules.system.mapper.SysTenantMapper
  Namespace resolve: org.jeecg.modules.system.mapper.SysCommentMapper -> org.jeecg.modules.system.mapper.SysCommentMapper
  Namespace resolve: org.jeecg.modules.system.mapper.SysAnnouncementMapper -> org.jeecg.modules.system.mapper.SysAnnouncementMapper
  Namespace resolve: org.jeecg.modules.system.mapper.SysPackPermissionMapper -> org.jeecg.modules.system.mapper.SysPackPermissionMapper
  Namespace resolve: org.jeecg.modules.system.mapper.SysUserDepartMapper -> org.jeecg.modules.system.mapper.SysUserDepartMapper
  Namespace resolve: org.jeecg.modules.system.mapper.SysDataLogMapper -> org.jeecg.modules.system.mapper.SysDataLogMapper
  Namespace resolve: org.jeecg.modules.quartz.mapper.QuartzJobMapper -> org.jeecg.modules.quartz.mapper.QuartzJobMapper
Extracted 41 sink metadata entries (deduplicated, before risk filtering)
Sources: 647 generated, 86 filtered, 0 deduplicated
Sinks: 41 generated (risky), 0 filtered (safe), 0 deduplicated
  Note: 'risky' means uses string concatenation ($), 'safe' means uses prepared statement (#)
Written taint config to: output/taint-config-generated.yml
  Sources: 647 (SRFA param) + framework call sources
  Sinks: 41 (SRFA) + common predefined sinks
  Transfers: standard set included
SRFA Analysis completed at: 2026-03-01 22:26:01 (Duration: 191ms)
srfaAnalysis finishes, elapsed time: 0.19s
pta starts ...
Loading taint config from /Users/yuntsy/My/Projects/Java/WebAnalyzer/output/taint-config-generated.yml
Cannot find source method '<org.apache.shiro.SecurityUtils: org.apache.shiro.subject.Subject getSubject()>'
Cannot find source method '<org.apache.shiro.subject.Subject: java.lang.Object getPrincipal()>'
Cannot find source method '<org.apache.shiro.subject.Subject: org.apache.shiro.subject.PrincipalCollection getPrincipals()>'
Cannot find source method '<org.apache.shiro.subject.PrincipalCollection: java.lang.Object getPrimaryPrincipal()>'
Cannot find source method '<org.springframework.security.core.context.SecurityContextHolder: org.springframework.security.core.context.SecurityContext getContext()>'
Cannot find source method '<org.springframework.security.core.context.SecurityContext: org.springframework.security.core.Authentication getAuthentication()>'
Cannot find source method '<org.springframework.security.core.Authentication: java.lang.Object getPrincipal()>'
Cannot find source method '<org.springframework.security.core.Authentication: java.lang.Object getDetails()>'
Cannot find source method '<org.springframework.security.core.Authentication: java.lang.String getName()>'
Cannot find source method '<org.springframework.security.core.Authentication: java.util.Collection getAuthorities()>'
Cannot find source method '<org.springframework.security.core.userdetails.UserDetails: java.lang.String getUsername()>'
Cannot find source method '<javax.servlet.http.HttpSession: java.lang.Object getAttribute(java.lang.String)>'
Cannot find source method '<javax.servlet.http.HttpSession: java.lang.Object getValue(java.lang.String)>'
Cannot find source method '<javax.servlet.http.HttpServletRequest: javax.servlet.http.HttpSession getSession()>'
Cannot find source method '<javax.servlet.http.HttpServletRequest: javax.servlet.http.HttpSession getSession(boolean)>'
Cannot find source method '<javax.servlet.http.HttpServletRequest: java.security.Principal getUserPrincipal()>'
Cannot find source method '<javax.servlet.http.HttpServletRequest: java.lang.String getParameter(java.lang.String)>'
Cannot find source method '<javax.servlet.http.HttpServletRequest: java.lang.Object getAttribute(java.lang.String)>'
Cannot find source method '<javax.servlet.ServletRequest: java.lang.Object getAttribute(java.lang.String)>'
Cannot find source method '<java.lang.InheritableThreadLocal: java.lang.Object get()>'
Cannot find sink method '<org.springframework.jdbc.core.JdbcTemplate: java.util.List query(java.lang.String,org.springframework.jdbc.core.RowMapper)>'
Cannot find sink method '<org.springframework.jdbc.core.JdbcTemplate: java.lang.Object queryForObject(java.lang.String,java.lang.Class)>'
Cannot find sink method '<org.springframework.jdbc.core.JdbcTemplate: java.util.List queryForList(java.lang.String,java.lang.Class)>'
Cannot find sink method '<org.springframework.jdbc.core.JdbcTemplate: int update(java.lang.String)>'
Cannot find sink method '<org.springframework.jdbc.core.JdbcTemplate: int[] batchUpdate(java.lang.String[])>'
Cannot find sink method '<javax.persistence.EntityManager: javax.persistence.Query createQuery(java.lang.String)>'
Cannot find sink method '<javax.persistence.EntityManager: javax.persistence.Query createNativeQuery(java.lang.String)>'
Cannot find sink method '<javax.persistence.EntityManager: javax.persistence.Query createNativeQuery(java.lang.String,java.lang.Class)>'
Cannot find sink method '<org.hibernate.Session: org.hibernate.Query createQuery(java.lang.String)>'
Cannot find sink method '<org.hibernate.Session: org.hibernate.SQLQuery createSQLQuery(java.lang.String)>'
Cannot find sink method '<javax.servlet.ServletOutputStream: void print(java.lang.String)>'
Cannot find sink method '<javax.servlet.ServletOutputStream: void write(byte[])>'
Cannot find sink method '<javax.servlet.jsp.JspWriter: void print(java.lang.String)>'
Cannot find sink method '<javax.servlet.jsp.JspWriter: void println(java.lang.String)>'
Cannot find sink method '<javax.servlet.jsp.JspWriter: void write(java.lang.String)>'
Cannot find sink method '<org.apache.http.client.HttpClient: org.apache.http.HttpResponse execute(org.apache.http.client.methods.HttpUriRequest)>'
Cannot find sink method '<org.springframework.web.client.RestTemplate: java.lang.Object getForObject(java.lang.String,java.lang.Class)>'
Cannot find sink method '<org.springframework.web.client.RestTemplate: org.springframework.http.ResponseEntity getForEntity(java.lang.String,java.lang.Class)>'
Cannot find sink method '<org.springframework.web.client.RestTemplate: java.lang.Object postForObject(java.lang.String,java.lang.Object,java.lang.Class)>'
Cannot find sink method '<org.springframework.web.client.RestTemplate: org.springframework.http.ResponseEntity exchange(java.lang.String,org.springframework.http.HttpMethod,org.springframework.http.HttpEntity,java.lang.Class)>'
Cannot find sink method '<javax.servlet.http.HttpServletResponse: void sendRedirect(java.lang.String)>'
Cannot find sink method '<javax.servlet.RequestDispatcher: void forward(javax.servlet.ServletRequest,javax.servlet.ServletResponse)>'
Cannot find sink method '<javax.naming.directory.DirContext: javax.naming.NamingEnumeration search(java.lang.String,java.lang.String,javax.naming.directory.SearchControls)>'
Cannot find sink method '<javax.naming.directory.DirContext: javax.naming.NamingEnumeration search(java.lang.String,java.lang.String,javax.naming.directory.SearchControls)>'
Cannot find sink method '<javax.naming.directory.InitialDirContext: javax.naming.NamingEnumeration search(java.lang.String,java.lang.String,javax.naming.directory.SearchControls)>'
Cannot find sink method '<javax.naming.directory.InitialDirContext: javax.naming.NamingEnumeration search(java.lang.String,java.lang.String,javax.naming.directory.SearchControls)>'
Cannot find sink method '<org.springframework.ldap.core.LdapTemplate: java.util.List search(java.lang.String,java.lang.String,javax.naming.directory.SearchControls,org.springframework.ldap.core.AttributesMapper)>'
Cannot find sink method '<javax.xml.xpath.XPath: java.lang.String evaluate(java.lang.String,java.lang.Object)>'
Cannot find sink method '<javax.xml.xpath.XPath: javax.xml.xpath.XPathExpression compile(java.lang.String)>'
Cannot find sink method '<org.springframework.expression.ExpressionParser: org.springframework.expression.Expression parseExpression(java.lang.String)>'
Cannot find sink method '<org.springframework.expression.spel.standard.SpelExpressionParser: org.springframework.expression.Expression parseExpression(java.lang.String)>'
Cannot find sink method '<ognl.Ognl: java.lang.Object parseExpression(java.lang.String)>'
Cannot find sink method '<ognl.Ognl: java.lang.Object getValue(java.lang.String,java.lang.Object)>'
Cannot find sink method '<org.mvel2.MVEL: java.lang.Object eval(java.lang.String)>'
Cannot find sink method '<org.mvel2.MVEL: java.lang.Object eval(java.lang.String,java.lang.Object)>'
Cannot find sink method '<org.apache.commons.jexl3.JexlEngine: org.apache.commons.jexl3.JexlExpression createExpression(java.lang.String)>'
Cannot find sink method '<org.apache.commons.jexl3.JexlEngine: org.apache.commons.jexl3.JexlScript createScript(java.lang.String)>'
Cannot find sink method '<freemarker.template.Template: void <init>(java.lang.String,java.io.Reader)>'
Cannot find sink method '<org.apache.velocity.app.VelocityEngine: boolean evaluate(org.apache.velocity.context.Context,java.io.Writer,java.lang.String,java.lang.String)>'
Cannot find sink method '<com.alibaba.fastjson.JSON: java.lang.Object parse(java.lang.String)>'
Cannot find sink method '<com.alibaba.fastjson.JSON: java.lang.Object parseObject(java.lang.String)>'
Cannot find sink method '<com.alibaba.fastjson.JSON: java.lang.Object parseObject(java.lang.String,java.lang.Class)>'
Cannot find sink method '<com.fasterxml.jackson.databind.ObjectMapper: java.lang.Object readValue(java.lang.String,java.lang.Class)>'
Cannot find sink method '<org.yaml.snakeyaml.Yaml: java.lang.Object load(java.lang.String)>'
Cannot find sink method '<org.yaml.snakeyaml.Yaml: java.lang.Object load(java.io.InputStream)>'
Cannot find sink method '<org.apache.logging.log4j.Logger: void info(java.lang.String)>'
Cannot find sink method '<org.apache.logging.log4j.Logger: void warn(java.lang.String)>'
Cannot find sink method '<org.apache.logging.log4j.Logger: void error(java.lang.String)>'
Cannot find sink method '<org.apache.logging.log4j.Logger: void debug(java.lang.String)>'
Cannot find sink method '<org.apache.logging.log4j.Logger: void fatal(java.lang.String)>'
Cannot find sink method '<org.slf4j.Logger: void info(java.lang.String)>'
Cannot find sink method '<org.slf4j.Logger: void warn(java.lang.String)>'
Cannot find sink method '<org.slf4j.Logger: void error(java.lang.String)>'
Cannot find sink method '<org.slf4j.Logger: void debug(java.lang.String)>'
Cannot find sink method '<javax.servlet.ServletContext: javax.servlet.RequestDispatcher getRequestDispatcher(java.lang.String)>'
Cannot find sink method '<javax.servlet.http.HttpServletRequest: javax.servlet.RequestDispatcher getRequestDispatcher(java.lang.String)>'
Cannot find sink method '<javax.servlet.http.Cookie: void <init>(java.lang.String,java.lang.String)>'
Cannot find sink method '<javax.servlet.http.Cookie: void setValue(java.lang.String)>'
Cannot find sink method '<javax.servlet.http.HttpServletResponse: void addHeader(java.lang.String,java.lang.String)>'
Cannot find sink method '<javax.servlet.http.HttpServletResponse: void setHeader(java.lang.String,java.lang.String)>'
Cannot find taint-transfer method '<java.util.LinkedHashMap: java.lang.Object put(java.lang.Object,java.lang.Object)>'
Cannot find taint-transfer method '<javax.servlet.http.HttpServletRequest: java.lang.String getParameter(java.lang.String)>'
Cannot find taint-transfer method '<javax.servlet.ServletRequest: java.lang.String getParameter(java.lang.String)>'
Cannot find taint-transfer method '<javax.servlet.http.HttpServletRequest: java.lang.String[] getParameterValues(java.lang.String)>'
Cannot find taint-transfer method '<javax.servlet.http.HttpServletRequest: java.lang.String getHeader(java.lang.String)>'
Cannot find taint-transfer method '<javax.servlet.http.HttpServletRequest: java.lang.String getQueryString()>'
Cannot find taint-transfer method '<javax.servlet.http.HttpServletRequest: java.lang.String getRequestURI()>'
Cannot find taint-transfer method '<javax.servlet.http.HttpServletRequest: java.lang.StringBuffer getRequestURL()>'
Cannot find taint-transfer method '<javax.servlet.http.HttpServletRequest: java.lang.String getRemoteAddr()>'
Cannot find taint-transfer method '<javax.servlet.http.HttpServletRequest: java.lang.Object getAttribute(java.lang.String)>'
Cannot find taint-transfer method '<org.apache.shiro.subject.Subject: java.lang.Object getPrincipal()>'
Cannot find taint-transfer method '<org.apache.shiro.subject.Subject: org.apache.shiro.subject.PrincipalCollection getPrincipals()>'
Cannot find taint-transfer method '<org.apache.shiro.subject.PrincipalCollection: java.lang.Object getPrimaryPrincipal()>'
Cannot find taint-transfer method '<org.apache.shiro.subject.PrincipalCollection: java.util.Collection fromRealm(java.lang.String)>'
Cannot find taint-transfer method '<org.springframework.security.core.context.SecurityContext: org.springframework.security.core.Authentication getAuthentication()>'
Cannot find taint-transfer method '<org.springframework.security.core.Authentication: java.lang.Object getPrincipal()>'
Cannot find taint-transfer method '<org.springframework.security.core.Authentication: java.lang.Object getDetails()>'
Cannot find taint-transfer method '<org.springframework.security.core.Authentication: java.lang.String getName()>'
Cannot find taint-transfer method '<org.springframework.security.core.Authentication: java.util.Collection getAuthorities()>'
Cannot find taint-transfer method '<org.springframework.security.core.userdetails.UserDetails: java.lang.String getUsername()>'
Cannot find taint-transfer method '<org.springframework.security.core.GrantedAuthority: java.lang.String getAuthority()>'
Cannot find taint-transfer method '<javax.servlet.http.HttpSession: java.lang.Object getAttribute(java.lang.String)>'
Cannot find taint-transfer method '<javax.servlet.http.HttpSession: java.lang.Object getValue(java.lang.String)>'
Cannot find taint-transfer method '<javax.servlet.http.HttpSession: void setAttribute(java.lang.String,java.lang.Object)>'
Cannot find taint-transfer method '<java.lang.InheritableThreadLocal: java.lang.Object get()>'
TaintConfig:
sources:
  - { kind: "param", method: "<org.jeecg.modules.demo.test.controller.JeecgOrderErpMainController: org.jeecg.common.api.vo.Result respondePagedData(org.jeecg.modules.demo.test.entity.JeecgOrderMain,java.lang.Integer,java.lang.Integer,javax.servlet.http.HttpServletRequest)>", index: "1", type: "java.lang.Integer" }
  - { kind: "param", method: "<org.jeecg.modules.demo.test.controller.JeecgOrderErpMainController: org.jeecg.common.api.vo.Result respondePagedData(org.jeecg.modules.demo.test.entity.JeecgOrderMain,java.lang.Integer,java.lang.Integer,javax.servlet.http.HttpServletRequest)>", index: "2", type: "java.lang.Integer" }
  - { kind: "param", method: "<org.jeecg.modules.demo.test.controller.JeecgOrderErpMainController: org.jeecg.common.api.vo.Result add(org.jeecg.modules.demo.test.vo.JeecgOrderMainPage)>", index: "0", type: "org.jeecg.modules.demo.test.vo.JeecgOrderMainPage" }
  - { kind: "param", method: "<org.jeecg.modules.demo.test.controller.JeecgOrderErpMainController: org.jeecg.common.api.vo.Result edit(org.jeecg.modules.demo.test.vo.JeecgOrderMainPage)>", index: "0", type: "org.jeecg.modules.demo.test.vo.JeecgOrderMainPage" }
  - { kind: "param", method: "<org.jeecg.modules.demo.test.controller.JeecgOrderErpMainController: org.jeecg.common.api.vo.Result delete(java.lang.String)>", index: "0", type: "java.lang.String" }
  - { kind: "param", method: "<org.jeecg.modules.demo.test.controller.JeecgOrderErpMainController: org.jeecg.common.api.vo.Result deleteBatch(java.lang.String)>", index: "0", type: "java.lang.String" }
  - { kind: "param", method: "<org.jeecg.modules.demo.test.controller.JeecgOrderErpMainController: org.jeecg.common.api.vo.Result queryById(java.lang.String)>", index: "0", type: "java.lang.String" }
  - { kind: "param", method: "<org.jeecg.modules.demo.test.controller.JeecgOrderErpMainController: org.jeecg.common.api.vo.Result queryOrderCustomerListByMainId(org.jeecg.modules.demo.test.entity.JeecgOrderCustomer,java.lang.Integer,java.lang.Integer,javax.servlet.http.HttpServletRequest)>", index: "1", type: "java.lang.Integer" }
  - { kind: "param", method: "<org.jeecg.modules.demo.test.controller.JeecgOrderErpMainController: org.jeecg.common.api.vo.Result queryOrderCustomerListByMainId(org.jeecg.modules.demo.test.entity.JeecgOrderCustomer,java.lang.Integer,java.lang.Integer,javax.servlet.http.HttpServletRequest)>", index: "2", type: "java.lang.Integer" }
  - { kind: "param", method: "<org.jeecg.modules.demo.test.controller.JeecgOrderErpMainController: org.jeecg.common.api.vo.Result queryOrderTicketListByMainId(org.jeecg.modules.demo.test.entity.JeecgOrderTicket,java.lang.Integer,java.lang.Integer,javax.servlet.http.HttpServletRequest)>", index: "1", type: "java.lang.Integer" }
  - { kind: "param", method: "<org.jeecg.modules.demo.test.controller.JeecgOrderErpMainController: org.jeecg.common.api.vo.Result queryOrderTicketListByMainId(org.jeecg.modules.demo.test.entity.JeecgOrderTicket,java.lang.Integer,java.lang.Integer,javax.servlet.http.HttpServletRequest)>", index: "2", type: "java.lang.Integer" }
  - { kind: "param", method: "<org.jeecg.modules.demo.test.controller.JeecgOrderErpMainController: org.jeecg.common.api.vo.Result addCustomer(org.jeecg.modules.demo.test.entity.JeecgOrderCustomer)>", index: "0", type: "org.jeecg.modules.demo.test.entity.JeecgOrderCustomer" }
  - { kind: "param", method: "<org.jeecg.modules.demo.test.controller.JeecgOrderErpMainController: org.jeecg.common.api.vo.Result editCustomer(org.jeecg.modules.demo.test.entity.JeecgOrderCustomer)>", index: "0", type: "org.jeecg.modules.demo.test.entity.JeecgOrderCustomer" }
  - { kind: "param", method: "<org.jeecg.modules.demo.test.controller.JeecgOrderErpMainController: org.jeecg.common.api.vo.Result deleteCustomer(java.lang.String)>", index: "0", type: "java.lang.String" }
  - { kind: "param", method: "<org.jeecg.modules.demo.test.controller.JeecgOrderErpMainController: org.jeecg.common.api.vo.Result deleteBatchCustomer(java.lang.String)>", index: "0", type: "java.lang.String" }
  - { kind: "param", method: "<org.jeecg.modules.demo.test.controller.JeecgOrderErpMainController: org.jeecg.common.api.vo.Result addTicket(org.jeecg.modules.demo.test.entity.JeecgOrderTicket)>", index: "0", type: "org.jeecg.modules.demo.test.entity.JeecgOrderTicket" }
  - { kind: "param", method: "<org.jeecg.modules.demo.test.controller.JeecgOrderErpMainController: org.jeecg.common.api.vo.Result editTicket(org.jeecg.modules.demo.test.entity.JeecgOrderTicket)>", index: "0", type: "org.jeecg.modules.demo.test.entity.JeecgOrderTicket" }
  - { kind: "param", method: "<org.jeecg.modules.demo.test.controller.JeecgOrderErpMainController: org.jeecg.common.api.vo.Result deleteTicket(java.lang.String)>", index: "0", type: "java.lang.String" }
  - { kind: "param", method: "<org.jeecg.modules.demo.test.controller.JeecgOrderErpMainController: org.jeecg.common.api.vo.Result deleteBatchTicket(java.lang.String)>", index: "0", type: "java.lang.String" }
  - { kind: "param", method: "<org.jeecg.modules.demo.test.controller.JoaDemoController: org.jeecg.common.api.vo.Result queryPageList(org.jeecg.modules.demo.test.entity.JoaDemo,java.lang.Integer,java.lang.Integer,javax.servlet.http.HttpServletRequest)>", index: "1", type: "java.lang.Integer" }
  - { kind: "param", method: "<org.jeecg.modules.demo.test.controller.JoaDemoController: org.jeecg.common.api.vo.Result queryPageList(org.jeecg.modules.demo.test.entity.JoaDemo,java.lang.Integer,java.lang.Integer,javax.servlet.http.HttpServletRequest)>", index: "2", type: "java.lang.Integer" }
  - { kind: "param", method: "<org.jeecg.modules.demo.test.controller.JoaDemoController: org.jeecg.common.api.vo.Result add(org.jeecg.modules.demo.test.entity.JoaDemo)>", index: "0", type: "org.jeecg.modules.demo.test.entity.JoaDemo" }
  - { kind: "param", method: "<org.jeecg.modules.demo.test.controller.JoaDemoController: org.jeecg.common.api.vo.Result edit(org.jeecg.modules.demo.test.entity.JoaDemo)>", index: "0", type: "org.jeecg.modules.demo.test.entity.JoaDemo" }
  - { kind: "param", method: "<org.jeecg.modules.demo.test.controller.JoaDemoController: org.jeecg.common.api.vo.Result delete(java.lang.String)>", index: "0", type: "java.lang.String" }
  - { kind: "param", method: "<org.jeecg.modules.demo.test.controller.JoaDemoController: org.jeecg.common.api.vo.Result deleteBatch(java.lang.String)>", index: "0", type: "java.lang.String" }
  - { kind: "param", method: "<org.jeecg.modules.demo.test.controller.JoaDemoController: org.jeecg.common.api.vo.Result queryById(java.lang.String)>", index: "0", type: "java.lang.String" }
  - { kind: "param", method: "<org.jeecg.modules.demo.test.controller.JeecgDynamicDataController: org.jeecg.common.api.vo.Result selectSpelByKey(java.lang.String)>", index: "0", type: "java.lang.String" }
  - { kind: "param", method: "<org.jeecg.modules.demo.test.controller.JeecgOrderMainController: org.jeecg.common.api.vo.Result queryPageList(org.jeecg.modules.demo.test.entity.JeecgOrderMain,java.lang.Integer,java.lang.Integer,javax.servlet.http.HttpServletRequest)>", index: "1", type: "java.lang.Integer" }
  - { kind: "param", method: "<org.jeecg.modules.demo.test.controller.JeecgOrderMainController: org.jeecg.common.api.vo.Result queryPageList(org.jeecg.modules.demo.test.entity.JeecgOrderMain,java.lang.Integer,java.lang.Integer,javax.servlet.http.HttpServletRequest)>", index: "2", type: "java.lang.Integer" }
  - { kind: "param", method: "<org.jeecg.modules.demo.test.controller.JeecgOrderMainController: org.jeecg.common.api.vo.Result add(org.jeecg.modules.demo.test.vo.JeecgOrderMainPage)>", index: "0", type: "org.jeecg.modules.demo.test.vo.JeecgOrderMainPage" }
  - { kind: "param", method: "<org.jeecg.modules.demo.test.controller.JeecgOrderMainController: org.jeecg.common.api.vo.Result eidt(org.jeecg.modules.demo.test.vo.JeecgOrderMainPage)>", index: "0", type: "org.jeecg.modules.demo.test.vo.JeecgOrderMainPage" }
  - { kind: "param", method: "<org.jeecg.modules.demo.test.controller.JeecgOrderMainController: org.jeecg.common.api.vo.Result delete(java.lang.String)>", index: "0", type: "java.lang.String" }
  - { kind: "param", method: "<org.jeecg.modules.demo.test.controller.JeecgOrderMainController: org.jeecg.common.api.vo.Result deleteBatch(java.lang.String)>", index: "0", type: "java.lang.String" }
  - { kind: "param", method: "<org.jeecg.modules.demo.test.controller.JeecgOrderMainController: org.jeecg.common.api.vo.Result queryById(java.lang.String)>", index: "0", type: "java.lang.String" }
  - { kind: "param", method: "<org.jeecg.modules.demo.test.controller.JeecgOrderMainController: org.jeecg.common.api.vo.Result queryOrderCustomerListByMainId(java.lang.String)>", index: "0", type: "java.lang.String" }
  - { kind: "param", method: "<org.jeecg.modules.demo.test.controller.JeecgOrderMainController: org.jeecg.common.api.vo.Result queryOrderTicketListByMainId(java.lang.String)>", index: "0", type: "java.lang.String" }
  - { kind: "param", method: "<org.jeecg.modules.demo.test.controller.JeecgDemoController: org.jeecg.common.api.vo.Result list(org.jeecg.modules.demo.test.entity.JeecgDemo,java.lang.Integer,java.lang.Integer,javax.servlet.http.HttpServletRequest)>", index: "1", type: "java.lang.Integer" }
  - { kind: "param", method: "<org.jeecg.modules.demo.test.controller.JeecgDemoController: org.jeecg.common.api.vo.Result list(org.jeecg.modules.demo.test.entity.JeecgDemo,java.lang.Integer,java.lang.Integer,javax.servlet.http.HttpServletRequest)>", index: "2", type: "java.lang.Integer" }
  - { kind: "param", method: "<org.jeecg.modules.demo.test.controller.JeecgDemoController: org.jeecg.common.api.vo.Result add(org.jeecg.modules.demo.test.entity.JeecgDemo)>", index: "0", type: "org.jeecg.modules.demo.test.entity.JeecgDemo" }
  - { kind: "param", method: "<org.jeecg.modules.demo.test.controller.JeecgDemoController: org.jeecg.common.api.vo.Result edit(org.jeecg.modules.demo.test.entity.JeecgDemo)>", index: "0", type: "org.jeecg.modules.demo.test.entity.JeecgDemo" }
  - { kind: "param", method: "<org.jeecg.modules.demo.test.controller.JeecgDemoController: org.jeecg.common.api.vo.Result delete(java.lang.String)>", index: "0", type: "java.lang.String" }
  - { kind: "param", method: "<org.jeecg.modules.demo.test.controller.JeecgDemoController: org.jeecg.common.api.vo.Result deleteBatch(java.lang.String)>", index: "0", type: "java.lang.String" }
  - { kind: "param", method: "<org.jeecg.modules.demo.test.controller.JeecgDemoController: org.jeecg.common.api.vo.Result queryById(java.lang.String)>", index: "0", type: "java.lang.String" }
  - { kind: "param", method: "<org.jeecg.modules.demo.test.controller.JeecgDemoController: org.jeecg.modules.demo.test.entity.JeecgDemo redisGetJeecgDemo(java.lang.String)>", index: "0", type: "java.lang.String" }
  - { kind: "param", method: "<org.jeecg.modules.demo.test.controller.JeecgDemoController: org.jeecg.common.api.vo.Result testOnlineAdd(com.alibaba.fastjson.JSONObject)>", index: "0", type: "com.alibaba.fastjson.JSONObject" }
  - { kind: "param", method: "<org.jeecg.modules.demo.test.controller.JeecgDemoController: org.jeecg.common.api.vo.Result loadMpPermissonList(java.lang.Integer,java.lang.Integer,javax.servlet.http.HttpServletRequest)>", index: "0", type: "java.lang.Integer" }
  - { kind: "param", method: "<org.jeecg.modules.demo.test.controller.JeecgDemoController: org.jeecg.common.api.vo.Result loadMpPermissonList(java.lang.Integer,java.lang.Integer,javax.servlet.http.HttpServletRequest)>", index: "1", type: "java.lang.Integer" }
  - { kind: "param", method: "<org.jeecg.modules.demo.test.controller.JeecgDemoController: org.jeecg.common.api.vo.Result loadSqlPermissonList(org.jeecg.modules.demo.test.entity.JeecgDemo,java.lang.Integer,java.lang.Integer,javax.servlet.http.HttpServletRequest)>", index: "1", type: "java.lang.Integer" }
  - { kind: "param", method: "<org.jeecg.modules.demo.test.controller.JeecgDemoController: org.jeecg.common.api.vo.Result loadSqlPermissonList(org.jeecg.modules.demo.test.entity.JeecgDemo,java.lang.Integer,java.lang.Integer,javax.servlet.http.HttpServletRequest)>", index: "2", type: "java.lang.Integer" }
  - { kind: "param", method: "<org.jeecg.modules.demo.test.controller.JeecgDemoController: org.jeecg.common.api.vo.Result enhanceJavaListHttp(com.alibaba.fastjson.JSONObject)>", index: "0", type: "com.alibaba.fastjson.JSONObject" }
  - { kind: "param", method: "<org.jeecg.modules.demo.test.controller.JeecgDemoController: org.jeecg.common.api.vo.Result enhanceJavaFormHttp(com.alibaba.fastjson.JSONObject)>", index: "0", type: "com.alibaba.fastjson.JSONObject" }
  - { kind: "param", method: "<org.jeecg.modules.demo.test.controller.JeecgDemoController: org.jeecg.common.api.vo.Result oneNativeList(java.lang.Integer,java.lang.Integer)>", index: "0", type: "java.lang.Integer" }
  - { kind: "param", method: "<org.jeecg.modules.demo.test.controller.JeecgDemoController: org.jeecg.common.api.vo.Result oneNativeList(java.lang.Integer,java.lang.Integer)>", index: "1", type: "java.lang.Integer" }
  - { kind: "param", method: "<org.jeecg.modules.demo.test.controller.JeecgDemoController: org.jeecg.common.api.vo.Result oneNativeAdd(com.alibaba.fastjson.JSONObject)>", index: "0", type: "com.alibaba.fastjson.JSONObject" }
  - { kind: "param", method: "<org.jeecg.modules.demo.test.controller.JeecgDemoController: org.jeecg.common.api.vo.Result oneNativeEdit(com.alibaba.fastjson.JSONObject)>", index: "0", type: "com.alibaba.fastjson.JSONObject" }
  - { kind: "param", method: "<org.jeecg.modules.demo.test.controller.JeecgDemoController: org.jeecg.common.api.vo.Result oneNativeDelete(java.lang.String)>", index: "0", type: "java.lang.String" }
  - { kind: "param", method: "<org.jeecg.modules.demo.mock.vxe.controller.VxeMockController: org.jeecg.common.api.vo.Result mockChange1(java.lang.String,java.lang.String)>", index: "0", type: "java.lang.String" }
  - { kind: "param", method: "<org.jeecg.modules.demo.mock.vxe.controller.VxeMockController: org.jeecg.common.api.vo.Result mockChange1(java.lang.String,java.lang.String)>", index: "1", type: "java.lang.String" }
  - { kind: "param", method: "<org.jeecg.modules.demo.mock.vxe.controller.VxeMockController: org.jeecg.common.api.vo.Result mockChange2(java.lang.String,java.lang.String)>", index: "0", type: "java.lang.String" }
  - { kind: "param", method: "<org.jeecg.modules.demo.mock.vxe.controller.VxeMockController: org.jeecg.common.api.vo.Result mockChange2(java.lang.String,java.lang.String)>", index: "1", type: "java.lang.String" }
  - { kind: "param", method: "<org.jeecg.modules.demo.mock.vxe.controller.VxeMockController: org.jeecg.common.api.vo.Result mockChange3(java.lang.String,java.lang.String)>", index: "0", type: "java.lang.String" }
  - { kind: "param", method: "<org.jeecg.modules.demo.mock.vxe.controller.VxeMockController: org.jeecg.common.api.vo.Result mockChange3(java.lang.String,java.lang.String)>", index: "1", type: "java.lang.String" }
  - { kind: "param", method: "<org.jeecg.modules.demo.mock.vxe.controller.VxeMockController: org.jeecg.common.api.vo.Result mockChange4(java.lang.String)>", index: "0", type: "java.lang.String" }
  - { kind: "param", method: "<org.jeecg.modules.demo.mock.vxe.controller.VxeMockController: org.jeecg.common.api.vo.Result mockImmediateSaveRow(com.alibaba.fastjson.JSONObject)>", index: "0", type: "com.alibaba.fastjson.JSONObject" }
  - { kind: "param", method: "<org.jeecg.modules.demo.mock.vxe.controller.VxeMockController: org.jeecg.common.api.vo.Result mockImmediateSaveAll(com.alibaba.fastjson.JSONArray)>", index: "0", type: "com.alibaba.fastjson.JSONArray" }
  - { kind: "param", method: "<org.jeecg.modules.demo.mock.vxe.controller.VxeMockController: org.jeecg.common.api.vo.Result getMockData(java.lang.Integer,java.lang.Integer,java.lang.String)>", index: "0", type: "java.lang.Integer" }
  - { kind: "param", method: "<org.jeecg.modules.demo.mock.vxe.controller.VxeMockController: org.jeecg.common.api.vo.Result getMockData(java.lang.Integer,java.lang.Integer,java.lang.String)>", index: "1", type: "java.lang.Integer" }
  - { kind: "param", method: "<org.jeecg.modules.demo.mock.vxe.controller.VxeMockController: org.jeecg.common.api.vo.Result getMockData(java.lang.Integer,java.lang.Integer,java.lang.String)>", index: "2", type: "java.lang.String" }
  - { kind: "param", method: "<org.jeecg.modules.demo.mock.vxe.controller.VxeMockController: org.jeecg.common.api.vo.Result getMockDdjhData(org.jeecg.modules.demo.mock.vxe.entity.MockEntity,java.lang.Integer,java.lang.Integer,java.lang.String,java.lang.String,java.lang.String,java.lang.String,javax.servlet.http.HttpServletRequest)>", index: "1", type: "java.lang.Integer" }
  - { kind: "param", method: "<org.jeecg.modules.demo.mock.vxe.controller.VxeMockController: org.jeecg.common.api.vo.Result getMockDdjhData(org.jeecg.modules.demo.mock.vxe.entity.MockEntity,java.lang.Integer,java.lang.Integer,java.lang.String,java.lang.String,java.lang.String,java.lang.String,javax.servlet.http.HttpServletRequest)>", index: "2", type: "java.lang.Integer" }
  - { kind: "param", method: "<org.jeecg.modules.demo.mock.vxe.controller.VxeMockController: org.jeecg.common.api.vo.Result getMockDdjhData(org.jeecg.modules.demo.mock.vxe.entity.MockEntity,java.lang.Integer,java.lang.Integer,java.lang.String,java.lang.String,java.lang.String,java.lang.String,javax.servlet.http.HttpServletRequest)>", index: "3", type: "java.lang.String" }
  - { kind: "param", method: "<org.jeecg.modules.demo.mock.vxe.controller.VxeMockController: org.jeecg.common.api.vo.Result getMockDdjhData(org.jeecg.modules.demo.mock.vxe.entity.MockEntity,java.lang.Integer,java.lang.Integer,java.lang.String,java.lang.String,java.lang.String,java.lang.String,javax.servlet.http.HttpServletRequest)>", index: "4", type: "java.lang.String" }
  - { kind: "param", method: "<org.jeecg.modules.demo.mock.vxe.controller.VxeMockController: org.jeecg.common.api.vo.Result getMockDdjhData(org.jeecg.modules.demo.mock.vxe.entity.MockEntity,java.lang.Integer,java.lang.Integer,java.lang.String,java.lang.String,java.lang.String,java.lang.String,javax.servlet.http.HttpServletRequest)>", index: "5", type: "java.lang.String" }
  - { kind: "param", method: "<org.jeecg.modules.demo.mock.vxe.controller.VxeMockController: org.jeecg.common.api.vo.Result getMockDdjhData(org.jeecg.modules.demo.mock.vxe.entity.MockEntity,java.lang.Integer,java.lang.Integer,java.lang.String,java.lang.String,java.lang.String,java.lang.String,javax.servlet.http.HttpServletRequest)>", index: "6", type: "java.lang.String" }
  - { kind: "param", method: "<org.jeecg.modules.demo.mock.MockController: java.lang.String getJsonData(java.lang.String)>", index: "0", type: "java.lang.String" }
  - { kind: "param", method: "<org.jeecg.modules.demo.cloud.controller.JcloudDemoProviderController: java.lang.String getMessage(java.lang.String)>", index: "0", type: "java.lang.String" }
  - { kind: "param", method: "<org.jeecg.modules.demo.online.OnlCgformDemoController: org.jeecg.common.api.vo.Result enhanceJavaListHttp(com.alibaba.fastjson.JSONObject)>", index: "0", type: "com.alibaba.fastjson.JSONObject" }
  - { kind: "param", method: "<org.jeecg.modules.demo.online.OnlCgformDemoController: org.jeecg.common.api.vo.Result enhanceJavaHttp(com.alibaba.fastjson.JSONObject)>", index: "0", type: "com.alibaba.fastjson.JSONObject" }
  - { kind: "param", method: "<org.jeecg.modules.dlglong.controller.DlMockController: org.jeecg.common.api.vo.Result mockChange1(java.lang.String,java.lang.String)>", index: "0", type: "java.lang.String" }
  - { kind: "param", method: "<org.jeecg.modules.dlglong.controller.DlMockController: org.jeecg.common.api.vo.Result mockChange1(java.lang.String,java.lang.String)>", index: "1", type: "java.lang.String" }
  - { kind: "param", method: "<org.jeecg.modules.dlglong.controller.DlMockController: org.jeecg.common.api.vo.Result mockChange2(java.lang.String,java.lang.String)>", index: "0", type: "java.lang.String" }
  - { kind: "param", method: "<org.jeecg.modules.dlglong.controller.DlMockController: org.jeecg.common.api.vo.Result mockChange2(java.lang.String,java.lang.String)>", index: "1", type: "java.lang.String" }
  - { kind: "param", method: "<org.jeecg.modules.dlglong.controller.DlMockController: org.jeecg.common.api.vo.Result mockChange3(java.lang.String,java.lang.String)>", index: "0", type: "java.lang.String" }
  - { kind: "param", method: "<org.jeecg.modules.dlglong.controller.DlMockController: org.jeecg.common.api.vo.Result mockChange3(java.lang.String,java.lang.String)>", index: "1", type: "java.lang.String" }
  - { kind: "param", method: "<org.jeecg.modules.dlglong.controller.DlMockController: org.jeecg.common.api.vo.Result mockChange4(java.lang.String)>", index: "0", type: "java.lang.String" }
  - { kind: "param", method: "<org.jeecg.modules.dlglong.controller.DlMockController: org.jeecg.common.api.vo.Result mockImmediateSaveRow(com.alibaba.fastjson.JSONObject)>", index: "0", type: "com.alibaba.fastjson.JSONObject" }
  - { kind: "param", method: "<org.jeecg.modules.dlglong.controller.DlMockController: org.jeecg.common.api.vo.Result mockImmediateSaveAll(com.alibaba.fastjson.JSONArray)>", index: "0", type: "com.alibaba.fastjson.JSONArray" }
  - { kind: "param", method: "<org.jeecg.modules.dlglong.controller.DlMockController: org.jeecg.common.api.vo.Result getMockData(java.lang.Integer,java.lang.Integer,java.lang.String)>", index: "0", type: "java.lang.Integer" }
  - { kind: "param", method: "<org.jeecg.modules.dlglong.controller.DlMockController: org.jeecg.common.api.vo.Result getMockData(java.lang.Integer,java.lang.Integer,java.lang.String)>", index: "1", type: "java.lang.Integer" }
  - { kind: "param", method: "<org.jeecg.modules.dlglong.controller.DlMockController: org.jeecg.common.api.vo.Result getMockData(java.lang.Integer,java.lang.Integer,java.lang.String)>", index: "2", type: "java.lang.String" }
  - { kind: "param", method: "<org.jeecg.modules.dlglong.controller.DlMockController: org.jeecg.common.api.vo.Result getMockDdjhData(org.jeecg.modules.dlglong.entity.MockEntity,java.lang.Integer,java.lang.Integer,java.lang.String,java.lang.String,java.lang.String,java.lang.String,javax.servlet.http.HttpServletRequest)>", index: "1", type: "java.lang.Integer" }
  - { kind: "param", method: "<org.jeecg.modules.dlglong.controller.DlMockController: org.jeecg.common.api.vo.Result getMockDdjhData(org.jeecg.modules.dlglong.entity.MockEntity,java.lang.Integer,java.lang.Integer,java.lang.String,java.lang.String,java.lang.String,java.lang.String,javax.servlet.http.HttpServletRequest)>", index: "2", type: "java.lang.Integer" }
  - { kind: "param", method: "<org.jeecg.modules.dlglong.controller.DlMockController: org.jeecg.common.api.vo.Result getMockDdjhData(org.jeecg.modules.dlglong.entity.MockEntity,java.lang.Integer,java.lang.Integer,java.lang.String,java.lang.String,java.lang.String,java.lang.String,javax.servlet.http.HttpServletRequest)>", index: "3", type: "java.lang.String" }
  - { kind: "param", method: "<org.jeecg.modules.dlglong.controller.DlMockController: org.jeecg.common.api.vo.Result getMockDdjhData(org.jeecg.modules.dlglong.entity.MockEntity,java.lang.Integer,java.lang.Integer,java.lang.String,java.lang.String,java.lang.String,java.lang.String,javax.servlet.http.HttpServletRequest)>", index: "4", type: "java.lang.String" }
  - { kind: "param", method: "<org.jeecg.modules.dlglong.controller.DlMockController: org.jeecg.common.api.vo.Result getMockDdjhData(org.jeecg.modules.dlglong.entity.MockEntity,java.lang.Integer,java.lang.Integer,java.lang.String,java.lang.String,java.lang.String,java.lang.String,javax.servlet.http.HttpServletRequest)>", index: "5", type: "java.lang.String" }
  - { kind: "param", method: "<org.jeecg.modules.dlglong.controller.DlMockController: org.jeecg.common.api.vo.Result getMockDdjhData(org.jeecg.modules.dlglong.entity.MockEntity,java.lang.Integer,java.lang.Integer,java.lang.String,java.lang.String,java.lang.String,java.lang.String,javax.servlet.http.HttpServletRequest)>", index: "6", type: "java.lang.String" }
  - { kind: "param", method: "<org.jeecg.modules.cas.controller.CasClientController: java.lang.Object validateLogin(java.lang.String,java.lang.String,javax.servlet.http.HttpServletRequest,javax.servlet.http.HttpServletResponse)>", index: "0", type: "java.lang.String" }
  - { kind: "param", method: "<org.jeecg.modules.cas.controller.CasClientController: java.lang.Object validateLogin(java.lang.String,java.lang.String,javax.servlet.http.HttpServletRequest,javax.servlet.http.HttpServletResponse)>", index: "1", type: "java.lang.String" }
  - { kind: "param", method: "<org.jeecg.modules.message.controller.SysMessageTemplateController: org.jeecg.common.api.vo.Result queryPageList(org.jeecg.modules.message.entity.SysMessageTemplate,java.lang.Integer,java.lang.Integer,javax.servlet.http.HttpServletRequest)>", index: "1", type: "java.lang.Integer" }
  - { kind: "param", method: "<org.jeecg.modules.message.controller.SysMessageTemplateController: org.jeecg.common.api.vo.Result queryPageList(org.jeecg.modules.message.entity.SysMessageTemplate,java.lang.Integer,java.lang.Integer,javax.servlet.http.HttpServletRequest)>", index: "2", type: "java.lang.Integer" }
  - { kind: "param", method: "<org.jeecg.modules.message.controller.SysMessageTemplateController: org.jeecg.common.api.vo.Result add(org.jeecg.modules.message.entity.SysMessageTemplate)>", index: "0", type: "org.jeecg.modules.message.entity.SysMessageTemplate" }
  - { kind: "param", method: "<org.jeecg.modules.message.controller.SysMessageTemplateController: org.jeecg.common.api.vo.Result edit(org.jeecg.modules.message.entity.SysMessageTemplate)>", index: "0", type: "org.jeecg.modules.message.entity.SysMessageTemplate" }
  - { kind: "param", method: "<org.jeecg.modules.message.controller.SysMessageTemplateController: org.jeecg.common.api.vo.Result delete(java.lang.String)>", index: "0", type: "java.lang.String" }
  - { kind: "param", method: "<org.jeecg.modules.message.controller.SysMessageTemplateController: org.jeecg.common.api.vo.Result deleteBatch(java.lang.String)>", index: "0", type: "java.lang.String" }
  - { kind: "param", method: "<org.jeecg.modules.message.controller.SysMessageTemplateController: org.jeecg.common.api.vo.Result queryById(java.lang.String)>", index: "0", type: "java.lang.String" }
  - { kind: "param", method: "<org.jeecg.modules.message.controller.SysMessageTemplateController: org.jeecg.common.api.vo.Result sendMessage(org.jeecg.modules.message.entity.MsgParams)>", index: "0", type: "org.jeecg.modules.message.entity.MsgParams" }
  - { kind: "param", method: "<org.jeecg.modules.message.controller.TestSocketController: org.jeecg.common.api.vo.Result sendAll(com.alibaba.fastjson.JSONObject)>", index: "0", type: "com.alibaba.fastjson.JSONObject" }
  - { kind: "param", method: "<org.jeecg.modules.message.controller.TestSocketController: org.jeecg.common.api.vo.Result sendUser(com.alibaba.fastjson.JSONObject)>", index: "0", type: "com.alibaba.fastjson.JSONObject" }
  - { kind: "param", method: "<org.jeecg.modules.message.controller.SysMessageController: org.jeecg.common.api.vo.Result queryPageList(org.jeecg.modules.message.entity.SysMessage,java.lang.Integer,java.lang.Integer,javax.servlet.http.HttpServletRequest)>", index: "1", type: "java.lang.Integer" }
  - { kind: "param", method: "<org.jeecg.modules.message.controller.SysMessageController: org.jeecg.common.api.vo.Result queryPageList(org.jeecg.modules.message.entity.SysMessage,java.lang.Integer,java.lang.Integer,javax.servlet.http.HttpServletRequest)>", index: "2", type: "java.lang.Integer" }
  - { kind: "param", method: "<org.jeecg.modules.message.controller.SysMessageController: org.jeecg.common.api.vo.Result add(org.jeecg.modules.message.entity.SysMessage)>", index: "0", type: "org.jeecg.modules.message.entity.SysMessage" }
  - { kind: "param", method: "<org.jeecg.modules.message.controller.SysMessageController: org.jeecg.common.api.vo.Result edit(org.jeecg.modules.message.entity.SysMessage)>", index: "0", type: "org.jeecg.modules.message.entity.SysMessage" }
  - { kind: "param", method: "<org.jeecg.modules.message.controller.SysMessageController: org.jeecg.common.api.vo.Result delete(java.lang.String)>", index: "0", type: "java.lang.String" }
  - { kind: "param", method: "<org.jeecg.modules.message.controller.SysMessageController: org.jeecg.common.api.vo.Result deleteBatch(java.lang.String)>", index: "0", type: "java.lang.String" }
  - { kind: "param", method: "<org.jeecg.modules.message.controller.SysMessageController: org.jeecg.common.api.vo.Result queryById(java.lang.String)>", index: "0", type: "java.lang.String" }
  - { kind: "param", method: "<org.jeecg.modules.system.controller.SysCheckRuleController: org.jeecg.common.api.vo.Result queryPageList(org.jeecg.modules.system.entity.SysCheckRule,java.lang.Integer,java.lang.Integer,javax.servlet.http.HttpServletRequest)>", index: "1", type: "java.lang.Integer" }
  - { kind: "param", method: "<org.jeecg.modules.system.controller.SysCheckRuleController: org.jeecg.common.api.vo.Result queryPageList(org.jeecg.modules.system.entity.SysCheckRule,java.lang.Integer,java.lang.Integer,javax.servlet.http.HttpServletRequest)>", index: "2", type: "java.lang.Integer" }
  - { kind: "param", method: "<org.jeecg.modules.system.controller.SysCheckRuleController: org.jeecg.common.api.vo.Result checkByCode(java.lang.String,java.lang.String)>", index: "0", type: "java.lang.String" }
  - { kind: "param", method: "<org.jeecg.modules.system.controller.SysCheckRuleController: org.jeecg.common.api.vo.Result checkByCode(java.lang.String,java.lang.String)>", index: "1", type: "java.lang.String" }
  - { kind: "param", method: "<org.jeecg.modules.system.controller.SysCheckRuleController: org.jeecg.common.api.vo.Result add(org.jeecg.modules.system.entity.SysCheckRule)>", index: "0", type: "org.jeecg.modules.system.entity.SysCheckRule" }
  - { kind: "param", method: "<org.jeecg.modules.system.controller.SysCheckRuleController: org.jeecg.common.api.vo.Result edit(org.jeecg.modules.system.entity.SysCheckRule)>", index: "0", type: "org.jeecg.modules.system.entity.SysCheckRule" }
  - { kind: "param", method: "<org.jeecg.modules.system.controller.SysCheckRuleController: org.jeecg.common.api.vo.Result delete(java.lang.String)>", index: "0", type: "java.lang.String" }
  - { kind: "param", method: "<org.jeecg.modules.system.controller.SysCheckRuleController: org.jeecg.common.api.vo.Result deleteBatch(java.lang.String)>", index: "0", type: "java.lang.String" }
  - { kind: "param", method: "<org.jeecg.modules.system.controller.SysCheckRuleController: org.jeecg.common.api.vo.Result queryById(java.lang.String)>", index: "0", type: "java.lang.String" }
  - { kind: "param", method: "<org.jeecg.modules.system.controller.SysFillRuleController: org.jeecg.common.api.vo.Result queryPageList(org.jeecg.modules.system.entity.SysFillRule,java.lang.Integer,java.lang.Integer,javax.servlet.http.HttpServletRequest)>", index: "1", type: "java.lang.Integer" }
  - { kind: "param", method: "<org.jeecg.modules.system.controller.SysFillRuleController: org.jeecg.common.api.vo.Result queryPageList(org.jeecg.modules.system.entity.SysFillRule,java.lang.Integer,java.lang.Integer,javax.servlet.http.HttpServletRequest)>", index: "2", type: "java.lang.Integer" }
  - { kind: "param", method: "<org.jeecg.modules.system.controller.SysFillRuleController: org.jeecg.common.api.vo.Result testFillRule(java.lang.String)>", index: "0", type: "java.lang.String" }
  - { kind: "param", method: "<org.jeecg.modules.system.controller.SysFillRuleController: org.jeecg.common.api.vo.Result add(org.jeecg.modules.system.entity.SysFillRule)>", index: "0", type: "org.jeecg.modules.system.entity.SysFillRule" }
  - { kind: "param", method: "<org.jeecg.modules.system.controller.SysFillRuleController: org.jeecg.common.api.vo.Result edit(org.jeecg.modules.system.entity.SysFillRule)>", index: "0", type: "org.jeecg.modules.system.entity.SysFillRule" }
  - { kind: "param", method: "<org.jeecg.modules.system.controller.SysFillRuleController: org.jeecg.common.api.vo.Result delete(java.lang.String)>", index: "0", type: "java.lang.String" }
  - { kind: "param", method: "<org.jeecg.modules.system.controller.SysFillRuleController: org.jeecg.common.api.vo.Result deleteBatch(java.lang.String)>", index: "0", type: "java.lang.String" }
  - { kind: "param", method: "<org.jeecg.modules.system.controller.SysFillRuleController: org.jeecg.common.api.vo.Result queryById(java.lang.String)>", index: "0", type: "java.lang.String" }
  - { kind: "param", method: "<org.jeecg.modules.system.controller.SysFillRuleController: org.jeecg.common.api.vo.Result executeByRuleCode(java.lang.String,com.alibaba.fastjson.JSONObject)>", index: "0", type: "java.lang.String" }
  - { kind: "param", method: "<org.jeecg.modules.system.controller.SysFillRuleController: org.jeecg.common.api.vo.Result executeByRuleCode(java.lang.String,com.alibaba.fastjson.JSONObject)>", index: "1", type: "com.alibaba.fastjson.JSONObject" }
  - { kind: "param", method: "<org.jeecg.modules.system.controller.SysFillRuleController: org.jeecg.common.api.vo.Result executeByRuleCodeBatch(com.alibaba.fastjson.JSONObject)>", index: "0", type: "com.alibaba.fastjson.JSONObject" }
  - { kind: "param", method: "<org.jeecg.modules.system.controller.SysRoleController: org.jeecg.common.api.vo.Result queryPageList(org.jeecg.modules.system.entity.SysRole,java.lang.Integer,java.lang.Integer,javax.servlet.http.HttpServletRequest)>", index: "1", type: "java.lang.Integer" }
  - { kind: "param", method: "<org.jeecg.modules.system.controller.SysRoleController: org.jeecg.common.api.vo.Result queryPageList(org.jeecg.modules.system.entity.SysRole,java.lang.Integer,java.lang.Integer,javax.servlet.http.HttpServletRequest)>", index: "2", type: "java.lang.Integer" }
  - { kind: "param", method: "<org.jeecg.modules.system.controller.SysRoleController: org.jeecg.common.api.vo.Result listByTenant(org.jeecg.modules.system.entity.SysRole,java.lang.Integer,java.lang.Integer,javax.servlet.http.HttpServletRequest)>", index: "1", type: "java.lang.Integer" }
  - { kind: "param", method: "<org.jeecg.modules.system.controller.SysRoleController: org.jeecg.common.api.vo.Result listByTenant(org.jeecg.modules.system.entity.SysRole,java.lang.Integer,java.lang.Integer,javax.servlet.http.HttpServletRequest)>", index: "2", type: "java.lang.Integer" }
  - { kind: "param", method: "<org.jeecg.modules.system.controller.SysRoleController: org.jeecg.common.api.vo.Result add(org.jeecg.modules.system.entity.SysRole)>", index: "0", type: "org.jeecg.modules.system.entity.SysRole" }
  - { kind: "param", method: "<org.jeecg.modules.system.controller.SysRoleController: org.jeecg.common.api.vo.Result edit(org.jeecg.modules.system.entity.SysRole)>", index: "0", type: "org.jeecg.modules.system.entity.SysRole" }
  - { kind: "param", method: "<org.jeecg.modules.system.controller.SysRoleController: org.jeecg.common.api.vo.Result delete(java.lang.String)>", index: "0", type: "java.lang.String" }
  - { kind: "param", method: "<org.jeecg.modules.system.controller.SysRoleController: org.jeecg.common.api.vo.Result deleteBatch(java.lang.String)>", index: "0", type: "java.lang.String" }
  - { kind: "param", method: "<org.jeecg.modules.system.controller.SysRoleController: org.jeecg.common.api.vo.Result queryById(java.lang.String)>", index: "0", type: "java.lang.String" }
  - { kind: "param", method: "<org.jeecg.modules.system.controller.SysRoleController: org.jeecg.common.api.vo.Result loadDatarule(java.lang.String,java.lang.String)>", index: "0", type: "java.lang.String" }
  - { kind: "param", method: "<org.jeecg.modules.system.controller.SysRoleController: org.jeecg.common.api.vo.Result loadDatarule(java.lang.String,java.lang.String)>", index: "1", type: "java.lang.String" }
  - { kind: "param", method: "<org.jeecg.modules.system.controller.SysRoleController: org.jeecg.common.api.vo.Result saveDatarule(com.alibaba.fastjson.JSONObject)>", index: "0", type: "com.alibaba.fastjson.JSONObject" }
  - { kind: "param", method: "<org.jeecg.modules.system.controller.SysAnnouncementSendController: org.jeecg.common.api.vo.Result queryPageList(org.jeecg.modules.system.entity.SysAnnouncementSend,java.lang.Integer,java.lang.Integer,javax.servlet.http.HttpServletRequest)>", index: "1", type: "java.lang.Integer" }
  - { kind: "param", method: "<org.jeecg.modules.system.controller.SysAnnouncementSendController: org.jeecg.common.api.vo.Result queryPageList(org.jeecg.modules.system.entity.SysAnnouncementSend,java.lang.Integer,java.lang.Integer,javax.servlet.http.HttpServletRequest)>", index: "2", type: "java.lang.Integer" }
  - { kind: "param", method: "<org.jeecg.modules.system.controller.SysAnnouncementSendController: org.jeecg.common.api.vo.Result add(org.jeecg.modules.system.entity.SysAnnouncementSend)>", index: "0", type: "org.jeecg.modules.system.entity.SysAnnouncementSend" }
  - { kind: "param", method: "<org.jeecg.modules.system.controller.SysAnnouncementSendController: org.jeecg.common.api.vo.Result eidt(org.jeecg.modules.system.entity.SysAnnouncementSend)>", index: "0", type: "org.jeecg.modules.system.entity.SysAnnouncementSend" }
  - { kind: "param", method: "<org.jeecg.modules.system.controller.SysAnnouncementSendController: org.jeecg.common.api.vo.Result delete(java.lang.String)>", index: "0", type: "java.lang.String" }
  - { kind: "param", method: "<org.jeecg.modules.system.controller.SysAnnouncementSendController: org.jeecg.common.api.vo.Result deleteBatch(java.lang.String)>", index: "0", type: "java.lang.String" }
  - { kind: "param", method: "<org.jeecg.modules.system.controller.SysAnnouncementSendController: org.jeecg.common.api.vo.Result queryById(java.lang.String)>", index: "0", type: "java.lang.String" }
  - { kind: "param", method: "<org.jeecg.modules.system.controller.SysAnnouncementSendController: org.jeecg.common.api.vo.Result editById(com.alibaba.fastjson.JSONObject)>", index: "0", type: "com.alibaba.fastjson.JSONObject" }
  - { kind: "param", method: "<org.jeecg.modules.system.controller.SysAnnouncementSendController: org.jeecg.common.api.vo.Result getMyAnnouncementSend(org.jeecg.modules.system.model.AnnouncementSendModel,java.lang.Integer,java.lang.Integer)>", index: "1", type: "java.lang.Integer" }
  - { kind: "param", method: "<org.jeecg.modules.system.controller.SysAnnouncementSendController: org.jeecg.common.api.vo.Result getMyAnnouncementSend(org.jeecg.modules.system.model.AnnouncementSendModel,java.lang.Integer,java.lang.Integer)>", index: "2", type: "java.lang.Integer" }
  - { kind: "param", method: "<org.jeecg.modules.system.controller.SysAnnouncementSendController: org.jeecg.common.api.vo.Result getOne(java.lang.String)>", index: "0", type: "java.lang.String" }
  - { kind: "param", method: "<org.jeecg.modules.system.controller.SysFormFileController: org.jeecg.common.api.vo.Result queryPageList(org.jeecg.modules.system.entity.SysFormFile,java.lang.Integer,java.lang.Integer,javax.servlet.http.HttpServletRequest)>", index: "1", type: "java.lang.Integer" }
  - { kind: "param", method: "<org.jeecg.modules.system.controller.SysFormFileController: org.jeecg.common.api.vo.Result queryPageList(org.jeecg.modules.system.entity.SysFormFile,java.lang.Integer,java.lang.Integer,javax.servlet.http.HttpServletRequest)>", index: "2", type: "java.lang.Integer" }
  - { kind: "param", method: "<org.jeecg.modules.system.controller.SysFormFileController: org.jeecg.common.api.vo.Result add(org.jeecg.modules.system.entity.SysFormFile)>", index: "0", type: "org.jeecg.modules.system.entity.SysFormFile" }
  - { kind: "param", method: "<org.jeecg.modules.system.controller.SysFormFileController: org.jeecg.common.api.vo.Result edit(org.jeecg.modules.system.entity.SysFormFile)>", index: "0", type: "org.jeecg.modules.system.entity.SysFormFile" }
  - { kind: "param", method: "<org.jeecg.modules.system.controller.SysFormFileController: org.jeecg.common.api.vo.Result delete(java.lang.String)>", index: "0", type: "java.lang.String" }
  - { kind: "param", method: "<org.jeecg.modules.system.controller.SysFormFileController: org.jeecg.common.api.vo.Result deleteBatch(java.lang.String)>", index: "0", type: "java.lang.String" }
  - { kind: "param", method: "<org.jeecg.modules.system.controller.SysFormFileController: org.jeecg.common.api.vo.Result queryById(java.lang.String)>", index: "0", type: "java.lang.String" }
  - { kind: "param", method: "<org.jeecg.modules.system.controller.SysRoleIndexController: org.jeecg.common.api.vo.Result queryPageList(org.jeecg.modules.system.entity.SysRoleIndex,java.lang.Integer,java.lang.Integer,javax.servlet.http.HttpServletRequest)>", index: "1", type: "java.lang.Integer" }
  - { kind: "param", method: "<org.jeecg.modules.system.controller.SysRoleIndexController: org.jeecg.common.api.vo.Result queryPageList(org.jeecg.modules.system.entity.SysRoleIndex,java.lang.Integer,java.lang.Integer,javax.servlet.http.HttpServletRequest)>", index: "2", type: "java.lang.Integer" }
  - { kind: "param", method: "<org.jeecg.modules.system.controller.SysRoleIndexController: org.jeecg.common.api.vo.Result add(org.jeecg.modules.system.entity.SysRoleIndex,javax.servlet.http.HttpServletRequest)>", index: "0", type: "org.jeecg.modules.system.entity.SysRoleIndex" }
  - { kind: "param", method: "<org.jeecg.modules.system.controller.SysRoleIndexController: org.jeecg.common.api.vo.Result edit(org.jeecg.modules.system.entity.SysRoleIndex,javax.servlet.http.HttpServletRequest)>", index: "0", type: "org.jeecg.modules.system.entity.SysRoleIndex" }
  - { kind: "param", method: "<org.jeecg.modules.system.controller.SysRoleIndexController: org.jeecg.common.api.vo.Result delete(java.lang.String)>", index: "0", type: "java.lang.String" }
  - { kind: "param", method: "<org.jeecg.modules.system.controller.SysRoleIndexController: org.jeecg.common.api.vo.Result deleteBatch(java.lang.String)>", index: "0", type: "java.lang.String" }
  - { kind: "param", method: "<org.jeecg.modules.system.controller.SysRoleIndexController: org.jeecg.common.api.vo.Result queryById(java.lang.String)>", index: "0", type: "java.lang.String" }
  - { kind: "param", method: "<org.jeecg.modules.system.controller.SysRoleIndexController: org.jeecg.common.api.vo.Result queryByCode(java.lang.String,javax.servlet.http.HttpServletRequest)>", index: "0", type: "java.lang.String" }
  - { kind: "param", method: "<org.jeecg.modules.system.controller.SysDictController: org.jeecg.common.api.vo.Result queryPageList(org.jeecg.modules.system.entity.SysDict,java.lang.Integer,java.lang.Integer,javax.servlet.http.HttpServletRequest)>", index: "1", type: "java.lang.Integer" }
  - { kind: "param", method: "<org.jeecg.modules.system.controller.SysDictController: org.jeecg.common.api.vo.Result queryPageList(org.jeecg.modules.system.entity.SysDict,java.lang.Integer,java.lang.Integer,javax.servlet.http.HttpServletRequest)>", index: "2", type: "java.lang.Integer" }
  - { kind: "param", method: "<org.jeecg.modules.system.controller.SysDictController: org.jeecg.common.api.vo.Result treeList(org.jeecg.modules.system.entity.SysDict,java.lang.Integer,java.lang.Integer,javax.servlet.http.HttpServletRequest)>", index: "1", type: "java.lang.Integer" }
  - { kind: "param", method: "<org.jeecg.modules.system.controller.SysDictController: org.jeecg.common.api.vo.Result treeList(org.jeecg.modules.system.entity.SysDict,java.lang.Integer,java.lang.Integer,javax.servlet.http.HttpServletRequest)>", index: "2", type: "java.lang.Integer" }
  - { kind: "param", method: "<org.jeecg.modules.system.controller.SysDictController: org.jeecg.common.api.vo.Result getDictText(java.lang.String,java.lang.String)>", index: "0", type: "java.lang.String" }
  - { kind: "param", method: "<org.jeecg.modules.system.controller.SysDictController: org.jeecg.common.api.vo.Result getDictText(java.lang.String,java.lang.String)>", index: "1", type: "java.lang.String" }
  - { kind: "param", method: "<org.jeecg.modules.system.controller.SysDictController: org.jeecg.common.api.vo.Result getDictItems(java.lang.String,java.lang.String,javax.servlet.http.HttpServletRequest)>", index: "0", type: "java.lang.String" }
  - { kind: "param", method: "<org.jeecg.modules.system.controller.SysDictController: org.jeecg.common.api.vo.Result getDictItems(java.lang.String,java.lang.String,javax.servlet.http.HttpServletRequest)>", index: "1", type: "java.lang.String" }
  - { kind: "param", method: "<org.jeecg.modules.system.controller.SysDictController: org.jeecg.common.api.vo.Result loadDict(java.lang.String,java.lang.String,java.lang.String,java.lang.Integer)>", index: "0", type: "java.lang.String" }
  - { kind: "param", method: "<org.jeecg.modules.system.controller.SysDictController: org.jeecg.common.api.vo.Result loadDict(java.lang.String,java.lang.String,java.lang.String,java.lang.Integer)>", index: "1", type: "java.lang.String" }
  - { kind: "param", method: "<org.jeecg.modules.system.controller.SysDictController: org.jeecg.common.api.vo.Result loadDict(java.lang.String,java.lang.String,java.lang.String,java.lang.Integer)>", index: "2", type: "java.lang.String" }
  - { kind: "param", method: "<org.jeecg.modules.system.controller.SysDictController: org.jeecg.common.api.vo.Result loadDict(java.lang.String,java.lang.String,java.lang.String,java.lang.Integer)>", index: "3", type: "java.lang.Integer" }
  - { kind: "param", method: "<org.jeecg.modules.system.controller.SysDictController: org.jeecg.common.api.vo.Result loadDictOrderByValue(java.lang.String,java.lang.String,java.lang.String,java.lang.Integer)>", index: "0", type: "java.lang.String" }
  - { kind: "param", method: "<org.jeecg.modules.system.controller.SysDictController: org.jeecg.common.api.vo.Result loadDictOrderByValue(java.lang.String,java.lang.String,java.lang.String,java.lang.Integer)>", index: "1", type: "java.lang.String" }
  - { kind: "param", method: "<org.jeecg.modules.system.controller.SysDictController: org.jeecg.common.api.vo.Result loadDictOrderByValue(java.lang.String,java.lang.String,java.lang.String,java.lang.Integer)>", index: "2", type: "java.lang.String" }
  - { kind: "param", method: "<org.jeecg.modules.system.controller.SysDictController: org.jeecg.common.api.vo.Result loadDictOrderByValue(java.lang.String,java.lang.String,java.lang.String,java.lang.Integer)>", index: "3", type: "java.lang.Integer" }
  - { kind: "param", method: "<org.jeecg.modules.system.controller.SysDictController: org.jeecg.common.api.vo.Result loadDictItem(java.lang.String,java.lang.String,java.lang.String,boolean,javax.servlet.http.HttpServletRequest)>", index: "0", type: "java.lang.String" }
  - { kind: "param", method: "<org.jeecg.modules.system.controller.SysDictController: org.jeecg.common.api.vo.Result loadDictItem(java.lang.String,java.lang.String,java.lang.String,boolean,javax.servlet.http.HttpServletRequest)>", index: "1", type: "java.lang.String" }
  - { kind: "param", method: "<org.jeecg.modules.system.controller.SysDictController: org.jeecg.common.api.vo.Result loadDictItem(java.lang.String,java.lang.String,java.lang.String,boolean,javax.servlet.http.HttpServletRequest)>", index: "2", type: "java.lang.String" }
  - { kind: "param", method: "<org.jeecg.modules.system.controller.SysDictController: org.jeecg.common.api.vo.Result loadDictItem(java.lang.String,java.lang.String,java.lang.String,boolean,javax.servlet.http.HttpServletRequest)>", index: "3", type: "boolean" }
  - { kind: "param", method: "<org.jeecg.modules.system.controller.SysDictController: org.jeecg.common.api.vo.Result loadTreeData(java.lang.String,java.lang.String,java.lang.String,java.lang.String,java.lang.String,java.lang.String,int,java.lang.String,java.lang.String,javax.servlet.http.HttpServletRequest)>", index: "0", type: "java.lang.String" }
  - { kind: "param", method: "<org.jeecg.modules.system.controller.SysDictController: org.jeecg.common.api.vo.Result loadTreeData(java.lang.String,java.lang.String,java.lang.String,java.lang.String,java.lang.String,java.lang.String,int,java.lang.String,java.lang.String,javax.servlet.http.HttpServletRequest)>", index: "1", type: "java.lang.String" }
  - { kind: "param", method: "<org.jeecg.modules.system.controller.SysDictController: org.jeecg.common.api.vo.Result loadTreeData(java.lang.String,java.lang.String,java.lang.String,java.lang.String,java.lang.String,java.lang.String,int,java.lang.String,java.lang.String,javax.servlet.http.HttpServletRequest)>", index: "2", type: "java.lang.String" }
  - { kind: "param", method: "<org.jeecg.modules.system.controller.SysDictController: org.jeecg.common.api.vo.Result loadTreeData(java.lang.String,java.lang.String,java.lang.String,java.lang.String,java.lang.String,java.lang.String,int,java.lang.String,java.lang.String,javax.servlet.http.HttpServletRequest)>", index: "3", type: "java.lang.String" }
  - { kind: "param", method: "<org.jeecg.modules.system.controller.SysDictController: org.jeecg.common.api.vo.Result loadTreeData(java.lang.String,java.lang.String,java.lang.String,java.lang.String,java.lang.String,java.lang.String,int,java.lang.String,java.lang.String,javax.servlet.http.HttpServletRequest)>", index: "4", type: "java.lang.String" }
  - { kind: "param", method: "<org.jeecg.modules.system.controller.SysDictController: org.jeecg.common.api.vo.Result loadTreeData(java.lang.String,java.lang.String,java.lang.String,java.lang.String,java.lang.String,java.lang.String,int,java.lang.String,java.lang.String,javax.servlet.http.HttpServletRequest)>", index: "5", type: "java.lang.String" }
  - { kind: "param", method: "<org.jeecg.modules.system.controller.SysDictController: org.jeecg.common.api.vo.Result loadTreeData(java.lang.String,java.lang.String,java.lang.String,java.lang.String,java.lang.String,java.lang.String,int,java.lang.String,java.lang.String,javax.servlet.http.HttpServletRequest)>", index: "6", type: "int" }
  - { kind: "param", method: "<org.jeecg.modules.system.controller.SysDictController: org.jeecg.common.api.vo.Result loadTreeData(java.lang.String,java.lang.String,java.lang.String,java.lang.String,java.lang.String,java.lang.String,int,java.lang.String,java.lang.String,javax.servlet.http.HttpServletRequest)>", index: "7", type: "java.lang.String" }
  - { kind: "param", method: "<org.jeecg.modules.system.controller.SysDictController: org.jeecg.common.api.vo.Result loadTreeData(java.lang.String,java.lang.String,java.lang.String,java.lang.String,java.lang.String,java.lang.String,int,java.lang.String,java.lang.String,javax.servlet.http.HttpServletRequest)>", index: "8", type: "java.lang.String" }
  - { kind: "param", method: "<org.jeecg.modules.system.controller.SysDictController: org.jeecg.common.api.vo.Result queryTableData(org.jeecg.common.system.vo.DictQuery,java.lang.Integer,java.lang.Integer,java.lang.String,javax.servlet.http.HttpServletRequest)>", index: "1", type: "java.lang.Integer" }
  - { kind: "param", method: "<org.jeecg.modules.system.controller.SysDictController: org.jeecg.common.api.vo.Result queryTableData(org.jeecg.common.system.vo.DictQuery,java.lang.Integer,java.lang.Integer,java.lang.String,javax.servlet.http.HttpServletRequest)>", index: "2", type: "java.lang.Integer" }
  - { kind: "param", method: "<org.jeecg.modules.system.controller.SysDictController: org.jeecg.common.api.vo.Result queryTableData(org.jeecg.common.system.vo.DictQuery,java.lang.Integer,java.lang.Integer,java.lang.String,javax.servlet.http.HttpServletRequest)>", index: "3", type: "java.lang.String" }
  - { kind: "param", method: "<org.jeecg.modules.system.controller.SysDictController: org.jeecg.common.api.vo.Result add(org.jeecg.modules.system.entity.SysDict)>", index: "0", type: "org.jeecg.modules.system.entity.SysDict" }
  - { kind: "param", method: "<org.jeecg.modules.system.controller.SysDictController: org.jeecg.common.api.vo.Result edit(org.jeecg.modules.system.entity.SysDict)>", index: "0", type: "org.jeecg.modules.system.entity.SysDict" }
  - { kind: "param", method: "<org.jeecg.modules.system.controller.SysDictController: org.jeecg.common.api.vo.Result delete(java.lang.String)>", index: "0", type: "java.lang.String" }
  - { kind: "param", method: "<org.jeecg.modules.system.controller.SysDictController: org.jeecg.common.api.vo.Result deleteBatch(java.lang.String)>", index: "0", type: "java.lang.String" }
  - { kind: "param", method: "<org.jeecg.modules.system.controller.SysDictController: org.jeecg.common.api.vo.Result deletePhysic(java.lang.String)>", index: "0", type: "java.lang.String" }
  - { kind: "param", method: "<org.jeecg.modules.system.controller.SysDictController: org.jeecg.common.api.vo.Result back(java.lang.String)>", index: "0", type: "java.lang.String" }
  - { kind: "param", method: "<org.jeecg.modules.system.controller.SysDictController: org.jeecg.common.api.vo.Result addDictByLowAppId(org.jeecg.modules.system.vo.lowapp.SysDictVo,javax.servlet.http.HttpServletRequest)>", index: "0", type: "org.jeecg.modules.system.vo.lowapp.SysDictVo" }
  - { kind: "param", method: "<org.jeecg.modules.system.controller.SysDictController: org.jeecg.common.api.vo.Result editDictByLowAppId(org.jeecg.modules.system.vo.lowapp.SysDictVo,javax.servlet.http.HttpServletRequest)>", index: "0", type: "org.jeecg.modules.system.vo.lowapp.SysDictVo" }
  - { kind: "param", method: "<org.jeecg.modules.system.controller.SysCategoryController: org.jeecg.common.api.vo.Result queryPageList(org.jeecg.modules.system.entity.SysCategory,java.lang.Integer,java.lang.Integer,javax.servlet.http.HttpServletRequest)>", index: "1", type: "java.lang.Integer" }
  - { kind: "param", method: "<org.jeecg.modules.system.controller.SysCategoryController: org.jeecg.common.api.vo.Result queryPageList(org.jeecg.modules.system.entity.SysCategory,java.lang.Integer,java.lang.Integer,javax.servlet.http.HttpServletRequest)>", index: "2", type: "java.lang.Integer" }
  - { kind: "param", method: "<org.jeecg.modules.system.controller.SysCategoryController: org.jeecg.common.api.vo.Result add(org.jeecg.modules.system.entity.SysCategory)>", index: "0", type: "org.jeecg.modules.system.entity.SysCategory" }
  - { kind: "param", method: "<org.jeecg.modules.system.controller.SysCategoryController: org.jeecg.common.api.vo.Result edit(org.jeecg.modules.system.entity.SysCategory)>", index: "0", type: "org.jeecg.modules.system.entity.SysCategory" }
  - { kind: "param", method: "<org.jeecg.modules.system.controller.SysCategoryController: org.jeecg.common.api.vo.Result delete(java.lang.String)>", index: "0", type: "java.lang.String" }
  - { kind: "param", method: "<org.jeecg.modules.system.controller.SysCategoryController: org.jeecg.common.api.vo.Result deleteBatch(java.lang.String)>", index: "0", type: "java.lang.String" }
  - { kind: "param", method: "<org.jeecg.modules.system.controller.SysCategoryController: org.jeecg.common.api.vo.Result queryById(java.lang.String)>", index: "0", type: "java.lang.String" }
  - { kind: "param", method: "<org.jeecg.modules.system.controller.SysCategoryController: org.jeecg.common.api.vo.Result loadOne(java.lang.String,java.lang.String)>", index: "0", type: "java.lang.String" }
  - { kind: "param", method: "<org.jeecg.modules.system.controller.SysCategoryController: org.jeecg.common.api.vo.Result loadOne(java.lang.String,java.lang.String)>", index: "1", type: "java.lang.String" }
  - { kind: "param", method: "<org.jeecg.modules.system.controller.SysCategoryController: org.jeecg.common.api.vo.Result loadTreeChildren(java.lang.String)>", index: "0", type: "java.lang.String" }
  - { kind: "param", method: "<org.jeecg.modules.system.controller.SysCategoryController: org.jeecg.common.api.vo.Result loadTreeRoot(java.lang.Boolean,java.lang.String)>", index: "0", type: "java.lang.Boolean" }
  - { kind: "param", method: "<org.jeecg.modules.system.controller.SysCategoryController: org.jeecg.common.api.vo.Result loadTreeRoot(java.lang.Boolean,java.lang.String)>", index: "1", type: "java.lang.String" }
  - { kind: "param", method: "<org.jeecg.modules.system.controller.SysCategoryController: org.jeecg.common.api.vo.Result checkCode(java.lang.String,java.lang.String)>", index: "0", type: "java.lang.String" }
  - { kind: "param", method: "<org.jeecg.modules.system.controller.SysCategoryController: org.jeecg.common.api.vo.Result checkCode(java.lang.String,java.lang.String)>", index: "1", type: "java.lang.String" }
  - { kind: "param", method: "<org.jeecg.modules.system.controller.SysCategoryController: org.jeecg.common.api.vo.Result loadDict(java.lang.String,java.lang.String,java.lang.String)>", index: "0", type: "java.lang.String" }
  - { kind: "param", method: "<org.jeecg.modules.system.controller.SysCategoryController: org.jeecg.common.api.vo.Result loadDict(java.lang.String,java.lang.String,java.lang.String)>", index: "1", type: "java.lang.String" }
  - { kind: "param", method: "<org.jeecg.modules.system.controller.SysCategoryController: org.jeecg.common.api.vo.Result loadDict(java.lang.String,java.lang.String,java.lang.String)>", index: "2", type: "java.lang.String" }
  - { kind: "param", method: "<org.jeecg.modules.system.controller.SysCategoryController: org.jeecg.common.api.vo.Result loadDictItem(java.lang.String,boolean)>", index: "0", type: "java.lang.String" }
  - { kind: "param", method: "<org.jeecg.modules.system.controller.SysCategoryController: org.jeecg.common.api.vo.Result loadDictItem(java.lang.String,boolean)>", index: "1", type: "boolean" }
  - { kind: "param", method: "<org.jeecg.modules.system.controller.SysCategoryController: org.jeecg.common.api.vo.Result loadAllData(java.lang.String)>", index: "0", type: "java.lang.String" }
  - { kind: "param", method: "<org.jeecg.modules.system.controller.SysCategoryController: org.jeecg.common.api.vo.Result getChildListBatch(java.lang.String)>", index: "0", type: "java.lang.String" }
  - { kind: "param", method: "<org.jeecg.modules.system.controller.SysUserOnlineController: org.jeecg.common.api.vo.Result list(java.lang.String,java.lang.Integer,java.lang.Integer)>", index: "0", type: "java.lang.String" }
  - { kind: "param", method: "<org.jeecg.modules.system.controller.SysUserOnlineController: org.jeecg.common.api.vo.Result list(java.lang.String,java.lang.Integer,java.lang.Integer)>", index: "1", type: "java.lang.Integer" }
  - { kind: "param", method: "<org.jeecg.modules.system.controller.SysUserOnlineController: org.jeecg.common.api.vo.Result list(java.lang.String,java.lang.Integer,java.lang.Integer)>", index: "2", type: "java.lang.Integer" }
  - { kind: "param", method: "<org.jeecg.modules.system.controller.SysUserOnlineController: org.jeecg.common.api.vo.Result forceLogout(org.jeecg.modules.system.vo.SysUserOnlineVO)>", index: "0", type: "org.jeecg.modules.system.vo.SysUserOnlineVO" }
  - { kind: "param", method: "<org.jeecg.modules.system.controller.LoginController: org.jeecg.common.api.vo.Result login(org.jeecg.modules.system.model.SysLoginModel)>", index: "0", type: "org.jeecg.modules.system.model.SysLoginModel" }
  - { kind: "param", method: "<org.jeecg.modules.system.controller.LoginController: org.jeecg.common.api.vo.Result selectDepart(org.jeecg.modules.system.entity.SysUser)>", index: "0", type: "org.jeecg.modules.system.entity.SysUser" }
  - { kind: "param", method: "<org.jeecg.modules.system.controller.LoginController: org.jeecg.common.api.vo.Result sms(com.alibaba.fastjson.JSONObject)>", index: "0", type: "com.alibaba.fastjson.JSONObject" }
  - { kind: "param", method: "<org.jeecg.modules.system.controller.LoginController: org.jeecg.common.api.vo.Result phoneLogin(com.alibaba.fastjson.JSONObject)>", index: "0", type: "com.alibaba.fastjson.JSONObject" }
  - { kind: "param", method: "<org.jeecg.modules.system.controller.LoginController: org.jeecg.common.api.vo.Result randomImage(javax.servlet.http.HttpServletResponse,java.lang.String)>", index: "1", type: "java.lang.String" }
  - { kind: "param", method: "<org.jeecg.modules.system.controller.LoginController: org.jeecg.common.api.vo.Result mLogin(org.jeecg.modules.system.model.SysLoginModel)>", index: "0", type: "org.jeecg.modules.system.model.SysLoginModel" }
  - { kind: "param", method: "<org.jeecg.modules.system.controller.LoginController: org.jeecg.common.api.vo.Result checkCaptcha(org.jeecg.modules.system.model.SysLoginModel)>", index: "0", type: "org.jeecg.modules.system.model.SysLoginModel" }
  - { kind: "param", method: "<org.jeecg.modules.system.controller.LoginController: org.jeecg.common.api.vo.Result scanLoginQrcode(java.lang.String,java.lang.String)>", index: "0", type: "java.lang.String" }
  - { kind: "param", method: "<org.jeecg.modules.system.controller.LoginController: org.jeecg.common.api.vo.Result scanLoginQrcode(java.lang.String,java.lang.String)>", index: "1", type: "java.lang.String" }
  - { kind: "param", method: "<org.jeecg.modules.system.controller.LoginController: org.jeecg.common.api.vo.Result getQrcodeToken(java.lang.String)>", index: "0", type: "java.lang.String" }
  - { kind: "param", method: "<org.jeecg.modules.system.controller.SysDepartController: org.jeecg.common.api.vo.Result queryTreeList(java.lang.String)>", index: "0", type: "java.lang.String" }
  - { kind: "param", method: "<org.jeecg.modules.system.controller.SysDepartController: org.jeecg.common.api.vo.Result queryDepartTreeSync(java.lang.String,java.lang.String,java.lang.String)>", index: "0", type: "java.lang.String" }
  - { kind: "param", method: "<org.jeecg.modules.system.controller.SysDepartController: org.jeecg.common.api.vo.Result queryDepartTreeSync(java.lang.String,java.lang.String,java.lang.String)>", index: "1", type: "java.lang.String" }
  - { kind: "param", method: "<org.jeecg.modules.system.controller.SysDepartController: org.jeecg.common.api.vo.Result queryDepartTreeSync(java.lang.String,java.lang.String,java.lang.String)>", index: "2", type: "java.lang.String" }
  - { kind: "param", method: "<org.jeecg.modules.system.controller.SysDepartController: org.jeecg.common.api.vo.Result queryParentIds(java.lang.String,java.lang.String)>", index: "0", type: "java.lang.String" }
  - { kind: "param", method: "<org.jeecg.modules.system.controller.SysDepartController: org.jeecg.common.api.vo.Result queryParentIds(java.lang.String,java.lang.String)>", index: "1", type: "java.lang.String" }
  - { kind: "param", method: "<org.jeecg.modules.system.controller.SysDepartController: org.jeecg.common.api.vo.Result add(org.jeecg.modules.system.entity.SysDepart,javax.servlet.http.HttpServletRequest)>", index: "0", type: "org.jeecg.modules.system.entity.SysDepart" }
  - { kind: "param", method: "<org.jeecg.modules.system.controller.SysDepartController: org.jeecg.common.api.vo.Result edit(org.jeecg.modules.system.entity.SysDepart,javax.servlet.http.HttpServletRequest)>", index: "0", type: "org.jeecg.modules.system.entity.SysDepart" }
  - { kind: "param", method: "<org.jeecg.modules.system.controller.SysDepartController: org.jeecg.common.api.vo.Result delete(java.lang.String)>", index: "0", type: "java.lang.String" }
  - { kind: "param", method: "<org.jeecg.modules.system.controller.SysDepartController: org.jeecg.common.api.vo.Result deleteBatch(java.lang.String)>", index: "0", type: "java.lang.String" }
  - { kind: "param", method: "<org.jeecg.modules.system.controller.SysDepartController: org.jeecg.common.api.vo.Result searchBy(java.lang.String,java.lang.String)>", index: "0", type: "java.lang.String" }
  - { kind: "param", method: "<org.jeecg.modules.system.controller.SysDepartController: org.jeecg.common.api.vo.Result searchBy(java.lang.String,java.lang.String)>", index: "1", type: "java.lang.String" }
  - { kind: "param", method: "<org.jeecg.modules.system.controller.SysDepartController: org.jeecg.common.api.vo.Result listAll(java.lang.String)>", index: "0", type: "java.lang.String" }
  - { kind: "param", method: "<org.jeecg.modules.system.controller.SysDepartController: org.jeecg.common.api.vo.Result queryTreeByKeyWord(java.lang.String)>", index: "0", type: "java.lang.String" }
  - { kind: "param", method: "<org.jeecg.modules.system.controller.SysDepartController: org.jeecg.common.api.vo.Result getDepartName(java.lang.String)>", index: "0", type: "java.lang.String" }
  - { kind: "param", method: "<org.jeecg.modules.system.controller.SysDepartController: org.jeecg.common.api.vo.Result getUsersByDepartId(java.lang.String)>", index: "0", type: "java.lang.String" }
  - { kind: "param", method: "<org.jeecg.modules.system.controller.SysDepartController: org.jeecg.common.api.vo.Result queryByIds(java.lang.String)>", index: "0", type: "java.lang.String" }
  - { kind: "param", method: "<org.jeecg.modules.system.controller.SysDepartController: org.jeecg.common.api.vo.Result queryBookDepTreeSync(java.lang.String,java.lang.Integer,java.lang.String)>", index: "0", type: "java.lang.String" }
  - { kind: "param", method: "<org.jeecg.modules.system.controller.SysDepartController: org.jeecg.common.api.vo.Result queryBookDepTreeSync(java.lang.String,java.lang.Integer,java.lang.String)>", index: "1", type: "java.lang.Integer" }
  - { kind: "param", method: "<org.jeecg.modules.system.controller.SysDepartController: org.jeecg.common.api.vo.Result queryBookDepTreeSync(java.lang.String,java.lang.Integer,java.lang.String)>", index: "2", type: "java.lang.String" }
  - { kind: "param", method: "<org.jeecg.modules.system.controller.ThirdLoginController: void render(java.lang.String,javax.servlet.http.HttpServletResponse)>", index: "0", type: "java.lang.String" }
  - { kind: "param", method: "<org.jeecg.modules.system.controller.ThirdLoginController: java.lang.String loginThird(java.lang.String,me.zhyd.oauth.model.AuthCallback,org.springframework.ui.ModelMap)>", index: "0", type: "java.lang.String" }
  - { kind: "param", method: "<org.jeecg.modules.system.controller.ThirdLoginController: org.jeecg.common.api.vo.Result thirdUserCreate(org.jeecg.modules.system.model.ThirdLoginModel)>", index: "0", type: "org.jeecg.modules.system.model.ThirdLoginModel" }
  - { kind: "param", method: "<org.jeecg.modules.system.controller.ThirdLoginController: org.jeecg.common.api.vo.Result checkPassword(com.alibaba.fastjson.JSONObject)>", index: "0", type: "com.alibaba.fastjson.JSONObject" }
  - { kind: "param", method: "<org.jeecg.modules.system.controller.ThirdLoginController: org.jeecg.common.api.vo.Result getThirdLoginUser(java.lang.String,java.lang.String)>", index: "0", type: "java.lang.String" }
  - { kind: "param", method: "<org.jeecg.modules.system.controller.ThirdLoginController: org.jeecg.common.api.vo.Result getThirdLoginUser(java.lang.String,java.lang.String)>", index: "1", type: "java.lang.String" }
  - { kind: "param", method: "<org.jeecg.modules.system.controller.ThirdLoginController: org.jeecg.common.api.vo.Result bindingThirdPhone(com.alibaba.fastjson.JSONObject)>", index: "0", type: "com.alibaba.fastjson.JSONObject" }
  - { kind: "param", method: "<org.jeecg.modules.system.controller.ThirdLoginController: java.lang.String oauth2LoginCallback(java.lang.String,java.lang.String,javax.servlet.http.HttpServletRequest,javax.servlet.http.HttpServletResponse)>", index: "0", type: "java.lang.String" }
  - { kind: "param", method: "<org.jeecg.modules.system.controller.ThirdLoginController: java.lang.String oauth2LoginCallback(java.lang.String,java.lang.String,javax.servlet.http.HttpServletRequest,javax.servlet.http.HttpServletResponse)>", index: "1", type: "java.lang.String" }
  - { kind: "param", method: "<org.jeecg.modules.system.controller.ThirdLoginController: java.lang.String oauth2LoginCallback(java.lang.String,java.lang.String,java.lang.String,java.lang.String,javax.servlet.http.HttpServletResponse)>", index: "0", type: "java.lang.String" }
  - { kind: "param", method: "<org.jeecg.modules.system.controller.ThirdLoginController: java.lang.String oauth2LoginCallback(java.lang.String,java.lang.String,java.lang.String,java.lang.String,javax.servlet.http.HttpServletResponse)>", index: "1", type: "java.lang.String" }
  - { kind: "param", method: "<org.jeecg.modules.system.controller.ThirdLoginController: java.lang.String oauth2LoginCallback(java.lang.String,java.lang.String,java.lang.String,java.lang.String,javax.servlet.http.HttpServletResponse)>", index: "2", type: "java.lang.String" }
  - { kind: "param", method: "<org.jeecg.modules.system.controller.ThirdLoginController: java.lang.String oauth2LoginCallback(java.lang.String,java.lang.String,java.lang.String,java.lang.String,javax.servlet.http.HttpServletResponse)>", index: "3", type: "java.lang.String" }
  - { kind: "param", method: "<org.jeecg.modules.system.controller.SysDepartRoleController: org.jeecg.common.api.vo.Result queryPageList(org.jeecg.modules.system.entity.SysDepartRole,java.lang.Integer,java.lang.Integer,java.lang.String,javax.servlet.http.HttpServletRequest)>", index: "1", type: "java.lang.Integer" }
  - { kind: "param", method: "<org.jeecg.modules.system.controller.SysDepartRoleController: org.jeecg.common.api.vo.Result queryPageList(org.jeecg.modules.system.entity.SysDepartRole,java.lang.Integer,java.lang.Integer,java.lang.String,javax.servlet.http.HttpServletRequest)>", index: "2", type: "java.lang.Integer" }
  - { kind: "param", method: "<org.jeecg.modules.system.controller.SysDepartRoleController: org.jeecg.common.api.vo.Result queryPageList(org.jeecg.modules.system.entity.SysDepartRole,java.lang.Integer,java.lang.Integer,java.lang.String,javax.servlet.http.HttpServletRequest)>", index: "3", type: "java.lang.String" }
  - { kind: "param", method: "<org.jeecg.modules.system.controller.SysDepartRoleController: org.jeecg.common.api.vo.Result add(org.jeecg.modules.system.entity.SysDepartRole)>", index: "0", type: "org.jeecg.modules.system.entity.SysDepartRole" }
  - { kind: "param", method: "<org.jeecg.modules.system.controller.SysDepartRoleController: org.jeecg.common.api.vo.Result edit(org.jeecg.modules.system.entity.SysDepartRole)>", index: "0", type: "org.jeecg.modules.system.entity.SysDepartRole" }
  - { kind: "param", method: "<org.jeecg.modules.system.controller.SysDepartRoleController: org.jeecg.common.api.vo.Result delete(java.lang.String)>", index: "0", type: "java.lang.String" }
  - { kind: "param", method: "<org.jeecg.modules.system.controller.SysDepartRoleController: org.jeecg.common.api.vo.Result deleteBatch(java.lang.String)>", index: "0", type: "java.lang.String" }
  - { kind: "param", method: "<org.jeecg.modules.system.controller.SysDepartRoleController: org.jeecg.common.api.vo.Result queryById(java.lang.String)>", index: "0", type: "java.lang.String" }
  - { kind: "param", method: "<org.jeecg.modules.system.controller.SysDepartRoleController: org.jeecg.common.api.vo.Result getDeptRoleList(java.lang.String,java.lang.String)>", index: "0", type: "java.lang.String" }
  - { kind: "param", method: "<org.jeecg.modules.system.controller.SysDepartRoleController: org.jeecg.common.api.vo.Result getDeptRoleList(java.lang.String,java.lang.String)>", index: "1", type: "java.lang.String" }
  - { kind: "param", method: "<org.jeecg.modules.system.controller.SysDepartRoleController: org.jeecg.common.api.vo.Result deptRoleAdd(com.alibaba.fastjson.JSONObject)>", index: "0", type: "com.alibaba.fastjson.JSONObject" }
  - { kind: "param", method: "<org.jeecg.modules.system.controller.SysDepartRoleController: org.jeecg.common.api.vo.Result getDeptRoleByUserId(java.lang.String,java.lang.String)>", index: "0", type: "java.lang.String" }
  - { kind: "param", method: "<org.jeecg.modules.system.controller.SysDepartRoleController: org.jeecg.common.api.vo.Result getDeptRoleByUserId(java.lang.String,java.lang.String)>", index: "1", type: "java.lang.String" }
  - { kind: "param", method: "<org.jeecg.modules.system.controller.SysDepartRoleController: org.jeecg.common.api.vo.Result loadDatarule(java.lang.String,java.lang.String,java.lang.String)>", index: "0", type: "java.lang.String" }
  - { kind: "param", method: "<org.jeecg.modules.system.controller.SysDepartRoleController: org.jeecg.common.api.vo.Result loadDatarule(java.lang.String,java.lang.String,java.lang.String)>", index: "1", type: "java.lang.String" }
  - { kind: "param", method: "<org.jeecg.modules.system.controller.SysDepartRoleController: org.jeecg.common.api.vo.Result loadDatarule(java.lang.String,java.lang.String,java.lang.String)>", index: "2", type: "java.lang.String" }
  - { kind: "param", method: "<org.jeecg.modules.system.controller.SysDepartRoleController: org.jeecg.common.api.vo.Result saveDatarule(com.alibaba.fastjson.JSONObject)>", index: "0", type: "com.alibaba.fastjson.JSONObject" }
  - { kind: "param", method: "<org.jeecg.modules.system.controller.SysTenantController: org.jeecg.common.api.vo.Result queryPageList(org.jeecg.modules.system.entity.SysTenant,java.lang.Integer,java.lang.Integer,javax.servlet.http.HttpServletRequest)>", index: "1", type: "java.lang.Integer" }
  - { kind: "param", method: "<org.jeecg.modules.system.controller.SysTenantController: org.jeecg.common.api.vo.Result queryPageList(org.jeecg.modules.system.entity.SysTenant,java.lang.Integer,java.lang.Integer,javax.servlet.http.HttpServletRequest)>", index: "2", type: "java.lang.Integer" }
  - { kind: "param", method: "<org.jeecg.modules.system.controller.SysTenantController: org.jeecg.common.api.vo.Result recycleBinPageList(org.jeecg.modules.system.entity.SysTenant,java.lang.Integer,java.lang.Integer,javax.servlet.http.HttpServletRequest)>", index: "1", type: "java.lang.Integer" }
  - { kind: "param", method: "<org.jeecg.modules.system.controller.SysTenantController: org.jeecg.common.api.vo.Result recycleBinPageList(org.jeecg.modules.system.entity.SysTenant,java.lang.Integer,java.lang.Integer,javax.servlet.http.HttpServletRequest)>", index: "2", type: "java.lang.Integer" }
  - { kind: "param", method: "<org.jeecg.modules.system.controller.SysTenantController: org.jeecg.common.api.vo.Result add(org.jeecg.modules.system.entity.SysTenant)>", index: "0", type: "org.jeecg.modules.system.entity.SysTenant" }
  - { kind: "param", method: "<org.jeecg.modules.system.controller.SysTenantController: org.jeecg.common.api.vo.Result edit(org.jeecg.modules.system.entity.SysTenant)>", index: "0", type: "org.jeecg.modules.system.entity.SysTenant" }
  - { kind: "param", method: "<org.jeecg.modules.system.controller.SysTenantController: org.jeecg.common.api.vo.Result delete(java.lang.String)>", index: "0", type: "java.lang.String" }
  - { kind: "param", method: "<org.jeecg.modules.system.controller.SysTenantController: org.jeecg.common.api.vo.Result deleteBatch(java.lang.String)>", index: "0", type: "java.lang.String" }
  - { kind: "param", method: "<org.jeecg.modules.system.controller.SysTenantController: org.jeecg.common.api.vo.Result queryById(java.lang.String)>", index: "0", type: "java.lang.String" }
  - { kind: "param", method: "<org.jeecg.modules.system.controller.SysTenantController: org.jeecg.common.api.vo.Result queryList(java.lang.String)>", index: "0", type: "java.lang.String" }
  - { kind: "param", method: "<org.jeecg.modules.system.controller.SysTenantController: org.jeecg.common.api.vo.Result queryPackPageList(org.jeecg.modules.system.entity.SysTenantPack,java.lang.Integer,java.lang.Integer,javax.servlet.http.HttpServletRequest)>", index: "1", type: "java.lang.Integer" }
  - { kind: "param", method: "<org.jeecg.modules.system.controller.SysTenantController: org.jeecg.common.api.vo.Result queryPackPageList(org.jeecg.modules.system.entity.SysTenantPack,java.lang.Integer,java.lang.Integer,javax.servlet.http.HttpServletRequest)>", index: "2", type: "java.lang.Integer" }
  - { kind: "param", method: "<org.jeecg.modules.system.controller.SysTenantController: org.jeecg.common.api.vo.Result addPackPermission(org.jeecg.modules.system.entity.SysTenantPack)>", index: "0", type: "org.jeecg.modules.system.entity.SysTenantPack" }
  - { kind: "param", method: "<org.jeecg.modules.system.controller.SysTenantController: org.jeecg.common.api.vo.Result editPackPermission(org.jeecg.modules.system.entity.SysTenantPack)>", index: "0", type: "org.jeecg.modules.system.entity.SysTenantPack" }
  - { kind: "param", method: "<org.jeecg.modules.system.controller.SysTenantController: org.jeecg.common.api.vo.Result deletePackPermissions(java.lang.String)>", index: "0", type: "java.lang.String" }
  - { kind: "param", method: "<org.jeecg.modules.system.controller.SysTenantController: org.jeecg.common.api.vo.Result invitationUserJoin(java.lang.String,java.lang.String)>", index: "0", type: "java.lang.String" }
  - { kind: "param", method: "<org.jeecg.modules.system.controller.SysTenantController: org.jeecg.common.api.vo.Result invitationUserJoin(java.lang.String,java.lang.String)>", index: "1", type: "java.lang.String" }
  - { kind: "param", method: "<org.jeecg.modules.system.controller.SysTenantController: org.jeecg.common.api.vo.Result getTenantUserList(org.jeecg.modules.system.entity.SysUser,java.lang.Integer,java.lang.Integer,java.lang.String,javax.servlet.http.HttpServletRequest)>", index: "1", type: "java.lang.Integer" }
  - { kind: "param", method: "<org.jeecg.modules.system.controller.SysTenantController: org.jeecg.common.api.vo.Result getTenantUserList(org.jeecg.modules.system.entity.SysUser,java.lang.Integer,java.lang.Integer,java.lang.String,javax.servlet.http.HttpServletRequest)>", index: "2", type: "java.lang.Integer" }
  - { kind: "param", method: "<org.jeecg.modules.system.controller.SysTenantController: org.jeecg.common.api.vo.Result getTenantUserList(org.jeecg.modules.system.entity.SysUser,java.lang.Integer,java.lang.Integer,java.lang.String,javax.servlet.http.HttpServletRequest)>", index: "3", type: "java.lang.String" }
  - { kind: "param", method: "<org.jeecg.modules.system.controller.SysTenantController: org.jeecg.common.api.vo.Result leaveTenant(java.lang.String,java.lang.String)>", index: "0", type: "java.lang.String" }
  - { kind: "param", method: "<org.jeecg.modules.system.controller.SysTenantController: org.jeecg.common.api.vo.Result leaveTenant(java.lang.String,java.lang.String)>", index: "1", type: "java.lang.String" }
  - { kind: "param", method: "<org.jeecg.modules.system.controller.SysTenantController: org.jeecg.common.api.vo.Result editOwnTenant(org.jeecg.modules.system.entity.SysTenant,javax.servlet.http.HttpServletRequest)>", index: "0", type: "org.jeecg.modules.system.entity.SysTenant" }
  - { kind: "param", method: "<org.jeecg.modules.system.controller.SysTenantController: org.jeecg.common.api.vo.Result saveTenantJoinUser(org.jeecg.modules.system.entity.SysTenant)>", index: "0", type: "org.jeecg.modules.system.entity.SysTenant" }
  - { kind: "param", method: "<org.jeecg.modules.system.controller.SysTenantController: org.jeecg.common.api.vo.Result joinTenantByHouseNumber(org.jeecg.modules.system.entity.SysTenant)>", index: "0", type: "org.jeecg.modules.system.entity.SysTenant" }
  - { kind: "param", method: "<org.jeecg.modules.system.controller.SysTenantController: org.jeecg.common.api.vo.Result getUserTenantPageList(java.lang.Integer,java.lang.Integer,java.lang.String,java.lang.String,org.jeecg.modules.system.entity.SysUser,javax.servlet.http.HttpServletRequest)>", index: "0", type: "java.lang.Integer" }
  - { kind: "param", method: "<org.jeecg.modules.system.controller.SysTenantController: org.jeecg.common.api.vo.Result getUserTenantPageList(java.lang.Integer,java.lang.Integer,java.lang.String,java.lang.String,org.jeecg.modules.system.entity.SysUser,javax.servlet.http.HttpServletRequest)>", index: "1", type: "java.lang.Integer" }
  - { kind: "param", method: "<org.jeecg.modules.system.controller.SysTenantController: org.jeecg.common.api.vo.Result getUserTenantPageList(java.lang.Integer,java.lang.Integer,java.lang.String,java.lang.String,org.jeecg.modules.system.entity.SysUser,javax.servlet.http.HttpServletRequest)>", index: "2", type: "java.lang.String" }
  - { kind: "param", method: "<org.jeecg.modules.system.controller.SysTenantController: org.jeecg.common.api.vo.Result getUserTenantPageList(java.lang.Integer,java.lang.Integer,java.lang.String,java.lang.String,org.jeecg.modules.system.entity.SysUser,javax.servlet.http.HttpServletRequest)>", index: "3", type: "java.lang.String" }
  - { kind: "param", method: "<org.jeecg.modules.system.controller.SysTenantController: org.jeecg.common.api.vo.Result getTenantListByUserId(java.lang.String)>", index: "0", type: "java.lang.String" }
  - { kind: "param", method: "<org.jeecg.modules.system.controller.SysTenantController: org.jeecg.common.api.vo.Result updateUserTenantStatus(org.jeecg.modules.system.entity.SysUserTenant)>", index: "0", type: "org.jeecg.modules.system.entity.SysUserTenant" }
  - { kind: "param", method: "<org.jeecg.modules.system.controller.SysTenantController: org.jeecg.common.api.vo.Result cancelTenant(org.jeecg.modules.system.entity.SysTenant,javax.servlet.http.HttpServletRequest)>", index: "0", type: "org.jeecg.modules.system.entity.SysTenant" }
  - { kind: "param", method: "<org.jeecg.modules.system.controller.SysTenantController: org.jeecg.common.api.vo.Result getTenantStatusCount(java.lang.String,javax.servlet.http.HttpServletRequest)>", index: "0", type: "java.lang.String" }
  - { kind: "param", method: "<org.jeecg.modules.system.controller.SysTenantController: org.jeecg.common.api.vo.Result cancelApplyTenant(java.lang.String)>", index: "0", type: "java.lang.String" }
  - { kind: "param", method: "<org.jeecg.modules.system.controller.SysTenantController: org.jeecg.common.api.vo.Result deleteTenantLogic(java.lang.String)>", index: "0", type: "java.lang.String" }
  - { kind: "param", method: "<org.jeecg.modules.system.controller.SysTenantController: org.jeecg.common.api.vo.Result revertTenantLogic(java.lang.String)>", index: "0", type: "java.lang.String" }
  - { kind: "param", method: "<org.jeecg.modules.system.controller.SysTenantController: org.jeecg.common.api.vo.Result exitUserTenant(org.jeecg.modules.system.entity.SysTenant,javax.servlet.http.HttpServletRequest)>", index: "0", type: "org.jeecg.modules.system.entity.SysTenant" }
  - { kind: "param", method: "<org.jeecg.modules.system.controller.SysTenantController: org.jeecg.common.api.vo.Result changeOwenUserTenant(java.lang.String)>", index: "0", type: "java.lang.String" }
  - { kind: "param", method: "<org.jeecg.modules.system.controller.SysTenantController: org.jeecg.common.api.vo.Result invitationUser(java.lang.String)>", index: "0", type: "java.lang.String" }
  - { kind: "param", method: "<org.jeecg.modules.system.controller.SysTenantController: org.jeecg.common.api.vo.Result loadAdminPackCount(java.lang.Integer)>", index: "0", type: "java.lang.Integer" }
  - { kind: "param", method: "<org.jeecg.modules.system.controller.SysTenantController: org.jeecg.common.api.vo.Result addTenantPackUser(org.jeecg.modules.system.entity.SysTenantPackUser)>", index: "0", type: "org.jeecg.modules.system.entity.SysTenantPackUser" }
  - { kind: "param", method: "<org.jeecg.modules.system.controller.SysTenantController: org.jeecg.common.api.vo.Result deleteTenantPackUser(org.jeecg.modules.system.entity.SysTenantPackUser)>", index: "0", type: "org.jeecg.modules.system.entity.SysTenantPackUser" }
  - { kind: "param", method: "<org.jeecg.modules.system.controller.SysTenantController: org.jeecg.common.api.vo.Result updateApplyStatus(org.jeecg.modules.system.entity.SysTenant)>", index: "0", type: "org.jeecg.modules.system.entity.SysTenant" }
  - { kind: "param", method: "<org.jeecg.modules.system.controller.SysTenantController: org.jeecg.common.api.vo.Result getTenantPackApplyUsers(java.lang.Integer)>", index: "0", type: "java.lang.Integer" }
  - { kind: "param", method: "<org.jeecg.modules.system.controller.SysTenantController: org.jeecg.common.api.vo.Result doApplyTenantPackUser(org.jeecg.modules.system.entity.SysTenantPackUser)>", index: "0", type: "org.jeecg.modules.system.entity.SysTenantPackUser" }
  - { kind: "param", method: "<org.jeecg.modules.system.controller.SysTenantController: org.jeecg.common.api.vo.Result passApply(org.jeecg.modules.system.entity.SysTenantPackUser)>", index: "0", type: "org.jeecg.modules.system.entity.SysTenantPackUser" }
  - { kind: "param", method: "<org.jeecg.modules.system.controller.SysTenantController: org.jeecg.common.api.vo.Result deleteApply(org.jeecg.modules.system.entity.SysTenantPackUser)>", index: "0", type: "org.jeecg.modules.system.entity.SysTenantPackUser" }
  - { kind: "param", method: "<org.jeecg.modules.system.controller.SysTenantController: org.jeecg.common.api.vo.Result queryTenantAuthInfo(java.lang.String)>", index: "0", type: "java.lang.String" }
  - { kind: "param", method: "<org.jeecg.modules.system.controller.SysTenantController: org.jeecg.common.api.vo.Result queryTenantPackUserList(java.lang.String,java.lang.String,java.lang.Integer,java.lang.Integer,java.lang.Integer)>", index: "0", type: "java.lang.String" }
  - { kind: "param", method: "<org.jeecg.modules.system.controller.SysTenantController: org.jeecg.common.api.vo.Result queryTenantPackUserList(java.lang.String,java.lang.String,java.lang.Integer,java.lang.Integer,java.lang.Integer)>", index: "1", type: "java.lang.String" }
  - { kind: "param", method: "<org.jeecg.modules.system.controller.SysTenantController: org.jeecg.common.api.vo.Result queryTenantPackUserList(java.lang.String,java.lang.String,java.lang.Integer,java.lang.Integer,java.lang.Integer)>", index: "2", type: "java.lang.Integer" }
  - { kind: "param", method: "<org.jeecg.modules.system.controller.SysTenantController: org.jeecg.common.api.vo.Result queryTenantPackUserList(java.lang.String,java.lang.String,java.lang.Integer,java.lang.Integer,java.lang.Integer)>", index: "3", type: "java.lang.Integer" }
  - { kind: "param", method: "<org.jeecg.modules.system.controller.SysTenantController: org.jeecg.common.api.vo.Result queryTenantPackUserList(java.lang.String,java.lang.String,java.lang.Integer,java.lang.Integer,java.lang.Integer)>", index: "4", type: "java.lang.Integer" }
  - { kind: "param", method: "<org.jeecg.modules.system.controller.SysDictItemController: org.jeecg.common.api.vo.Result queryPageList(org.jeecg.modules.system.entity.SysDictItem,java.lang.Integer,java.lang.Integer,javax.servlet.http.HttpServletRequest)>", index: "1", type: "java.lang.Integer" }
  - { kind: "param", method: "<org.jeecg.modules.system.controller.SysDictItemController: org.jeecg.common.api.vo.Result queryPageList(org.jeecg.modules.system.entity.SysDictItem,java.lang.Integer,java.lang.Integer,javax.servlet.http.HttpServletRequest)>", index: "2", type: "java.lang.Integer" }
  - { kind: "param", method: "<org.jeecg.modules.system.controller.SysDictItemController: org.jeecg.common.api.vo.Result add(org.jeecg.modules.system.entity.SysDictItem)>", index: "0", type: "org.jeecg.modules.system.entity.SysDictItem" }
  - { kind: "param", method: "<org.jeecg.modules.system.controller.SysDictItemController: org.jeecg.common.api.vo.Result edit(org.jeecg.modules.system.entity.SysDictItem)>", index: "0", type: "org.jeecg.modules.system.entity.SysDictItem" }
  - { kind: "param", method: "<org.jeecg.modules.system.controller.SysDictItemController: org.jeecg.common.api.vo.Result delete(java.lang.String)>", index: "0", type: "java.lang.String" }
  - { kind: "param", method: "<org.jeecg.modules.system.controller.SysDictItemController: org.jeecg.common.api.vo.Result deleteBatch(java.lang.String)>", index: "0", type: "java.lang.String" }
  - { kind: "param", method: "<org.jeecg.modules.system.controller.SysCommentController: org.jeecg.common.api.vo.Result addText(org.jeecg.modules.system.entity.SysComment)>", index: "0", type: "org.jeecg.modules.system.entity.SysComment" }
  - { kind: "param", method: "<org.jeecg.modules.system.controller.SysCommentController: org.jeecg.common.api.vo.Result deleteOne(java.lang.String)>", index: "0", type: "java.lang.String" }
  - { kind: "param", method: "<org.jeecg.modules.system.controller.SysCommentController: org.jeecg.common.api.vo.Result queryPageList(org.jeecg.modules.system.entity.SysComment,java.lang.Integer,java.lang.Integer,javax.servlet.http.HttpServletRequest)>", index: "1", type: "java.lang.Integer" }
  - { kind: "param", method: "<org.jeecg.modules.system.controller.SysCommentController: org.jeecg.common.api.vo.Result queryPageList(org.jeecg.modules.system.entity.SysComment,java.lang.Integer,java.lang.Integer,javax.servlet.http.HttpServletRequest)>", index: "2", type: "java.lang.Integer" }
  - { kind: "param", method: "<org.jeecg.modules.system.controller.SysCommentController: org.jeecg.common.api.vo.Result add(org.jeecg.modules.system.entity.SysComment)>", index: "0", type: "org.jeecg.modules.system.entity.SysComment" }
  - { kind: "param", method: "<org.jeecg.modules.system.controller.SysCommentController: org.jeecg.common.api.vo.Result edit(org.jeecg.modules.system.entity.SysComment)>", index: "0", type: "org.jeecg.modules.system.entity.SysComment" }
  - { kind: "param", method: "<org.jeecg.modules.system.controller.SysCommentController: org.jeecg.common.api.vo.Result delete(java.lang.String)>", index: "0", type: "java.lang.String" }
  - { kind: "param", method: "<org.jeecg.modules.system.controller.SysCommentController: org.jeecg.common.api.vo.Result deleteBatch(java.lang.String)>", index: "0", type: "java.lang.String" }
  - { kind: "param", method: "<org.jeecg.modules.system.controller.SysCommentController: org.jeecg.common.api.vo.Result queryById(java.lang.String)>", index: "0", type: "java.lang.String" }
  - { kind: "param", method: "<org.jeecg.modules.system.controller.SysPermissionController: org.jeecg.common.api.vo.Result getSystemSubmenu(java.lang.String)>", index: "0", type: "java.lang.String" }
  - { kind: "param", method: "<org.jeecg.modules.system.controller.SysPermissionController: org.jeecg.common.api.vo.Result getSystemSubmenuBatch(java.lang.String)>", index: "0", type: "java.lang.String" }
  - { kind: "param", method: "<org.jeecg.modules.system.controller.SysPermissionController: org.jeecg.common.api.vo.Result add(org.jeecg.modules.system.entity.SysPermission)>", index: "0", type: "org.jeecg.modules.system.entity.SysPermission" }
  - { kind: "param", method: "<org.jeecg.modules.system.controller.SysPermissionController: org.jeecg.common.api.vo.Result edit(org.jeecg.modules.system.entity.SysPermission)>", index: "0", type: "org.jeecg.modules.system.entity.SysPermission" }
  - { kind: "param", method: "<org.jeecg.modules.system.controller.SysPermissionController: org.jeecg.common.api.vo.Result checkPermDuplication(java.lang.String,java.lang.String,java.lang.Boolean)>", index: "0", type: "java.lang.String" }
  - { kind: "param", method: "<org.jeecg.modules.system.controller.SysPermissionController: org.jeecg.common.api.vo.Result checkPermDuplication(java.lang.String,java.lang.String,java.lang.Boolean)>", index: "1", type: "java.lang.String" }
  - { kind: "param", method: "<org.jeecg.modules.system.controller.SysPermissionController: org.jeecg.common.api.vo.Result checkPermDuplication(java.lang.String,java.lang.String,java.lang.Boolean)>", index: "2", type: "java.lang.Boolean" }
  - { kind: "param", method: "<org.jeecg.modules.system.controller.SysPermissionController: org.jeecg.common.api.vo.Result delete(java.lang.String)>", index: "0", type: "java.lang.String" }
  - { kind: "param", method: "<org.jeecg.modules.system.controller.SysPermissionController: org.jeecg.common.api.vo.Result deleteBatch(java.lang.String)>", index: "0", type: "java.lang.String" }
  - { kind: "param", method: "<org.jeecg.modules.system.controller.SysPermissionController: org.jeecg.common.api.vo.Result queryAsync(java.lang.String)>", index: "0", type: "java.lang.String" }
  - { kind: "param", method: "<org.jeecg.modules.system.controller.SysPermissionController: org.jeecg.common.api.vo.Result queryRolePermission(java.lang.String)>", index: "0", type: "java.lang.String" }
  - { kind: "param", method: "<org.jeecg.modules.system.controller.SysPermissionController: org.jeecg.common.api.vo.Result saveRolePermission(com.alibaba.fastjson.JSONObject)>", index: "0", type: "com.alibaba.fastjson.JSONObject" }
  - { kind: "param", method: "<org.jeecg.modules.system.controller.SysPermissionController: org.jeecg.common.api.vo.Result addPermissionRule(org.jeecg.modules.system.entity.SysPermissionDataRule)>", index: "0", type: "org.jeecg.modules.system.entity.SysPermissionDataRule" }
  - { kind: "param", method: "<org.jeecg.modules.system.controller.SysPermissionController: org.jeecg.common.api.vo.Result editPermissionRule(org.jeecg.modules.system.entity.SysPermissionDataRule)>", index: "0", type: "org.jeecg.modules.system.entity.SysPermissionDataRule" }
  - { kind: "param", method: "<org.jeecg.modules.system.controller.SysPermissionController: org.jeecg.common.api.vo.Result deletePermissionRule(java.lang.String)>", index: "0", type: "java.lang.String" }
  - { kind: "param", method: "<org.jeecg.modules.system.controller.SysPermissionController: org.jeecg.common.api.vo.Result queryDepartPermission(java.lang.String)>", index: "0", type: "java.lang.String" }
  - { kind: "param", method: "<org.jeecg.modules.system.controller.SysPermissionController: org.jeecg.common.api.vo.Result saveDepartPermission(com.alibaba.fastjson.JSONObject)>", index: "0", type: "com.alibaba.fastjson.JSONObject" }
  - { kind: "param", method: "<org.jeecg.modules.system.controller.SysFilesController: org.jeecg.common.api.vo.Result queryPageList(org.jeecg.modules.system.entity.SysFiles,java.lang.Integer,java.lang.Integer,javax.servlet.http.HttpServletRequest)>", index: "1", type: "java.lang.Integer" }
  - { kind: "param", method: "<org.jeecg.modules.system.controller.SysFilesController: org.jeecg.common.api.vo.Result queryPageList(org.jeecg.modules.system.entity.SysFiles,java.lang.Integer,java.lang.Integer,javax.servlet.http.HttpServletRequest)>", index: "2", type: "java.lang.Integer" }
  - { kind: "param", method: "<org.jeecg.modules.system.controller.SysFilesController: org.jeecg.common.api.vo.Result add(org.jeecg.modules.system.entity.SysFiles)>", index: "0", type: "org.jeecg.modules.system.entity.SysFiles" }
  - { kind: "param", method: "<org.jeecg.modules.system.controller.SysFilesController: org.jeecg.common.api.vo.Result edit(org.jeecg.modules.system.entity.SysFiles)>", index: "0", type: "org.jeecg.modules.system.entity.SysFiles" }
  - { kind: "param", method: "<org.jeecg.modules.system.controller.SysFilesController: org.jeecg.common.api.vo.Result delete(java.lang.String)>", index: "0", type: "java.lang.String" }
  - { kind: "param", method: "<org.jeecg.modules.system.controller.SysFilesController: org.jeecg.common.api.vo.Result deleteBatch(java.lang.String)>", index: "0", type: "java.lang.String" }
  - { kind: "param", method: "<org.jeecg.modules.system.controller.SysFilesController: org.jeecg.common.api.vo.Result queryById(java.lang.String)>", index: "0", type: "java.lang.String" }
  - { kind: "param", method: "<org.jeecg.modules.system.controller.SysUserController: org.jeecg.common.api.vo.Result queryPageList(org.jeecg.modules.system.entity.SysUser,java.lang.Integer,java.lang.Integer,javax.servlet.http.HttpServletRequest)>", index: "1", type: "java.lang.Integer" }
  - { kind: "param", method: "<org.jeecg.modules.system.controller.SysUserController: org.jeecg.common.api.vo.Result queryPageList(org.jeecg.modules.system.entity.SysUser,java.lang.Integer,java.lang.Integer,javax.servlet.http.HttpServletRequest)>", index: "2", type: "java.lang.Integer" }
  - { kind: "param", method: "<org.jeecg.modules.system.controller.SysUserController: org.jeecg.common.api.vo.Result queryAllPageList(org.jeecg.modules.system.entity.SysUser,java.lang.Integer,java.lang.Integer,javax.servlet.http.HttpServletRequest)>", index: "1", type: "java.lang.Integer" }
  - { kind: "param", method: "<org.jeecg.modules.system.controller.SysUserController: org.jeecg.common.api.vo.Result queryAllPageList(org.jeecg.modules.system.entity.SysUser,java.lang.Integer,java.lang.Integer,javax.servlet.http.HttpServletRequest)>", index: "2", type: "java.lang.Integer" }
  - { kind: "param", method: "<org.jeecg.modules.system.controller.SysUserController: org.jeecg.common.api.vo.Result add(com.alibaba.fastjson.JSONObject)>", index: "0", type: "com.alibaba.fastjson.JSONObject" }
  - { kind: "param", method: "<org.jeecg.modules.system.controller.SysUserController: org.jeecg.common.api.vo.Result edit(com.alibaba.fastjson.JSONObject)>", index: "0", type: "com.alibaba.fastjson.JSONObject" }
  - { kind: "param", method: "<org.jeecg.modules.system.controller.SysUserController: org.jeecg.common.api.vo.Result delete(java.lang.String)>", index: "0", type: "java.lang.String" }
  - { kind: "param", method: "<org.jeecg.modules.system.controller.SysUserController: org.jeecg.common.api.vo.Result deleteBatch(java.lang.String)>", index: "0", type: "java.lang.String" }
  - { kind: "param", method: "<org.jeecg.modules.system.controller.SysUserController: org.jeecg.common.api.vo.Result frozenBatch(com.alibaba.fastjson.JSONObject)>", index: "0", type: "com.alibaba.fastjson.JSONObject" }
  - { kind: "param", method: "<org.jeecg.modules.system.controller.SysUserController: org.jeecg.common.api.vo.Result queryById(java.lang.String)>", index: "0", type: "java.lang.String" }
  - { kind: "param", method: "<org.jeecg.modules.system.controller.SysUserController: org.jeecg.common.api.vo.Result queryUserRole(java.lang.String)>", index: "0", type: "java.lang.String" }
  - { kind: "param", method: "<org.jeecg.modules.system.controller.SysUserController: org.jeecg.common.api.vo.Result changePassword(org.jeecg.modules.system.entity.SysUser)>", index: "0", type: "org.jeecg.modules.system.entity.SysUser" }
  - { kind: "param", method: "<org.jeecg.modules.system.controller.SysUserController: org.jeecg.common.api.vo.Result getUserDepartsList(java.lang.String)>", index: "0", type: "java.lang.String" }
  - { kind: "param", method: "<org.jeecg.modules.system.controller.SysUserController: org.jeecg.common.api.vo.Result queryUserByDepId(java.lang.String,java.lang.String)>", index: "0", type: "java.lang.String" }
  - { kind: "param", method: "<org.jeecg.modules.system.controller.SysUserController: org.jeecg.common.api.vo.Result queryUserByDepId(java.lang.String,java.lang.String)>", index: "1", type: "java.lang.String" }
  - { kind: "param", method: "<org.jeecg.modules.system.controller.SysUserController: org.jeecg.common.api.vo.Result queryUserComponentData(java.lang.Integer,java.lang.Integer,java.lang.String,java.lang.String,java.lang.String,java.lang.String)>", index: "0", type: "java.lang.Integer" }
  - { kind: "param", method: "<org.jeecg.modules.system.controller.SysUserController: org.jeecg.common.api.vo.Result queryUserComponentData(java.lang.Integer,java.lang.Integer,java.lang.String,java.lang.String,java.lang.String,java.lang.String)>", index: "1", type: "java.lang.Integer" }
  - { kind: "param", method: "<org.jeecg.modules.system.controller.SysUserController: org.jeecg.common.api.vo.Result queryUserComponentData(java.lang.Integer,java.lang.Integer,java.lang.String,java.lang.String,java.lang.String,java.lang.String)>", index: "2", type: "java.lang.String" }
  - { kind: "param", method: "<org.jeecg.modules.system.controller.SysUserController: org.jeecg.common.api.vo.Result queryUserComponentData(java.lang.Integer,java.lang.Integer,java.lang.String,java.lang.String,java.lang.String,java.lang.String)>", index: "3", type: "java.lang.String" }
  - { kind: "param", method: "<org.jeecg.modules.system.controller.SysUserController: org.jeecg.common.api.vo.Result queryUserComponentData(java.lang.Integer,java.lang.Integer,java.lang.String,java.lang.String,java.lang.String,java.lang.String)>", index: "4", type: "java.lang.String" }
  - { kind: "param", method: "<org.jeecg.modules.system.controller.SysUserController: org.jeecg.common.api.vo.Result queryUserComponentData(java.lang.Integer,java.lang.Integer,java.lang.String,java.lang.String,java.lang.String,java.lang.String)>", index: "5", type: "java.lang.String" }
  - { kind: "param", method: "<org.jeecg.modules.system.controller.SysUserController: org.jeecg.common.api.vo.Result queryByIds(java.lang.String)>", index: "0", type: "java.lang.String" }
  - { kind: "param", method: "<org.jeecg.modules.system.controller.SysUserController: org.jeecg.common.api.vo.Result queryByNames(java.lang.String)>", index: "0", type: "java.lang.String" }
  - { kind: "param", method: "<org.jeecg.modules.system.controller.SysUserController: org.jeecg.common.api.vo.Result updatePassword(com.alibaba.fastjson.JSONObject)>", index: "0", type: "com.alibaba.fastjson.JSONObject" }
  - { kind: "param", method: "<org.jeecg.modules.system.controller.SysUserController: org.jeecg.common.api.vo.Result userRoleList(java.lang.Integer,java.lang.Integer,javax.servlet.http.HttpServletRequest)>", index: "0", type: "java.lang.Integer" }
  - { kind: "param", method: "<org.jeecg.modules.system.controller.SysUserController: org.jeecg.common.api.vo.Result userRoleList(java.lang.Integer,java.lang.Integer,javax.servlet.http.HttpServletRequest)>", index: "1", type: "java.lang.Integer" }
  - { kind: "param", method: "<org.jeecg.modules.system.controller.SysUserController: org.jeecg.common.api.vo.Result addSysUserRole(org.jeecg.modules.system.vo.SysUserRoleVO)>", index: "0", type: "org.jeecg.modules.system.vo.SysUserRoleVO" }
  - { kind: "param", method: "<org.jeecg.modules.system.controller.SysUserController: org.jeecg.common.api.vo.Result deleteUserRole(java.lang.String,java.lang.String)>", index: "0", type: "java.lang.String" }
  - { kind: "param", method: "<org.jeecg.modules.system.controller.SysUserController: org.jeecg.common.api.vo.Result deleteUserRole(java.lang.String,java.lang.String)>", index: "1", type: "java.lang.String" }
  - { kind: "param", method: "<org.jeecg.modules.system.controller.SysUserController: org.jeecg.common.api.vo.Result deleteUserRoleBatch(java.lang.String,java.lang.String)>", index: "0", type: "java.lang.String" }
  - { kind: "param", method: "<org.jeecg.modules.system.controller.SysUserController: org.jeecg.common.api.vo.Result deleteUserRoleBatch(java.lang.String,java.lang.String)>", index: "1", type: "java.lang.String" }
  - { kind: "param", method: "<org.jeecg.modules.system.controller.SysUserController: org.jeecg.common.api.vo.Result departUserList(java.lang.Integer,java.lang.Integer,javax.servlet.http.HttpServletRequest)>", index: "0", type: "java.lang.Integer" }
  - { kind: "param", method: "<org.jeecg.modules.system.controller.SysUserController: org.jeecg.common.api.vo.Result departUserList(java.lang.Integer,java.lang.Integer,javax.servlet.http.HttpServletRequest)>", index: "1", type: "java.lang.Integer" }
  - { kind: "param", method: "<org.jeecg.modules.system.controller.SysUserController: org.jeecg.common.api.vo.Result queryByDepartId(java.lang.Integer,java.lang.Integer,java.lang.String,org.jeecg.modules.system.entity.SysUser)>", index: "0", type: "java.lang.Integer" }
  - { kind: "param", method: "<org.jeecg.modules.system.controller.SysUserController: org.jeecg.common.api.vo.Result queryByDepartId(java.lang.Integer,java.lang.Integer,java.lang.String,org.jeecg.modules.system.entity.SysUser)>", index: "1", type: "java.lang.Integer" }
  - { kind: "param", method: "<org.jeecg.modules.system.controller.SysUserController: org.jeecg.common.api.vo.Result queryByDepartId(java.lang.Integer,java.lang.Integer,java.lang.String,org.jeecg.modules.system.entity.SysUser)>", index: "2", type: "java.lang.String" }
  - { kind: "param", method: "<org.jeecg.modules.system.controller.SysUserController: org.jeecg.common.api.vo.Result queryByOrgCodeForAddressList(java.lang.Integer,java.lang.Integer,java.lang.String,org.jeecg.modules.system.entity.SysUser)>", index: "0", type: "java.lang.Integer" }
  - { kind: "param", method: "<org.jeecg.modules.system.controller.SysUserController: org.jeecg.common.api.vo.Result queryByOrgCodeForAddressList(java.lang.Integer,java.lang.Integer,java.lang.String,org.jeecg.modules.system.entity.SysUser)>", index: "1", type: "java.lang.Integer" }
  - { kind: "param", method: "<org.jeecg.modules.system.controller.SysUserController: org.jeecg.common.api.vo.Result queryByOrgCodeForAddressList(java.lang.Integer,java.lang.Integer,java.lang.String,org.jeecg.modules.system.entity.SysUser)>", index: "2", type: "java.lang.String" }
  - { kind: "param", method: "<org.jeecg.modules.system.controller.SysUserController: org.jeecg.common.api.vo.Result editSysDepartWithUser(org.jeecg.modules.system.vo.SysDepartUsersVO)>", index: "0", type: "org.jeecg.modules.system.vo.SysDepartUsersVO" }
  - { kind: "param", method: "<org.jeecg.modules.system.controller.SysUserController: org.jeecg.common.api.vo.Result deleteUserInDepart(java.lang.String,java.lang.String)>", index: "0", type: "java.lang.String" }
  - { kind: "param", method: "<org.jeecg.modules.system.controller.SysUserController: org.jeecg.common.api.vo.Result deleteUserInDepart(java.lang.String,java.lang.String)>", index: "1", type: "java.lang.String" }
  - { kind: "param", method: "<org.jeecg.modules.system.controller.SysUserController: org.jeecg.common.api.vo.Result deleteUserInDepartBatch(java.lang.String,java.lang.String)>", index: "0", type: "java.lang.String" }
  - { kind: "param", method: "<org.jeecg.modules.system.controller.SysUserController: org.jeecg.common.api.vo.Result deleteUserInDepartBatch(java.lang.String,java.lang.String)>", index: "1", type: "java.lang.String" }
  - { kind: "param", method: "<org.jeecg.modules.system.controller.SysUserController: org.jeecg.common.api.vo.Result userRegister(com.alibaba.fastjson.JSONObject,org.jeecg.modules.system.entity.SysUser)>", index: "0", type: "com.alibaba.fastjson.JSONObject" }
  - { kind: "param", method: "<org.jeecg.modules.system.controller.SysUserController: org.jeecg.common.api.vo.Result phoneVerification(com.alibaba.fastjson.JSONObject)>", index: "0", type: "com.alibaba.fastjson.JSONObject" }
  - { kind: "param", method: "<org.jeecg.modules.system.controller.SysUserController: org.jeecg.common.api.vo.Result passwordChange(java.lang.String,java.lang.String,java.lang.String,java.lang.String)>", index: "0", type: "java.lang.String" }
  - { kind: "param", method: "<org.jeecg.modules.system.controller.SysUserController: org.jeecg.common.api.vo.Result passwordChange(java.lang.String,java.lang.String,java.lang.String,java.lang.String)>", index: "1", type: "java.lang.String" }
  - { kind: "param", method: "<org.jeecg.modules.system.controller.SysUserController: org.jeecg.common.api.vo.Result passwordChange(java.lang.String,java.lang.String,java.lang.String,java.lang.String)>", index: "2", type: "java.lang.String" }
  - { kind: "param", method: "<org.jeecg.modules.system.controller.SysUserController: org.jeecg.common.api.vo.Result passwordChange(java.lang.String,java.lang.String,java.lang.String,java.lang.String)>", index: "3", type: "java.lang.String" }
  - { kind: "param", method: "<org.jeecg.modules.system.controller.SysUserController: org.jeecg.common.api.vo.Result getUserSectionInfoByToken(javax.servlet.http.HttpServletRequest,java.lang.String)>", index: "1", type: "java.lang.String" }
  - { kind: "param", method: "<org.jeecg.modules.system.controller.SysUserController: org.jeecg.common.api.vo.Result appUserList(java.lang.String,java.lang.String,java.lang.Integer,java.lang.Integer,java.lang.String)>", index: "0", type: "java.lang.String" }
  - { kind: "param", method: "<org.jeecg.modules.system.controller.SysUserController: org.jeecg.common.api.vo.Result appUserList(java.lang.String,java.lang.String,java.lang.Integer,java.lang.Integer,java.lang.String)>", index: "1", type: "java.lang.String" }
  - { kind: "param", method: "<org.jeecg.modules.system.controller.SysUserController: org.jeecg.common.api.vo.Result appUserList(java.lang.String,java.lang.String,java.lang.Integer,java.lang.Integer,java.lang.String)>", index: "2", type: "java.lang.Integer" }
  - { kind: "param", method: "<org.jeecg.modules.system.controller.SysUserController: org.jeecg.common.api.vo.Result appUserList(java.lang.String,java.lang.String,java.lang.Integer,java.lang.Integer,java.lang.String)>", index: "3", type: "java.lang.Integer" }
  - { kind: "param", method: "<org.jeecg.modules.system.controller.SysUserController: org.jeecg.common.api.vo.Result appUserList(java.lang.String,java.lang.String,java.lang.Integer,java.lang.Integer,java.lang.String)>", index: "4", type: "java.lang.String" }
  - { kind: "param", method: "<org.jeecg.modules.system.controller.SysUserController: org.jeecg.common.api.vo.Result putRecycleBin(com.alibaba.fastjson.JSONObject,javax.servlet.http.HttpServletRequest)>", index: "0", type: "com.alibaba.fastjson.JSONObject" }
  - { kind: "param", method: "<org.jeecg.modules.system.controller.SysUserController: org.jeecg.common.api.vo.Result deleteRecycleBin(java.lang.String)>", index: "0", type: "java.lang.String" }
  - { kind: "param", method: "<org.jeecg.modules.system.controller.SysUserController: org.jeecg.common.api.vo.Result appEdit(javax.servlet.http.HttpServletRequest,com.alibaba.fastjson.JSONObject)>", index: "1", type: "com.alibaba.fastjson.JSONObject" }
  - { kind: "param", method: "<org.jeecg.modules.system.controller.SysUserController: org.jeecg.common.api.vo.Result saveClientId(javax.servlet.http.HttpServletRequest,java.lang.String)>", index: "1", type: "java.lang.String" }
  - { kind: "param", method: "<org.jeecg.modules.system.controller.SysUserController: org.jeecg.common.api.vo.Result queryChildrenByUsername(java.lang.String)>", index: "0", type: "java.lang.String" }
  - { kind: "param", method: "<org.jeecg.modules.system.controller.SysUserController: org.jeecg.common.api.vo.Result appQueryByDepartId(java.lang.String)>", index: "0", type: "java.lang.String" }
  - { kind: "param", method: "<org.jeecg.modules.system.controller.SysUserController: org.jeecg.common.api.vo.Result appQueryUser(java.lang.String,java.lang.Integer,java.lang.Integer)>", index: "0", type: "java.lang.String" }
  - { kind: "param", method: "<org.jeecg.modules.system.controller.SysUserController: org.jeecg.common.api.vo.Result appQueryUser(java.lang.String,java.lang.Integer,java.lang.Integer)>", index: "1", type: "java.lang.Integer" }
  - { kind: "param", method: "<org.jeecg.modules.system.controller.SysUserController: org.jeecg.common.api.vo.Result appQueryUser(java.lang.String,java.lang.Integer,java.lang.Integer)>", index: "2", type: "java.lang.Integer" }
  - { kind: "param", method: "<org.jeecg.modules.system.controller.SysUserController: org.jeecg.common.api.vo.Result changMobile(com.alibaba.fastjson.JSONObject,javax.servlet.http.HttpServletRequest)>", index: "0", type: "com.alibaba.fastjson.JSONObject" }
  - { kind: "param", method: "<org.jeecg.modules.system.controller.SysUserController: org.jeecg.common.api.vo.Result getUserInformation(java.lang.Integer,java.lang.Integer,java.lang.String,java.lang.String)>", index: "0", type: "java.lang.Integer" }
  - { kind: "param", method: "<org.jeecg.modules.system.controller.SysUserController: org.jeecg.common.api.vo.Result getUserInformation(java.lang.Integer,java.lang.Integer,java.lang.String,java.lang.String)>", index: "1", type: "java.lang.Integer" }
  - { kind: "param", method: "<org.jeecg.modules.system.controller.SysUserController: org.jeecg.common.api.vo.Result getUserInformation(java.lang.Integer,java.lang.Integer,java.lang.String,java.lang.String)>", index: "2", type: "java.lang.String" }
  - { kind: "param", method: "<org.jeecg.modules.system.controller.SysUserController: org.jeecg.common.api.vo.Result getUserInformation(java.lang.Integer,java.lang.Integer,java.lang.String,java.lang.String)>", index: "3", type: "java.lang.String" }
  - { kind: "param", method: "<org.jeecg.modules.system.controller.SysUserController: org.jeecg.common.api.vo.Result selectUserList(java.lang.Integer,java.lang.Integer,java.lang.String,java.lang.String,java.lang.String)>", index: "0", type: "java.lang.Integer" }
  - { kind: "param", method: "<org.jeecg.modules.system.controller.SysUserController: org.jeecg.common.api.vo.Result selectUserList(java.lang.Integer,java.lang.Integer,java.lang.String,java.lang.String,java.lang.String)>", index: "1", type: "java.lang.Integer" }
  - { kind: "param", method: "<org.jeecg.modules.system.controller.SysUserController: org.jeecg.common.api.vo.Result selectUserList(java.lang.Integer,java.lang.Integer,java.lang.String,java.lang.String,java.lang.String)>", index: "2", type: "java.lang.String" }
  - { kind: "param", method: "<org.jeecg.modules.system.controller.SysUserController: org.jeecg.common.api.vo.Result selectUserList(java.lang.Integer,java.lang.Integer,java.lang.String,java.lang.String,java.lang.String)>", index: "3", type: "java.lang.String" }
  - { kind: "param", method: "<org.jeecg.modules.system.controller.SysUserController: org.jeecg.common.api.vo.Result selectUserList(java.lang.Integer,java.lang.Integer,java.lang.String,java.lang.String,java.lang.String)>", index: "4", type: "java.lang.String" }
  - { kind: "param", method: "<org.jeecg.modules.system.controller.SysUserController: org.jeecg.common.api.vo.Result userQuitAgent(org.jeecg.modules.system.entity.SysUserAgent)>", index: "0", type: "org.jeecg.modules.system.entity.SysUserAgent" }
  - { kind: "param", method: "<org.jeecg.modules.system.controller.SysUserController: org.jeecg.common.api.vo.Result putCancelQuit(com.alibaba.fastjson.JSONObject,javax.servlet.http.HttpServletRequest)>", index: "0", type: "com.alibaba.fastjson.JSONObject" }
  - { kind: "param", method: "<org.jeecg.modules.system.controller.SysUserController: org.jeecg.common.api.vo.Result userEdit(org.jeecg.modules.system.entity.SysUser,javax.servlet.http.HttpServletRequest)>", index: "0", type: "org.jeecg.modules.system.entity.SysUser" }
  - { kind: "param", method: "<org.jeecg.modules.system.controller.SysUserController: org.jeecg.common.api.vo.Result batchEditUsers(com.alibaba.fastjson.JSONObject)>", index: "0", type: "com.alibaba.fastjson.JSONObject" }
  - { kind: "param", method: "<org.jeecg.modules.system.controller.SysUserController: org.jeecg.common.api.vo.Result searchByKeyword(java.lang.String)>", index: "0", type: "java.lang.String" }
  - { kind: "param", method: "<org.jeecg.modules.system.controller.SysUserController: org.jeecg.common.api.vo.Result getUpdateDepartInfo(java.lang.String)>", index: "0", type: "java.lang.String" }
  - { kind: "param", method: "<org.jeecg.modules.system.controller.SysUserController: org.jeecg.common.api.vo.Result doUpdateDepartInfo(org.jeecg.modules.system.vo.lowapp.UpdateDepartInfo)>", index: "0", type: "org.jeecg.modules.system.vo.lowapp.UpdateDepartInfo" }
  - { kind: "param", method: "<org.jeecg.modules.system.controller.SysUserController: org.jeecg.common.api.vo.Result changeDepartChargePerson(com.alibaba.fastjson.JSONObject)>", index: "0", type: "com.alibaba.fastjson.JSONObject" }
  - { kind: "param", method: "<org.jeecg.modules.system.controller.SysUserController: org.jeecg.common.api.vo.Result editTenantUser(org.jeecg.modules.system.entity.SysUser,javax.servlet.http.HttpServletRequest)>", index: "0", type: "org.jeecg.modules.system.entity.SysUser" }
  - { kind: "param", method: "<org.jeecg.modules.system.controller.SysDataLogController: org.jeecg.common.api.vo.Result queryPageList(org.jeecg.modules.system.entity.SysDataLog,java.lang.Integer,java.lang.Integer,javax.servlet.http.HttpServletRequest)>", index: "1", type: "java.lang.Integer" }
  - { kind: "param", method: "<org.jeecg.modules.system.controller.SysDataLogController: org.jeecg.common.api.vo.Result queryPageList(org.jeecg.modules.system.entity.SysDataLog,java.lang.Integer,java.lang.Integer,javax.servlet.http.HttpServletRequest)>", index: "2", type: "java.lang.Integer" }
  - { kind: "param", method: "<org.jeecg.modules.system.controller.SysGatewayRouteController: org.jeecg.common.api.vo.Result updateAll(com.alibaba.fastjson.JSONObject)>", index: "0", type: "com.alibaba.fastjson.JSONObject" }
  - { kind: "param", method: "<org.jeecg.modules.system.controller.SysGatewayRouteController: org.jeecg.common.api.vo.Result delete(java.lang.String)>", index: "0", type: "java.lang.String" }
  - { kind: "param", method: "<org.jeecg.modules.system.controller.SysLogController: org.jeecg.common.api.vo.Result queryPageList(org.jeecg.modules.system.entity.SysLog,java.lang.Integer,java.lang.Integer,javax.servlet.http.HttpServletRequest)>", index: "1", type: "java.lang.Integer" }
  - { kind: "param", method: "<org.jeecg.modules.system.controller.SysLogController: org.jeecg.common.api.vo.Result queryPageList(org.jeecg.modules.system.entity.SysLog,java.lang.Integer,java.lang.Integer,javax.servlet.http.HttpServletRequest)>", index: "2", type: "java.lang.Integer" }
  - { kind: "param", method: "<org.jeecg.modules.system.controller.SysLogController: org.jeecg.common.api.vo.Result delete(java.lang.String)>", index: "0", type: "java.lang.String" }
  - { kind: "param", method: "<org.jeecg.modules.system.controller.SysLogController: org.jeecg.common.api.vo.Result deleteBatch(java.lang.String)>", index: "0", type: "java.lang.String" }
  - { kind: "param", method: "<org.jeecg.modules.system.controller.SysDataSourceController: org.jeecg.common.api.vo.Result queryPageList(org.jeecg.modules.system.entity.SysDataSource,java.lang.Integer,java.lang.Integer,javax.servlet.http.HttpServletRequest)>", index: "1", type: "java.lang.Integer" }
  - { kind: "param", method: "<org.jeecg.modules.system.controller.SysDataSourceController: org.jeecg.common.api.vo.Result queryPageList(org.jeecg.modules.system.entity.SysDataSource,java.lang.Integer,java.lang.Integer,javax.servlet.http.HttpServletRequest)>", index: "2", type: "java.lang.Integer" }
  - { kind: "param", method: "<org.jeecg.modules.system.controller.SysDataSourceController: org.jeecg.common.api.vo.Result add(org.jeecg.modules.system.entity.SysDataSource)>", index: "0", type: "org.jeecg.modules.system.entity.SysDataSource" }
  - { kind: "param", method: "<org.jeecg.modules.system.controller.SysDataSourceController: org.jeecg.common.api.vo.Result edit(org.jeecg.modules.system.entity.SysDataSource)>", index: "0", type: "org.jeecg.modules.system.entity.SysDataSource" }
  - { kind: "param", method: "<org.jeecg.modules.system.controller.SysDataSourceController: org.jeecg.common.api.vo.Result delete(java.lang.String)>", index: "0", type: "java.lang.String" }
  - { kind: "param", method: "<org.jeecg.modules.system.controller.SysDataSourceController: org.jeecg.common.api.vo.Result deleteBatch(java.lang.String)>", index: "0", type: "java.lang.String" }
  - { kind: "param", method: "<org.jeecg.modules.system.controller.SysDataSourceController: org.jeecg.common.api.vo.Result queryById(java.lang.String)>", index: "0", type: "java.lang.String" }
  - { kind: "param", method: "<org.jeecg.modules.system.controller.SysUserAgentController: org.jeecg.common.api.vo.Result queryPageList(org.jeecg.modules.system.entity.SysUserAgent,java.lang.Integer,java.lang.Integer,javax.servlet.http.HttpServletRequest)>", index: "1", type: "java.lang.Integer" }
  - { kind: "param", method: "<org.jeecg.modules.system.controller.SysUserAgentController: org.jeecg.common.api.vo.Result queryPageList(org.jeecg.modules.system.entity.SysUserAgent,java.lang.Integer,java.lang.Integer,javax.servlet.http.HttpServletRequest)>", index: "2", type: "java.lang.Integer" }
  - { kind: "param", method: "<org.jeecg.modules.system.controller.SysUserAgentController: org.jeecg.common.api.vo.Result add(org.jeecg.modules.system.entity.SysUserAgent)>", index: "0", type: "org.jeecg.modules.system.entity.SysUserAgent" }
  - { kind: "param", method: "<org.jeecg.modules.system.controller.SysUserAgentController: org.jeecg.common.api.vo.Result edit(org.jeecg.modules.system.entity.SysUserAgent)>", index: "0", type: "org.jeecg.modules.system.entity.SysUserAgent" }
  - { kind: "param", method: "<org.jeecg.modules.system.controller.SysUserAgentController: org.jeecg.common.api.vo.Result delete(java.lang.String)>", index: "0", type: "java.lang.String" }
  - { kind: "param", method: "<org.jeecg.modules.system.controller.SysUserAgentController: org.jeecg.common.api.vo.Result deleteBatch(java.lang.String)>", index: "0", type: "java.lang.String" }
  - { kind: "param", method: "<org.jeecg.modules.system.controller.SysUserAgentController: org.jeecg.common.api.vo.Result queryById(java.lang.String)>", index: "0", type: "java.lang.String" }
  - { kind: "param", method: "<org.jeecg.modules.system.controller.SysUserAgentController: org.jeecg.common.api.vo.Result queryByUserName(java.lang.String)>", index: "0", type: "java.lang.String" }
  - { kind: "param", method: "<org.jeecg.modules.system.controller.SysPositionController: org.jeecg.common.api.vo.Result queryPageList(org.jeecg.modules.system.entity.SysPosition,java.lang.Integer,java.lang.Integer,javax.servlet.http.HttpServletRequest)>", index: "1", type: "java.lang.Integer" }
  - { kind: "param", method: "<org.jeecg.modules.system.controller.SysPositionController: org.jeecg.common.api.vo.Result queryPageList(org.jeecg.modules.system.entity.SysPosition,java.lang.Integer,java.lang.Integer,javax.servlet.http.HttpServletRequest)>", index: "2", type: "java.lang.Integer" }
  - { kind: "param", method: "<org.jeecg.modules.system.controller.SysPositionController: org.jeecg.common.api.vo.Result add(org.jeecg.modules.system.entity.SysPosition)>", index: "0", type: "org.jeecg.modules.system.entity.SysPosition" }
  - { kind: "param", method: "<org.jeecg.modules.system.controller.SysPositionController: org.jeecg.common.api.vo.Result edit(org.jeecg.modules.system.entity.SysPosition)>", index: "0", type: "org.jeecg.modules.system.entity.SysPosition" }
  - { kind: "param", method: "<org.jeecg.modules.system.controller.SysPositionController: org.jeecg.common.api.vo.Result delete(java.lang.String)>", index: "0", type: "java.lang.String" }
  - { kind: "param", method: "<org.jeecg.modules.system.controller.SysPositionController: org.jeecg.common.api.vo.Result deleteBatch(java.lang.String)>", index: "0", type: "java.lang.String" }
  - { kind: "param", method: "<org.jeecg.modules.system.controller.SysPositionController: org.jeecg.common.api.vo.Result queryById(java.lang.String)>", index: "0", type: "java.lang.String" }
  - { kind: "param", method: "<org.jeecg.modules.system.controller.SysPositionController: org.jeecg.common.api.vo.Result queryByCode(java.lang.String)>", index: "0", type: "java.lang.String" }
  - { kind: "param", method: "<org.jeecg.modules.system.controller.SysDepartPermissionController: org.jeecg.common.api.vo.Result queryPageList(org.jeecg.modules.system.entity.SysDepartPermission,java.lang.Integer,java.lang.Integer,javax.servlet.http.HttpServletRequest)>", index: "1", type: "java.lang.Integer" }
  - { kind: "param", method: "<org.jeecg.modules.system.controller.SysDepartPermissionController: org.jeecg.common.api.vo.Result queryPageList(org.jeecg.modules.system.entity.SysDepartPermission,java.lang.Integer,java.lang.Integer,javax.servlet.http.HttpServletRequest)>", index: "2", type: "java.lang.Integer" }
  - { kind: "param", method: "<org.jeecg.modules.system.controller.SysDepartPermissionController: org.jeecg.common.api.vo.Result add(org.jeecg.modules.system.entity.SysDepartPermission)>", index: "0", type: "org.jeecg.modules.system.entity.SysDepartPermission" }
  - { kind: "param", method: "<org.jeecg.modules.system.controller.SysDepartPermissionController: org.jeecg.common.api.vo.Result edit(org.jeecg.modules.system.entity.SysDepartPermission)>", index: "0", type: "org.jeecg.modules.system.entity.SysDepartPermission" }
  - { kind: "param", method: "<org.jeecg.modules.system.controller.SysDepartPermissionController: org.jeecg.common.api.vo.Result delete(java.lang.String)>", index: "0", type: "java.lang.String" }
  - { kind: "param", method: "<org.jeecg.modules.system.controller.SysDepartPermissionController: org.jeecg.common.api.vo.Result deleteBatch(java.lang.String)>", index: "0", type: "java.lang.String" }
  - { kind: "param", method: "<org.jeecg.modules.system.controller.SysDepartPermissionController: org.jeecg.common.api.vo.Result queryById(java.lang.String)>", index: "0", type: "java.lang.String" }
  - { kind: "param", method: "<org.jeecg.modules.system.controller.SysDepartPermissionController: org.jeecg.common.api.vo.Result loadDatarule(java.lang.String,java.lang.String)>", index: "0", type: "java.lang.String" }
  - { kind: "param", method: "<org.jeecg.modules.system.controller.SysDepartPermissionController: org.jeecg.common.api.vo.Result loadDatarule(java.lang.String,java.lang.String)>", index: "1", type: "java.lang.String" }
  - { kind: "param", method: "<org.jeecg.modules.system.controller.SysDepartPermissionController: org.jeecg.common.api.vo.Result saveDatarule(com.alibaba.fastjson.JSONObject)>", index: "0", type: "com.alibaba.fastjson.JSONObject" }
  - { kind: "param", method: "<org.jeecg.modules.system.controller.SysDepartPermissionController: org.jeecg.common.api.vo.Result queryDeptRolePermission(java.lang.String)>", index: "0", type: "java.lang.String" }
  - { kind: "param", method: "<org.jeecg.modules.system.controller.SysDepartPermissionController: org.jeecg.common.api.vo.Result saveDeptRolePermission(com.alibaba.fastjson.JSONObject)>", index: "0", type: "com.alibaba.fastjson.JSONObject" }
  - { kind: "param", method: "<org.jeecg.modules.system.controller.SysDepartPermissionController: org.jeecg.common.api.vo.Result queryTreeListForDeptRole(java.lang.String,javax.servlet.http.HttpServletRequest)>", index: "0", type: "java.lang.String" }
  - { kind: "param", method: "<org.jeecg.modules.system.controller.SysAnnouncementController: org.jeecg.common.api.vo.Result queryPageList(org.jeecg.modules.system.entity.SysAnnouncement,java.lang.Integer,java.lang.Integer,javax.servlet.http.HttpServletRequest)>", index: "1", type: "java.lang.Integer" }
  - { kind: "param", method: "<org.jeecg.modules.system.controller.SysAnnouncementController: org.jeecg.common.api.vo.Result queryPageList(org.jeecg.modules.system.entity.SysAnnouncement,java.lang.Integer,java.lang.Integer,javax.servlet.http.HttpServletRequest)>", index: "2", type: "java.lang.Integer" }
  - { kind: "param", method: "<org.jeecg.modules.system.controller.SysAnnouncementController: org.jeecg.common.api.vo.Result add(org.jeecg.modules.system.entity.SysAnnouncement)>", index: "0", type: "org.jeecg.modules.system.entity.SysAnnouncement" }
  - { kind: "param", method: "<org.jeecg.modules.system.controller.SysAnnouncementController: org.jeecg.common.api.vo.Result eidt(org.jeecg.modules.system.entity.SysAnnouncement)>", index: "0", type: "org.jeecg.modules.system.entity.SysAnnouncement" }
  - { kind: "param", method: "<org.jeecg.modules.system.controller.SysAnnouncementController: org.jeecg.common.api.vo.Result delete(java.lang.String)>", index: "0", type: "java.lang.String" }
  - { kind: "param", method: "<org.jeecg.modules.system.controller.SysAnnouncementController: org.jeecg.common.api.vo.Result deleteBatch(java.lang.String)>", index: "0", type: "java.lang.String" }
  - { kind: "param", method: "<org.jeecg.modules.system.controller.SysAnnouncementController: org.jeecg.common.api.vo.Result queryById(java.lang.String)>", index: "0", type: "java.lang.String" }
  - { kind: "param", method: "<org.jeecg.modules.system.controller.SysAnnouncementController: org.jeecg.common.api.vo.Result doReleaseData(java.lang.String,javax.servlet.http.HttpServletRequest)>", index: "0", type: "java.lang.String" }
  - { kind: "param", method: "<org.jeecg.modules.system.controller.SysAnnouncementController: org.jeecg.common.api.vo.Result doReovkeData(java.lang.String,javax.servlet.http.HttpServletRequest)>", index: "0", type: "java.lang.String" }
  - { kind: "param", method: "<org.jeecg.modules.system.controller.SysAnnouncementController: org.jeecg.common.api.vo.Result listByUser(java.lang.Integer)>", index: "0", type: "java.lang.Integer" }
  - { kind: "param", method: "<org.jeecg.modules.system.controller.SysAnnouncementController: org.jeecg.common.api.vo.Result syncNotic(java.lang.String,javax.servlet.http.HttpServletRequest)>", index: "0", type: "java.lang.String" }
  - { kind: "param", method: "<org.jeecg.modules.system.controller.SysAnnouncementController: org.springframework.web.servlet.ModelAndView showContent(org.springframework.web.servlet.ModelAndView,java.lang.String,javax.servlet.http.HttpServletRequest)>", index: "1", type: "java.lang.String" }
  - { kind: "param", method: "<org.jeecg.modules.system.controller.SysAnnouncementController: org.jeecg.common.api.vo.Result vue3List(java.lang.String,java.lang.String,java.lang.String,java.lang.String,java.lang.String,java.lang.Integer,java.lang.Integer)>", index: "0", type: "java.lang.String" }
  - { kind: "param", method: "<org.jeecg.modules.system.controller.SysAnnouncementController: org.jeecg.common.api.vo.Result vue3List(java.lang.String,java.lang.String,java.lang.String,java.lang.String,java.lang.String,java.lang.Integer,java.lang.Integer)>", index: "1", type: "java.lang.String" }
  - { kind: "param", method: "<org.jeecg.modules.system.controller.SysAnnouncementController: org.jeecg.common.api.vo.Result vue3List(java.lang.String,java.lang.String,java.lang.String,java.lang.String,java.lang.String,java.lang.Integer,java.lang.Integer)>", index: "2", type: "java.lang.String" }
  - { kind: "param", method: "<org.jeecg.modules.system.controller.SysAnnouncementController: org.jeecg.common.api.vo.Result vue3List(java.lang.String,java.lang.String,java.lang.String,java.lang.String,java.lang.String,java.lang.Integer,java.lang.Integer)>", index: "3", type: "java.lang.String" }
  - { kind: "param", method: "<org.jeecg.modules.system.controller.SysAnnouncementController: org.jeecg.common.api.vo.Result vue3List(java.lang.String,java.lang.String,java.lang.String,java.lang.String,java.lang.String,java.lang.Integer,java.lang.Integer)>", index: "4", type: "java.lang.String" }
  - { kind: "param", method: "<org.jeecg.modules.system.controller.SysAnnouncementController: org.jeecg.common.api.vo.Result vue3List(java.lang.String,java.lang.String,java.lang.String,java.lang.String,java.lang.String,java.lang.Integer,java.lang.Integer)>", index: "5", type: "java.lang.Integer" }
  - { kind: "param", method: "<org.jeecg.modules.system.controller.SysAnnouncementController: org.jeecg.common.api.vo.Result vue3List(java.lang.String,java.lang.String,java.lang.String,java.lang.String,java.lang.String,java.lang.Integer,java.lang.Integer)>", index: "6", type: "java.lang.Integer" }
  - { kind: "param", method: "<org.jeecg.modules.system.controller.SysAnnouncementController: org.jeecg.common.api.vo.Result getLastAnnountTime(java.lang.String)>", index: "0", type: "java.lang.String" }
  - { kind: "param", method: "<org.jeecg.modules.system.controller.ThirdAppController: org.jeecg.common.api.vo.Result syncWechatEnterpriseUserToApp(java.lang.String)>", index: "0", type: "java.lang.String" }
  - { kind: "param", method: "<org.jeecg.modules.system.controller.ThirdAppController: org.jeecg.common.api.vo.Result syncWechatEnterpriseUserToLocal(java.lang.String)>", index: "0", type: "java.lang.String" }
  - { kind: "param", method: "<org.jeecg.modules.system.controller.ThirdAppController: org.jeecg.common.api.vo.Result syncWechatEnterpriseDepartToApp(java.lang.String)>", index: "0", type: "java.lang.String" }
  - { kind: "param", method: "<org.jeecg.modules.system.controller.ThirdAppController: org.jeecg.common.api.vo.Result syncWechatEnterpriseDepartToLocal(java.lang.String)>", index: "0", type: "java.lang.String" }
  - { kind: "param", method: "<org.jeecg.modules.system.controller.ThirdAppController: org.jeecg.common.api.vo.Result syncDingtalkDepartToApp(java.lang.String)>", index: "0", type: "java.lang.String" }
  - { kind: "param", method: "<org.jeecg.modules.system.controller.ThirdAppController: org.jeecg.common.api.vo.Result syncDingtalkDepartToLocal(java.lang.String)>", index: "0", type: "java.lang.String" }
  - { kind: "param", method: "<org.jeecg.modules.system.controller.ThirdAppController: org.jeecg.common.api.vo.Result syncDingtalkUserToApp(java.lang.String)>", index: "0", type: "java.lang.String" }
  - { kind: "param", method: "<org.jeecg.modules.system.controller.ThirdAppController: org.jeecg.common.api.vo.Result syncDingtalkUserToLocal(java.lang.String)>", index: "0", type: "java.lang.String" }
  - { kind: "param", method: "<org.jeecg.modules.system.controller.ThirdAppController: org.jeecg.common.api.vo.Result sendMessageTest(com.alibaba.fastjson.JSONObject,javax.servlet.http.HttpServletRequest)>", index: "0", type: "com.alibaba.fastjson.JSONObject" }
  - { kind: "param", method: "<org.jeecg.modules.system.controller.ThirdAppController: org.jeecg.common.api.vo.Result recallMessageTest(com.alibaba.fastjson.JSONObject)>", index: "0", type: "com.alibaba.fastjson.JSONObject" }
  - { kind: "param", method: "<org.jeecg.modules.oss.controller.OssFileController: org.jeecg.common.api.vo.Result queryPageList(org.jeecg.modules.oss.entity.OssFile,java.lang.Integer,java.lang.Integer,javax.servlet.http.HttpServletRequest)>", index: "1", type: "java.lang.Integer" }
  - { kind: "param", method: "<org.jeecg.modules.oss.controller.OssFileController: org.jeecg.common.api.vo.Result queryPageList(org.jeecg.modules.oss.entity.OssFile,java.lang.Integer,java.lang.Integer,javax.servlet.http.HttpServletRequest)>", index: "2", type: "java.lang.Integer" }
  - { kind: "param", method: "<org.jeecg.modules.oss.controller.OssFileController: org.jeecg.common.api.vo.Result upload(org.springframework.web.multipart.MultipartFile)>", index: "0", type: "org.springframework.web.multipart.MultipartFile" }
  - { kind: "param", method: "<org.jeecg.modules.oss.controller.OssFileController: org.jeecg.common.api.vo.Result delete(java.lang.String)>", index: "0", type: "java.lang.String" }
  - { kind: "param", method: "<org.jeecg.modules.oss.controller.OssFileController: org.jeecg.common.api.vo.Result queryById(java.lang.String)>", index: "0", type: "java.lang.String" }
  - { kind: "param", method: "<org.jeecg.modules.api.controller.SystemApiController: void sendSysAnnouncement(org.jeecg.common.api.dto.message.MessageDTO)>", index: "0", type: "org.jeecg.common.api.dto.message.MessageDTO" }
  - { kind: "param", method: "<org.jeecg.modules.api.controller.SystemApiController: void sendBusAnnouncement(org.jeecg.common.api.dto.message.BusMessageDTO)>", index: "0", type: "org.jeecg.common.api.dto.message.BusMessageDTO" }
  - { kind: "param", method: "<org.jeecg.modules.api.controller.SystemApiController: void sendTemplateAnnouncement(org.jeecg.common.api.dto.message.TemplateMessageDTO)>", index: "0", type: "org.jeecg.common.api.dto.message.TemplateMessageDTO" }
  - { kind: "param", method: "<org.jeecg.modules.api.controller.SystemApiController: void sendBusTemplateAnnouncement(org.jeecg.common.api.dto.message.BusTemplateMessageDTO)>", index: "0", type: "org.jeecg.common.api.dto.message.BusTemplateMessageDTO" }
  - { kind: "param", method: "<org.jeecg.modules.api.controller.SystemApiController: java.lang.String parseTemplateByCode(org.jeecg.common.api.dto.message.TemplateDTO)>", index: "0", type: "org.jeecg.common.api.dto.message.TemplateDTO" }
  - { kind: "param", method: "<org.jeecg.modules.api.controller.SystemApiController: void updateSysAnnounReadFlag(java.lang.String,java.lang.String)>", index: "0", type: "java.lang.String" }
  - { kind: "param", method: "<org.jeecg.modules.api.controller.SystemApiController: void updateSysAnnounReadFlag(java.lang.String,java.lang.String)>", index: "1", type: "java.lang.String" }
  - { kind: "param", method: "<org.jeecg.modules.api.controller.SystemApiController: org.jeecg.common.system.vo.LoginUser getUserByName(java.lang.String)>", index: "0", type: "java.lang.String" }
  - { kind: "param", method: "<org.jeecg.modules.api.controller.SystemApiController: org.jeecg.common.system.vo.LoginUser getUserById(java.lang.String)>", index: "0", type: "java.lang.String" }
  - { kind: "param", method: "<org.jeecg.modules.api.controller.SystemApiController: java.util.List getRolesByUsername(java.lang.String)>", index: "0", type: "java.lang.String" }
  - { kind: "param", method: "<org.jeecg.modules.api.controller.SystemApiController: java.util.List getDepartIdsByUsername(java.lang.String)>", index: "0", type: "java.lang.String" }
  - { kind: "param", method: "<org.jeecg.modules.api.controller.SystemApiController: java.util.List getDepartNamesByUsername(java.lang.String)>", index: "0", type: "java.lang.String" }
  - { kind: "param", method: "<org.jeecg.modules.api.controller.SystemApiController: java.util.List queryDictItemsByCode(java.lang.String)>", index: "0", type: "java.lang.String" }
  - { kind: "param", method: "<org.jeecg.modules.api.controller.SystemApiController: java.util.List queryEnableDictItemsByCode(java.lang.String)>", index: "0", type: "java.lang.String" }
  - { kind: "param", method: "<org.jeecg.modules.api.controller.SystemApiController: java.util.List queryAllRole(java.lang.String[])>", index: "0", type: "java.lang.String[]" }
  - { kind: "param", method: "<org.jeecg.modules.api.controller.SystemApiController: java.util.List getRoleIdsByUsername(java.lang.String)>", index: "0", type: "java.lang.String" }
  - { kind: "param", method: "<org.jeecg.modules.api.controller.SystemApiController: java.lang.String getDepartIdsByOrgCode(java.lang.String)>", index: "0", type: "java.lang.String" }
  - { kind: "param", method: "<org.jeecg.modules.api.controller.SystemApiController: org.jeecg.common.system.vo.DynamicDataSourceModel getDynamicDbSourceById(java.lang.String)>", index: "0", type: "java.lang.String" }
  - { kind: "param", method: "<org.jeecg.modules.api.controller.SystemApiController: java.util.List getDeptHeadByDepId(java.lang.String)>", index: "0", type: "java.lang.String" }
  - { kind: "param", method: "<org.jeecg.modules.api.controller.SystemApiController: org.jeecg.common.system.vo.DictModel getParentDepartId(java.lang.String)>", index: "0", type: "java.lang.String" }
  - { kind: "param", method: "<org.jeecg.modules.api.controller.SystemApiController: org.jeecg.common.system.vo.DynamicDataSourceModel getDynamicDbSourceByCode(java.lang.String)>", index: "0", type: "java.lang.String" }
  - { kind: "param", method: "<org.jeecg.modules.api.controller.SystemApiController: java.util.List queryAllUserByIds(java.lang.String[])>", index: "0", type: "java.lang.String[]" }
  - { kind: "param", method: "<org.jeecg.modules.api.controller.SystemApiController: com.alibaba.fastjson.JSONObject queryAllUser(java.lang.String,java.lang.Integer,int)>", index: "0", type: "java.lang.String" }
  - { kind: "param", method: "<org.jeecg.modules.api.controller.SystemApiController: com.alibaba.fastjson.JSONObject queryAllUser(java.lang.String,java.lang.Integer,int)>", index: "1", type: "java.lang.Integer" }
  - { kind: "param", method: "<org.jeecg.modules.api.controller.SystemApiController: com.alibaba.fastjson.JSONObject queryAllUser(java.lang.String,java.lang.Integer,int)>", index: "2", type: "int" }
  - { kind: "param", method: "<org.jeecg.modules.api.controller.SystemApiController: void meetingSignWebsocket(java.lang.String)>", index: "0", type: "java.lang.String" }
  - { kind: "param", method: "<org.jeecg.modules.api.controller.SystemApiController: java.util.List queryUserByNames(java.lang.String[])>", index: "0", type: "java.lang.String[]" }
  - { kind: "param", method: "<org.jeecg.modules.api.controller.SystemApiController: java.util.Set getUserRoleSet(java.lang.String)>", index: "0", type: "java.lang.String" }
  - { kind: "param", method: "<org.jeecg.modules.api.controller.SystemApiController: java.util.Set getUserPermissionSet(java.lang.String)>", index: "0", type: "java.lang.String" }
  - { kind: "param", method: "<org.jeecg.modules.api.controller.SystemApiController: boolean hasOnlineAuth(org.jeecg.common.api.dto.OnlineAuthDTO)>", index: "0", type: "org.jeecg.common.api.dto.OnlineAuthDTO" }
  - { kind: "param", method: "<org.jeecg.modules.api.controller.SystemApiController: java.util.Set queryUserRoles(java.lang.String)>", index: "0", type: "java.lang.String" }
  - { kind: "param", method: "<org.jeecg.modules.api.controller.SystemApiController: java.util.Set queryUserAuths(java.lang.String)>", index: "0", type: "java.lang.String" }
  - { kind: "param", method: "<org.jeecg.modules.api.controller.SystemApiController: org.jeecg.common.system.vo.SysDepartModel selectAllById(java.lang.String)>", index: "0", type: "java.lang.String" }
  - { kind: "param", method: "<org.jeecg.modules.api.controller.SystemApiController: java.util.List queryDeptUsersByUserId(java.lang.String)>", index: "0", type: "java.lang.String" }
  - { kind: "param", method: "<org.jeecg.modules.api.controller.SystemApiController: java.util.List queryPermissionDataRule(java.lang.String,java.lang.String,java.lang.String)>", index: "0", type: "java.lang.String" }
  - { kind: "param", method: "<org.jeecg.modules.api.controller.SystemApiController: java.util.List queryPermissionDataRule(java.lang.String,java.lang.String,java.lang.String)>", index: "1", type: "java.lang.String" }
  - { kind: "param", method: "<org.jeecg.modules.api.controller.SystemApiController: java.util.List queryPermissionDataRule(java.lang.String,java.lang.String,java.lang.String)>", index: "2", type: "java.lang.String" }
  - { kind: "param", method: "<org.jeecg.modules.api.controller.SystemApiController: org.jeecg.common.system.vo.SysUserCacheInfo getCacheUser(java.lang.String)>", index: "0", type: "java.lang.String" }
  - { kind: "param", method: "<org.jeecg.modules.api.controller.SystemApiController: java.lang.String translateDict(java.lang.String,java.lang.String)>", index: "0", type: "java.lang.String" }
  - { kind: "param", method: "<org.jeecg.modules.api.controller.SystemApiController: java.lang.String translateDict(java.lang.String,java.lang.String)>", index: "1", type: "java.lang.String" }
  - { kind: "param", method: "<org.jeecg.modules.api.controller.SystemApiController: java.util.List queryUsersByUsernames(java.lang.String)>", index: "0", type: "java.lang.String" }
  - { kind: "param", method: "<org.jeecg.modules.api.controller.SystemApiController: java.util.List queryUsersByIds(java.lang.String)>", index: "0", type: "java.lang.String" }
  - { kind: "param", method: "<org.jeecg.modules.api.controller.SystemApiController: java.util.List queryDepartsByOrgcodes(java.lang.String)>", index: "0", type: "java.lang.String" }
  - { kind: "param", method: "<org.jeecg.modules.api.controller.SystemApiController: java.util.List queryDepartsByIds(java.lang.String)>", index: "0", type: "java.lang.String" }
  - { kind: "param", method: "<org.jeecg.modules.api.controller.SystemApiController: void sendEmailMsg(java.lang.String,java.lang.String,java.lang.String)>", index: "0", type: "java.lang.String" }
  - { kind: "param", method: "<org.jeecg.modules.api.controller.SystemApiController: void sendEmailMsg(java.lang.String,java.lang.String,java.lang.String)>", index: "1", type: "java.lang.String" }
  - { kind: "param", method: "<org.jeecg.modules.api.controller.SystemApiController: void sendEmailMsg(java.lang.String,java.lang.String,java.lang.String)>", index: "2", type: "java.lang.String" }
  - { kind: "param", method: "<org.jeecg.modules.api.controller.SystemApiController: java.util.List getDeptUserByOrgCode(java.lang.String)>", index: "0", type: "java.lang.String" }
  - { kind: "param", method: "<org.jeecg.modules.api.controller.SystemApiController: java.util.List loadCategoryDictItem(java.lang.String)>", index: "0", type: "java.lang.String" }
  - { kind: "param", method: "<org.jeecg.modules.api.controller.SystemApiController: java.util.List loadDictItem(java.lang.String,java.lang.String)>", index: "0", type: "java.lang.String" }
  - { kind: "param", method: "<org.jeecg.modules.api.controller.SystemApiController: java.util.List loadDictItem(java.lang.String,java.lang.String)>", index: "1", type: "java.lang.String" }
  - { kind: "param", method: "<org.jeecg.modules.api.controller.SystemApiController: java.util.List getDictItems(java.lang.String)>", index: "0", type: "java.lang.String" }
  - { kind: "param", method: "<org.jeecg.modules.api.controller.SystemApiController: java.util.Map getManyDictItems(java.util.List)>", index: "0", type: "java.util.List" }
  - { kind: "param", method: "<org.jeecg.modules.api.controller.SystemApiController: java.util.List loadDictItemByKeyword(java.lang.String,java.lang.String,java.lang.Integer)>", index: "0", type: "java.lang.String" }
  - { kind: "param", method: "<org.jeecg.modules.api.controller.SystemApiController: java.util.List loadDictItemByKeyword(java.lang.String,java.lang.String,java.lang.Integer)>", index: "1", type: "java.lang.String" }
  - { kind: "param", method: "<org.jeecg.modules.api.controller.SystemApiController: java.util.List loadDictItemByKeyword(java.lang.String,java.lang.String,java.lang.Integer)>", index: "2", type: "java.lang.Integer" }
  - { kind: "param", method: "<org.jeecg.modules.api.controller.SystemApiController: java.util.Map translateManyDict(java.lang.String,java.lang.String)>", index: "0", type: "java.lang.String" }
  - { kind: "param", method: "<org.jeecg.modules.api.controller.SystemApiController: java.util.Map translateManyDict(java.lang.String,java.lang.String)>", index: "1", type: "java.lang.String" }
  - { kind: "param", method: "<org.jeecg.modules.api.controller.SystemApiController: java.util.List queryTableDictItemsByCode(java.lang.String,java.lang.String,java.lang.String)>", index: "0", type: "java.lang.String" }
  - { kind: "param", method: "<org.jeecg.modules.api.controller.SystemApiController: java.util.List queryTableDictItemsByCode(java.lang.String,java.lang.String,java.lang.String)>", index: "1", type: "java.lang.String" }
  - { kind: "param", method: "<org.jeecg.modules.api.controller.SystemApiController: java.util.List queryTableDictItemsByCode(java.lang.String,java.lang.String,java.lang.String)>", index: "2", type: "java.lang.String" }
  - { kind: "param", method: "<org.jeecg.modules.api.controller.SystemApiController: java.util.List queryFilterTableDictInfo(java.lang.String,java.lang.String,java.lang.String,java.lang.String)>", index: "0", type: "java.lang.String" }
  - { kind: "param", method: "<org.jeecg.modules.api.controller.SystemApiController: java.util.List queryFilterTableDictInfo(java.lang.String,java.lang.String,java.lang.String,java.lang.String)>", index: "1", type: "java.lang.String" }
  - { kind: "param", method: "<org.jeecg.modules.api.controller.SystemApiController: java.util.List queryFilterTableDictInfo(java.lang.String,java.lang.String,java.lang.String,java.lang.String)>", index: "2", type: "java.lang.String" }
  - { kind: "param", method: "<org.jeecg.modules.api.controller.SystemApiController: java.util.List queryFilterTableDictInfo(java.lang.String,java.lang.String,java.lang.String,java.lang.String)>", index: "3", type: "java.lang.String" }
  - { kind: "param", method: "<org.jeecg.modules.api.controller.SystemApiController: java.util.List queryTableDictByKeys(java.lang.String,java.lang.String,java.lang.String,java.lang.String[])>", index: "0", type: "java.lang.String" }
  - { kind: "param", method: "<org.jeecg.modules.api.controller.SystemApiController: java.util.List queryTableDictByKeys(java.lang.String,java.lang.String,java.lang.String,java.lang.String[])>", index: "1", type: "java.lang.String" }
  - { kind: "param", method: "<org.jeecg.modules.api.controller.SystemApiController: java.util.List queryTableDictByKeys(java.lang.String,java.lang.String,java.lang.String,java.lang.String[])>", index: "2", type: "java.lang.String" }
  - { kind: "param", method: "<org.jeecg.modules.api.controller.SystemApiController: java.util.List queryTableDictByKeys(java.lang.String,java.lang.String,java.lang.String,java.lang.String[])>", index: "3", type: "java.lang.String[]" }
  - { kind: "param", method: "<org.jeecg.modules.api.controller.SystemApiController: java.lang.String translateDictFromTable(java.lang.String,java.lang.String,java.lang.String,java.lang.String)>", index: "0", type: "java.lang.String" }
  - { kind: "param", method: "<org.jeecg.modules.api.controller.SystemApiController: java.lang.String translateDictFromTable(java.lang.String,java.lang.String,java.lang.String,java.lang.String)>", index: "1", type: "java.lang.String" }
  - { kind: "param", method: "<org.jeecg.modules.api.controller.SystemApiController: java.lang.String translateDictFromTable(java.lang.String,java.lang.String,java.lang.String,java.lang.String)>", index: "2", type: "java.lang.String" }
  - { kind: "param", method: "<org.jeecg.modules.api.controller.SystemApiController: java.lang.String translateDictFromTable(java.lang.String,java.lang.String,java.lang.String,java.lang.String)>", index: "3", type: "java.lang.String" }
  - { kind: "param", method: "<org.jeecg.modules.api.controller.SystemApiController: java.util.List translateDictFromTableByKeys(java.lang.String,java.lang.String,java.lang.String,java.lang.String)>", index: "0", type: "java.lang.String" }
  - { kind: "param", method: "<org.jeecg.modules.api.controller.SystemApiController: java.util.List translateDictFromTableByKeys(java.lang.String,java.lang.String,java.lang.String,java.lang.String)>", index: "1", type: "java.lang.String" }
  - { kind: "param", method: "<org.jeecg.modules.api.controller.SystemApiController: java.util.List translateDictFromTableByKeys(java.lang.String,java.lang.String,java.lang.String,java.lang.String)>", index: "2", type: "java.lang.String" }
  - { kind: "param", method: "<org.jeecg.modules.api.controller.SystemApiController: java.util.List translateDictFromTableByKeys(java.lang.String,java.lang.String,java.lang.String,java.lang.String)>", index: "3", type: "java.lang.String" }
  - { kind: "param", method: "<org.jeecg.modules.api.controller.SystemApiController: void sendTemplateMessage(org.jeecg.common.api.dto.message.MessageDTO)>", index: "0", type: "org.jeecg.common.api.dto.message.MessageDTO" }
  - { kind: "param", method: "<org.jeecg.modules.api.controller.SystemApiController: java.lang.String getTemplateContent(java.lang.String)>", index: "0", type: "java.lang.String" }
  - { kind: "param", method: "<org.jeecg.modules.api.controller.SystemApiController: void saveDataLog(org.jeecg.common.api.dto.DataLogDTO)>", index: "0", type: "org.jeecg.common.api.dto.DataLogDTO" }
  - { kind: "param", method: "<org.jeecg.modules.api.controller.SystemApiController: void addSysFiles(org.jeecg.common.system.vo.SysFilesModel)>", index: "0", type: "org.jeecg.common.system.vo.SysFilesModel" }
  - { kind: "param", method: "<org.jeecg.modules.api.controller.SystemApiController: java.lang.String getFileUrl(java.lang.String)>", index: "0", type: "java.lang.String" }
  - { kind: "param", method: "<org.jeecg.modules.api.controller.SystemApiController: void updateAvatar(org.jeecg.common.system.vo.LoginUser)>", index: "0", type: "org.jeecg.common.system.vo.LoginUser" }
  - { kind: "param", method: "<org.jeecg.modules.api.controller.SystemApiController: void sendAppChatSocket(java.lang.String)>", index: "0", type: "java.lang.String" }
  - { kind: "param", method: "<org.jeecg.modules.quartz.controller.QuartzJobController: org.jeecg.common.api.vo.Result queryPageList(org.jeecg.modules.quartz.entity.QuartzJob,java.lang.Integer,java.lang.Integer,javax.servlet.http.HttpServletRequest)>", index: "1", type: "java.lang.Integer" }
  - { kind: "param", method: "<org.jeecg.modules.quartz.controller.QuartzJobController: org.jeecg.common.api.vo.Result queryPageList(org.jeecg.modules.quartz.entity.QuartzJob,java.lang.Integer,java.lang.Integer,javax.servlet.http.HttpServletRequest)>", index: "2", type: "java.lang.Integer" }
  - { kind: "param", method: "<org.jeecg.modules.quartz.controller.QuartzJobController: org.jeecg.common.api.vo.Result add(org.jeecg.modules.quartz.entity.QuartzJob)>", index: "0", type: "org.jeecg.modules.quartz.entity.QuartzJob" }
  - { kind: "param", method: "<org.jeecg.modules.quartz.controller.QuartzJobController: org.jeecg.common.api.vo.Result eidt(org.jeecg.modules.quartz.entity.QuartzJob)>", index: "0", type: "org.jeecg.modules.quartz.entity.QuartzJob" }
  - { kind: "param", method: "<org.jeecg.modules.quartz.controller.QuartzJobController: org.jeecg.common.api.vo.Result delete(java.lang.String)>", index: "0", type: "java.lang.String" }
  - { kind: "param", method: "<org.jeecg.modules.quartz.controller.QuartzJobController: org.jeecg.common.api.vo.Result deleteBatch(java.lang.String)>", index: "0", type: "java.lang.String" }
  - { kind: "param", method: "<org.jeecg.modules.quartz.controller.QuartzJobController: org.jeecg.common.api.vo.Result pauseJob(java.lang.String)>", index: "0", type: "java.lang.String" }
  - { kind: "param", method: "<org.jeecg.modules.quartz.controller.QuartzJobController: org.jeecg.common.api.vo.Result resumeJob(java.lang.String)>", index: "0", type: "java.lang.String" }
  - { kind: "param", method: "<org.jeecg.modules.quartz.controller.QuartzJobController: org.jeecg.common.api.vo.Result queryById(java.lang.String)>", index: "0", type: "java.lang.String" }
  - { kind: "param", method: "<org.jeecg.modules.quartz.controller.QuartzJobController: org.jeecg.common.api.vo.Result execute(java.lang.String)>", index: "0", type: "java.lang.String" }
  - { kind: "call", method: "<java.security.Principal: java.lang.String getName()>", index: "result", type: "java.lang.String" }
  - { kind: "call", method: "<java.lang.ThreadLocal: java.lang.Object get()>", index: "result", type: "java.lang.Object" }

sinks:
  - { method: "<org.jeecg.modules.base.mapper.BaseCommonMapper: void saveLog(org.jeecg.common.api.dto.LogDTO)>", index: "0" }
  - { method: "<org.jeecg.modules.demo.test.mapper.JeecgDemoMapper: java.util.List getDemoByName(java.lang.String)>", index: "0" }
  - { method: "<org.jeecg.modules.demo.test.mapper.JeecgDemoMapper: java.util.List queryAllAuth(java.lang.String)>", index: "0" }
  - { method: "<org.jeecg.modules.system.mapper.SysUserTenantMapper: java.util.List getUserIdsByTenantId(java.lang.Integer)>", index: "0" }
  - { method: "<org.jeecg.modules.system.mapper.SysUserTenantMapper: java.util.List getTenantIdsByUserId(java.lang.String)>", index: "0" }
  - { method: "<org.jeecg.modules.system.mapper.SysUserTenantMapper: java.util.List getTenantIdsNoStatus(java.lang.String)>", index: "0" }
  - { method: "<org.jeecg.modules.system.mapper.SysUserTenantMapper: java.lang.Integer countCreateTenantNum(java.lang.String)>", index: "0" }
  - { method: "<org.jeecg.modules.system.mapper.SysPermissionMapper: java.util.List queryListByParentId(java.lang.String)>", index: "0" }
  - { method: "<org.jeecg.modules.system.mapper.SysPermissionMapper: java.util.List queryByUser(java.lang.String)>", index: "0" }
  - { method: "<org.jeecg.modules.system.mapper.SysPermissionMapper: java.util.List queryDepartPermissionList(java.lang.String)>", index: "0" }
  - { method: "<org.jeecg.modules.system.mapper.SysUserMapper: org.jeecg.modules.system.entity.SysUser getUserByName(java.lang.String)>", index: "0" }
  - { method: "<org.jeecg.modules.system.mapper.SysUserMapper: java.util.List getDepNamesByUserIds(java.util.List)>", index: "0" }
  - { method: "<org.jeecg.modules.system.mapper.SysUserMapper: org.jeecg.modules.system.entity.SysUser getUserByPhone(java.lang.String)>", index: "0" }
  - { method: "<org.jeecg.modules.system.mapper.SysUserMapper: org.jeecg.modules.system.entity.SysUser getUserByEmail(java.lang.String)>", index: "0" }
  - { method: "<org.jeecg.modules.system.mapper.SysUserMapper: java.util.List selectLogicDeleted(com.baomidou.mybatisplus.core.conditions.Wrapper)>", index: "0" }
  - { method: "<org.jeecg.modules.system.mapper.SysUserMapper: java.util.List getTenantQuitList(java.lang.Integer)>", index: "0" }
  - { method: "<org.jeecg.modules.system.mapper.SysUserMapper: int deleteLogicDeleted(java.util.List)>", index: "0" }
  - { method: "<org.jeecg.modules.system.mapper.SysUserMapper: void deleteBathRoleUserRelation(java.lang.String[])>", index: "0" }
  - { method: "<org.jeecg.modules.system.mapper.SysUserMapper: void deleteBathRolePermissionRelation(java.lang.String[])>", index: "0" }
  - { method: "<org.jeecg.modules.system.mapper.SysDictMapper: java.util.List queryDictItemsByCode(java.lang.String)>", index: "0" }
  - { method: "<org.jeecg.modules.system.mapper.SysDictMapper: java.util.List queryEnableDictItemsByCode(java.lang.String)>", index: "0" }
  - { method: "<org.jeecg.modules.system.mapper.SysDictMapper: java.util.List queryDictItemsByCodeList(java.util.List)>", index: "0" }
  - { method: "<org.jeecg.modules.system.mapper.SysDictMapper: java.lang.Long duplicateCheckCountSql(org.jeecg.modules.system.model.DuplicateCheckVo)>", index: "0" }
  - { method: "<org.jeecg.modules.system.mapper.SysDictMapper: java.lang.Long duplicateCheckCountSqlNoDataId(org.jeecg.modules.system.model.DuplicateCheckVo)>", index: "0" }
  - { method: "<org.jeecg.modules.system.mapper.SysDepartMapper: java.util.List queryUserDeparts(java.lang.String)>", index: "0" }
  - { method: "<org.jeecg.modules.system.mapper.SysDepartMapper: java.util.List queryDepartsByUsername(java.lang.String)>", index: "0" }
  - { method: "<org.jeecg.modules.system.mapper.SysDepartMapper: java.util.List getSubDepIdsByDepId(java.lang.String)>", index: "0" }
  - { method: "<org.jeecg.modules.system.mapper.SysDepartMapper: java.util.List getSubDepIdsByOrgCodes(java.lang.String[])>", index: "0" }
  - { method: "<org.jeecg.modules.system.mapper.SysDepartMapper: java.util.List queryTreeListByPid(java.lang.String)>", index: "0" }
  - { method: "<org.jeecg.modules.system.mapper.SysDepartMapper: org.jeecg.modules.system.entity.SysDepart queryCompByOrgCode(java.lang.String)>", index: "0" }
  - { method: "<org.jeecg.modules.system.mapper.SysAnnouncementSendMapper: java.util.List queryByUserId(java.lang.String)>", index: "0" }
  - { method: "<org.jeecg.modules.system.mapper.SysAnnouncementSendMapper: org.jeecg.modules.system.model.AnnouncementSendModel getOne(java.lang.String)>", index: "0" }
  - { method: "<org.jeecg.modules.system.mapper.SysTenantMapper: java.util.List queryTenantPackUserCount(java.lang.Integer)>", index: "0" }
  - { method: "<org.jeecg.modules.system.mapper.SysTenantMapper: java.util.List queryUserDepartList(java.util.List)>", index: "0" }
  - { method: "<org.jeecg.modules.system.mapper.SysTenantMapper: java.util.List queryUserPositionList(java.util.List)>", index: "0" }
  - { method: "<org.jeecg.modules.system.mapper.SysTenantMapper: java.lang.Integer deleteByTenantId(java.util.List)>", index: "0" }
  - { method: "<org.jeecg.modules.system.mapper.SysTenantMapper: java.lang.Integer revertTenantLogic(java.util.List)>", index: "0" }
  - { method: "<org.jeecg.modules.system.mapper.SysCommentMapper: java.util.List queryUserAvatarList(java.util.Set)>", index: "0" }
  - { method: "<org.jeecg.modules.system.mapper.SysPackPermissionMapper: java.util.List getPermissionsByPackId(java.lang.String)>", index: "0" }
  - { method: "<org.jeecg.modules.system.mapper.SysUserDepartMapper: java.util.List getUserDepartByUid(java.lang.String)>", index: "0" }
  - { method: "<org.jeecg.modules.quartz.mapper.QuartzJobMapper: java.util.List findByJobClassName(java.lang.String)>", index: "0" }
  - { method: "<java.sql.Statement: java.sql.ResultSet executeQuery(java.lang.String)>", index: "0" }
  - { method: "<java.sql.Statement: int executeUpdate(java.lang.String)>", index: "0" }
  - { method: "<java.sql.Statement: boolean execute(java.lang.String)>", index: "0" }
  - { method: "<java.sql.Statement: void addBatch(java.lang.String)>", index: "0" }
  - { method: "<java.sql.Connection: java.sql.PreparedStatement prepareStatement(java.lang.String)>", index: "0" }
  - { method: "<java.sql.Connection: java.sql.CallableStatement prepareCall(java.lang.String)>", index: "0" }
  - { method: "<java.lang.Runtime: java.lang.Process exec(java.lang.String)>", index: "0" }
  - { method: "<java.lang.Runtime: java.lang.Process exec(java.lang.String[])>", index: "0" }
  - { method: "<java.lang.Runtime: java.lang.Process exec(java.lang.String,java.lang.String[])>", index: "0" }
  - { method: "<java.lang.Runtime: java.lang.Process exec(java.lang.String,java.lang.String[],java.io.File)>", index: "0" }
  - { method: "<java.lang.ProcessBuilder: void <init>(java.lang.String[])>", index: "0" }
  - { method: "<java.lang.ProcessBuilder: void <init>(java.util.List)>", index: "0" }
  - { method: "<java.lang.ProcessBuilder: java.lang.ProcessBuilder command(java.lang.String[])>", index: "0" }
  - { method: "<java.lang.ProcessBuilder: java.lang.ProcessBuilder command(java.util.List)>", index: "0" }
  - { method: "<java.io.File: void <init>(java.lang.String)>", index: "0" }
  - { method: "<java.io.File: void <init>(java.lang.String,java.lang.String)>", index: "0" }
  - { method: "<java.io.File: void <init>(java.lang.String,java.lang.String)>", index: "1" }
  - { method: "<java.io.FileInputStream: void <init>(java.lang.String)>", index: "0" }
  - { method: "<java.io.FileOutputStream: void <init>(java.lang.String)>", index: "0" }
  - { method: "<java.io.FileReader: void <init>(java.lang.String)>", index: "0" }
  - { method: "<java.io.FileWriter: void <init>(java.lang.String)>", index: "0" }
  - { method: "<java.nio.file.Paths: java.nio.file.Path get(java.lang.String,java.lang.String[])>", index: "0" }
  - { method: "<java.nio.file.Path: java.nio.file.Path resolve(java.lang.String)>", index: "0" }
  - { method: "<java.nio.file.Files: java.util.List readAllLines(java.nio.file.Path)>", index: "0" }
  - { method: "<java.nio.file.Files: byte[] readAllBytes(java.nio.file.Path)>", index: "0" }
  - { method: "<java.nio.file.Files: java.nio.file.Path write(java.nio.file.Path,byte[],java.nio.file.OpenOption[])>", index: "0" }
  - { method: "<java.io.PrintWriter: void print(java.lang.String)>", index: "0" }
  - { method: "<java.io.PrintWriter: void println(java.lang.String)>", index: "0" }
  - { method: "<java.io.PrintWriter: void write(java.lang.String)>", index: "0" }
  - { method: "<java.net.URL: void <init>(java.lang.String)>", index: "0" }
  - { method: "<java.net.URI: void <init>(java.lang.String)>", index: "0" }
  - { method: "<java.net.URI: java.net.URI create(java.lang.String)>", index: "0" }
  - { method: "<javax.xml.parsers.DocumentBuilder: org.w3c.dom.Document parse(java.io.InputStream)>", index: "0" }
  - { method: "<javax.xml.parsers.DocumentBuilder: org.w3c.dom.Document parse(java.lang.String)>", index: "0" }
  - { method: "<javax.xml.parsers.SAXParser: void parse(java.io.InputStream,org.xml.sax.helpers.DefaultHandler)>", index: "0" }
  - { method: "<org.xml.sax.XMLReader: void parse(org.xml.sax.InputSource)>", index: "0" }
  - { method: "<java.io.ObjectInputStream: void <init>(java.io.InputStream)>", index: "0" }
  - { method: "<java.lang.Class: java.lang.Class forName(java.lang.String)>", index: "0" }
  - { method: "<java.lang.ClassLoader: java.lang.Class loadClass(java.lang.String)>", index: "0" }
  - { method: "<java.lang.reflect.Method: java.lang.Object invoke(java.lang.Object,java.lang.Object[])>", index: "1" }

transfers:
  - { method: "<java.lang.String: java.lang.String concat(java.lang.String)>", from: "base", to: "result", type: "java.lang.String" }
  - { method: "<java.lang.String: java.lang.String concat(java.lang.String)>", from: "0", to: "result", type: "java.lang.String" }
  - { method: "<java.lang.String: java.lang.String substring(int)>", from: "base", to: "result", type: "java.lang.String" }
  - { method: "<java.lang.String: java.lang.String substring(int,int)>", from: "base", to: "result", type: "java.lang.String" }
  - { method: "<java.lang.String: java.lang.String replace(char,char)>", from: "base", to: "result", type: "java.lang.String" }
  - { method: "<java.lang.String: java.lang.String replace(java.lang.CharSequence,java.lang.CharSequence)>", from: "base", to: "result", type: "java.lang.String" }
  - { method: "<java.lang.String: java.lang.String replaceAll(java.lang.String,java.lang.String)>", from: "base", to: "result", type: "java.lang.String" }
  - { method: "<java.lang.String: java.lang.String replaceFirst(java.lang.String,java.lang.String)>", from: "base", to: "result", type: "java.lang.String" }
  - { method: "<java.lang.String: java.lang.String trim()>", from: "base", to: "result", type: "java.lang.String" }
  - { method: "<java.lang.String: java.lang.String strip()>", from: "base", to: "result", type: "java.lang.String" }
  - { method: "<java.lang.String: java.lang.String stripLeading()>", from: "base", to: "result", type: "java.lang.String" }
  - { method: "<java.lang.String: java.lang.String stripTrailing()>", from: "base", to: "result", type: "java.lang.String" }
  - { method: "<java.lang.String: java.lang.String toLowerCase()>", from: "base", to: "result", type: "java.lang.String" }
  - { method: "<java.lang.String: java.lang.String toLowerCase(java.util.Locale)>", from: "base", to: "result", type: "java.lang.String" }
  - { method: "<java.lang.String: java.lang.String toUpperCase()>", from: "base", to: "result", type: "java.lang.String" }
  - { method: "<java.lang.String: java.lang.String toUpperCase(java.util.Locale)>", from: "base", to: "result", type: "java.lang.String" }
  - { method: "<java.lang.String: java.lang.String intern()>", from: "base", to: "result", type: "java.lang.String" }
  - { method: "<java.lang.String: java.lang.String valueOf(java.lang.Object)>", from: "0", to: "result", type: "java.lang.String" }
  - { method: "<java.lang.String: java.lang.String valueOf(char[])>", from: "0", to: "result", type: "java.lang.String" }
  - { method: "<java.lang.String: java.lang.String format(java.lang.String,java.lang.Object[])>", from: "0", to: "result", type: "java.lang.String" }
  - { method: "<java.lang.String: java.lang.String format(java.util.Locale,java.lang.String,java.lang.Object[])>", from: "1", to: "result", type: "java.lang.String" }
  - { method: "<java.lang.String: java.lang.String join(java.lang.CharSequence,java.lang.CharSequence[])>", from: "1", to: "result", type: "java.lang.String" }
  - { method: "<java.lang.String: java.lang.String join(java.lang.CharSequence,java.lang.Iterable)>", from: "1", to: "result", type: "java.lang.String" }
  - { method: "<java.lang.String: char[] toCharArray()>", from: "base", to: "result", type: "char[]" }
  - { method: "<java.lang.StringBuilder: java.lang.StringBuilder append(java.lang.String)>", from: "0", to: "base", type: "java.lang.StringBuilder" }
  - { method: "<java.lang.StringBuilder: java.lang.StringBuilder append(java.lang.Object)>", from: "0", to: "base", type: "java.lang.StringBuilder" }
  - { method: "<java.lang.StringBuilder: java.lang.StringBuilder append(java.lang.CharSequence)>", from: "0", to: "base", type: "java.lang.StringBuilder" }
  - { method: "<java.lang.StringBuilder: java.lang.StringBuilder append(char[])>", from: "0", to: "base", type: "java.lang.StringBuilder" }
  - { method: "<java.lang.StringBuilder: java.lang.StringBuilder append(boolean)>", from: "0", to: "base", type: "java.lang.StringBuilder" }
  - { method: "<java.lang.StringBuilder: java.lang.StringBuilder append(int)>", from: "0", to: "base", type: "java.lang.StringBuilder" }
  - { method: "<java.lang.StringBuilder: java.lang.StringBuilder append(long)>", from: "0", to: "base", type: "java.lang.StringBuilder" }
  - { method: "<java.lang.StringBuilder: java.lang.StringBuilder append(java.lang.String)>", from: "base", to: "result", type: "java.lang.StringBuilder" }
  - { method: "<java.lang.StringBuilder: java.lang.StringBuilder append(java.lang.Object)>", from: "base", to: "result", type: "java.lang.StringBuilder" }
  - { method: "<java.lang.StringBuilder: java.lang.StringBuilder append(java.lang.CharSequence)>", from: "base", to: "result", type: "java.lang.StringBuilder" }
  - { method: "<java.lang.StringBuilder: java.lang.String toString()>", from: "base", to: "result", type: "java.lang.String" }
  - { method: "<java.lang.StringBuilder: java.lang.StringBuilder insert(int,java.lang.String)>", from: "1", to: "base", type: "java.lang.StringBuilder" }
  - { method: "<java.lang.StringBuilder: java.lang.StringBuilder insert(int,java.lang.Object)>", from: "1", to: "base", type: "java.lang.StringBuilder" }
  - { method: "<java.lang.StringBuilder: java.lang.StringBuilder insert(int,java.lang.CharSequence)>", from: "1", to: "base", type: "java.lang.StringBuilder" }
  - { method: "<java.lang.StringBuffer: java.lang.StringBuffer append(java.lang.String)>", from: "0", to: "base", type: "java.lang.StringBuffer" }
  - { method: "<java.lang.StringBuffer: java.lang.StringBuffer append(java.lang.Object)>", from: "0", to: "base", type: "java.lang.StringBuffer" }
  - { method: "<java.lang.StringBuffer: java.lang.StringBuffer append(java.lang.String)>", from: "base", to: "result", type: "java.lang.StringBuffer" }
  - { method: "<java.lang.StringBuffer: java.lang.StringBuffer append(java.lang.Object)>", from: "base", to: "result", type: "java.lang.StringBuffer" }
  - { method: "<java.lang.StringBuffer: java.lang.String toString()>", from: "base", to: "result", type: "java.lang.String" }
  - { method: "<java.util.Map: java.lang.Object get(java.lang.Object)>", from: "base", to: "result", type: "java.lang.Object" }
  - { method: "<java.util.HashMap: java.lang.Object get(java.lang.Object)>", from: "base", to: "result", type: "java.lang.Object" }
  - { method: "<java.util.LinkedHashMap: java.lang.Object get(java.lang.Object)>", from: "base", to: "result", type: "java.lang.Object" }
  - { method: "<java.util.TreeMap: java.lang.Object get(java.lang.Object)>", from: "base", to: "result", type: "java.lang.Object" }
  - { method: "<java.util.concurrent.ConcurrentHashMap: java.lang.Object get(java.lang.Object)>", from: "base", to: "result", type: "java.lang.Object" }
  - { method: "<java.util.Map: java.lang.Object put(java.lang.Object,java.lang.Object)>", from: "1", to: "base", type: "java.util.Map" }
  - { method: "<java.util.HashMap: java.lang.Object put(java.lang.Object,java.lang.Object)>", from: "1", to: "base", type: "java.util.HashMap" }
  - { method: "<java.util.Map: void putAll(java.util.Map)>", from: "0", to: "base", type: "java.util.Map" }
  - { method: "<java.util.Map: java.util.Collection values()>", from: "base", to: "result", type: "java.util.Collection" }
  - { method: "<java.util.Map: java.util.Set entrySet()>", from: "base", to: "result", type: "java.util.Set" }
  - { method: "<java.util.Map$Entry: java.lang.Object getValue()>", from: "base", to: "result", type: "java.lang.Object" }
  - { method: "<java.util.Map$Entry: java.lang.Object getKey()>", from: "base", to: "result", type: "java.lang.Object" }
  - { method: "<java.util.List: java.lang.Object get(int)>", from: "base", to: "result", type: "java.lang.Object" }
  - { method: "<java.util.ArrayList: java.lang.Object get(int)>", from: "base", to: "result", type: "java.lang.Object" }
  - { method: "<java.util.LinkedList: java.lang.Object get(int)>", from: "base", to: "result", type: "java.lang.Object" }
  - { method: "<java.util.List: boolean add(java.lang.Object)>", from: "0", to: "base", type: "java.util.List" }
  - { method: "<java.util.ArrayList: boolean add(java.lang.Object)>", from: "0", to: "base", type: "java.util.ArrayList" }
  - { method: "<java.util.LinkedList: boolean add(java.lang.Object)>", from: "0", to: "base", type: "java.util.LinkedList" }
  - { method: "<java.util.Collection: boolean add(java.lang.Object)>", from: "0", to: "base", type: "java.util.Collection" }
  - { method: "<java.util.Iterator: java.lang.Object next()>", from: "base", to: "result", type: "java.lang.Object" }
  - { method: "<java.util.ListIterator: java.lang.Object next()>", from: "base", to: "result", type: "java.lang.Object" }
  - { method: "<java.util.Optional: java.lang.Object get()>", from: "base", to: "result", type: "java.lang.Object" }
  - { method: "<java.util.Optional: java.lang.Object orElse(java.lang.Object)>", from: "base", to: "result", type: "java.lang.Object" }
  - { method: "<java.util.Optional: java.lang.Object orElseGet(java.util.function.Supplier)>", from: "base", to: "result", type: "java.lang.Object" }
  - { method: "<java.util.Optional: java.util.Optional of(java.lang.Object)>", from: "0", to: "result", type: "java.util.Optional" }
  - { method: "<java.util.Optional: java.util.Optional ofNullable(java.lang.Object)>", from: "0", to: "result", type: "java.util.Optional" }
  - { method: "<java.lang.Object: java.lang.String toString()>", from: "base", to: "result", type: "java.lang.String" }
  - { method: "<java.lang.ThreadLocal: java.lang.Object get()>", from: "base", to: "result", type: "java.lang.Object" }

Initializing global bean mock objects for beans...
Initialized 158 global bean objects.
Concrete class not found for type: javax.servlet.http.HttpServletResponseWrapper
Concrete class not found for type: javax.servlet.http.HttpServletResponseWrapper
>>> AOP Match Found! Method: [<org.jeecg.modules.demo.test.controller.JeecgDynamicDataController: org.jeecg.common.api.vo.Result selectSpelByKey(java.lang.String)>], Aspect: [org.jeecg.common.aspect.AutoLogAspect]
Concrete class not found for type: javax.servlet.http.HttpServletResponseWrapper
>>> AOP Match Found! Method: [<org.jeecg.modules.demo.test.controller.JeecgDemoController: org.jeecg.common.api.vo.Result list(org.jeecg.modules.demo.test.entity.JeecgDemo,java.lang.Integer,java.lang.Integer,javax.servlet.http.HttpServletRequest)>], Aspect: [org.jeecg.common.aspect.PermissionDataAspect]
>>> AOP Match Found! Method: [<org.jeecg.modules.demo.test.controller.JeecgDemoController: org.jeecg.common.api.vo.Result add(org.jeecg.modules.demo.test.entity.JeecgDemo)>], Aspect: [org.jeecg.common.aspect.AutoLogAspect]
>>> AOP Match Found! Method: [<org.jeecg.modules.demo.test.controller.JeecgDemoController: org.jeecg.common.api.vo.Result edit(org.jeecg.modules.demo.test.entity.JeecgDemo)>], Aspect: [org.jeecg.common.aspect.AutoLogAspect]
>>> AOP Match Found! Method: [<org.jeecg.modules.demo.test.controller.JeecgDemoController: org.jeecg.common.api.vo.Result delete(java.lang.String)>], Aspect: [org.jeecg.common.aspect.AutoLogAspect]
>>> AOP Match Found! Method: [<org.jeecg.modules.demo.test.controller.JeecgDemoController: org.springframework.web.servlet.ModelAndView exportXls(javax.servlet.http.HttpServletRequest,org.jeecg.modules.demo.test.entity.JeecgDemo)>], Aspect: [org.jeecg.common.aspect.PermissionDataAspect]
Concrete class not found for type: javax.servlet.http.HttpServletResponseWrapper
No bean found for concrete class: org.jeecg.common.util.RedisUtil
Added entry point (Empty): <org.jeecg.modules.demo.test.controller.JeecgDemoController: void redisSet()>
No bean found for concrete class: org.jeecg.common.util.RedisUtil
Added entry point (Empty): <org.jeecg.modules.demo.test.controller.JeecgDemoController: java.lang.String redisGet()>
No bean found for concrete class: org.jeecg.common.util.RedisUtil
Added entry point (Empty): <org.jeecg.modules.demo.test.controller.JeecgDemoController: void redisSetObj()>
No bean found for concrete class: org.jeecg.common.util.RedisUtil
Added entry point (Empty): <org.jeecg.modules.demo.test.controller.JeecgDemoController: java.lang.Object redisGetObj()>
>>> AOP Match Found! Method: [<org.jeecg.modules.demo.test.controller.JeecgDemoController: org.jeecg.common.api.vo.Result loadMpPermissonList(java.lang.Integer,java.lang.Integer,javax.servlet.http.HttpServletRequest)>], Aspect: [org.jeecg.common.aspect.PermissionDataAspect]
>>> AOP Match Found! Method: [<org.jeecg.modules.demo.test.controller.JeecgDemoController: org.jeecg.common.api.vo.Result loadSqlPermissonList(org.jeecg.modules.demo.test.entity.JeecgDemo,java.lang.Integer,java.lang.Integer,javax.servlet.http.HttpServletRequest)>], Aspect: [org.jeecg.common.aspect.PermissionDataAspect]
No bean found for concrete class: org.jeecg.common.util.RedisUtil
No bean found for concrete class: org.jeecg.common.util.RedisUtil
No bean found for concrete class: org.jeecg.common.util.RedisUtil
No bean found for concrete class: org.jeecg.common.util.RedisUtil
Added entry point (Empty): <org.jeecg.modules.demo.test.controller.JeecgDemoController: org.jeecg.common.api.vo.Result groupList()>
Added entry point (Empty): <org.jeecg.modules.demo.mock.MockController: java.lang.String user()>
Added entry point (Empty): <org.jeecg.modules.demo.mock.MockController: java.lang.String userInfo()>
Added entry point (Empty): <org.jeecg.modules.demo.mock.MockController: java.lang.String role()>
Added entry point (Empty): <org.jeecg.modules.demo.mock.MockController: java.lang.String service()>
Added entry point (Empty): <org.jeecg.modules.demo.mock.MockController: java.lang.String permission()>
Added entry point (Empty): <org.jeecg.modules.demo.mock.MockController: java.lang.String permissionNoPage()>
Added entry point (Empty): <org.jeecg.modules.demo.mock.MockController: java.lang.String area()>
Added entry point (Empty): <org.jeecg.modules.demo.mock.MockController: java.lang.String getYearCountInfo()>
Added entry point (Empty): <org.jeecg.modules.demo.mock.MockController: java.lang.String getMonthCountInfo()>
Added entry point (Empty): <org.jeecg.modules.demo.mock.MockController: java.lang.String getCntrNoCountInfo()>
Added entry point (Empty): <org.jeecg.modules.demo.mock.MockController: java.lang.String getCabinetCountInfo()>
Added entry point (Empty): <org.jeecg.modules.demo.mock.MockController: java.lang.String getTubiao()>
Concrete class not found for type: javax.servlet.http.HttpServletResponseWrapper
Added entry point (Empty): <org.jeecg.modules.demo.mock.MockController: java.lang.String projects()>
Added entry point (Empty): <org.jeecg.modules.demo.mock.MockController: java.lang.String activity()>
Added entry point (Empty): <org.jeecg.modules.demo.mock.MockController: java.lang.String teams()>
Added entry point (Empty): <org.jeecg.modules.demo.mock.MockController: java.lang.String radar()>
Added entry point (Empty): <org.jeecg.modules.demo.mock.MockController: java.lang.String taskProcess()>
Added entry point (Empty): <org.jeecg.modules.demo.mock.MockController: java.lang.String getUserInfo()>
No bean found for concrete class: org.jeecg.common.util.RedisUtil
Concrete class not found for type: javax.servlet.http.HttpServletResponseWrapper
Added entry point (Empty): <org.jeecg.modules.monitor.controller.ActuatorRedisController: org.jeecg.common.api.vo.Result getRedisInfo()>
Added entry point (Empty): <org.jeecg.modules.monitor.controller.ActuatorRedisController: java.util.Map getKeysSize()>
Added entry point (Empty): <org.jeecg.modules.monitor.controller.ActuatorRedisController: java.util.Map getKeysSizeReport()>
Added entry point (Empty): <org.jeecg.modules.monitor.controller.ActuatorRedisController: java.util.Map memoryForReport()>
Added entry point (Empty): <org.jeecg.modules.monitor.controller.ActuatorRedisController: java.util.Map infoForReport()>
Added entry point (Empty): <org.jeecg.modules.monitor.controller.ActuatorRedisController: java.util.Map getMemoryInfo()>
Concrete class not found for type: javax.servlet.http.HttpServletResponseWrapper
Concrete class not found for type: javax.servlet.http.HttpServletResponseWrapper
Concrete class not found for type: javax.servlet.http.HttpServletResponseWrapper
>>> AOP Match Found! Method: [<org.jeecg.modules.system.controller.SysCheckRuleController: org.jeecg.common.api.vo.Result queryPageList(org.jeecg.modules.system.entity.SysCheckRule,java.lang.Integer,java.lang.Integer,javax.servlet.http.HttpServletRequest)>], Aspect: [org.jeecg.common.aspect.AutoLogAspect]
>>> AOP Match Found! Method: [<org.jeecg.modules.system.controller.SysCheckRuleController: org.jeecg.common.api.vo.Result checkByCode(java.lang.String,java.lang.String)>], Aspect: [org.jeecg.common.aspect.AutoLogAspect]
>>> AOP Match Found! Method: [<org.jeecg.modules.system.controller.SysCheckRuleController: org.jeecg.common.api.vo.Result add(org.jeecg.modules.system.entity.SysCheckRule)>], Aspect: [org.jeecg.common.aspect.AutoLogAspect]
>>> AOP Match Found! Method: [<org.jeecg.modules.system.controller.SysCheckRuleController: org.jeecg.common.api.vo.Result edit(org.jeecg.modules.system.entity.SysCheckRule)>], Aspect: [org.jeecg.common.aspect.AutoLogAspect]
>>> AOP Match Found! Method: [<org.jeecg.modules.system.controller.SysCheckRuleController: org.jeecg.common.api.vo.Result delete(java.lang.String)>], Aspect: [org.jeecg.common.aspect.AutoLogAspect]
>>> AOP Match Found! Method: [<org.jeecg.modules.system.controller.SysCheckRuleController: org.jeecg.common.api.vo.Result deleteBatch(java.lang.String)>], Aspect: [org.jeecg.common.aspect.AutoLogAspect]
>>> AOP Match Found! Method: [<org.jeecg.modules.system.controller.SysCheckRuleController: org.jeecg.common.api.vo.Result queryById(java.lang.String)>], Aspect: [org.jeecg.common.aspect.AutoLogAspect]
Concrete class not found for type: javax.servlet.http.HttpServletResponseWrapper
>>> AOP Match Found! Method: [<org.jeecg.modules.system.controller.SysFillRuleController: org.jeecg.common.api.vo.Result queryPageList(org.jeecg.modules.system.entity.SysFillRule,java.lang.Integer,java.lang.Integer,javax.servlet.http.HttpServletRequest)>], Aspect: [org.jeecg.common.aspect.AutoLogAspect]
>>> AOP Match Found! Method: [<org.jeecg.modules.system.controller.SysFillRuleController: org.jeecg.common.api.vo.Result add(org.jeecg.modules.system.entity.SysFillRule)>], Aspect: [org.jeecg.common.aspect.AutoLogAspect]
>>> AOP Match Found! Method: [<org.jeecg.modules.system.controller.SysFillRuleController: org.jeecg.common.api.vo.Result edit(org.jeecg.modules.system.entity.SysFillRule)>], Aspect: [org.jeecg.common.aspect.AutoLogAspect]
>>> AOP Match Found! Method: [<org.jeecg.modules.system.controller.SysFillRuleController: org.jeecg.common.api.vo.Result delete(java.lang.String)>], Aspect: [org.jeecg.common.aspect.AutoLogAspect]
>>> AOP Match Found! Method: [<org.jeecg.modules.system.controller.SysFillRuleController: org.jeecg.common.api.vo.Result deleteBatch(java.lang.String)>], Aspect: [org.jeecg.common.aspect.AutoLogAspect]
>>> AOP Match Found! Method: [<org.jeecg.modules.system.controller.SysFillRuleController: org.jeecg.common.api.vo.Result queryById(java.lang.String)>], Aspect: [org.jeecg.common.aspect.AutoLogAspect]
Concrete class not found for type: javax.servlet.http.HttpServletResponseWrapper
Added entry point (Empty): <org.jeecg.modules.system.controller.SysRoleController: org.jeecg.common.api.vo.Result queryall()>
Added entry point (Empty): <org.jeecg.modules.system.controller.SysRoleController: org.jeecg.common.api.vo.Result queryallNoByTenant()>
Concrete class not found for type: javax.servlet.http.HttpServletResponseWrapper
Added entry point (Empty): <org.jeecg.modules.system.controller.SysAnnouncementSendController: org.jeecg.common.api.vo.Result readAll()>
>>> AOP Match Found! Method: [<org.jeecg.modules.system.controller.SysFormFileController: org.jeecg.common.api.vo.Result queryPageList(org.jeecg.modules.system.entity.SysFormFile,java.lang.Integer,java.lang.Integer,javax.servlet.http.HttpServletRequest)>], Aspect: [org.jeecg.common.aspect.AutoLogAspect]
>>> AOP Match Found! Method: [<org.jeecg.modules.system.controller.SysFormFileController: org.jeecg.common.api.vo.Result add(org.jeecg.modules.system.entity.SysFormFile)>], Aspect: [org.jeecg.common.aspect.AutoLogAspect]
>>> AOP Match Found! Method: [<org.jeecg.modules.system.controller.SysFormFileController: org.jeecg.common.api.vo.Result edit(org.jeecg.modules.system.entity.SysFormFile)>], Aspect: [org.jeecg.common.aspect.AutoLogAspect]
>>> AOP Match Found! Method: [<org.jeecg.modules.system.controller.SysFormFileController: org.jeecg.common.api.vo.Result delete(java.lang.String)>], Aspect: [org.jeecg.common.aspect.AutoLogAspect]
>>> AOP Match Found! Method: [<org.jeecg.modules.system.controller.SysFormFileController: org.jeecg.common.api.vo.Result deleteBatch(java.lang.String)>], Aspect: [org.jeecg.common.aspect.AutoLogAspect]
>>> AOP Match Found! Method: [<org.jeecg.modules.system.controller.SysFormFileController: org.jeecg.common.api.vo.Result queryById(java.lang.String)>], Aspect: [org.jeecg.common.aspect.AutoLogAspect]
Concrete class not found for type: javax.servlet.http.HttpServletResponseWrapper
Added entry point (Empty): <org.jeecg.modules.system.controller.CommonController: org.jeecg.common.api.vo.Result noauth()>
Concrete class not found for type: javax.servlet.http.HttpServletResponseWrapper
Concrete class not found for type: javax.servlet.http.HttpServletResponseWrapper
>>> AOP Match Found! Method: [<org.jeecg.modules.system.controller.SysRoleIndexController: org.jeecg.common.api.vo.Result queryPageList(org.jeecg.modules.system.entity.SysRoleIndex,java.lang.Integer,java.lang.Integer,javax.servlet.http.HttpServletRequest)>], Aspect: [org.jeecg.common.aspect.AutoLogAspect]
>>> AOP Match Found! Method: [<org.jeecg.modules.system.controller.SysRoleIndexController: org.jeecg.common.api.vo.Result add(org.jeecg.modules.system.entity.SysRoleIndex,javax.servlet.http.HttpServletRequest)>], Aspect: [org.jeecg.common.aspect.AutoLogAspect]
>>> AOP Match Found! Method: [<org.jeecg.modules.system.controller.SysRoleIndexController: org.jeecg.common.api.vo.Result edit(org.jeecg.modules.system.entity.SysRoleIndex,javax.servlet.http.HttpServletRequest)>], Aspect: [org.jeecg.common.aspect.AutoLogAspect]
>>> AOP Match Found! Method: [<org.jeecg.modules.system.controller.SysRoleIndexController: org.jeecg.common.api.vo.Result delete(java.lang.String)>], Aspect: [org.jeecg.common.aspect.AutoLogAspect]
>>> AOP Match Found! Method: [<org.jeecg.modules.system.controller.SysRoleIndexController: org.jeecg.common.api.vo.Result deleteBatch(java.lang.String)>], Aspect: [org.jeecg.common.aspect.AutoLogAspect]
>>> AOP Match Found! Method: [<org.jeecg.modules.system.controller.SysRoleIndexController: org.jeecg.common.api.vo.Result queryById(java.lang.String)>], Aspect: [org.jeecg.common.aspect.AutoLogAspect]
Concrete class not found for type: javax.servlet.http.HttpServletResponseWrapper
>>> AOP Match Found! Method: [<org.jeecg.modules.system.controller.SysRoleIndexController: org.jeecg.common.api.vo.Result queryByCode(java.lang.String,javax.servlet.http.HttpServletRequest)>], Aspect: [org.jeecg.common.aspect.AutoLogAspect]
No bean found for concrete class: org.jeecg.common.util.RedisUtil
Added entry point (Empty): <org.jeecg.modules.system.controller.SysDictController: org.jeecg.common.api.vo.Result refleshCache()>
Concrete class not found for type: javax.servlet.http.HttpServletResponseWrapper
Added entry point (Empty): <org.jeecg.modules.system.controller.SysDictController: org.jeecg.common.api.vo.Result deleteList()>
Concrete class not found for type: javax.servlet.http.HttpServletResponseWrapper
No bean found for concrete class: org.springframework.data.redis.core.RedisTemplate
No bean found for concrete class: org.jeecg.common.util.RedisUtil
No bean found for concrete class: org.jeecg.common.util.RedisUtil
No bean found for concrete class: org.jeecg.common.util.RedisUtil
Concrete class not found for type: javax.servlet.http.HttpServletResponseWrapper
Added entry point (Empty): <org.jeecg.modules.system.controller.LoginController: org.jeecg.common.api.vo.Result loginfo()>
Added entry point (Empty): <org.jeecg.modules.system.controller.LoginController: org.jeecg.common.api.vo.Result visitInfo()>
No bean found for concrete class: org.jeecg.common.util.RedisUtil
No bean found for concrete class: org.jeecg.common.util.RedisUtil
Added entry point (Empty): <org.jeecg.modules.system.controller.LoginController: org.jeecg.common.api.vo.Result getEncryptedString()>
Concrete class not found for type: javax.servlet.http.HttpServletResponseWrapper
No bean found for concrete class: org.jeecg.common.util.RedisUtil
Concrete class not found for type: javax.servlet.http.HttpServletResponseWrapper
No bean found for concrete class: org.jeecg.common.util.RedisUtil
No bean found for concrete class: org.jeecg.common.util.RedisUtil
No bean found for concrete class: org.jeecg.common.util.RedisUtil
Added entry point (Empty): <org.jeecg.modules.system.controller.LoginController: org.jeecg.common.api.vo.Result getLoginQrcode()>
No bean found for concrete class: org.jeecg.common.util.RedisUtil
No bean found for concrete class: org.jeecg.common.util.RedisUtil
Added entry point (Empty): <org.jeecg.modules.system.controller.SysDepartController: org.jeecg.common.api.vo.Result queryMyDeptTreeList()>
Added entry point (Empty): <org.jeecg.modules.system.controller.SysDepartController: org.jeecg.common.api.vo.Result queryIdTree()>
Concrete class not found for type: javax.servlet.http.HttpServletResponseWrapper
Added entry point (Empty): <org.jeecg.modules.system.controller.SysDepartController: org.jeecg.common.api.vo.Result getMyDepartList()>
No bean found for concrete class: com.xkcoding.justauth.AuthRequestFactory
Concrete class not found for type: javax.servlet.http.HttpServletResponseWrapper
No bean found for concrete class: com.xkcoding.justauth.AuthRequestFactory
No bean found for concrete class: org.jeecg.common.util.RedisUtil
No bean found for concrete class: org.jeecg.common.util.RedisUtil
No bean found for concrete class: org.jeecg.common.util.RedisUtil
No bean found for concrete class: org.jeecg.config.thirdapp.ThirdAppConfig
Concrete class not found for type: javax.servlet.http.HttpServletResponseWrapper
Concrete class not found for type: javax.servlet.http.HttpServletResponseWrapper
>>> AOP Match Found! Method: [<org.jeecg.modules.system.controller.SysDepartRoleController: org.jeecg.common.api.vo.Result delete(java.lang.String)>], Aspect: [org.jeecg.common.aspect.AutoLogAspect]
>>> AOP Match Found! Method: [<org.jeecg.modules.system.controller.SysDepartRoleController: org.jeecg.common.api.vo.Result deleteBatch(java.lang.String)>], Aspect: [org.jeecg.common.aspect.AutoLogAspect]
Concrete class not found for type: javax.servlet.http.HttpServletResponseWrapper
>>> AOP Match Found! Method: [<org.jeecg.modules.system.controller.SysTenantController: org.jeecg.common.api.vo.Result queryPageList(org.jeecg.modules.system.entity.SysTenant,java.lang.Integer,java.lang.Integer,javax.servlet.http.HttpServletRequest)>], Aspect: [org.jeecg.common.aspect.PermissionDataAspect]
Added entry point (Empty): <org.jeecg.modules.system.controller.SysTenantController: org.jeecg.common.api.vo.Result getCurrentUserTenant()>
Added entry point (Empty): <org.jeecg.modules.system.controller.SysCommentController: org.jeecg.common.api.vo.Result getFileViewDomain()>
Concrete class not found for type: javax.servlet.http.HttpServletResponseWrapper
Added entry point (Empty): <org.jeecg.modules.system.controller.SysPermissionController: org.jeecg.common.api.vo.Result getSystemMenuList()>
Added entry point (Empty): <org.jeecg.modules.system.controller.SysPermissionController: org.jeecg.common.api.vo.Result getPermCode()>
Added entry point (Empty): <org.jeecg.modules.system.controller.SysPermissionController: org.jeecg.common.api.vo.Result queryTreeList()>
>>> AOP Match Found! Method: [<org.jeecg.modules.system.controller.SysFilesController: org.jeecg.common.api.vo.Result queryPageList(org.jeecg.modules.system.entity.SysFiles,java.lang.Integer,java.lang.Integer,javax.servlet.http.HttpServletRequest)>], Aspect: [org.jeecg.common.aspect.AutoLogAspect]
>>> AOP Match Found! Method: [<org.jeecg.modules.system.controller.SysFilesController: org.jeecg.common.api.vo.Result add(org.jeecg.modules.system.entity.SysFiles)>], Aspect: [org.jeecg.common.aspect.AutoLogAspect]
>>> AOP Match Found! Method: [<org.jeecg.modules.system.controller.SysFilesController: org.jeecg.common.api.vo.Result edit(org.jeecg.modules.system.entity.SysFiles)>], Aspect: [org.jeecg.common.aspect.AutoLogAspect]
>>> AOP Match Found! Method: [<org.jeecg.modules.system.controller.SysFilesController: org.jeecg.common.api.vo.Result delete(java.lang.String)>], Aspect: [org.jeecg.common.aspect.AutoLogAspect]
>>> AOP Match Found! Method: [<org.jeecg.modules.system.controller.SysFilesController: org.jeecg.common.api.vo.Result deleteBatch(java.lang.String)>], Aspect: [org.jeecg.common.aspect.AutoLogAspect]
>>> AOP Match Found! Method: [<org.jeecg.modules.system.controller.SysFilesController: org.jeecg.common.api.vo.Result queryById(java.lang.String)>], Aspect: [org.jeecg.common.aspect.AutoLogAspect]
Concrete class not found for type: javax.servlet.http.HttpServletResponseWrapper
>>> AOP Match Found! Method: [<org.jeecg.modules.system.controller.SysUserController: org.jeecg.common.api.vo.Result queryPageList(org.jeecg.modules.system.entity.SysUser,java.lang.Integer,java.lang.Integer,javax.servlet.http.HttpServletRequest)>], Aspect: [org.jeecg.common.aspect.PermissionDataAspect]
Added entry point (Empty): <org.jeecg.modules.system.controller.SysUserController: org.jeecg.common.api.vo.Result generateUserId()>
Concrete class not found for type: javax.servlet.http.HttpServletResponseWrapper
Added entry point (Empty): <org.jeecg.modules.system.controller.SysUserController: org.jeecg.common.api.vo.Result getCurrentUserDeparts()>
No bean found for concrete class: org.jeecg.common.util.RedisUtil
No bean found for concrete class: org.jeecg.common.util.RedisUtil
No bean found for concrete class: org.jeecg.common.util.RedisUtil
Added entry point (Empty): <org.jeecg.modules.system.controller.SysUserController: org.jeecg.common.api.vo.Result getRecycleBin()>
No bean found for concrete class: org.jeecg.common.util.RedisUtil
Added entry point (Empty): <org.jeecg.modules.system.controller.SysGatewayRouteController: org.jeecg.common.api.vo.Result clearRedis()>
>>> AOP Match Found! Method: [<org.jeecg.modules.system.controller.SysDataSourceController: org.jeecg.common.api.vo.Result queryPageList(org.jeecg.modules.system.entity.SysDataSource,java.lang.Integer,java.lang.Integer,javax.servlet.http.HttpServletRequest)>], Aspect: [org.jeecg.common.aspect.AutoLogAspect]
>>> AOP Match Found! Method: [<org.jeecg.modules.system.controller.SysDataSourceController: org.jeecg.common.api.vo.Result add(org.jeecg.modules.system.entity.SysDataSource)>], Aspect: [org.jeecg.common.aspect.AutoLogAspect]
>>> AOP Match Found! Method: [<org.jeecg.modules.system.controller.SysDataSourceController: org.jeecg.common.api.vo.Result edit(org.jeecg.modules.system.entity.SysDataSource)>], Aspect: [org.jeecg.common.aspect.AutoLogAspect]
>>> AOP Match Found! Method: [<org.jeecg.modules.system.controller.SysDataSourceController: org.jeecg.common.api.vo.Result delete(java.lang.String)>], Aspect: [org.jeecg.common.aspect.AutoLogAspect]
>>> AOP Match Found! Method: [<org.jeecg.modules.system.controller.SysDataSourceController: org.jeecg.common.api.vo.Result deleteBatch(java.lang.String)>], Aspect: [org.jeecg.common.aspect.AutoLogAspect]
>>> AOP Match Found! Method: [<org.jeecg.modules.system.controller.SysDataSourceController: org.jeecg.common.api.vo.Result queryById(java.lang.String)>], Aspect: [org.jeecg.common.aspect.AutoLogAspect]
Concrete class not found for type: javax.servlet.http.HttpServletResponseWrapper
Concrete class not found for type: javax.servlet.http.HttpServletResponseWrapper
>>> AOP Match Found! Method: [<org.jeecg.modules.system.controller.SysPositionController: org.jeecg.common.api.vo.Result queryPageList(org.jeecg.modules.system.entity.SysPosition,java.lang.Integer,java.lang.Integer,javax.servlet.http.HttpServletRequest)>], Aspect: [org.jeecg.common.aspect.AutoLogAspect]
>>> AOP Match Found! Method: [<org.jeecg.modules.system.controller.SysPositionController: org.jeecg.common.api.vo.Result add(org.jeecg.modules.system.entity.SysPosition)>], Aspect: [org.jeecg.common.aspect.AutoLogAspect]
>>> AOP Match Found! Method: [<org.jeecg.modules.system.controller.SysPositionController: org.jeecg.common.api.vo.Result edit(org.jeecg.modules.system.entity.SysPosition)>], Aspect: [org.jeecg.common.aspect.AutoLogAspect]
>>> AOP Match Found! Method: [<org.jeecg.modules.system.controller.SysPositionController: org.jeecg.common.api.vo.Result delete(java.lang.String)>], Aspect: [org.jeecg.common.aspect.AutoLogAspect]
>>> AOP Match Found! Method: [<org.jeecg.modules.system.controller.SysPositionController: org.jeecg.common.api.vo.Result deleteBatch(java.lang.String)>], Aspect: [org.jeecg.common.aspect.AutoLogAspect]
>>> AOP Match Found! Method: [<org.jeecg.modules.system.controller.SysPositionController: org.jeecg.common.api.vo.Result queryById(java.lang.String)>], Aspect: [org.jeecg.common.aspect.AutoLogAspect]
Concrete class not found for type: javax.servlet.http.HttpServletResponseWrapper
Concrete class not found for type: javax.servlet.http.HttpServletResponseWrapper
>>> AOP Match Found! Method: [<org.jeecg.modules.system.controller.SysPositionController: org.jeecg.common.api.vo.Result queryByCode(java.lang.String)>], Aspect: [org.jeecg.common.aspect.AutoLogAspect]
Concrete class not found for type: javax.servlet.http.HttpServletResponseWrapper
Concrete class not found for type: javax.servlet.http.HttpServletResponseWrapper
No bean found for concrete class: org.jeecg.config.thirdapp.ThirdAppConfig
Added entry point (Empty): <org.jeecg.modules.system.controller.ThirdAppController: org.jeecg.common.api.vo.Result getEnabledType()>
No bean found for concrete class: org.jeecg.config.thirdapp.ThirdAppConfig
No bean found for concrete class: org.jeecg.config.thirdapp.ThirdAppConfig
No bean found for concrete class: org.jeecg.config.thirdapp.ThirdAppConfig
No bean found for concrete class: org.jeecg.config.thirdapp.ThirdAppConfig
No bean found for concrete class: org.jeecg.config.thirdapp.ThirdAppConfig
No bean found for concrete class: org.jeecg.config.thirdapp.ThirdAppConfig
No bean found for concrete class: org.jeecg.config.thirdapp.ThirdAppConfig
No bean found for concrete class: org.jeecg.config.thirdapp.ThirdAppConfig
No bean found for concrete class: org.jeecg.config.thirdapp.ThirdAppConfig
Concrete class not found for type: org.springframework.web.multipart.support.StandardMultipartFile
Added entry point (Empty): <org.jeecg.modules.api.controller.SystemApiController: java.util.List queryAllDict()>
Added entry point (Empty): <org.jeecg.modules.api.controller.SystemApiController: java.util.List queryAllSysCategory()>
Added entry point (Empty): <org.jeecg.modules.api.controller.SystemApiController: java.util.List queryAllDepartBackDictModel()>
Added entry point (Empty): <org.jeecg.modules.api.controller.SystemApiController: java.util.List getAllSysDepart()>
Added entry point (Empty): <org.jeecg.modules.api.controller.SystemApiController: java.util.List queryAllUserBackCombo()>
Concrete class not found for type: javax.servlet.http.HttpServletResponseWrapper
Initializing global aspect mock objects...
No bean found for concrete class: org.springframework.data.redis.connection.RedisConnectionFactory
No bean found for concrete class: org.springframework.data.redis.connection.RedisConnectionFactory
No bean found for concrete class: org.springframework.data.redis.connection.RedisConnectionFactory
No bean found for concrete class: org.jeecg.common.modules.redis.client.JeecgRedisClient
No bean found for concrete class: org.jeecg.common.modules.redis.client.JeecgRedisClient
No bean found for concrete class: org.jeecg.common.util.RedisUtil
No bean found for concrete class: org.jeecg.common.util.RedisUtil
No bean found for concrete class: org.jeecg.common.util.RedisUtil
No bean found for concrete class: org.jeecg.common.util.RedisUtil
No bean found for concrete class: org.jeecg.config.thirdapp.ThirdAppConfig
>>> AOP Match Found! Method: [<org.jeecg.modules.system.service.impl.SysTenantServiceImpl: void deleteTenantPackUser(org.jeecg.modules.system.entity.SysTenantPackUser)>], Aspect: [org.jeecg.modules.aop.TenantPackUserLogAspect]
No bean found for concrete class: org.springframework.data.redis.core.RedisTemplate
No bean found for concrete class: org.jeecg.config.thirdapp.ThirdAppConfig
No bean found for concrete class: org.jeecg.config.thirdapp.ThirdAppConfig
No bean found for concrete class: org.jeecg.config.thirdapp.ThirdAppConfig
No bean found for concrete class: org.jeecg.config.thirdapp.ThirdAppConfig
No bean found for concrete class: org.jeecg.config.thirdapp.ThirdAppConfig
No bean found for concrete class: org.quartz.Scheduler
No bean found for concrete class: org.quartz.Scheduler
>>> AOP Match Found! Method: [<org.jeecg.modules.system.service.impl.SysUserServiceImpl: org.jeecg.common.system.vo.LoginUser getEncodeUserInfo(java.lang.String)>], Aspect: [org.jeecg.common.desensitization.aspect.SensitiveDataAspect]
No bean found for concrete class: org.jeecg.config.thirdapp.ThirdAppConfig
No bean found for concrete class: org.jeecg.config.thirdapp.ThirdAppConfig
No bean found for concrete class: org.jeecg.config.thirdapp.ThirdAppConfig
No bean found for concrete class: org.jeecg.config.thirdapp.ThirdAppConfig
No bean found for concrete class: org.springframework.data.redis.core.RedisTemplate
No bean found for concrete class: org.jeecg.config.thirdapp.ThirdAppConfig
No bean found for concrete class: org.quartz.Scheduler
No bean found for concrete class: org.quartz.Scheduler
No bean found for concrete class: org.springframework.data.redis.core.RedisTemplate
No bean found for concrete class: org.jeecg.config.thirdapp.ThirdAppConfig
No bean found for concrete class: org.jeecg.config.thirdapp.ThirdAppConfig
No bean found for concrete class: org.jeecg.common.util.RedisUtil
[Pointer analysis] elapsed time: 0.24s
Detected 14 taint flow(s):
TaintFlow{<org.jeecg.modules.api.controller.SystemApiController: java.util.List getDictItems(java.lang.String)>/0 -> <org.jeecg.modules.system.service.impl.SysDictServiceImpl: java.util.List queryDictItemsByCode(java.lang.String)>[4@L66] $r4 = invokeinterface $r3.queryDictItemsByCode(code)/0}
TaintFlow{<org.jeecg.modules.api.controller.SystemApiController: java.util.List queryDictItemsByCode(java.lang.String)>/0 -> <org.jeecg.modules.system.service.impl.SysDictServiceImpl: java.util.List queryDictItemsByCode(java.lang.String)>[4@L66] $r4 = invokeinterface $r3.queryDictItemsByCode(code)/0}
TaintFlow{<org.jeecg.modules.api.controller.SystemApiController: java.util.List queryEnableDictItemsByCode(java.lang.String)>/0 -> <org.jeecg.modules.system.service.impl.SysDictServiceImpl: java.util.List queryEnableDictItemsByCode(java.lang.String)>[4@L73] $r4 = invokeinterface $r3.queryEnableDictItemsByCode(code)/0}
TaintFlow{<org.jeecg.modules.api.controller.SystemApiController: java.util.Map getManyDictItems(java.util.List)>/0 -> <org.jeecg.modules.system.service.impl.SysDictServiceImpl: java.util.Map queryDictItemsByCodeList(java.util.List)>[1@L78] $r3 = invokeinterface $r2.queryDictItemsByCodeList(dictCodeList)/0}
TaintFlow{<org.jeecg.modules.api.controller.SystemApiController: java.util.Set getUserPermissionSet(java.lang.String)>/0 -> <org.jeecg.modules.system.service.impl.SysBaseApiImpl: java.util.Set getUserPermissionSet(java.lang.String)>[3@L851] $r4 = invokeinterface $r3.queryByUser(username)/0}
TaintFlow{<org.jeecg.modules.api.controller.SystemApiController: java.util.Set queryUserAuths(java.lang.String)>/0 -> <org.jeecg.modules.system.service.impl.SysUserServiceImpl: java.util.Set getUserPermissionsSet(java.lang.String)>[3@L319] $r4 = invokeinterface $r3.queryByUser(username)/0}
TaintFlow{<org.jeecg.modules.api.controller.SystemApiController: org.jeecg.common.system.vo.LoginUser getUserByName(java.lang.String)>/0 -> <org.jeecg.modules.system.service.impl.SysUserServiceImpl: org.jeecg.common.system.vo.LoginUser getEncodeUserInfo(java.lang.String)>[7@L723] $r4 = invokeinterface $r3.getUserByName(username)/0}
TaintFlow{<org.jeecg.modules.api.controller.SystemApiController: org.jeecg.common.system.vo.SysUserCacheInfo getCacheUser(java.lang.String)>/0 -> <org.jeecg.modules.system.service.impl.SysUserServiceImpl: org.jeecg.common.system.vo.LoginUser getEncodeUserInfo(java.lang.String)>[7@L723] $r4 = invokeinterface $r3.getUserByName(username)/0}
TaintFlow{<org.jeecg.modules.system.controller.SysAnnouncementSendController: org.jeecg.common.api.vo.Result getOne(java.lang.String)>/0 -> <org.jeecg.modules.system.service.impl.SysAnnouncementSendServiceImpl: org.jeecg.modules.system.model.AnnouncementSendModel getOne(java.lang.String)>[1@L41] $r3 = invokeinterface $r2.getOne(sendId)/0}
TaintFlow{<org.jeecg.modules.system.controller.SysDepartPermissionController: org.jeecg.common.api.vo.Result queryTreeListForDeptRole(java.lang.String,javax.servlet.http.HttpServletRequest)>/0 -> <org.jeecg.modules.system.service.impl.SysPermissionServiceImpl: java.util.List queryDepartPermissionList(java.lang.String)>[1@L277] $r3 = invokeinterface $r2.queryDepartPermissionList(departId)/0}
TaintFlow{<org.jeecg.modules.system.controller.SysDictController: org.jeecg.common.api.vo.Result getDictItems(java.lang.String,java.lang.String,javax.servlet.http.HttpServletRequest)>/0 -> <org.jeecg.modules.system.service.impl.SysDictServiceImpl: java.util.List queryDictItemsByCode(java.lang.String)>[4@L66] $r4 = invokeinterface $r3.queryDictItemsByCode(code)/0}
TaintFlow{<org.jeecg.modules.system.controller.SysPermissionController: org.jeecg.common.api.vo.Result queryAsync(java.lang.String)>/0 -> <org.jeecg.modules.system.service.impl.SysPermissionServiceImpl: java.util.List queryListByParentId(java.lang.String)>[1@L66] $r3 = invokeinterface $r2.queryListByParentId(parentId)/0}
TaintFlow{<org.jeecg.modules.system.controller.SysTenantController: org.jeecg.common.api.vo.Result invitationUser(java.lang.String)>/0 -> <org.jeecg.modules.system.service.impl.SysUserServiceImpl: org.jeecg.modules.system.entity.SysUser getUserByPhone(java.lang.String)>[1@L453] $r3 = invokeinterface $r2.getUserByPhone(phone)/0}
TaintFlow{<org.jeecg.modules.system.controller.SysTenantController: org.jeecg.common.api.vo.Result invitationUserJoin(java.lang.String,java.lang.String)>/1 -> <org.jeecg.modules.system.service.impl.SysUserServiceImpl: org.jeecg.modules.system.entity.SysUser getUserByPhone(java.lang.String)>[1@L453] $r3 = invokeinterface $r2.getUserByPhone(phone)/0}
TFGDumper starts ...
Source nodes:
VarNode{<org.jeecg.modules.system.controller.SysAnnouncementSendController: org.jeecg.common.api.vo.Result deleteBatch(java.lang.String)>/ids}
VarNode{<org.jeecg.modules.system.controller.SysDictController: org.jeecg.common.api.vo.Result loadTreeData(java.lang.String,java.lang.String,java.lang.String,java.lang.String,java.lang.String,java.lang.String,int,java.lang.String,java.lang.String,javax.servlet.http.HttpServletRequest)>/hasChildField}
VarNode{<org.jeecg.modules.system.controller.ThirdLoginController: java.lang.String oauth2LoginCallback(java.lang.String,java.lang.String,java.lang.String,java.lang.String,javax.servlet.http.HttpServletResponse)>/code}
VarNode{<org.jeecg.modules.system.controller.SysDepartController: org.jeecg.common.api.vo.Result listAll(java.lang.String)>/id}
VarNode{<org.jeecg.modules.demo.test.controller.JeecgOrderErpMainController: org.jeecg.common.api.vo.Result editTicket(org.jeecg.modules.demo.test.entity.JeecgOrderTicket)>/jeecgOrderTicket}
VarNode{<org.jeecg.modules.api.controller.SystemApiController: void sendAppChatSocket(java.lang.String)>/userId}
VarNode{<org.jeecg.modules.system.controller.SysDepartPermissionController: org.jeecg.common.api.vo.Result queryById(java.lang.String)>/id}
VarNode{<org.jeecg.modules.message.controller.SysMessageTemplateController: org.jeecg.common.api.vo.Result delete(java.lang.String)>/id}
VarNode{<org.jeecg.modules.demo.test.controller.JeecgOrderErpMainController: org.jeecg.common.api.vo.Result addCustomer(org.jeecg.modules.demo.test.entity.JeecgOrderCustomer)>/jeecgOrderCustomer}
VarNode{<org.jeecg.modules.system.controller.SysFillRuleController: org.jeecg.common.api.vo.Result executeByRuleCode(java.lang.String,com.alibaba.fastjson.JSONObject)>/ruleCode}
VarNode{<org.jeecg.modules.system.controller.SysDictController: org.jeecg.common.api.vo.Result delete(java.lang.String)>/id}
VarNode{<org.jeecg.modules.demo.test.controller.JoaDemoController: org.jeecg.common.api.vo.Result deleteBatch(java.lang.String)>/ids}
VarNode{<org.jeecg.modules.demo.test.controller.JeecgDemoController: org.jeecg.common.api.vo.Result edit(org.jeecg.modules.demo.test.entity.JeecgDemo)>/jeecgDemo}
VarNode{<org.jeecg.modules.system.controller.SysUserOnlineController: org.jeecg.common.api.vo.Result list(java.lang.String,java.lang.Integer,java.lang.Integer)>/pageSize}
VarNode{<org.jeecg.modules.system.controller.SysTenantController: org.jeecg.common.api.vo.Result cancelApplyTenant(java.lang.String)>/tenantId}
VarNode{<org.jeecg.modules.system.controller.SysTenantController: org.jeecg.common.api.vo.Result invitationUserJoin(java.lang.String,java.lang.String)>/ids}
VarNode{<org.jeecg.modules.system.controller.SysUserController: org.jeecg.common.api.vo.Result getUserDepartsList(java.lang.String)>/userId}
VarNode{<org.jeecg.modules.system.controller.SysPositionController: org.jeecg.common.api.vo.Result delete(java.lang.String)>/id}
VarNode{<org.jeecg.modules.system.controller.SysFillRuleController: org.jeecg.common.api.vo.Result executeByRuleCode(java.lang.String,com.alibaba.fastjson.JSONObject)>/formData}
VarNode{<org.jeecg.modules.system.controller.LoginController: org.jeecg.common.api.vo.Result scanLoginQrcode(java.lang.String,java.lang.String)>/token}
VarNode{<org.jeecg.modules.system.controller.SysUserController: org.jeecg.common.api.vo.Result queryByNames(java.lang.String)>/userNames}
VarNode{<org.jeecg.modules.system.controller.ThirdAppController: org.jeecg.common.api.vo.Result syncWechatEnterpriseDepartToLocal(java.lang.String)>/ids}
VarNode{<org.jeecg.modules.system.controller.SysCategoryController: org.jeecg.common.api.vo.Result loadTreeRoot(java.lang.Boolean,java.lang.String)>/pcode}
VarNode{<org.jeecg.modules.system.controller.SysCategoryController: org.jeecg.common.api.vo.Result queryById(java.lang.String)>/id}
VarNode{<org.jeecg.modules.system.controller.SysFillRuleController: org.jeecg.common.api.vo.Result executeByRuleCodeBatch(com.alibaba.fastjson.JSONObject)>/ruleData}
VarNode{<org.jeecg.modules.system.controller.SysUserController: org.jeecg.common.api.vo.Result getUpdateDepartInfo(java.lang.String)>/id}
VarNode{<org.jeecg.modules.system.controller.SysUserController: org.jeecg.common.api.vo.Result deleteUserInDepart(java.lang.String,java.lang.String)>/depId}
VarNode{<org.jeecg.modules.system.controller.SysDepartController: org.jeecg.common.api.vo.Result add(org.jeecg.modules.system.entity.SysDepart,javax.servlet.http.HttpServletRequest)>/sysDepart}
VarNode{<org.jeecg.modules.system.controller.SysDepartRoleController: org.jeecg.common.api.vo.Result getDeptRoleList(java.lang.String,java.lang.String)>/userId}
VarNode{<org.jeecg.modules.api.controller.SystemApiController: java.util.List queryDictItemsByCode(java.lang.String)>/code}
VarNode{<org.jeecg.modules.system.controller.SysPositionController: org.jeecg.common.api.vo.Result queryPageList(org.jeecg.modules.system.entity.SysPosition,java.lang.Integer,java.lang.Integer,javax.servlet.http.HttpServletRequest)>/pageNo}
VarNode{<org.jeecg.modules.message.controller.SysMessageController: org.jeecg.common.api.vo.Result queryPageList(org.jeecg.modules.message.entity.SysMessage,java.lang.Integer,java.lang.Integer,javax.servlet.http.HttpServletRequest)>/pageNo}
VarNode{<org.jeecg.modules.system.controller.SysTenantController: org.jeecg.common.api.vo.Result editOwnTenant(org.jeecg.modules.system.entity.SysTenant,javax.servlet.http.HttpServletRequest)>/tenant}
VarNode{<org.jeecg.modules.system.controller.SysDictController: org.jeecg.common.api.vo.Result loadTreeData(java.lang.String,java.lang.String,java.lang.String,java.lang.String,java.lang.String,java.lang.String,int,java.lang.String,java.lang.String,javax.servlet.http.HttpServletRequest)>/pid}
VarNode{<org.jeecg.modules.system.controller.SysAnnouncementSendController: org.jeecg.common.api.vo.Result queryPageList(org.jeecg.modules.system.entity.SysAnnouncementSend,java.lang.Integer,java.lang.Integer,javax.servlet.http.HttpServletRequest)>/pageSize}
VarNode{<org.jeecg.modules.api.controller.SystemApiController: java.util.List queryTableDictByKeys(java.lang.String,java.lang.String,java.lang.String,java.lang.String[])>/table}
VarNode{<org.jeecg.modules.system.controller.SysTenantController: org.jeecg.common.api.vo.Result queryPackPageList(org.jeecg.modules.system.entity.SysTenantPack,java.lang.Integer,java.lang.Integer,javax.servlet.http.HttpServletRequest)>/pageNo}
VarNode{<org.jeecg.modules.system.controller.SysUserController: org.jeecg.common.api.vo.Result deleteBatch(java.lang.String)>/ids}
VarNode{<org.jeecg.modules.demo.test.controller.JeecgOrderMainController: org.jeecg.common.api.vo.Result add(org.jeecg.modules.demo.test.vo.JeecgOrderMainPage)>/jeecgOrderMainPage}
VarNode{<org.jeecg.modules.system.controller.SysDictController: org.jeecg.common.api.vo.Result back(java.lang.String)>/id}
VarNode{<org.jeecg.modules.system.controller.SysUserController: org.jeecg.common.api.vo.Result putCancelQuit(com.alibaba.fastjson.JSONObject,javax.servlet.http.HttpServletRequest)>/jsonObject}
VarNode{<org.jeecg.modules.demo.test.controller.JeecgDynamicDataController: org.jeecg.common.api.vo.Result selectSpelByKey(java.lang.String)>/dsName}
VarNode{<org.jeecg.modules.system.controller.SysAnnouncementSendController: org.jeecg.common.api.vo.Result getMyAnnouncementSend(org.jeecg.modules.system.model.AnnouncementSendModel,java.lang.Integer,java.lang.Integer)>/pageSize}
VarNode{<org.jeecg.modules.demo.test.controller.JeecgOrderErpMainController: org.jeecg.common.api.vo.Result edit(org.jeecg.modules.demo.test.vo.JeecgOrderMainPage)>/jeecgOrderMainPage}
VarNode{<org.jeecg.modules.system.controller.SysUserController: org.jeecg.common.api.vo.Result queryAllPageList(org.jeecg.modules.system.entity.SysUser,java.lang.Integer,java.lang.Integer,javax.servlet.http.HttpServletRequest)>/pageNo}
VarNode{<org.jeecg.modules.system.controller.SysRoleController: org.jeecg.common.api.vo.Result queryById(java.lang.String)>/id}
VarNode{<org.jeecg.modules.quartz.controller.QuartzJobController: org.jeecg.common.api.vo.Result eidt(org.jeecg.modules.quartz.entity.QuartzJob)>/quartzJob}
VarNode{<org.jeecg.modules.demo.test.controller.JeecgDemoController: org.jeecg.common.api.vo.Result testOnlineAdd(com.alibaba.fastjson.JSONObject)>/json}
VarNode{<org.jeecg.modules.system.controller.SysTenantController: org.jeecg.common.api.vo.Result getTenantListByUserId(java.lang.String)>/userTenantStatus}
VarNode{<org.jeecg.modules.system.controller.SysDictController: org.jeecg.common.api.vo.Result treeList(org.jeecg.modules.system.entity.SysDict,java.lang.Integer,java.lang.Integer,javax.servlet.http.HttpServletRequest)>/pageSize}
VarNode{<org.jeecg.modules.quartz.controller.QuartzJobController: org.jeecg.common.api.vo.Result delete(java.lang.String)>/id}
VarNode{<org.jeecg.modules.system.controller.SysUserController: org.jeecg.common.api.vo.Result queryUserComponentData(java.lang.Integer,java.lang.Integer,java.lang.String,java.lang.String,java.lang.String,java.lang.String)>/id}
VarNode{<org.jeecg.modules.demo.test.controller.JeecgDemoController: org.jeecg.common.api.vo.Result oneNativeList(java.lang.Integer,java.lang.Integer)>/pageNo}
VarNode{<org.jeecg.modules.system.controller.SysUserAgentController: org.jeecg.common.api.vo.Result delete(java.lang.String)>/id}
VarNode{<org.jeecg.modules.demo.test.controller.JoaDemoController: org.jeecg.common.api.vo.Result queryPageList(org.jeecg.modules.demo.test.entity.JoaDemo,java.lang.Integer,java.lang.Integer,javax.servlet.http.HttpServletRequest)>/pageSize}
VarNode{<org.jeecg.modules.system.controller.SysDepartController: org.jeecg.common.api.vo.Result deleteBatch(java.lang.String)>/ids}
VarNode{<org.jeecg.modules.system.controller.SysCheckRuleController: org.jeecg.common.api.vo.Result checkByCode(java.lang.String,java.lang.String)>/value}
VarNode{<org.jeecg.modules.system.controller.SysUserController: org.jeecg.common.api.vo.Result userRoleList(java.lang.Integer,java.lang.Integer,javax.servlet.http.HttpServletRequest)>/pageNo}
VarNode{<org.jeecg.modules.api.controller.SystemApiController: java.util.List queryFilterTableDictInfo(java.lang.String,java.lang.String,java.lang.String,java.lang.String)>/table}
VarNode{<org.jeecg.modules.api.controller.SystemApiController: void sendBusTemplateAnnouncement(org.jeecg.common.api.dto.message.BusTemplateMessageDTO)>/message}
VarNode{<org.jeecg.modules.system.controller.SysRoleIndexController: org.jeecg.common.api.vo.Result queryById(java.lang.String)>/id}
VarNode{<org.jeecg.modules.quartz.controller.QuartzJobController: org.jeecg.common.api.vo.Result queryById(java.lang.String)>/id}
VarNode{<org.jeecg.modules.message.controller.SysMessageTemplateController: org.jeecg.common.api.vo.Result queryPageList(org.jeecg.modules.message.entity.SysMessageTemplate,java.lang.Integer,java.lang.Integer,javax.servlet.http.HttpServletRequest)>/pageSize}
VarNode{<org.jeecg.modules.system.controller.SysUserController: org.jeecg.common.api.vo.Result appUserList(java.lang.String,java.lang.String,java.lang.Integer,java.lang.Integer,java.lang.String)>/keyword}
VarNode{<org.jeecg.modules.system.controller.SysRoleIndexController: org.jeecg.common.api.vo.Result queryByCode(java.lang.String,javax.servlet.http.HttpServletRequest)>/roleCode}
VarNode{<org.jeecg.modules.demo.test.controller.JeecgOrderErpMainController: org.jeecg.common.api.vo.Result deleteTicket(java.lang.String)>/id}
VarNode{<org.jeecg.modules.demo.test.controller.JeecgOrderErpMainController: org.jeecg.common.api.vo.Result addTicket(org.jeecg.modules.demo.test.entity.JeecgOrderTicket)>/jeecgOrderTicket}
VarNode{<org.jeecg.modules.dlglong.controller.DlMockController: org.jeecg.common.api.vo.Result getMockDdjhData(org.jeecg.modules.dlglong.entity.MockEntity,java.lang.Integer,java.lang.Integer,java.lang.String,java.lang.String,java.lang.String,java.lang.String,javax.servlet.http.HttpServletRequest)>/parentId}
VarNode{<org.jeecg.modules.system.controller.SysUserAgentController: org.jeecg.common.api.vo.Result deleteBatch(java.lang.String)>/ids}
VarNode{<org.jeecg.modules.api.controller.SystemApiController: void sendBusAnnouncement(org.jeecg.common.api.dto.message.BusMessageDTO)>/message}
VarNode{<org.jeecg.modules.api.controller.SystemApiController: void sendEmailMsg(java.lang.String,java.lang.String,java.lang.String)>/content}
VarNode{<org.jeecg.modules.system.controller.SysDictController: org.jeecg.common.api.vo.Result getDictItems(java.lang.String,java.lang.String,javax.servlet.http.HttpServletRequest)>/dictCode}
VarNode{<org.jeecg.modules.system.controller.SysDictController: org.jeecg.common.api.vo.Result loadTreeData(java.lang.String,java.lang.String,java.lang.String,java.lang.String,java.lang.String,java.lang.String,int,java.lang.String,java.lang.String,javax.servlet.http.HttpServletRequest)>/pidField}
VarNode{<org.jeecg.modules.system.controller.SysUserController: org.jeecg.common.api.vo.Result batchEditUsers(com.alibaba.fastjson.JSONObject)>/jsonObject}
VarNode{<org.jeecg.modules.system.controller.SysTenantController: org.jeecg.common.api.vo.Result queryTenantPackUserList(java.lang.String,java.lang.String,java.lang.Integer,java.lang.Integer,java.lang.Integer)>/tenantId}
VarNode{<org.jeecg.modules.system.controller.SysDictItemController: org.jeecg.common.api.vo.Result edit(org.jeecg.modules.system.entity.SysDictItem)>/sysDictItem}
VarNode{<org.jeecg.modules.system.controller.SysTenantController: org.jeecg.common.api.vo.Result getTenantUserList(org.jeecg.modules.system.entity.SysUser,java.lang.Integer,java.lang.Integer,java.lang.String,javax.servlet.http.HttpServletRequest)>/pageSize}
VarNode{<org.jeecg.modules.system.controller.SysRoleIndexController: org.jeecg.common.api.vo.Result add(org.jeecg.modules.system.entity.SysRoleIndex,javax.servlet.http.HttpServletRequest)>/sysRoleIndex}
VarNode{<org.jeecg.modules.demo.mock.vxe.controller.VxeMockController: org.jeecg.common.api.vo.Result mockImmediateSaveRow(com.alibaba.fastjson.JSONObject)>/rowData}
VarNode{<org.jeecg.modules.system.controller.SysCommentController: org.jeecg.common.api.vo.Result delete(java.lang.String)>/id}
VarNode{<org.jeecg.modules.system.controller.SysUserController: org.jeecg.common.api.vo.Result userEdit(org.jeecg.modules.system.entity.SysUser,javax.servlet.http.HttpServletRequest)>/sysUser}
VarNode{<org.jeecg.modules.system.controller.SysPermissionController: org.jeecg.common.api.vo.Result checkPermDuplication(java.lang.String,java.lang.String,java.lang.Boolean)>/url}
VarNode{<org.jeecg.modules.api.controller.SystemApiController: java.util.Map translateManyDict(java.lang.String,java.lang.String)>/dictCodes}
VarNode{<org.jeecg.modules.system.controller.SysRoleIndexController: org.jeecg.common.api.vo.Result deleteBatch(java.lang.String)>/ids}
VarNode{<org.jeecg.modules.demo.test.controller.JeecgOrderErpMainController: org.jeecg.common.api.vo.Result editCustomer(org.jeecg.modules.demo.test.entity.JeecgOrderCustomer)>/jeecgOrderCustomer}
VarNode{<org.jeecg.modules.system.controller.SysDictController: org.jeecg.common.api.vo.Result loadDictItem(java.lang.String,java.lang.String,java.lang.String,boolean,javax.servlet.http.HttpServletRequest)>/dictCode}
VarNode{<org.jeecg.modules.demo.test.controller.JeecgOrderErpMainController: org.jeecg.common.api.vo.Result queryById(java.lang.String)>/id}
VarNode{<org.jeecg.modules.system.controller.SysDictController: org.jeecg.common.api.vo.Result loadDictItem(java.lang.String,java.lang.String,java.lang.String,boolean,javax.servlet.http.HttpServletRequest)>/keys}
VarNode{<org.jeecg.modules.system.controller.SysUserController: org.jeecg.common.api.vo.Result getUserInformation(java.lang.Integer,java.lang.Integer,java.lang.String,java.lang.String)>/pageNo}
VarNode{<org.jeecg.modules.system.controller.SysUserController: org.jeecg.common.api.vo.Result deleteUserRole(java.lang.String,java.lang.String)>/userId}
VarNode{<org.jeecg.modules.system.controller.SysUserOnlineController: org.jeecg.common.api.vo.Result list(java.lang.String,java.lang.Integer,java.lang.Integer)>/username}
VarNode{<org.jeecg.modules.system.controller.SysDepartController: org.jeecg.common.api.vo.Result edit(org.jeecg.modules.system.entity.SysDepart,javax.servlet.http.HttpServletRequest)>/sysDepart}
VarNode{<org.jeecg.modules.system.controller.SysDataSourceController: org.jeecg.common.api.vo.Result queryPageList(org.jeecg.modules.system.entity.SysDataSource,java.lang.Integer,java.lang.Integer,javax.servlet.http.HttpServletRequest)>/pageSize}
VarNode{<org.jeecg.modules.system.controller.SysUserController: org.jeecg.common.api.vo.Result appUserList(java.lang.String,java.lang.String,java.lang.Integer,java.lang.Integer,java.lang.String)>/pageSize}
VarNode{<org.jeecg.modules.system.controller.SysPermissionController: org.jeecg.common.api.vo.Result checkPermDuplication(java.lang.String,java.lang.String,java.lang.Boolean)>/alwaysShow}
VarNode{<org.jeecg.modules.system.controller.SysUserController: org.jeecg.common.api.vo.Result queryByOrgCodeForAddressList(java.lang.Integer,java.lang.Integer,java.lang.String,org.jeecg.modules.system.entity.SysUser)>/pageNo}
VarNode{<org.jeecg.modules.api.controller.SystemApiController: java.util.List queryUsersByIds(java.lang.String)>/ids}
VarNode{<org.jeecg.modules.api.controller.SystemApiController: java.util.List queryUsersByUsernames(java.lang.String)>/usernames}
VarNode{<org.jeecg.modules.system.controller.SysRoleController: org.jeecg.common.api.vo.Result loadDatarule(java.lang.String,java.lang.String)>/roleId}
VarNode{<org.jeecg.modules.api.controller.SystemApiController: java.util.Set queryUserAuths(java.lang.String)>/username}
VarNode{<org.jeecg.modules.demo.test.controller.JeecgOrderMainController: org.jeecg.common.api.vo.Result queryPageList(org.jeecg.modules.demo.test.entity.JeecgOrderMain,java.lang.Integer,java.lang.Integer,javax.servlet.http.HttpServletRequest)>/pageNo}
VarNode{<org.jeecg.modules.message.controller.SysMessageTemplateController: org.jeecg.common.api.vo.Result deleteBatch(java.lang.String)>/ids}
VarNode{<org.jeecg.modules.system.controller.SysUserController: org.jeecg.common.api.vo.Result userRegister(com.alibaba.fastjson.JSONObject,org.jeecg.modules.system.entity.SysUser)>/jsonObject}
VarNode{<org.jeecg.modules.system.controller.SysRoleController: org.jeecg.common.api.vo.Result delete(java.lang.String)>/id}
VarNode{<org.jeecg.modules.api.controller.SystemApiController: void meetingSignWebsocket(java.lang.String)>/userId}
VarNode{<org.jeecg.modules.api.controller.SystemApiController: java.util.List getDeptHeadByDepId(java.lang.String)>/deptId}
VarNode{<org.jeecg.modules.system.controller.SysCategoryController: org.jeecg.common.api.vo.Result loadAllData(java.lang.String)>/code}
VarNode{<org.jeecg.modules.api.controller.SystemApiController: void sendEmailMsg(java.lang.String,java.lang.String,java.lang.String)>/title}
VarNode{<org.jeecg.modules.api.controller.SystemApiController: java.util.List queryPermissionDataRule(java.lang.String,java.lang.String,java.lang.String)>/component}
VarNode{<org.jeecg.modules.api.controller.SystemApiController: java.util.List queryTableDictItemsByCode(java.lang.String,java.lang.String,java.lang.String)>/table}
VarNode{<org.jeecg.modules.demo.test.controller.JeecgOrderErpMainController: org.jeecg.common.api.vo.Result deleteBatchTicket(java.lang.String)>/ids}
VarNode{<org.jeecg.modules.demo.test.controller.JeecgDemoController: org.jeecg.common.api.vo.Result list(org.jeecg.modules.demo.test.entity.JeecgDemo,java.lang.Integer,java.lang.Integer,javax.servlet.http.HttpServletRequest)>/pageSize}
VarNode{<org.jeecg.modules.dlglong.controller.DlMockController: org.jeecg.common.api.vo.Result getMockDdjhData(org.jeecg.modules.dlglong.entity.MockEntity,java.lang.Integer,java.lang.Integer,java.lang.String,java.lang.String,java.lang.String,java.lang.String,javax.servlet.http.HttpServletRequest)>/superQueryParams}
VarNode{<org.jeecg.modules.system.controller.SysFilesController: org.jeecg.common.api.vo.Result edit(org.jeecg.modules.system.entity.SysFiles)>/sysFiles}
VarNode{<org.jeecg.modules.api.controller.SystemApiController: java.util.List queryTableDictByKeys(java.lang.String,java.lang.String,java.lang.String,java.lang.String[])>/keyArray}
VarNode{<org.jeecg.modules.system.controller.LoginController: org.jeecg.common.api.vo.Result phoneLogin(com.alibaba.fastjson.JSONObject)>/jsonObject}
VarNode{<org.jeecg.modules.api.controller.SystemApiController: void updateSysAnnounReadFlag(java.lang.String,java.lang.String)>/busId}
VarNode{<org.jeecg.modules.api.controller.SystemApiController: java.lang.String translateDictFromTable(java.lang.String,java.lang.String,java.lang.String,java.lang.String)>/code}
VarNode{<org.jeecg.modules.api.controller.SystemApiController: java.util.List loadDictItem(java.lang.String,java.lang.String)>/keys}
VarNode{<org.jeecg.modules.system.controller.SysUserController: org.jeecg.common.api.vo.Result searchByKeyword(java.lang.String)>/keyword}
VarNode{<org.jeecg.modules.system.controller.SysTenantController: org.jeecg.common.api.vo.Result deleteTenantPackUser(org.jeecg.modules.system.entity.SysTenantPackUser)>/sysTenantPackUser}
VarNode{<org.jeecg.modules.demo.mock.MockController: java.lang.String getJsonData(java.lang.String)>/filename}
VarNode{<org.jeecg.modules.system.controller.SysUserController: org.jeecg.common.api.vo.Result queryByDepartId(java.lang.Integer,java.lang.Integer,java.lang.String,org.jeecg.modules.system.entity.SysUser)>/orgCode}
VarNode{<org.jeecg.modules.system.controller.SysLogController: org.jeecg.common.api.vo.Result delete(java.lang.String)>/id}
VarNode{<org.jeecg.modules.system.controller.SysUserAgentController: org.jeecg.common.api.vo.Result add(org.jeecg.modules.system.entity.SysUserAgent)>/sysUserAgent}
VarNode{<org.jeecg.modules.system.controller.SysRoleIndexController: org.jeecg.common.api.vo.Result queryPageList(org.jeecg.modules.system.entity.SysRoleIndex,java.lang.Integer,java.lang.Integer,javax.servlet.http.HttpServletRequest)>/pageSize}
VarNode{<org.jeecg.modules.system.controller.SysRoleIndexController: org.jeecg.common.api.vo.Result delete(java.lang.String)>/id}
VarNode{<org.jeecg.modules.system.controller.SysDepartRoleController: org.jeecg.common.api.vo.Result loadDatarule(java.lang.String,java.lang.String,java.lang.String)>/roleId}
VarNode{<org.jeecg.modules.api.controller.SystemApiController: java.lang.String translateDictFromTable(java.lang.String,java.lang.String,java.lang.String,java.lang.String)>/text}
VarNode{<org.jeecg.modules.api.controller.SystemApiController: com.alibaba.fastjson.JSONObject queryAllUser(java.lang.String,java.lang.Integer,int)>/pageSize}
VarNode{<org.jeecg.modules.system.controller.ThirdAppController: org.jeecg.common.api.vo.Result syncWechatEnterpriseUserToLocal(java.lang.String)>/ids}
VarNode{<org.jeecg.modules.demo.mock.vxe.controller.VxeMockController: org.jeecg.common.api.vo.Result mockChange1(java.lang.String,java.lang.String)>/status}
VarNode{<org.jeecg.modules.system.controller.SysCategoryController: org.jeecg.common.api.vo.Result loadDictItem(java.lang.String,boolean)>/ids}
VarNode{<org.jeecg.modules.system.controller.SysDictItemController: org.jeecg.common.api.vo.Result queryPageList(org.jeecg.modules.system.entity.SysDictItem,java.lang.Integer,java.lang.Integer,javax.servlet.http.HttpServletRequest)>/pageNo}
VarNode{<org.jeecg.modules.api.controller.SystemApiController: void updateSysAnnounReadFlag(java.lang.String,java.lang.String)>/busType}
VarNode{<org.jeecg.modules.system.controller.SysFormFileController: org.jeecg.common.api.vo.Result delete(java.lang.String)>/id}
VarNode{<org.jeecg.modules.system.controller.SysUserController: org.jeecg.common.api.vo.Result appQueryUser(java.lang.String,java.lang.Integer,java.lang.Integer)>/pageSize}
VarNode{<org.jeecg.modules.system.controller.SysDictController: org.jeecg.common.api.vo.Result queryPageList(org.jeecg.modules.system.entity.SysDict,java.lang.Integer,java.lang.Integer,javax.servlet.http.HttpServletRequest)>/pageSize}
VarNode{<org.jeecg.modules.system.controller.SysDepartRoleController: org.jeecg.common.api.vo.Result getDeptRoleByUserId(java.lang.String,java.lang.String)>/departId}
VarNode{<org.jeecg.modules.system.controller.SysDataLogController: org.jeecg.common.api.vo.Result queryPageList(org.jeecg.modules.system.entity.SysDataLog,java.lang.Integer,java.lang.Integer,javax.servlet.http.HttpServletRequest)>/pageSize}
VarNode{<org.jeecg.modules.system.controller.SysDepartController: org.jeecg.common.api.vo.Result getDepartName(java.lang.String)>/orgCode}
VarNode{<org.jeecg.modules.quartz.controller.QuartzJobController: org.jeecg.common.api.vo.Result resumeJob(java.lang.String)>/id}
VarNode{<org.jeecg.modules.system.controller.SysUserController: org.jeecg.common.api.vo.Result queryAllPageList(org.jeecg.modules.system.entity.SysUser,java.lang.Integer,java.lang.Integer,javax.servlet.http.HttpServletRequest)>/pageSize}
VarNode{<org.jeecg.modules.demo.test.controller.JeecgOrderErpMainController: org.jeecg.common.api.vo.Result queryOrderCustomerListByMainId(org.jeecg.modules.demo.test.entity.JeecgOrderCustomer,java.lang.Integer,java.lang.Integer,javax.servlet.http.HttpServletRequest)>/pageNo}
VarNode{<org.jeecg.modules.dlglong.controller.DlMockController: org.jeecg.common.api.vo.Result mockChange3(java.lang.String,java.lang.String)>/id}
VarNode{<org.jeecg.modules.api.controller.SystemApiController: com.alibaba.fastjson.JSONObject queryAllUser(java.lang.String,java.lang.Integer,int)>/userIds}
VarNode{<org.jeecg.modules.api.controller.SystemApiController: java.lang.String translateDictFromTable(java.lang.String,java.lang.String,java.lang.String,java.lang.String)>/key}
VarNode{<org.jeecg.modules.system.controller.SysUserController: org.jeecg.common.api.vo.Result changePassword(org.jeecg.modules.system.entity.SysUser)>/sysUser}
VarNode{<org.jeecg.modules.system.controller.SysAnnouncementSendController: org.jeecg.common.api.vo.Result editById(com.alibaba.fastjson.JSONObject)>/json}
VarNode{<org.jeecg.modules.api.controller.SystemApiController: java.util.List queryUserByNames(java.lang.String[])>/userNames}
VarNode{<org.jeecg.modules.system.controller.SysAnnouncementSendController: org.jeecg.common.api.vo.Result queryById(java.lang.String)>/id}
VarNode{<org.jeecg.modules.system.controller.SysUserController: org.jeecg.common.api.vo.Result userQuitAgent(org.jeecg.modules.system.entity.SysUserAgent)>/sysUserAgent}
VarNode{<org.jeecg.modules.system.controller.SysUserController: org.jeecg.common.api.vo.Result appEdit(javax.servlet.http.HttpServletRequest,com.alibaba.fastjson.JSONObject)>/jsonObject}
VarNode{<org.jeecg.modules.system.controller.SysUserAgentController: org.jeecg.common.api.vo.Result queryPageList(org.jeecg.modules.system.entity.SysUserAgent,java.lang.Integer,java.lang.Integer,javax.servlet.http.HttpServletRequest)>/pageNo}
VarNode{<org.jeecg.modules.system.controller.LoginController: org.jeecg.common.api.vo.Result sms(com.alibaba.fastjson.JSONObject)>/jsonObject}
VarNode{<org.jeecg.modules.system.controller.SysDictController: org.jeecg.common.api.vo.Result loadDictOrderByValue(java.lang.String,java.lang.String,java.lang.String,java.lang.Integer)>/pageSize}
VarNode{<org.jeecg.modules.system.controller.SysDictController: org.jeecg.common.api.vo.Result loadDictOrderByValue(java.lang.String,java.lang.String,java.lang.String,java.lang.Integer)>/sign}
VarNode{<org.jeecg.modules.system.controller.SysCommentController: org.jeecg.common.api.vo.Result queryPageList(org.jeecg.modules.system.entity.SysComment,java.lang.Integer,java.lang.Integer,javax.servlet.http.HttpServletRequest)>/pageNo}
VarNode{<org.jeecg.modules.system.controller.SysUserController: org.jeecg.common.api.vo.Result editTenantUser(org.jeecg.modules.system.entity.SysUser,javax.servlet.http.HttpServletRequest)>/sysUser}
VarNode{<org.jeecg.modules.system.controller.SysTenantController: org.jeecg.common.api.vo.Result add(org.jeecg.modules.system.entity.SysTenant)>/sysTenant}
VarNode{<org.jeecg.modules.system.controller.LoginController: org.jeecg.common.api.vo.Result randomImage(javax.servlet.http.HttpServletResponse,java.lang.String)>/key}
VarNode{<org.jeecg.modules.system.controller.SysCheckRuleController: org.jeecg.common.api.vo.Result queryPageList(org.jeecg.modules.system.entity.SysCheckRule,java.lang.Integer,java.lang.Integer,javax.servlet.http.HttpServletRequest)>/pageSize}
VarNode{<org.jeecg.modules.system.controller.SysTenantController: org.jeecg.common.api.vo.Result getUserTenantPageList(java.lang.Integer,java.lang.Integer,java.lang.String,java.lang.String,org.jeecg.modules.system.entity.SysUser,javax.servlet.http.HttpServletRequest)>/pageNo}
VarNode{<org.jeecg.modules.api.controller.SystemApiController: java.lang.String translateDict(java.lang.String,java.lang.String)>/key}
VarNode{<org.jeecg.modules.demo.mock.vxe.controller.VxeMockController: org.jeecg.common.api.vo.Result mockChange1(java.lang.String,java.lang.String)>/id}
VarNode{<org.jeecg.modules.api.controller.SystemApiController: java.util.List queryFilterTableDictInfo(java.lang.String,java.lang.String,java.lang.String,java.lang.String)>/filterSql}
VarNode{<org.jeecg.modules.system.controller.SysUserController: org.jeecg.common.api.vo.Result changMobile(com.alibaba.fastjson.JSONObject,javax.servlet.http.HttpServletRequest)>/json}
VarNode{<org.jeecg.common.system.query.QueryGenerator: java.text.SimpleDateFormat getTime()>/$r1}
VarNode{<org.jeecg.modules.api.controller.SystemApiController: java.lang.String getDepartIdsByOrgCode(java.lang.String)>/orgCode}
VarNode{<org.jeecg.modules.system.controller.SysUserAgentController: org.jeecg.common.api.vo.Result queryByUserName(java.lang.String)>/userName}
VarNode{<org.jeecg.modules.system.controller.SysDepartRoleController: org.jeecg.common.api.vo.Result loadDatarule(java.lang.String,java.lang.String,java.lang.String)>/permissionId}
VarNode{<org.jeecg.modules.demo.test.controller.JeecgOrderErpMainController: org.jeecg.common.api.vo.Result queryOrderTicketListByMainId(org.jeecg.modules.demo.test.entity.JeecgOrderTicket,java.lang.Integer,java.lang.Integer,javax.servlet.http.HttpServletRequest)>/pageSize}
VarNode{<org.jeecg.modules.system.controller.SysUserController: org.jeecg.common.api.vo.Result deleteUserRole(java.lang.String,java.lang.String)>/roleId}
VarNode{<org.jeecg.modules.system.controller.SysDepartController: org.jeecg.common.api.vo.Result searchBy(java.lang.String,java.lang.String)>/keyWord}
VarNode{<org.jeecg.modules.system.controller.SysCheckRuleController: org.jeecg.common.api.vo.Result queryById(java.lang.String)>/id}
VarNode{<org.jeecg.modules.system.controller.SysUserController: org.jeecg.common.api.vo.Result selectUserList(java.lang.Integer,java.lang.Integer,java.lang.String,java.lang.String,java.lang.String)>/pageSize}
VarNode{<org.jeecg.modules.system.controller.SysDepartController: org.jeecg.common.api.vo.Result queryTreeByKeyWord(java.lang.String)>/keyWord}
VarNode{<org.jeecg.modules.system.controller.SysUserController: org.jeecg.common.api.vo.Result appQueryUser(java.lang.String,java.lang.Integer,java.lang.Integer)>/keyword}
VarNode{<org.jeecg.modules.system.controller.SysTenantController: org.jeecg.common.api.vo.Result deletePackPermissions(java.lang.String)>/ids}
VarNode{<org.jeecg.modules.system.controller.SysCategoryController: org.jeecg.common.api.vo.Result loadDictItem(java.lang.String,boolean)>/delNotExist}
VarNode{<org.jeecg.modules.system.controller.SysAnnouncementController: org.jeecg.common.api.vo.Result vue3List(java.lang.String,java.lang.String,java.lang.String,java.lang.String,java.lang.String,java.lang.Integer,java.lang.Integer)>/rangeDateKey}
VarNode{<org.jeecg.modules.system.controller.SysCheckRuleController: org.jeecg.common.api.vo.Result delete(java.lang.String)>/id}
VarNode{<org.jeecg.modules.system.controller.SysDictController: org.jeecg.common.api.vo.Result loadTreeData(java.lang.String,java.lang.String,java.lang.String,java.lang.String,java.lang.String,java.lang.String,int,java.lang.String,java.lang.String,javax.servlet.http.HttpServletRequest)>/code}
VarNode{<org.jeecg.common.util.DateUtils: java.lang.String formatDate()>/$r1}
VarNode{<org.jeecg.modules.demo.test.controller.JoaDemoController: org.jeecg.common.api.vo.Result edit(org.jeecg.modules.demo.test.entity.JoaDemo)>/joaDemo}
VarNode{<org.jeecg.modules.system.controller.SysCategoryController: org.jeecg.common.api.vo.Result getChildListBatch(java.lang.String)>/parentIds}
VarNode{<org.jeecg.modules.system.controller.SysAnnouncementController: org.jeecg.common.api.vo.Result getLastAnnountTime(java.lang.String)>/userId}
VarNode{<org.jeecg.modules.demo.test.controller.JeecgDemoController: org.jeecg.common.api.vo.Result loadMpPermissonList(java.lang.Integer,java.lang.Integer,javax.servlet.http.HttpServletRequest)>/pageSize}
VarNode{<org.jeecg.modules.system.controller.SysDepartRoleController: org.jeecg.common.api.vo.Result queryPageList(org.jeecg.modules.system.entity.SysDepartRole,java.lang.Integer,java.lang.Integer,java.lang.String,javax.servlet.http.HttpServletRequest)>/pageSize}
VarNode{<org.jeecg.modules.quartz.controller.QuartzJobController: org.jeecg.common.api.vo.Result execute(java.lang.String)>/id}
VarNode{<org.jeecg.modules.system.controller.SysUserController: org.jeecg.common.api.vo.Result queryByDepartId(java.lang.Integer,java.lang.Integer,java.lang.String,org.jeecg.modules.system.entity.SysUser)>/pageNo}
VarNode{<org.jeecg.modules.system.controller.SysDictController: org.jeecg.common.api.vo.Result deletePhysic(java.lang.String)>/id}
VarNode{<org.jeecg.modules.dlglong.controller.DlMockController: org.jeecg.common.api.vo.Result mockChange4(java.lang.String)>/status}
VarNode{<org.jeecg.modules.system.controller.ThirdAppController: org.jeecg.common.api.vo.Result syncWechatEnterpriseDepartToApp(java.lang.String)>/ids}
VarNode{<org.jeecg.modules.system.controller.SysRoleIndexController: org.jeecg.common.api.vo.Result queryPageList(org.jeecg.modules.system.entity.SysRoleIndex,java.lang.Integer,java.lang.Integer,javax.servlet.http.HttpServletRequest)>/pageNo}
VarNode{<org.jeecg.modules.system.controller.SysTenantController: org.jeecg.common.api.vo.Result loadAdminPackCount(java.lang.Integer)>/tenantId}
VarNode{<org.jeecg.modules.system.controller.SysAnnouncementController: org.jeecg.common.api.vo.Result delete(java.lang.String)>/id}
VarNode{<org.jeecg.modules.api.controller.SystemApiController: java.util.List loadCategoryDictItem(java.lang.String)>/ids}
VarNode{<org.jeecg.modules.system.controller.SysUserController: org.jeecg.common.api.vo.Result queryPageList(org.jeecg.modules.system.entity.SysUser,java.lang.Integer,java.lang.Integer,javax.servlet.http.HttpServletRequest)>/pageNo}
VarNode{<org.jeecg.modules.system.controller.SysUserController: org.jeecg.common.api.vo.Result selectUserList(java.lang.Integer,java.lang.Integer,java.lang.String,java.lang.String,java.lang.String)>/keyword}
VarNode{<org.jeecg.modules.system.controller.SysTenantController: org.jeecg.common.api.vo.Result cancelTenant(org.jeecg.modules.system.entity.SysTenant,javax.servlet.http.HttpServletRequest)>/sysTenant}
VarNode{<org.jeecg.modules.system.controller.SysDataSourceController: org.jeecg.common.api.vo.Result delete(java.lang.String)>/id}
VarNode{<org.jeecg.modules.system.controller.SysDepartPermissionController: org.jeecg.common.api.vo.Result delete(java.lang.String)>/id}
VarNode{<org.jeecg.modules.system.controller.SysUserController: org.jeecg.common.api.vo.Result passwordChange(java.lang.String,java.lang.String,java.lang.String,java.lang.String)>/phone}
VarNode{<org.jeecg.modules.api.controller.SystemApiController: java.util.List loadDictItemByKeyword(java.lang.String,java.lang.String,java.lang.Integer)>/pageSize}
VarNode{<org.jeecg.modules.demo.test.controller.JeecgOrderErpMainController: org.jeecg.common.api.vo.Result deleteBatch(java.lang.String)>/ids}
VarNode{<org.jeecg.modules.system.controller.SysAnnouncementController: org.jeecg.common.api.vo.Result vue3List(java.lang.String,java.lang.String,java.lang.String,java.lang.String,java.lang.String,java.lang.Integer,java.lang.Integer)>/pageSize}
VarNode{<org.jeecg.modules.api.controller.SystemApiController: java.util.List queryTableDictItemsByCode(java.lang.String,java.lang.String,java.lang.String)>/code}
VarNode{<org.jeecg.modules.demo.online.OnlCgformDemoController: org.jeecg.common.api.vo.Result enhanceJavaListHttp(com.alibaba.fastjson.JSONObject)>/params}
VarNode{<org.jeecg.modules.demo.test.controller.JeecgDemoController: org.jeecg.modules.demo.test.entity.JeecgDemo redisGetJeecgDemo(java.lang.String)>/id}
VarNode{<org.jeecg.modules.system.controller.SysCategoryController: org.jeecg.common.api.vo.Result add(org.jeecg.modules.system.entity.SysCategory)>/sysCategory}
VarNode{<org.jeecg.modules.demo.mock.vxe.controller.VxeMockController: org.jeecg.common.api.vo.Result mockChange3(java.lang.String,java.lang.String)>/id}
VarNode{<org.jeecg.modules.system.controller.SysUserController: org.jeecg.common.api.vo.Result doUpdateDepartInfo(org.jeecg.modules.system.vo.lowapp.UpdateDepartInfo)>/updateDepartInfo}
VarNode{<org.jeecg.modules.system.controller.SysTenantController: org.jeecg.common.api.vo.Result queryTenantAuthInfo(java.lang.String)>/id}
VarNode{<org.jeecg.modules.demo.test.controller.JeecgDemoController: org.jeecg.common.api.vo.Result enhanceJavaFormHttp(com.alibaba.fastjson.JSONObject)>/params}
VarNode{<org.jeecg.modules.system.controller.SysPermissionController: org.jeecg.common.api.vo.Result saveRolePermission(com.alibaba.fastjson.JSONObject)>/json}
VarNode{<org.jeecg.modules.demo.online.OnlCgformDemoController: org.jeecg.common.api.vo.Result enhanceJavaHttp(com.alibaba.fastjson.JSONObject)>/params}
VarNode{<org.jeecg.modules.system.controller.SysTenantController: org.jeecg.common.api.vo.Result deleteTenantLogic(java.lang.String)>/ids}
VarNode{<org.jeecg.modules.system.controller.SysFillRuleController: org.jeecg.common.api.vo.Result edit(org.jeecg.modules.system.entity.SysFillRule)>/sysFillRule}
VarNode{<org.jeecg.modules.system.controller.ThirdAppController: org.jeecg.common.api.vo.Result syncWechatEnterpriseUserToApp(java.lang.String)>/ids}
VarNode{<org.jeecg.modules.system.controller.SysLogController: org.jeecg.common.api.vo.Result queryPageList(org.jeecg.modules.system.entity.SysLog,java.lang.Integer,java.lang.Integer,javax.servlet.http.HttpServletRequest)>/pageSize}
VarNode{<org.jeecg.modules.system.controller.SysFormFileController: org.jeecg.common.api.vo.Result queryPageList(org.jeecg.modules.system.entity.SysFormFile,java.lang.Integer,java.lang.Integer,javax.servlet.http.HttpServletRequest)>/pageSize}
VarNode{<org.jeecg.modules.system.controller.SysPermissionController: org.jeecg.common.api.vo.Result saveDepartPermission(com.alibaba.fastjson.JSONObject)>/json}
VarNode{<org.jeecg.modules.api.controller.SystemApiController: java.util.List translateDictFromTableByKeys(java.lang.String,java.lang.String,java.lang.String,java.lang.String)>/table}
VarNode{<org.jeecg.modules.system.controller.SysDepartController: org.jeecg.common.api.vo.Result delete(java.lang.String)>/id}
VarNode{<org.jeecg.modules.api.controller.SystemApiController: java.util.List queryPermissionDataRule(java.lang.String,java.lang.String,java.lang.String)>/requestPath}
VarNode{<org.jeecg.modules.dlglong.controller.DlMockController: org.jeecg.common.api.vo.Result getMockDdjhData(org.jeecg.modules.dlglong.entity.MockEntity,java.lang.Integer,java.lang.Integer,java.lang.String,java.lang.String,java.lang.String,java.lang.String,javax.servlet.http.HttpServletRequest)>/status}
VarNode{<org.jeecg.modules.demo.test.controller.JeecgOrderErpMainController: org.jeecg.common.api.vo.Result queryOrderCustomerListByMainId(org.jeecg.modules.demo.test.entity.JeecgOrderCustomer,java.lang.Integer,java.lang.Integer,javax.servlet.http.HttpServletRequest)>/pageSize}
VarNode{<org.jeecg.modules.system.controller.SysPositionController: org.jeecg.common.api.vo.Result queryById(java.lang.String)>/id}
VarNode{<org.jeecg.modules.demo.test.controller.JeecgDemoController: org.jeecg.common.api.vo.Result loadSqlPermissonList(org.jeecg.modules.demo.test.entity.JeecgDemo,java.lang.Integer,java.lang.Integer,javax.servlet.http.HttpServletRequest)>/pageSize}
VarNode{<org.jeecg.modules.api.controller.SystemApiController: java.util.List queryDeptUsersByUserId(java.lang.String)>/userId}
VarNode{<org.jeecg.modules.system.controller.SysDictController: org.jeecg.common.api.vo.Result loadDict(java.lang.String,java.lang.String,java.lang.String,java.lang.Integer)>/pageSize}
VarNode{<org.jeecg.modules.api.controller.SystemApiController: java.util.List queryAllUserByIds(java.lang.String[])>/userIds}
VarNode{<org.jeecg.modules.system.controller.SysDepartController: org.jeecg.common.api.vo.Result queryDepartTreeSync(java.lang.String,java.lang.String,java.lang.String)>/parentId}
VarNode{<org.jeecg.modules.system.controller.SysPermissionController: org.jeecg.common.api.vo.Result queryDepartPermission(java.lang.String)>/departId}
VarNode{<org.jeecg.modules.system.controller.SysAnnouncementController: org.jeecg.common.api.vo.Result queryPageList(org.jeecg.modules.system.entity.SysAnnouncement,java.lang.Integer,java.lang.Integer,javax.servlet.http.HttpServletRequest)>/pageSize}
VarNode{<org.jeecg.modules.system.controller.SysDictController: org.jeecg.common.api.vo.Result getDictText(java.lang.String,java.lang.String)>/key}
VarNode{<org.jeecg.modules.api.controller.SystemApiController: java.util.List queryAllRole(java.lang.String[])>/roleIds}
VarNode{<org.jeecg.modules.demo.test.controller.JeecgDemoController: org.jeecg.common.api.vo.Result delete(java.lang.String)>/id}
VarNode{<org.jeecg.modules.system.controller.SysTenantController: org.jeecg.common.api.vo.Result exitUserTenant(org.jeecg.modules.system.entity.SysTenant,javax.servlet.http.HttpServletRequest)>/sysTenant}
VarNode{<org.jeecg.modules.demo.test.controller.JeecgOrderMainController: org.jeecg.common.api.vo.Result deleteBatch(java.lang.String)>/ids}
VarNode{<org.jeecg.modules.api.controller.SystemApiController: java.util.List translateDictFromTableByKeys(java.lang.String,java.lang.String,java.lang.String,java.lang.String)>/keys}
VarNode{<org.jeecg.modules.system.controller.SysUserController: org.jeecg.common.api.vo.Result edit(com.alibaba.fastjson.JSONObject)>/jsonObject}
VarNode{<org.jeecg.modules.api.controller.SystemApiController: org.jeecg.common.system.vo.SysDepartModel selectAllById(java.lang.String)>/id}
VarNode{<org.jeecg.modules.system.controller.SysTenantController: org.jeecg.common.api.vo.Result revertTenantLogic(java.lang.String)>/ids}
VarNode{<org.jeecg.modules.system.controller.SysDictController: org.jeecg.common.api.vo.Result queryTableData(org.jeecg.common.system.vo.DictQuery,java.lang.Integer,java.lang.Integer,java.lang.String,javax.servlet.http.HttpServletRequest)>/pageSize}
VarNode{<org.jeecg.modules.system.controller.SysRoleController: org.jeecg.common.api.vo.Result queryPageList(org.jeecg.modules.system.entity.SysRole,java.lang.Integer,java.lang.Integer,javax.servlet.http.HttpServletRequest)>/pageSize}
VarNode{<org.jeecg.modules.system.controller.SysDepartPermissionController: org.jeecg.common.api.vo.Result queryTreeListForDeptRole(java.lang.String,javax.servlet.http.HttpServletRequest)>/departId}
VarNode{<org.jeecg.modules.demo.test.controller.JoaDemoController: org.jeecg.common.api.vo.Result delete(java.lang.String)>/id}
VarNode{<org.jeecg.modules.system.controller.SysDepartRoleController: org.jeecg.common.api.vo.Result add(org.jeecg.modules.system.entity.SysDepartRole)>/sysDepartRole}
VarNode{<org.jeecg.modules.system.controller.SysUserController: org.jeecg.common.api.vo.Result saveClientId(javax.servlet.http.HttpServletRequest,java.lang.String)>/clientId}
VarNode{<org.jeecg.modules.api.controller.SystemApiController: void updateAvatar(org.jeecg.common.system.vo.LoginUser)>/loginUser}
VarNode{<org.jeecg.modules.system.controller.SysDictController: org.jeecg.common.api.vo.Result loadDict(java.lang.String,java.lang.String,java.lang.String,java.lang.Integer)>/dictCode}
VarNode{<org.jeecg.modules.system.controller.SysUserController: org.jeecg.common.api.vo.Result queryChildrenByUsername(java.lang.String)>/userId}
VarNode{<org.jeecg.modules.message.controller.SysMessageTemplateController: org.jeecg.common.api.vo.Result edit(org.jeecg.modules.message.entity.SysMessageTemplate)>/sysMessageTemplate}
VarNode{<org.jeecg.modules.demo.mock.vxe.controller.VxeMockController: org.jeecg.common.api.vo.Result mockChange4(java.lang.String)>/status}
VarNode{<org.jeecg.modules.system.controller.SysDepartController: org.jeecg.common.api.vo.Result queryBookDepTreeSync(java.lang.String,java.lang.Integer,java.lang.String)>/parentId}
VarNode{<org.jeecg.modules.system.controller.SysDictItemController: org.jeecg.common.api.vo.Result queryPageList(org.jeecg.modules.system.entity.SysDictItem,java.lang.Integer,java.lang.Integer,javax.servlet.http.HttpServletRequest)>/pageSize}
VarNode{<org.jeecg.modules.system.controller.SysTenantController: org.jeecg.common.api.vo.Result saveTenantJoinUser(org.jeecg.modules.system.entity.SysTenant)>/sysTenant}
VarNode{<org.jeecg.modules.system.controller.SysFillRuleController: org.jeecg.common.api.vo.Result deleteBatch(java.lang.String)>/ids}
VarNode{<org.jeecg.modules.api.controller.SystemApiController: java.lang.String getFileUrl(java.lang.String)>/fileId}
VarNode{<org.jeecg.modules.system.controller.SysCategoryController: org.jeecg.common.api.vo.Result edit(org.jeecg.modules.system.entity.SysCategory)>/sysCategory}
VarNode{<org.jeecg.modules.quartz.service.impl.QuartzJobServiceImpl: void execute(org.jeecg.modules.quartz.entity.QuartzJob)>/$r5}
VarNode{<org.jeecg.modules.system.controller.SysFilesController: org.jeecg.common.api.vo.Result queryById(java.lang.String)>/id}
VarNode{<org.jeecg.modules.system.controller.SysGatewayRouteController: org.jeecg.common.api.vo.Result updateAll(com.alibaba.fastjson.JSONObject)>/json}
VarNode{<org.jeecg.modules.system.controller.SysCommentController: org.jeecg.common.api.vo.Result edit(org.jeecg.modules.system.entity.SysComment)>/sysComment}
VarNode{<org.jeecg.modules.system.controller.SysTenantController: org.jeecg.common.api.vo.Result addPackPermission(org.jeecg.modules.system.entity.SysTenantPack)>/sysTenantPack}
VarNode{<org.jeecg.modules.system.controller.SysFillRuleController: org.jeecg.common.api.vo.Result queryPageList(org.jeecg.modules.system.entity.SysFillRule,java.lang.Integer,java.lang.Integer,javax.servlet.http.HttpServletRequest)>/pageSize}
VarNode{<org.jeecg.modules.demo.test.controller.JeecgDemoController: org.jeecg.common.api.vo.Result oneNativeAdd(com.alibaba.fastjson.JSONObject)>/jsonObject}
VarNode{<org.jeecg.modules.system.controller.SysUserController: org.jeecg.common.api.vo.Result queryUserComponentData(java.lang.Integer,java.lang.Integer,java.lang.String,java.lang.String,java.lang.String,java.lang.String)>/departId}
VarNode{<org.jeecg.modules.system.controller.SysTenantController: org.jeecg.common.api.vo.Result addTenantPackUser(org.jeecg.modules.system.entity.SysTenantPackUser)>/sysTenantPackUser}
VarNode{<org.jeecg.modules.system.controller.ThirdAppController: org.jeecg.common.api.vo.Result syncDingtalkDepartToLocal(java.lang.String)>/ids}
VarNode{<org.jeecg.modules.system.controller.SysDepartRoleController: org.jeecg.common.api.vo.Result queryPageList(org.jeecg.modules.system.entity.SysDepartRole,java.lang.Integer,java.lang.Integer,java.lang.String,javax.servlet.http.HttpServletRequest)>/pageNo}
VarNode{<org.jeecg.modules.api.controller.SystemApiController: org.jeecg.common.system.vo.DynamicDataSourceModel getDynamicDbSourceByCode(java.lang.String)>/dbSourceCode}
VarNode{<org.jeecg.modules.system.controller.SysUserController: org.jeecg.common.api.vo.Result appQueryUser(java.lang.String,java.lang.Integer,java.lang.Integer)>/pageNo}
VarNode{<org.jeecg.modules.message.controller.SysMessageTemplateController: org.jeecg.common.api.vo.Result queryById(java.lang.String)>/id}
VarNode{<org.jeecg.modules.system.controller.SysUserController: org.jeecg.common.api.vo.Result updatePassword(com.alibaba.fastjson.JSONObject)>/json}
VarNode{<org.jeecg.modules.api.controller.SystemApiController: java.lang.String parseTemplateByCode(org.jeecg.common.api.dto.message.TemplateDTO)>/templateDTO}
VarNode{<org.jeecg.modules.system.controller.SysPermissionController: org.jeecg.common.api.vo.Result delete(java.lang.String)>/id}
VarNode{<org.jeecg.modules.system.controller.SysDepartPermissionController: org.jeecg.common.api.vo.Result saveDeptRolePermission(com.alibaba.fastjson.JSONObject)>/json}
VarNode{<org.jeecg.modules.system.controller.SysDictController: org.jeecg.common.api.vo.Result loadDictOrderByValue(java.lang.String,java.lang.String,java.lang.String,java.lang.Integer)>/keyword}
VarNode{<org.jeecg.modules.api.controller.SystemApiController: java.util.List loadDictItemByKeyword(java.lang.String,java.lang.String,java.lang.Integer)>/keyword}
VarNode{<org.jeecg.common.util.DateUtils: java.lang.String now()>/$r1}
VarNode{<org.jeecg.modules.message.controller.SysMessageController: org.jeecg.common.api.vo.Result delete(java.lang.String)>/id}
VarNode{<org.jeecg.modules.system.controller.SysFilesController: org.jeecg.common.api.vo.Result add(org.jeecg.modules.system.entity.SysFiles)>/sysFiles}
VarNode{<org.jeecg.modules.quartz.controller.QuartzJobController: org.jeecg.common.api.vo.Result queryPageList(org.jeecg.modules.quartz.entity.QuartzJob,java.lang.Integer,java.lang.Integer,javax.servlet.http.HttpServletRequest)>/pageNo}
VarNode{<org.jeecg.modules.api.controller.SystemApiController: org.jeecg.common.system.vo.DynamicDataSourceModel getDynamicDbSourceById(java.lang.String)>/dbSourceId}
VarNode{<org.jeecg.modules.demo.test.controller.JeecgDemoController: org.jeecg.common.api.vo.Result add(org.jeecg.modules.demo.test.entity.JeecgDemo)>/jeecgDemo}
VarNode{<org.jeecg.modules.system.controller.ThirdLoginController: org.jeecg.common.api.vo.Result getThirdLoginUser(java.lang.String,java.lang.String)>/token}
VarNode{<org.jeecg.modules.system.controller.SysLogController: org.jeecg.common.api.vo.Result deleteBatch(java.lang.String)>/ids}
VarNode{<org.jeecg.modules.system.controller.SysDepartController: org.jeecg.common.api.vo.Result getUsersByDepartId(java.lang.String)>/id}
VarNode{<org.jeecg.modules.system.controller.SysUserController: org.jeecg.common.api.vo.Result queryUserComponentData(java.lang.Integer,java.lang.Integer,java.lang.String,java.lang.String,java.lang.String,java.lang.String)>/realname}
VarNode{<org.jeecg.modules.system.controller.SysDepartController: org.jeecg.common.api.vo.Result queryDepartTreeSync(java.lang.String,java.lang.String,java.lang.String)>/ids}
VarNode{<org.jeecg.modules.quartz.controller.QuartzJobController: org.jeecg.common.api.vo.Result queryPageList(org.jeecg.modules.quartz.entity.QuartzJob,java.lang.Integer,java.lang.Integer,javax.servlet.http.HttpServletRequest)>/pageSize}
VarNode{<org.jeecg.modules.system.controller.SysDictController: org.jeecg.common.api.vo.Result addDictByLowAppId(org.jeecg.modules.system.vo.lowapp.SysDictVo,javax.servlet.http.HttpServletRequest)>/sysDictVo}
VarNode{<org.jeecg.modules.system.controller.SysFormFileController: org.jeecg.common.api.vo.Result queryPageList(org.jeecg.modules.system.entity.SysFormFile,java.lang.Integer,java.lang.Integer,javax.servlet.http.HttpServletRequest)>/pageNo}
VarNode{<org.jeecg.modules.api.controller.SystemApiController: java.util.List loadDictItemByKeyword(java.lang.String,java.lang.String,java.lang.Integer)>/dictCode}
VarNode{<org.jeecg.modules.api.controller.SystemApiController: void sendTemplateMessage(org.jeecg.common.api.dto.message.MessageDTO)>/message}
VarNode{<org.jeecg.modules.system.controller.SysDepartPermissionController: org.jeecg.common.api.vo.Result saveDatarule(com.alibaba.fastjson.JSONObject)>/jsonObject}
VarNode{<org.jeecg.modules.system.controller.SysDataSourceController: org.jeecg.common.api.vo.Result add(org.jeecg.modules.system.entity.SysDataSource)>/sysDataSource}
VarNode{<org.jeecg.modules.api.controller.SystemApiController: com.alibaba.fastjson.JSONObject queryAllUser(java.lang.String,java.lang.Integer,int)>/pageNo}
VarNode{<org.jeecg.modules.system.controller.SysPermissionController: org.jeecg.common.api.vo.Result editPermissionRule(org.jeecg.modules.system.entity.SysPermissionDataRule)>/sysPermissionDataRule}
VarNode{<org.jeecg.modules.system.controller.SysUserController: org.jeecg.common.api.vo.Result queryByIds(java.lang.String)>/userIds}
VarNode{<org.jeecg.modules.dlglong.controller.DlMockController: org.jeecg.common.api.vo.Result getMockDdjhData(org.jeecg.modules.dlglong.entity.MockEntity,java.lang.Integer,java.lang.Integer,java.lang.String,java.lang.String,java.lang.String,java.lang.String,javax.servlet.http.HttpServletRequest)>/pageNo}
VarNode{<org.jeecg.modules.system.controller.SysAnnouncementController: org.jeecg.common.api.vo.Result queryPageList(org.jeecg.modules.system.entity.SysAnnouncement,java.lang.Integer,java.lang.Integer,javax.servlet.http.HttpServletRequest)>/pageNo}
VarNode{<org.jeecg.modules.system.controller.SysAnnouncementSendController: org.jeecg.common.api.vo.Result delete(java.lang.String)>/id}
VarNode{<org.jeecg.modules.demo.test.controller.JeecgOrderErpMainController: org.jeecg.common.api.vo.Result respondePagedData(org.jeecg.modules.demo.test.entity.JeecgOrderMain,java.lang.Integer,java.lang.Integer,javax.servlet.http.HttpServletRequest)>/pageSize}
VarNode{<org.jeecg.modules.system.controller.SysPositionController: org.jeecg.common.api.vo.Result add(org.jeecg.modules.system.entity.SysPosition)>/sysPosition}
VarNode{<org.jeecg.modules.system.controller.SysPositionController: org.jeecg.common.api.vo.Result queryPageList(org.jeecg.modules.system.entity.SysPosition,java.lang.Integer,java.lang.Integer,javax.servlet.http.HttpServletRequest)>/pageSize}
VarNode{<org.jeecg.modules.system.controller.SysTenantController: org.jeecg.common.api.vo.Result joinTenantByHouseNumber(org.jeecg.modules.system.entity.SysTenant)>/sysTenant}
VarNode{<org.jeecg.modules.system.controller.SysCategoryController: org.jeecg.common.api.vo.Result loadTreeChildren(java.lang.String)>/pid}
VarNode{<org.jeecg.modules.demo.test.controller.JeecgOrderErpMainController: org.jeecg.common.api.vo.Result respondePagedData(org.jeecg.modules.demo.test.entity.JeecgOrderMain,java.lang.Integer,java.lang.Integer,javax.servlet.http.HttpServletRequest)>/pageNo}
VarNode{<org.jeecg.modules.system.controller.SysDepartController: org.jeecg.common.api.vo.Result queryTreeList(java.lang.String)>/ids}
VarNode{<org.jeecg.modules.api.controller.SystemApiController: java.util.List getDictItems(java.lang.String)>/dictCode}
VarNode{<org.jeecg.modules.system.controller.SysRoleController: org.jeecg.common.api.vo.Result edit(org.jeecg.modules.system.entity.SysRole)>/role}
VarNode{<org.jeecg.modules.system.controller.SysUserController: org.jeecg.common.api.vo.Result queryUserComponentData(java.lang.Integer,java.lang.Integer,java.lang.String,java.lang.String,java.lang.String,java.lang.String)>/pageNo}
VarNode{<org.jeecg.modules.demo.test.controller.JeecgDemoController: org.jeecg.common.api.vo.Result loadMpPermissonList(java.lang.Integer,java.lang.Integer,javax.servlet.http.HttpServletRequest)>/pageNo}
VarNode{<org.jeecg.modules.system.controller.SysDepartRoleController: org.jeecg.common.api.vo.Result edit(org.jeecg.modules.system.entity.SysDepartRole)>/sysDepartRole}
VarNode{<org.jeecg.modules.system.controller.SysDepartPermissionController: org.jeecg.common.api.vo.Result queryPageList(org.jeecg.modules.system.entity.SysDepartPermission,java.lang.Integer,java.lang.Integer,javax.servlet.http.HttpServletRequest)>/pageNo}
VarNode{<org.jeecg.modules.system.controller.SysUserController: org.jeecg.common.api.vo.Result passwordChange(java.lang.String,java.lang.String,java.lang.String,java.lang.String)>/password}
VarNode{<org.jeecg.modules.system.controller.SysDictController: org.jeecg.common.api.vo.Result loadDict(java.lang.String,java.lang.String,java.lang.String,java.lang.Integer)>/sign}
VarNode{<org.jeecg.modules.system.controller.SysDictController: org.jeecg.common.api.vo.Result queryPageList(org.jeecg.modules.system.entity.SysDict,java.lang.Integer,java.lang.Integer,javax.servlet.http.HttpServletRequest)>/pageNo}
VarNode{<org.jeecg.modules.system.controller.SysDataSourceController: org.jeecg.common.api.vo.Result edit(org.jeecg.modules.system.entity.SysDataSource)>/sysDataSource}
VarNode{<org.jeecg.modules.system.controller.SysAnnouncementController: org.jeecg.common.api.vo.Result queryById(java.lang.String)>/id}
VarNode{<org.jeecg.modules.system.controller.SysUserController: org.jeecg.common.api.vo.Result passwordChange(java.lang.String,java.lang.String,java.lang.String,java.lang.String)>/username}
VarNode{<org.jeecg.modules.system.controller.SysTenantController: org.jeecg.common.api.vo.Result queryPageList(org.jeecg.modules.system.entity.SysTenant,java.lang.Integer,java.lang.Integer,javax.servlet.http.HttpServletRequest)>/pageNo}
VarNode{<org.jeecg.modules.system.controller.SysAnnouncementController: org.jeecg.common.api.vo.Result doReleaseData(java.lang.String,javax.servlet.http.HttpServletRequest)>/id}
VarNode{<org.jeecg.modules.system.controller.SysCheckRuleController: org.jeecg.common.api.vo.Result queryPageList(org.jeecg.modules.system.entity.SysCheckRule,java.lang.Integer,java.lang.Integer,javax.servlet.http.HttpServletRequest)>/pageNo}
VarNode{<org.jeecg.common.util.DateUtils: java.util.Date parseDatetime(java.lang.String)>/$r1}
VarNode{<org.jeecg.modules.system.controller.SysTenantController: org.jeecg.common.api.vo.Result leaveTenant(java.lang.String,java.lang.String)>/userIds}
VarNode{<org.jeecg.modules.system.controller.SysUserController: org.jeecg.common.api.vo.Result getUserInformation(java.lang.Integer,java.lang.Integer,java.lang.String,java.lang.String)>/pageSize}
VarNode{<org.jeecg.modules.system.controller.SysCheckRuleController: org.jeecg.common.api.vo.Result deleteBatch(java.lang.String)>/ids}
VarNode{<org.jeecg.modules.system.controller.SysAnnouncementController: org.jeecg.common.api.vo.Result vue3List(java.lang.String,java.lang.String,java.lang.String,java.lang.String,java.lang.String,java.lang.Integer,java.lang.Integer)>/pageNo}
VarNode{<org.jeecg.modules.system.controller.SysUserController: org.jeecg.common.api.vo.Result add(com.alibaba.fastjson.JSONObject)>/jsonObject}
VarNode{<org.jeecg.modules.demo.mock.vxe.controller.VxeMockController: org.jeecg.common.api.vo.Result getMockData(java.lang.Integer,java.lang.Integer,java.lang.String)>/pageNo}
VarNode{<org.jeecg.modules.system.controller.LoginController: org.jeecg.common.api.vo.Result checkCaptcha(org.jeecg.modules.system.model.SysLoginModel)>/sysLoginModel}
VarNode{<org.jeecg.modules.system.controller.SysPermissionController: org.jeecg.common.api.vo.Result queryAsync(java.lang.String)>/parentId}
VarNode{<org.jeecg.modules.system.controller.SysTenantController: org.jeecg.common.api.vo.Result queryTenantPackUserList(java.lang.String,java.lang.String,java.lang.Integer,java.lang.Integer,java.lang.Integer)>/pageSize}
VarNode{<org.jeecg.modules.system.controller.SysAnnouncementController: org.jeecg.common.api.vo.Result deleteBatch(java.lang.String)>/ids}
VarNode{<org.jeecg.modules.system.controller.SysLogController: org.jeecg.common.api.vo.Result queryPageList(org.jeecg.modules.system.entity.SysLog,java.lang.Integer,java.lang.Integer,javax.servlet.http.HttpServletRequest)>/pageNo}
VarNode{<org.jeecg.modules.demo.test.controller.JeecgOrderMainController: org.jeecg.common.api.vo.Result delete(java.lang.String)>/id}
VarNode{<org.jeecg.modules.system.controller.SysDepartRoleController: org.jeecg.common.api.vo.Result queryById(java.lang.String)>/id}
VarNode{<org.jeecg.modules.system.controller.SysFillRuleController: org.jeecg.common.api.vo.Result queryPageList(org.jeecg.modules.system.entity.SysFillRule,java.lang.Integer,java.lang.Integer,javax.servlet.http.HttpServletRequest)>/pageNo}
VarNode{<org.jeecg.modules.system.controller.ThirdLoginController: void render(java.lang.String,javax.servlet.http.HttpServletResponse)>/source}
VarNode{<org.jeecg.modules.dlglong.controller.DlMockController: org.jeecg.common.api.vo.Result getMockDdjhData(org.jeecg.modules.dlglong.entity.MockEntity,java.lang.Integer,java.lang.Integer,java.lang.String,java.lang.String,java.lang.String,java.lang.String,javax.servlet.http.HttpServletRequest)>/superQueryMatchType}
VarNode{<org.jeecg.modules.api.controller.SystemApiController: java.util.Map translateManyDict(java.lang.String,java.lang.String)>/keys}
VarNode{<org.jeecg.modules.oss.controller.OssFileController: org.jeecg.common.api.vo.Result queryPageList(org.jeecg.modules.oss.entity.OssFile,java.lang.Integer,java.lang.Integer,javax.servlet.http.HttpServletRequest)>/pageSize}
VarNode{<org.jeecg.modules.system.controller.SysDepartPermissionController: org.jeecg.common.api.vo.Result queryPageList(org.jeecg.modules.system.entity.SysDepartPermission,java.lang.Integer,java.lang.Integer,javax.servlet.http.HttpServletRequest)>/pageSize}
VarNode{<org.jeecg.modules.system.controller.SysAnnouncementController: org.jeecg.common.api.vo.Result add(org.jeecg.modules.system.entity.SysAnnouncement)>/sysAnnouncement}
VarNode{<org.jeecg.modules.api.controller.SystemApiController: org.jeecg.common.system.vo.LoginUser getUserByName(java.lang.String)>/username}
VarNode{<org.jeecg.modules.system.controller.SysCommentController: org.jeecg.common.api.vo.Result deleteBatch(java.lang.String)>/ids}
VarNode{<org.jeecg.modules.dlglong.controller.DlMockController: org.jeecg.common.api.vo.Result mockChange2(java.lang.String,java.lang.String)>/tugStatus}
VarNode{<org.jeecg.modules.cas.controller.CasClientController: java.lang.Object validateLogin(java.lang.String,java.lang.String,javax.servlet.http.HttpServletRequest,javax.servlet.http.HttpServletResponse)>/service}
VarNode{<org.jeecg.modules.system.controller.SysDataSourceController: org.jeecg.common.api.vo.Result queryById(java.lang.String)>/id}
VarNode{<org.jeecg.modules.system.controller.SysUserController: org.jeecg.common.api.vo.Result deleteUserInDepartBatch(java.lang.String,java.lang.String)>/depId}
VarNode{<org.jeecg.modules.system.controller.SysTenantController: org.jeecg.common.api.vo.Result getTenantUserList(org.jeecg.modules.system.entity.SysUser,java.lang.Integer,java.lang.Integer,java.lang.String,javax.servlet.http.HttpServletRequest)>/pageNo}
VarNode{<org.jeecg.modules.system.controller.SysDepartController: org.jeecg.common.api.vo.Result searchBy(java.lang.String,java.lang.String)>/myDeptSearch}
VarNode{<org.jeecg.modules.system.controller.SysCommentController: org.jeecg.common.api.vo.Result queryById(java.lang.String)>/id}
VarNode{<org.jeecg.modules.system.controller.SysUserController: org.jeecg.common.api.vo.Result queryUserByDepId(java.lang.String,java.lang.String)>/id}
VarNode{<org.jeecg.modules.system.controller.SysDepartPermissionController: org.jeecg.common.api.vo.Result loadDatarule(java.lang.String,java.lang.String)>/departId}
VarNode{<org.jeecg.common.system.query.QueryGenerator: void addRuleToQueryWrapper(org.jeecg.common.system.vo.SysPermissionDataRuleModel,java.lang.String,java.lang.Class,com.baomidou.mybatisplus.core.conditions.query.QueryWrapper)>/$r16}
VarNode{<org.jeecg.modules.dlglong.controller.DlMockController: org.jeecg.common.api.vo.Result mockChange1(java.lang.String,java.lang.String)>/status}
VarNode{<org.jeecg.modules.system.controller.SysDictController: org.jeecg.common.api.vo.Result add(org.jeecg.modules.system.entity.SysDict)>/sysDict}
VarNode{<org.jeecg.modules.api.controller.SystemApiController: java.util.List translateDictFromTableByKeys(java.lang.String,java.lang.String,java.lang.String,java.lang.String)>/code}
VarNode{<org.jeecg.modules.system.controller.SysDepartRoleController: org.jeecg.common.api.vo.Result getDeptRoleList(java.lang.String,java.lang.String)>/departId}
VarNode{<org.jeecg.modules.system.controller.SysUserController: org.jeecg.common.api.vo.Result userRoleList(java.lang.Integer,java.lang.Integer,javax.servlet.http.HttpServletRequest)>/pageSize}
VarNode{<org.jeecg.modules.system.controller.SysUserController: org.jeecg.common.api.vo.Result changeDepartChargePerson(com.alibaba.fastjson.JSONObject)>/json}
VarNode{<org.jeecg.modules.system.controller.SysCategoryController: org.jeecg.common.api.vo.Result checkCode(java.lang.String,java.lang.String)>/code}
VarNode{<org.jeecg.modules.demo.test.controller.JeecgDemoController: org.jeecg.common.api.vo.Result queryById(java.lang.String)>/id}
VarNode{<org.jeecg.modules.system.controller.SysPermissionController: org.jeecg.common.api.vo.Result deletePermissionRule(java.lang.String)>/id}
VarNode{<org.jeecg.modules.api.controller.SystemApiController: java.lang.String getTemplateContent(java.lang.String)>/code}
VarNode{<org.jeecg.modules.api.controller.SystemApiController: java.util.List getDepartNamesByUsername(java.lang.String)>/username}
VarNode{<org.jeecg.modules.system.controller.SysCategoryController: org.jeecg.common.api.vo.Result loadDict(java.lang.String,java.lang.String,java.lang.String)>/pid}
VarNode{<org.jeecg.modules.system.controller.SysFillRuleController: org.jeecg.common.api.vo.Result queryById(java.lang.String)>/id}
VarNode{<org.jeecg.modules.system.service.impl.SysThirdAccountServiceImpl: org.jeecg.modules.system.entity.SysUser createUser(java.lang.String,java.lang.String)>/$r22}
VarNode{<org.jeecg.modules.system.controller.SysDictController: org.jeecg.common.api.vo.Result deleteBatch(java.lang.String)>/ids}
VarNode{<org.jeecg.modules.system.controller.SysFormFileController: org.jeecg.common.api.vo.Result deleteBatch(java.lang.String)>/ids}
VarNode{<org.jeecg.modules.system.controller.SysTenantController: org.jeecg.common.api.vo.Result recycleBinPageList(org.jeecg.modules.system.entity.SysTenant,java.lang.Integer,java.lang.Integer,javax.servlet.http.HttpServletRequest)>/pageNo}
VarNode{<org.jeecg.modules.system.controller.SysCategoryController: org.jeecg.common.api.vo.Result loadOne(java.lang.String,java.lang.String)>/field}
VarNode{<org.jeecg.modules.system.controller.SysDictController: org.jeecg.common.api.vo.Result loadTreeData(java.lang.String,java.lang.String,java.lang.String,java.lang.String,java.lang.String,java.lang.String,int,java.lang.String,java.lang.String,javax.servlet.http.HttpServletRequest)>/sign}
VarNode{<org.jeecg.modules.system.controller.SysPermissionController: org.jeecg.common.api.vo.Result checkPermDuplication(java.lang.String,java.lang.String,java.lang.Boolean)>/id}
VarNode{<org.jeecg.modules.system.controller.SysCategoryController: org.jeecg.common.api.vo.Result loadDict(java.lang.String,java.lang.String,java.lang.String)>/condition}
VarNode{<org.jeecg.modules.system.controller.SysCategoryController: org.jeecg.common.api.vo.Result loadOne(java.lang.String,java.lang.String)>/val}
VarNode{<org.jeecg.modules.system.controller.SysCategoryController: org.jeecg.common.api.vo.Result deleteBatch(java.lang.String)>/ids}
VarNode{<org.jeecg.modules.api.controller.SystemApiController: java.util.Set getUserPermissionSet(java.lang.String)>/username}
VarNode{<org.jeecg.modules.api.controller.SystemApiController: org.jeecg.common.system.vo.SysUserCacheInfo getCacheUser(java.lang.String)>/username}
VarNode{<org.jeecg.modules.system.controller.SysDataSourceController: org.jeecg.common.api.vo.Result queryPageList(org.jeecg.modules.system.entity.SysDataSource,java.lang.Integer,java.lang.Integer,javax.servlet.http.HttpServletRequest)>/pageNo}
VarNode{<org.jeecg.modules.system.controller.ThirdAppController: org.jeecg.common.api.vo.Result syncDingtalkUserToApp(java.lang.String)>/ids}
VarNode{<org.jeecg.modules.message.controller.SysMessageController: org.jeecg.common.api.vo.Result queryPageList(org.jeecg.modules.message.entity.SysMessage,java.lang.Integer,java.lang.Integer,javax.servlet.http.HttpServletRequest)>/pageSize}
VarNode{<org.jeecg.modules.message.controller.SysMessageTemplateController: org.jeecg.common.api.vo.Result queryPageList(org.jeecg.modules.message.entity.SysMessageTemplate,java.lang.Integer,java.lang.Integer,javax.servlet.http.HttpServletRequest)>/pageNo}
VarNode{<org.jeecg.modules.system.controller.SysDictController: org.jeecg.common.api.vo.Result editDictByLowAppId(org.jeecg.modules.system.vo.lowapp.SysDictVo,javax.servlet.http.HttpServletRequest)>/sysDictVo}
VarNode{<org.jeecg.modules.system.controller.SysTenantController: org.jeecg.common.api.vo.Result passApply(org.jeecg.modules.system.entity.SysTenantPackUser)>/sysTenantPackUser}
VarNode{<org.jeecg.modules.system.controller.SysUserController: org.jeecg.common.api.vo.Result selectUserList(java.lang.Integer,java.lang.Integer,java.lang.String,java.lang.String,java.lang.String)>/roleId}
VarNode{<org.jeecg.modules.system.controller.SysTenantController: org.jeecg.common.api.vo.Result queryTenantPackUserList(java.lang.String,java.lang.String,java.lang.Integer,java.lang.Integer,java.lang.Integer)>/status}
VarNode{<org.jeecg.modules.system.controller.SysUserController: org.jeecg.common.api.vo.Result queryByOrgCodeForAddressList(java.lang.Integer,java.lang.Integer,java.lang.String,org.jeecg.modules.system.entity.SysUser)>/pageSize}
VarNode{<org.jeecg.modules.system.controller.SysCategoryController: org.jeecg.common.api.vo.Result loadTreeRoot(java.lang.Boolean,java.lang.String)>/async}
VarNode{<org.jeecg.modules.system.controller.SysTenantController: org.jeecg.common.api.vo.Result getUserTenantPageList(java.lang.Integer,java.lang.Integer,java.lang.String,java.lang.String,org.jeecg.modules.system.entity.SysUser,javax.servlet.http.HttpServletRequest)>/userTenantStatus}
VarNode{<org.jeecg.modules.system.controller.SysPositionController: org.jeecg.common.api.vo.Result deleteBatch(java.lang.String)>/ids}
VarNode{<org.jeecg.modules.system.controller.SysAnnouncementSendController: org.jeecg.common.api.vo.Result queryPageList(org.jeecg.modules.system.entity.SysAnnouncementSend,java.lang.Integer,java.lang.Integer,javax.servlet.http.HttpServletRequest)>/pageNo}
VarNode{<org.jeecg.modules.dlglong.controller.DlMockController: org.jeecg.common.api.vo.Result getMockData(java.lang.Integer,java.lang.Integer,java.lang.String)>/pageNo}
VarNode{<org.jeecg.modules.system.controller.LoginController: org.jeecg.common.api.vo.Result login(org.jeecg.modules.system.model.SysLoginModel)>/sysLoginModel}
VarNode{<org.jeecg.modules.api.controller.SystemApiController: java.util.List queryPermissionDataRule(java.lang.String,java.lang.String,java.lang.String)>/username}
VarNode{<org.jeecg.modules.demo.test.controller.JoaDemoController: org.jeecg.common.api.vo.Result queryPageList(org.jeecg.modules.demo.test.entity.JoaDemo,java.lang.Integer,java.lang.Integer,javax.servlet.http.HttpServletRequest)>/pageNo}
VarNode{<org.jeecg.modules.system.controller.SysRoleController: org.jeecg.common.api.vo.Result loadDatarule(java.lang.String,java.lang.String)>/permissionId}
VarNode{<org.jeecg.modules.system.controller.SysDictController: org.jeecg.common.api.vo.Result loadDictItem(java.lang.String,java.lang.String,java.lang.String,boolean,javax.servlet.http.HttpServletRequest)>/sign}
VarNode{<org.jeecg.modules.api.controller.SystemApiController: java.lang.String translateDictFromTable(java.lang.String,java.lang.String,java.lang.String,java.lang.String)>/table}
VarNode{<org.jeecg.modules.system.controller.SysUserController: org.jeecg.common.api.vo.Result getUserInformation(java.lang.Integer,java.lang.Integer,java.lang.String,java.lang.String)>/keyword}
VarNode{<org.jeecg.modules.system.controller.SysTenantController: org.jeecg.common.api.vo.Result queryTenantPackUserList(java.lang.String,java.lang.String,java.lang.Integer,java.lang.Integer,java.lang.Integer)>/packId}
VarNode{<org.jeecg.modules.system.controller.SysDepartPermissionController: org.jeecg.common.api.vo.Result loadDatarule(java.lang.String,java.lang.String)>/permissionId}
VarNode{<org.jeecg.modules.message.controller.SysMessageController: org.jeecg.common.api.vo.Result queryById(java.lang.String)>/id}
VarNode{<org.jeecg.modules.demo.test.controller.JeecgDemoController: org.jeecg.common.api.vo.Result enhanceJavaListHttp(com.alibaba.fastjson.JSONObject)>/params}
VarNode{<org.jeecg.modules.system.controller.SysDepartRoleController: org.jeecg.common.api.vo.Result getDeptRoleByUserId(java.lang.String,java.lang.String)>/userId}
VarNode{<org.jeecg.modules.system.controller.SysFilesController: org.jeecg.common.api.vo.Result deleteBatch(java.lang.String)>/ids}
VarNode{<org.jeecg.modules.system.controller.SysUserController: org.jeecg.common.api.vo.Result queryByDepartId(java.lang.Integer,java.lang.Integer,java.lang.String,org.jeecg.modules.system.entity.SysUser)>/pageSize}
VarNode{<org.jeecg.modules.system.controller.SysGatewayRouteController: org.jeecg.common.api.vo.Result delete(java.lang.String)>/id}
VarNode{<org.jeecg.modules.system.controller.SysDepartPermissionController: org.jeecg.common.api.vo.Result deleteBatch(java.lang.String)>/ids}
VarNode{<org.jeecg.modules.system.controller.SysUserController: org.jeecg.common.api.vo.Result queryUserRole(java.lang.String)>/userid}
VarNode{<org.jeecg.modules.system.controller.SysUserController: org.jeecg.common.api.vo.Result editSysDepartWithUser(org.jeecg.modules.system.vo.SysDepartUsersVO)>/sysDepartUsersVO}
VarNode{<org.jeecg.modules.demo.mock.vxe.controller.VxeMockController: org.jeecg.common.api.vo.Result getMockData(java.lang.Integer,java.lang.Integer,java.lang.String)>/parentId}
VarNode{<org.jeecg.modules.system.controller.SysUserController: org.jeecg.common.api.vo.Result deleteRecycleBin(java.lang.String)>/userIds}
VarNode{<org.jeecg.modules.demo.mock.vxe.controller.VxeMockController: org.jeecg.common.api.vo.Result mockChange2(java.lang.String,java.lang.String)>/tugStatus}
VarNode{<org.jeecg.modules.message.controller.SysMessageTemplateController: org.jeecg.common.api.vo.Result sendMessage(org.jeecg.modules.message.entity.MsgParams)>/msgParams}
VarNode{<org.jeecg.modules.system.controller.SysUserController: org.jeecg.common.api.vo.Result frozenBatch(com.alibaba.fastjson.JSONObject)>/jsonObject}
VarNode{<org.jeecg.modules.demo.test.controller.JeecgOrderMainController: org.jeecg.common.api.vo.Result queryOrderCustomerListByMainId(java.lang.String)>/id}
VarNode{<org.jeecg.modules.system.controller.SysDictController: org.jeecg.common.api.vo.Result treeList(org.jeecg.modules.system.entity.SysDict,java.lang.Integer,java.lang.Integer,javax.servlet.http.HttpServletRequest)>/pageNo}
VarNode{<org.jeecg.modules.system.controller.LoginController: org.jeecg.common.api.vo.Result mLogin(org.jeecg.modules.system.model.SysLoginModel)>/sysLoginModel}
VarNode{<org.jeecg.modules.system.controller.SysCommentController: org.jeecg.common.api.vo.Result addText(org.jeecg.modules.system.entity.SysComment)>/sysComment}
VarNode{<org.jeecg.modules.demo.cloud.controller.JcloudDemoProviderController: java.lang.String getMessage(java.lang.String)>/name}
VarNode{<org.jeecg.modules.system.controller.SysDepartController: org.jeecg.common.api.vo.Result queryParentIds(java.lang.String,java.lang.String)>/departId}
VarNode{<org.jeecg.modules.system.controller.SysAnnouncementController: org.jeecg.common.api.vo.Result vue3List(java.lang.String,java.lang.String,java.lang.String,java.lang.String,java.lang.String,java.lang.Integer,java.lang.Integer)>/starFlag}
VarNode{<org.jeecg.modules.demo.mock.vxe.controller.VxeMockController: org.jeecg.common.api.vo.Result getMockDdjhData(org.jeecg.modules.demo.mock.vxe.entity.MockEntity,java.lang.Integer,java.lang.Integer,java.lang.String,java.lang.String,java.lang.String,java.lang.String,javax.servlet.http.HttpServletRequest)>/pageNo}
VarNode{<org.jeecg.modules.system.controller.SysTenantController: org.jeecg.common.api.vo.Result leaveTenant(java.lang.String,java.lang.String)>/tenantId}
VarNode{<org.jeecg.modules.system.controller.ThirdLoginController: java.lang.String oauth2LoginCallback(java.lang.String,java.lang.String,java.lang.String,java.lang.String,javax.servlet.http.HttpServletResponse)>/source}
VarNode{<org.jeecg.modules.system.controller.SysCommentController: org.jeecg.common.api.vo.Result deleteOne(java.lang.String)>/id}
VarNode{<org.jeecg.modules.system.controller.SysDictController: org.jeecg.common.api.vo.Result edit(org.jeecg.modules.system.entity.SysDict)>/sysDict}
VarNode{<org.jeecg.modules.system.controller.SysTenantController: org.jeecg.common.api.vo.Result invitationUser(java.lang.String)>/phone}
VarNode{<org.jeecg.modules.system.controller.SysUserController: org.jeecg.common.api.vo.Result appQueryByDepartId(java.lang.String)>/departId}
VarNode{<org.jeecg.modules.api.controller.SystemApiController: java.util.Set getUserRoleSet(java.lang.String)>/username}
VarNode{<org.jeecg.modules.system.controller.SysRoleController: org.jeecg.common.api.vo.Result listByTenant(org.jeecg.modules.system.entity.SysRole,java.lang.Integer,java.lang.Integer,javax.servlet.http.HttpServletRequest)>/pageNo}
VarNode{<org.jeecg.modules.system.controller.SysDepartController: org.jeecg.common.api.vo.Result queryParentIds(java.lang.String,java.lang.String)>/orgCode}
VarNode{<org.jeecg.modules.system.controller.SysTenantController: org.jeecg.common.api.vo.Result getTenantPackApplyUsers(java.lang.Integer)>/tenantId}
VarNode{<org.jeecg.modules.system.controller.SysUserController: org.jeecg.common.api.vo.Result queryByOrgCodeForAddressList(java.lang.Integer,java.lang.Integer,java.lang.String,org.jeecg.modules.system.entity.SysUser)>/orgCode}
VarNode{<org.jeecg.modules.system.controller.SysTenantController: org.jeecg.common.api.vo.Result queryById(java.lang.String)>/id}
VarNode{<org.jeecg.modules.system.controller.SysUserAgentController: org.jeecg.common.api.vo.Result queryById(java.lang.String)>/id}
VarNode{<org.jeecg.modules.system.controller.SysUserController: org.jeecg.common.api.vo.Result appUserList(java.lang.String,java.lang.String,java.lang.Integer,java.lang.Integer,java.lang.String)>/username}
VarNode{<org.jeecg.modules.system.controller.SysUserController: org.jeecg.common.api.vo.Result queryUserComponentData(java.lang.Integer,java.lang.Integer,java.lang.String,java.lang.String,java.lang.String,java.lang.String)>/username}
VarNode{<org.jeecg.modules.system.controller.SysTenantController: org.jeecg.common.api.vo.Result updateUserTenantStatus(org.jeecg.modules.system.entity.SysUserTenant)>/userTenant}
VarNode{<org.jeecg.modules.system.controller.ThirdLoginController: org.jeecg.common.api.vo.Result getThirdLoginUser(java.lang.String,java.lang.String)>/thirdType}
VarNode{<org.jeecg.modules.system.controller.SysDictController: org.jeecg.common.api.vo.Result loadTreeData(java.lang.String,java.lang.String,java.lang.String,java.lang.String,java.lang.String,java.lang.String,int,java.lang.String,java.lang.String,javax.servlet.http.HttpServletRequest)>/text}
VarNode{<org.jeecg.modules.system.controller.SysUserController: org.jeecg.common.api.vo.Result queryUserByDepId(java.lang.String,java.lang.String)>/realname}
VarNode{<org.jeecg.modules.system.controller.SysAnnouncementSendController: org.jeecg.common.api.vo.Result getOne(java.lang.String)>/sendId}
VarNode{<org.jeecg.modules.system.controller.ThirdLoginController: java.lang.String oauth2LoginCallback(java.lang.String,java.lang.String,java.lang.String,java.lang.String,javax.servlet.http.HttpServletResponse)>/authCode}
VarNode{<org.jeecg.modules.quartz.controller.QuartzJobController: org.jeecg.common.api.vo.Result deleteBatch(java.lang.String)>/ids}
VarNode{<org.jeecg.modules.system.controller.SysUserController: org.jeecg.common.api.vo.Result delete(java.lang.String)>/id}
VarNode{<org.jeecg.modules.system.controller.SysDepartRoleController: org.jeecg.common.api.vo.Result deptRoleAdd(com.alibaba.fastjson.JSONObject)>/json}
VarNode{<org.jeecg.modules.system.controller.SysTenantController: org.jeecg.common.api.vo.Result queryList(java.lang.String)>/ids}
VarNode{<org.jeecg.modules.system.controller.SysDictController: org.jeecg.common.api.vo.Result getDictItems(java.lang.String,java.lang.String,javax.servlet.http.HttpServletRequest)>/sign}
VarNode{<org.jeecg.modules.quartz.controller.QuartzJobController: org.jeecg.common.api.vo.Result add(org.jeecg.modules.quartz.entity.QuartzJob)>/quartzJob}
VarNode{<org.jeecg.modules.system.controller.SysPermissionController: org.jeecg.common.api.vo.Result queryRolePermission(java.lang.String)>/roleId}
VarNode{<org.jeecg.modules.system.controller.SysTenantController: org.jeecg.common.api.vo.Result queryPageList(org.jeecg.modules.system.entity.SysTenant,java.lang.Integer,java.lang.Integer,javax.servlet.http.HttpServletRequest)>/pageSize}
VarNode{<org.jeecg.modules.demo.test.controller.JeecgDemoController: org.jeecg.common.api.vo.Result deleteBatch(java.lang.String)>/ids}
VarNode{<org.jeecg.modules.system.controller.SysFormFileController: org.jeecg.common.api.vo.Result edit(org.jeecg.modules.system.entity.SysFormFile)>/sysFormFile}
VarNode{<org.jeecg.modules.system.controller.SysCategoryController: org.jeecg.common.api.vo.Result queryPageList(org.jeecg.modules.system.entity.SysCategory,java.lang.Integer,java.lang.Integer,javax.servlet.http.HttpServletRequest)>/pageSize}
VarNode{<org.jeecg.modules.system.controller.SysDepartController: org.jeecg.common.api.vo.Result queryBookDepTreeSync(java.lang.String,java.lang.Integer,java.lang.String)>/departName}
VarNode{<org.jeecg.common.system.query.QueryGenerator: void addRuleToQueryWrapper(org.jeecg.common.system.vo.SysPermissionDataRuleModel,java.lang.String,java.lang.Class,com.baomidou.mybatisplus.core.conditions.query.QueryWrapper)>/$r12}
VarNode{<org.jeecg.modules.system.controller.SysTenantController: org.jeecg.common.api.vo.Result getTenantUserList(org.jeecg.modules.system.entity.SysUser,java.lang.Integer,java.lang.Integer,java.lang.String,javax.servlet.http.HttpServletRequest)>/userTenantId}
VarNode{<org.jeecg.modules.system.controller.SysUserController: org.jeecg.common.api.vo.Result appUserList(java.lang.String,java.lang.String,java.lang.Integer,java.lang.Integer,java.lang.String)>/syncFlow}
VarNode{<org.jeecg.modules.api.controller.SystemApiController: void sendEmailMsg(java.lang.String,java.lang.String,java.lang.String)>/email}
VarNode{<org.jeecg.modules.system.controller.LoginController: org.jeecg.common.api.vo.Result selectDepart(org.jeecg.modules.system.entity.SysUser)>/user}
VarNode{<org.jeecg.modules.system.controller.SysPermissionController: org.jeecg.common.api.vo.Result getSystemSubmenu(java.lang.String)>/parentId}
VarNode{<org.jeecg.modules.system.controller.SysCategoryController: org.jeecg.common.api.vo.Result checkCode(java.lang.String,java.lang.String)>/pid}
VarNode{<org.jeecg.modules.demo.mock.vxe.controller.VxeMockController: org.jeecg.common.api.vo.Result getMockDdjhData(org.jeecg.modules.demo.mock.vxe.entity.MockEntity,java.lang.Integer,java.lang.Integer,java.lang.String,java.lang.String,java.lang.String,java.lang.String,javax.servlet.http.HttpServletRequest)>/superQueryMatchType}
VarNode{<org.jeecg.modules.system.controller.SysDataLogController: org.jeecg.common.api.vo.Result queryPageList(org.jeecg.modules.system.entity.SysDataLog,java.lang.Integer,java.lang.Integer,javax.servlet.http.HttpServletRequest)>/pageNo}
VarNode{<org.jeecg.modules.demo.test.controller.JeecgOrderMainController: org.jeecg.common.api.vo.Result queryById(java.lang.String)>/id}
VarNode{<org.jeecg.modules.api.controller.SystemApiController: java.util.List queryDepartsByOrgcodes(java.lang.String)>/orgCodes}
VarNode{<org.jeecg.modules.system.controller.SysUserController: org.jeecg.common.api.vo.Result selectUserList(java.lang.Integer,java.lang.Integer,java.lang.String,java.lang.String,java.lang.String)>/pageNo}
VarNode{<org.jeecg.modules.dlglong.controller.DlMockController: org.jeecg.common.api.vo.Result getMockData(java.lang.Integer,java.lang.Integer,java.lang.String)>/pageSize}
VarNode{<org.jeecg.modules.system.controller.SysTenantController: org.jeecg.common.api.vo.Result queryPackPageList(org.jeecg.modules.system.entity.SysTenantPack,java.lang.Integer,java.lang.Integer,javax.servlet.http.HttpServletRequest)>/pageSize}
VarNode{<org.jeecg.modules.system.controller.SysFillRuleController: org.jeecg.common.api.vo.Result testFillRule(java.lang.String)>/ruleCode}
VarNode{<org.jeecg.modules.demo.test.controller.JeecgDemoController: org.jeecg.common.api.vo.Result oneNativeList(java.lang.Integer,java.lang.Integer)>/pageSize}
VarNode{<org.jeecg.modules.dlglong.controller.DlMockController: org.jeecg.common.api.vo.Result mockImmediateSaveRow(com.alibaba.fastjson.JSONObject)>/rowData}
VarNode{<org.jeecg.modules.system.controller.SysDepartController: org.jeecg.common.api.vo.Result queryBookDepTreeSync(java.lang.String,java.lang.Integer,java.lang.String)>/tenantId}
VarNode{<org.jeecg.modules.message.controller.SysMessageTemplateController: org.jeecg.common.api.vo.Result add(org.jeecg.modules.message.entity.SysMessageTemplate)>/sysMessageTemplate}
VarNode{<org.jeecg.modules.system.controller.SysAnnouncementSendController: org.jeecg.common.api.vo.Result eidt(org.jeecg.modules.system.entity.SysAnnouncementSend)>/sysAnnouncementSend}
VarNode{<org.jeecg.modules.api.controller.SystemApiController: java.util.List queryTableDictByKeys(java.lang.String,java.lang.String,java.lang.String,java.lang.String[])>/text}
VarNode{<org.jeecg.modules.system.controller.SysUserAgentController: org.jeecg.common.api.vo.Result edit(org.jeecg.modules.system.entity.SysUserAgent)>/sysUserAgent}
VarNode{<org.jeecg.modules.system.controller.ThirdLoginController: org.jeecg.common.api.vo.Result bindingThirdPhone(com.alibaba.fastjson.JSONObject)>/jsonObject}
VarNode{<org.jeecg.modules.system.controller.SysPermissionController: org.jeecg.common.api.vo.Result edit(org.jeecg.modules.system.entity.SysPermission)>/permission}
VarNode{<org.jeecg.modules.system.controller.SysTenantController: org.jeecg.common.api.vo.Result deleteApply(org.jeecg.modules.system.entity.SysTenantPackUser)>/sysTenantPackUser}
VarNode{<org.jeecg.modules.system.controller.SysPermissionController: org.jeecg.common.api.vo.Result deleteBatch(java.lang.String)>/ids}
VarNode{<org.jeecg.modules.system.controller.SysAnnouncementController: org.jeecg.common.api.vo.Result syncNotic(java.lang.String,javax.servlet.http.HttpServletRequest)>/anntId}
VarNode{<org.jeecg.modules.message.controller.TestSocketController: org.jeecg.common.api.vo.Result sendAll(com.alibaba.fastjson.JSONObject)>/jsonObject}
VarNode{<org.jeecg.modules.system.controller.SysUserController: org.jeecg.common.api.vo.Result appUserList(java.lang.String,java.lang.String,java.lang.Integer,java.lang.Integer,java.lang.String)>/pageNo}
VarNode{<org.jeecg.modules.system.controller.SysDictController: org.jeecg.common.api.vo.Result queryTableData(org.jeecg.common.system.vo.DictQuery,java.lang.Integer,java.lang.Integer,java.lang.String,javax.servlet.http.HttpServletRequest)>/pageNo}
VarNode{<org.jeecg.modules.message.controller.SysMessageController: org.jeecg.common.api.vo.Result deleteBatch(java.lang.String)>/ids}
VarNode{<org.jeecg.modules.dlglong.controller.DlMockController: org.jeecg.common.api.vo.Result getMockDdjhData(org.jeecg.modules.dlglong.entity.MockEntity,java.lang.Integer,java.lang.Integer,java.lang.String,java.lang.String,java.lang.String,java.lang.String,javax.servlet.http.HttpServletRequest)>/pageSize}
VarNode{<org.jeecg.modules.api.controller.SystemApiController: void sendSysAnnouncement(org.jeecg.common.api.dto.message.MessageDTO)>/message}
VarNode{<org.jeecg.modules.demo.test.controller.JeecgOrderMainController: org.jeecg.common.api.vo.Result eidt(org.jeecg.modules.demo.test.vo.JeecgOrderMainPage)>/jeecgOrderMainPage}
VarNode{<org.jeecg.modules.system.controller.SysDepartPermissionController: org.jeecg.common.api.vo.Result queryDeptRolePermission(java.lang.String)>/roleId}
VarNode{<org.jeecg.modules.system.controller.SysRoleController: org.jeecg.common.api.vo.Result deleteBatch(java.lang.String)>/ids}
VarNode{<org.jeecg.modules.demo.test.controller.JeecgOrderErpMainController: org.jeecg.common.api.vo.Result deleteCustomer(java.lang.String)>/id}
VarNode{<org.jeecg.modules.api.controller.SystemApiController: java.util.List getDeptUserByOrgCode(java.lang.String)>/orgCode}
VarNode{<org.jeecg.modules.system.controller.SysUserController: org.jeecg.common.api.vo.Result addSysUserRole(org.jeecg.modules.system.vo.SysUserRoleVO)>/sysUserRoleVO}
VarNode{<org.jeecg.modules.demo.mock.vxe.controller.VxeMockController: org.jeecg.common.api.vo.Result getMockData(java.lang.Integer,java.lang.Integer,java.lang.String)>/pageSize}
VarNode{<org.jeecg.modules.message.controller.SysMessageController: org.jeecg.common.api.vo.Result edit(org.jeecg.modules.message.entity.SysMessage)>/sysMessage}
VarNode{<org.jeecg.modules.api.controller.SystemApiController: java.util.Map getManyDictItems(java.util.List)>/dictCodeList}
VarNode{<org.jeecg.modules.system.controller.SysRoleController: org.jeecg.common.api.vo.Result saveDatarule(com.alibaba.fastjson.JSONObject)>/jsonObject}
VarNode{<org.jeecg.modules.system.controller.SysAnnouncementController: org.jeecg.common.api.vo.Result listByUser(java.lang.Integer)>/pageSize}
VarNode{<org.jeecg.modules.system.controller.SysPermissionController: org.jeecg.common.api.vo.Result addPermissionRule(org.jeecg.modules.system.entity.SysPermissionDataRule)>/sysPermissionDataRule}
VarNode{<org.jeecg.modules.system.controller.SysUserController: org.jeecg.common.api.vo.Result putRecycleBin(com.alibaba.fastjson.JSONObject,javax.servlet.http.HttpServletRequest)>/jsonObject}
VarNode{<org.jeecg.modules.system.controller.SysUserOnlineController: org.jeecg.common.api.vo.Result forceLogout(org.jeecg.modules.system.vo.SysUserOnlineVO)>/online}
VarNode{<org.jeecg.modules.system.controller.SysFilesController: org.jeecg.common.api.vo.Result queryPageList(org.jeecg.modules.system.entity.SysFiles,java.lang.Integer,java.lang.Integer,javax.servlet.http.HttpServletRequest)>/pageNo}
VarNode{<org.jeecg.modules.system.controller.SysCheckRuleController: org.jeecg.common.api.vo.Result add(org.jeecg.modules.system.entity.SysCheckRule)>/sysCheckRule}
VarNode{<org.jeecg.modules.api.controller.SystemApiController: java.util.List getRoleIdsByUsername(java.lang.String)>/username}
VarNode{<org.jeecg.modules.system.controller.SysUserController: org.jeecg.common.api.vo.Result queryById(java.lang.String)>/id}
VarNode{<org.jeecg.modules.system.controller.SysDictItemController: org.jeecg.common.api.vo.Result add(org.jeecg.modules.system.entity.SysDictItem)>/sysDictItem}
VarNode{<org.jeecg.modules.demo.test.controller.JeecgOrderErpMainController: org.jeecg.common.api.vo.Result add(org.jeecg.modules.demo.test.vo.JeecgOrderMainPage)>/jeecgOrderMainPage}
VarNode{<org.jeecg.modules.dlglong.controller.DlMockController: org.jeecg.common.api.vo.Result getMockData(java.lang.Integer,java.lang.Integer,java.lang.String)>/parentId}
VarNode{<org.jeecg.modules.dlglong.controller.DlMockController: org.jeecg.common.api.vo.Result mockChange2(java.lang.String,java.lang.String)>/id}
VarNode{<org.jeecg.modules.message.controller.TestSocketController: org.jeecg.common.api.vo.Result sendUser(com.alibaba.fastjson.JSONObject)>/jsonObject}
VarNode{<org.jeecg.modules.system.controller.ThirdLoginController: java.lang.String loginThird(java.lang.String,me.zhyd.oauth.model.AuthCallback,org.springframework.ui.ModelMap)>/source}
VarNode{<org.jeecg.modules.demo.test.controller.JeecgOrderErpMainController: org.jeecg.common.api.vo.Result queryOrderTicketListByMainId(org.jeecg.modules.demo.test.entity.JeecgOrderTicket,java.lang.Integer,java.lang.Integer,javax.servlet.http.HttpServletRequest)>/pageNo}
VarNode{<org.jeecg.modules.system.controller.SysUserController: org.jeecg.common.api.vo.Result departUserList(java.lang.Integer,java.lang.Integer,javax.servlet.http.HttpServletRequest)>/pageNo}
VarNode{<org.jeecg.modules.system.controller.ThirdLoginController: org.jeecg.common.api.vo.Result thirdUserCreate(org.jeecg.modules.system.model.ThirdLoginModel)>/model}
VarNode{<org.jeecg.modules.demo.test.controller.JeecgOrderMainController: org.jeecg.common.api.vo.Result queryOrderTicketListByMainId(java.lang.String)>/id}
VarNode{<org.jeecg.modules.cas.controller.CasClientController: java.lang.Object validateLogin(java.lang.String,java.lang.String,javax.servlet.http.HttpServletRequest,javax.servlet.http.HttpServletResponse)>/ticket}
VarNode{<org.jeecg.modules.system.controller.SysRoleController: org.jeecg.common.api.vo.Result listByTenant(org.jeecg.modules.system.entity.SysRole,java.lang.Integer,java.lang.Integer,javax.servlet.http.HttpServletRequest)>/pageSize}
VarNode{<org.jeecg.modules.demo.test.controller.JeecgOrderMainController: org.jeecg.common.api.vo.Result queryPageList(org.jeecg.modules.demo.test.entity.JeecgOrderMain,java.lang.Integer,java.lang.Integer,javax.servlet.http.HttpServletRequest)>/pageSize}
VarNode{<org.jeecg.modules.demo.mock.vxe.controller.VxeMockController: org.jeecg.common.api.vo.Result mockChange2(java.lang.String,java.lang.String)>/id}
VarNode{<org.jeecg.modules.system.controller.SysAnnouncementController: org.springframework.web.servlet.ModelAndView showContent(org.springframework.web.servlet.ModelAndView,java.lang.String,javax.servlet.http.HttpServletRequest)>/id}
VarNode{<org.jeecg.modules.system.controller.SysUserController: org.jeecg.common.api.vo.Result deleteUserRoleBatch(java.lang.String,java.lang.String)>/roleId}
VarNode{<org.jeecg.modules.demo.mock.vxe.controller.VxeMockController: org.jeecg.common.api.vo.Result mockImmediateSaveAll(com.alibaba.fastjson.JSONArray)>/tableData}
VarNode{<org.jeecg.modules.system.controller.SysUserController: org.jeecg.common.api.vo.Result getUserInformation(java.lang.Integer,java.lang.Integer,java.lang.String,java.lang.String)>/departId}
VarNode{<org.jeecg.modules.system.controller.SysUserController: org.jeecg.common.api.vo.Result phoneVerification(com.alibaba.fastjson.JSONObject)>/jsonObject}
VarNode{<org.jeecg.modules.system.controller.SysCategoryController: org.jeecg.common.api.vo.Result delete(java.lang.String)>/id}
VarNode{<org.jeecg.modules.system.controller.SysUserController: org.jeecg.common.api.vo.Result deleteUserInDepartBatch(java.lang.String,java.lang.String)>/userIds}
VarNode{<org.jeecg.modules.demo.test.controller.JeecgDemoController: org.jeecg.common.api.vo.Result loadSqlPermissonList(org.jeecg.modules.demo.test.entity.JeecgDemo,java.lang.Integer,java.lang.Integer,javax.servlet.http.HttpServletRequest)>/pageNo}
VarNode{<org.jeecg.modules.demo.test.controller.JeecgDemoController: org.jeecg.common.api.vo.Result oneNativeDelete(java.lang.String)>/ids}
VarNode{<org.jeecg.modules.system.controller.ThirdLoginController: org.jeecg.common.api.vo.Result checkPassword(com.alibaba.fastjson.JSONObject)>/json}
VarNode{<org.jeecg.modules.system.controller.SysDepartController: org.jeecg.common.api.vo.Result queryByIds(java.lang.String)>/deptIds}
VarNode{<org.jeecg.modules.api.controller.SystemApiController: java.util.List loadDictItem(java.lang.String,java.lang.String)>/dictCode}
VarNode{<org.jeecg.modules.system.controller.SysFillRuleController: org.jeecg.common.api.vo.Result add(org.jeecg.modules.system.entity.SysFillRule)>/sysFillRule}
VarNode{<org.jeecg.modules.dlglong.controller.DlMockController: org.jeecg.common.api.vo.Result mockImmediateSaveAll(com.alibaba.fastjson.JSONArray)>/tableData}
VarNode{<org.jeecg.modules.system.controller.SysTenantController: org.jeecg.common.api.vo.Result queryTenantPackUserList(java.lang.String,java.lang.String,java.lang.Integer,java.lang.Integer,java.lang.Integer)>/pageNo}
VarNode{<org.jeecg.modules.system.controller.SysFilesController: org.jeecg.common.api.vo.Result queryPageList(org.jeecg.modules.system.entity.SysFiles,java.lang.Integer,java.lang.Integer,javax.servlet.http.HttpServletRequest)>/pageSize}
VarNode{<org.jeecg.modules.system.controller.SysTenantController: org.jeecg.common.api.vo.Result recycleBinPageList(org.jeecg.modules.system.entity.SysTenant,java.lang.Integer,java.lang.Integer,javax.servlet.http.HttpServletRequest)>/pageSize}
VarNode{<org.jeecg.modules.system.controller.SysDepartRoleController: org.jeecg.common.api.vo.Result deleteBatch(java.lang.String)>/ids}
VarNode{<org.jeecg.modules.api.controller.SystemApiController: org.jeecg.common.system.vo.LoginUser getUserById(java.lang.String)>/id}
VarNode{<org.jeecg.modules.system.controller.SysTenantController: org.jeecg.common.api.vo.Result invitationUserJoin(java.lang.String,java.lang.String)>/phone}
VarNode{<org.jeecg.modules.demo.mock.vxe.controller.VxeMockController: org.jeecg.common.api.vo.Result getMockDdjhData(org.jeecg.modules.demo.mock.vxe.entity.MockEntity,java.lang.Integer,java.lang.Integer,java.lang.String,java.lang.String,java.lang.String,java.lang.String,javax.servlet.http.HttpServletRequest)>/pageSize}
VarNode{<org.jeecg.modules.system.controller.SysAnnouncementController: org.jeecg.common.api.vo.Result vue3List(java.lang.String,java.lang.String,java.lang.String,java.lang.String,java.lang.String,java.lang.Integer,java.lang.Integer)>/fromUser}
VarNode{<org.jeecg.modules.system.controller.ThirdAppController: org.jeecg.common.api.vo.Result syncDingtalkDepartToApp(java.lang.String)>/ids}
VarNode{<org.jeecg.modules.system.controller.SysUserController: org.jeecg.common.api.vo.Result selectUserList(java.lang.Integer,java.lang.Integer,java.lang.String,java.lang.String,java.lang.String)>/departId}
VarNode{<org.jeecg.modules.system.controller.SysTenantController: org.jeecg.common.api.vo.Result doApplyTenantPackUser(org.jeecg.modules.system.entity.SysTenantPackUser)>/sysTenantPackUser}
VarNode{<org.jeecg.modules.system.controller.SysDictController: org.jeecg.common.api.vo.Result loadTreeData(java.lang.String,java.lang.String,java.lang.String,java.lang.String,java.lang.String,java.lang.String,int,java.lang.String,java.lang.String,javax.servlet.http.HttpServletRequest)>/converIsLeafVal}
VarNode{<org.jeecg.modules.system.controller.SysDictController: org.jeecg.common.api.vo.Result queryTableData(org.jeecg.common.system.vo.DictQuery,java.lang.Integer,java.lang.Integer,java.lang.String,javax.servlet.http.HttpServletRequest)>/sign}
VarNode{<org.jeecg.modules.system.controller.SysCheckRuleController: org.jeecg.common.api.vo.Result edit(org.jeecg.modules.system.entity.SysCheckRule)>/sysCheckRule}
VarNode{<org.jeecg.modules.system.controller.SysTenantController: org.jeecg.common.api.vo.Result changeOwenUserTenant(java.lang.String)>/userId}
VarNode{<org.jeecg.modules.system.controller.SysDepartPermissionController: org.jeecg.common.api.vo.Result add(org.jeecg.modules.system.entity.SysDepartPermission)>/sysDepartPermission}
VarNode{<org.jeecg.modules.system.controller.SysFilesController: org.jeecg.common.api.vo.Result delete(java.lang.String)>/id}
VarNode{<org.jeecg.modules.system.controller.SysUserController: org.jeecg.common.api.vo.Result deleteUserInDepart(java.lang.String,java.lang.String)>/userId}
VarNode{<org.jeecg.modules.system.controller.SysTenantController: org.jeecg.common.api.vo.Result editPackPermission(org.jeecg.modules.system.entity.SysTenantPack)>/sysTenantPack}
VarNode{<org.jeecg.modules.system.controller.SysDictItemController: org.jeecg.common.api.vo.Result delete(java.lang.String)>/id}
VarNode{<org.jeecg.modules.api.controller.SystemApiController: org.jeecg.common.system.vo.DictModel getParentDepartId(java.lang.String)>/departId}
VarNode{<org.jeecg.modules.demo.test.controller.JoaDemoController: org.jeecg.common.api.vo.Result add(org.jeecg.modules.demo.test.entity.JoaDemo)>/joaDemo}
VarNode{<org.jeecg.modules.system.controller.SysDepartRoleController: org.jeecg.common.api.vo.Result saveDatarule(com.alibaba.fastjson.JSONObject)>/jsonObject}
VarNode{<org.jeecg.modules.api.controller.SystemApiController: java.util.List queryFilterTableDictInfo(java.lang.String,java.lang.String,java.lang.String,java.lang.String)>/code}
VarNode{<org.jeecg.modules.system.controller.SysAnnouncementSendController: org.jeecg.common.api.vo.Result add(org.jeecg.modules.system.entity.SysAnnouncementSend)>/sysAnnouncementSend}
VarNode{<org.jeecg.modules.demo.mock.vxe.controller.VxeMockController: org.jeecg.common.api.vo.Result getMockDdjhData(org.jeecg.modules.demo.mock.vxe.entity.MockEntity,java.lang.Integer,java.lang.Integer,java.lang.String,java.lang.String,java.lang.String,java.lang.String,javax.servlet.http.HttpServletRequest)>/parentId}
VarNode{<org.jeecg.modules.api.controller.SystemApiController: java.util.List queryTableDictItemsByCode(java.lang.String,java.lang.String,java.lang.String)>/text}
VarNode{<org.jeecg.modules.api.controller.SystemApiController: java.util.List queryTableDictByKeys(java.lang.String,java.lang.String,java.lang.String,java.lang.String[])>/code}
VarNode{<org.jeecg.modules.system.controller.SysCommentController: org.jeecg.common.api.vo.Result add(org.jeecg.modules.system.entity.SysComment)>/sysComment}
VarNode{<org.jeecg.modules.system.controller.SysTenantController: org.jeecg.common.api.vo.Result getUserTenantPageList(java.lang.Integer,java.lang.Integer,java.lang.String,java.lang.String,org.jeecg.modules.system.entity.SysUser,javax.servlet.http.HttpServletRequest)>/pageSize}
VarNode{<org.jeecg.modules.system.controller.SysUserController: org.jeecg.common.api.vo.Result getUserSectionInfoByToken(javax.servlet.http.HttpServletRequest,java.lang.String)>/token}
VarNode{<org.jeecg.modules.api.controller.SystemApiController: java.util.List queryEnableDictItemsByCode(java.lang.String)>/code}
VarNode{<org.jeecg.modules.system.controller.SysDepartRoleController: org.jeecg.common.api.vo.Result queryPageList(org.jeecg.modules.system.entity.SysDepartRole,java.lang.Integer,java.lang.Integer,java.lang.String,javax.servlet.http.HttpServletRequest)>/deptId}
VarNode{<org.jeecg.modules.system.controller.SysTenantController: org.jeecg.common.api.vo.Result getTenantStatusCount(java.lang.String,javax.servlet.http.HttpServletRequest)>/status}
VarNode{<org.jeecg.modules.system.controller.SysUserAgentController: org.jeecg.common.api.vo.Result queryPageList(org.jeecg.modules.system.entity.SysUserAgent,java.lang.Integer,java.lang.Integer,javax.servlet.http.HttpServletRequest)>/pageSize}
VarNode{<org.jeecg.modules.system.controller.SysTenantController: org.jeecg.common.api.vo.Result deleteBatch(java.lang.String)>/ids}
VarNode{<org.jeecg.modules.system.controller.SysAnnouncementController: org.jeecg.common.api.vo.Result vue3List(java.lang.String,java.lang.String,java.lang.String,java.lang.String,java.lang.String,java.lang.Integer,java.lang.Integer)>/endDate}
VarNode{<org.jeecg.modules.system.controller.SysAnnouncementController: org.jeecg.common.api.vo.Result vue3List(java.lang.String,java.lang.String,java.lang.String,java.lang.String,java.lang.String,java.lang.Integer,java.lang.Integer)>/beginDate}
VarNode{<org.jeecg.modules.system.controller.SysRoleIndexController: org.jeecg.common.api.vo.Result edit(org.jeecg.modules.system.entity.SysRoleIndex,javax.servlet.http.HttpServletRequest)>/sysRoleIndex}
VarNode{<org.jeecg.modules.system.controller.SysAnnouncementSendController: org.jeecg.common.api.vo.Result getMyAnnouncementSend(org.jeecg.modules.system.model.AnnouncementSendModel,java.lang.Integer,java.lang.Integer)>/pageNo}
VarNode{<org.jeecg.modules.demo.test.controller.JeecgDemoController: org.jeecg.common.api.vo.Result oneNativeEdit(com.alibaba.fastjson.JSONObject)>/jsonObject}
VarNode{<org.jeecg.modules.system.controller.SysPermissionController: org.jeecg.common.api.vo.Result add(org.jeecg.modules.system.entity.SysPermission)>/permission}
VarNode{<org.jeecg.modules.system.controller.SysDepartPermissionController: org.jeecg.common.api.vo.Result edit(org.jeecg.modules.system.entity.SysDepartPermission)>/sysDepartPermission}
VarNode{<org.jeecg.modules.demo.test.controller.JeecgDemoController: org.jeecg.common.api.vo.Result list(org.jeecg.modules.demo.test.entity.JeecgDemo,java.lang.Integer,java.lang.Integer,javax.servlet.http.HttpServletRequest)>/pageNo}
VarNode{<org.jeecg.modules.system.controller.ThirdLoginController: java.lang.String oauth2LoginCallback(java.lang.String,java.lang.String,java.lang.String,java.lang.String,javax.servlet.http.HttpServletResponse)>/state}
VarNode{<org.jeecg.modules.system.controller.SysCategoryController: org.jeecg.common.api.vo.Result queryPageList(org.jeecg.modules.system.entity.SysCategory,java.lang.Integer,java.lang.Integer,javax.servlet.http.HttpServletRequest)>/pageNo}
VarNode{<org.jeecg.modules.oss.controller.OssFileController: org.jeecg.common.api.vo.Result queryPageList(org.jeecg.modules.oss.entity.OssFile,java.lang.Integer,java.lang.Integer,javax.servlet.http.HttpServletRequest)>/pageNo}
VarNode{<org.jeecg.modules.demo.test.controller.JeecgOrderErpMainController: org.jeecg.common.api.vo.Result delete(java.lang.String)>/id}
VarNode{<org.jeecg.modules.system.controller.SysCommentController: org.jeecg.common.api.vo.Result queryPageList(org.jeecg.modules.system.entity.SysComment,java.lang.Integer,java.lang.Integer,javax.servlet.http.HttpServletRequest)>/pageSize}
VarNode{<org.jeecg.modules.system.controller.SysTenantController: org.jeecg.common.api.vo.Result getUserTenantPageList(java.lang.Integer,java.lang.Integer,java.lang.String,java.lang.String,org.jeecg.modules.system.entity.SysUser,javax.servlet.http.HttpServletRequest)>/type}
VarNode{<org.jeecg.modules.api.controller.SystemApiController: java.util.List queryDepartsByIds(java.lang.String)>/ids}
VarNode{<org.jeecg.modules.system.controller.SysUserController: org.jeecg.common.api.vo.Result deleteUserRoleBatch(java.lang.String,java.lang.String)>/userIds}
VarNode{<org.jeecg.modules.system.controller.ThirdAppController: org.jeecg.common.api.vo.Result sendMessageTest(com.alibaba.fastjson.JSONObject,javax.servlet.http.HttpServletRequest)>/params}
VarNode{<org.jeecg.modules.message.controller.SysMessageController: org.jeecg.common.api.vo.Result add(org.jeecg.modules.message.entity.SysMessage)>/sysMessage}
VarNode{<org.jeecg.modules.system.controller.SysDepartRoleController: org.jeecg.common.api.vo.Result delete(java.lang.String)>/id}
VarNode{<org.jeecg.modules.system.controller.SysDictController: org.jeecg.common.api.vo.Result getDictText(java.lang.String,java.lang.String)>/dictCode}
VarNode{<org.jeecg.modules.system.controller.SysDepartController: org.jeecg.common.api.vo.Result queryDepartTreeSync(java.lang.String,java.lang.String,java.lang.String)>/primaryKey}
VarNode{<org.jeecg.modules.system.controller.SysRoleController: org.jeecg.common.api.vo.Result add(org.jeecg.modules.system.entity.SysRole)>/role}
VarNode{<org.jeecg.modules.api.controller.SystemApiController: java.util.Set queryUserRoles(java.lang.String)>/username}
VarNode{<org.jeecg.modules.system.controller.SysUserController: org.jeecg.common.api.vo.Result passwordChange(java.lang.String,java.lang.String,java.lang.String,java.lang.String)>/smscode}
VarNode{<org.jeecg.modules.api.controller.SystemApiController: java.util.List queryFilterTableDictInfo(java.lang.String,java.lang.String,java.lang.String,java.lang.String)>/text}
VarNode{<org.jeecg.modules.system.controller.SysRoleController: org.jeecg.common.api.vo.Result queryPageList(org.jeecg.modules.system.entity.SysRole,java.lang.Integer,java.lang.Integer,javax.servlet.http.HttpServletRequest)>/pageNo}
VarNode{<org.jeecg.modules.system.controller.SysDictController: org.jeecg.common.api.vo.Result loadTreeData(java.lang.String,java.lang.String,java.lang.String,java.lang.String,java.lang.String,java.lang.String,int,java.lang.String,java.lang.String,javax.servlet.http.HttpServletRequest)>/tbname}
VarNode{<org.jeecg.modules.system.controller.SysDataSourceController: org.jeecg.common.api.vo.Result deleteBatch(java.lang.String)>/ids}
VarNode{<org.jeecg.modules.system.controller.SysCheckRuleController: org.jeecg.common.api.vo.Result checkByCode(java.lang.String,java.lang.String)>/ruleCode}
VarNode{<org.jeecg.modules.system.controller.SysCategoryController: org.jeecg.common.api.vo.Result loadDict(java.lang.String,java.lang.String,java.lang.String)>/pcode}
VarNode{<org.jeecg.modules.system.controller.LoginController: org.jeecg.common.api.vo.Result scanLoginQrcode(java.lang.String,java.lang.String)>/qrcodeId}
VarNode{<org.jeecg.modules.system.controller.LoginController: org.jeecg.common.api.vo.Result getQrcodeToken(java.lang.String)>/qrcodeId}
VarNode{<org.jeecg.modules.system.controller.SysPositionController: org.jeecg.common.api.vo.Result edit(org.jeecg.modules.system.entity.SysPosition)>/sysPosition}
VarNode{<org.jeecg.modules.system.controller.SysPositionController: org.jeecg.common.api.vo.Result queryByCode(java.lang.String)>/code}
VarNode{<org.jeecg.modules.system.controller.SysDictController: org.jeecg.common.api.vo.Result loadTreeData(java.lang.String,java.lang.String,java.lang.String,java.lang.String,java.lang.String,java.lang.String,int,java.lang.String,java.lang.String,javax.servlet.http.HttpServletRequest)>/condition}
VarNode{<org.jeecg.modules.system.controller.SysFillRuleController: org.jeecg.common.api.vo.Result delete(java.lang.String)>/id}
VarNode{<org.jeecg.modules.api.controller.SystemApiController: void saveDataLog(org.jeecg.common.api.dto.DataLogDTO)>/dataLogDto}
VarNode{<org.jeecg.modules.system.controller.SysAnnouncementController: org.jeecg.common.api.vo.Result eidt(org.jeecg.modules.system.entity.SysAnnouncement)>/sysAnnouncement}
VarNode{<org.jeecg.modules.quartz.controller.QuartzJobController: org.jeecg.common.api.vo.Result pauseJob(java.lang.String)>/id}
VarNode{<org.jeecg.modules.demo.mock.vxe.controller.VxeMockController: org.jeecg.common.api.vo.Result mockChange3(java.lang.String,java.lang.String)>/progress}
VarNode{<org.jeecg.modules.system.controller.SysFormFileController: org.jeecg.common.api.vo.Result queryById(java.lang.String)>/id}
VarNode{<org.jeecg.modules.dlglong.controller.DlMockController: org.jeecg.common.api.vo.Result mockChange1(java.lang.String,java.lang.String)>/id}
VarNode{<org.jeecg.modules.system.controller.SysUserController: org.jeecg.common.api.vo.Result departUserList(java.lang.Integer,java.lang.Integer,javax.servlet.http.HttpServletRequest)>/pageSize}
VarNode{<org.jeecg.modules.api.controller.SystemApiController: void sendTemplateAnnouncement(org.jeecg.common.api.dto.message.TemplateMessageDTO)>/message}
VarNode{<org.jeecg.modules.system.controller.SysAnnouncementController: org.jeecg.common.api.vo.Result doReovkeData(java.lang.String,javax.servlet.http.HttpServletRequest)>/id}
VarNode{<org.jeecg.modules.demo.mock.vxe.controller.VxeMockController: org.jeecg.common.api.vo.Result getMockDdjhData(org.jeecg.modules.demo.mock.vxe.entity.MockEntity,java.lang.Integer,java.lang.Integer,java.lang.String,java.lang.String,java.lang.String,java.lang.String,javax.servlet.http.HttpServletRequest)>/status}
VarNode{<org.jeecg.modules.system.controller.SysUserController: org.jeecg.common.api.vo.Result queryPageList(org.jeecg.modules.system.entity.SysUser,java.lang.Integer,java.lang.Integer,javax.servlet.http.HttpServletRequest)>/pageSize}
VarNode{<org.jeecg.modules.api.controller.SystemApiController: boolean hasOnlineAuth(org.jeecg.common.api.dto.OnlineAuthDTO)>/onlineAuthDTO}
VarNode{<org.jeecg.modules.system.controller.SysDictItemController: org.jeecg.common.api.vo.Result deleteBatch(java.lang.String)>/ids}
VarNode{<org.jeecg.modules.system.controller.SysDictController: org.jeecg.common.api.vo.Result loadDict(java.lang.String,java.lang.String,java.lang.String,java.lang.Integer)>/keyword}
VarNode{<org.jeecg.modules.system.controller.SysTenantController: org.jeecg.common.api.vo.Result delete(java.lang.String)>/id}
VarNode{<org.jeecg.modules.api.controller.SystemApiController: java.util.List getRolesByUsername(java.lang.String)>/username}
VarNode{<org.jeecg.modules.system.controller.SysFormFileController: org.jeecg.common.api.vo.Result add(org.jeecg.modules.system.entity.SysFormFile)>/sysFormFile}
VarNode{<org.jeecg.modules.demo.test.controller.JeecgOrderErpMainController: org.jeecg.common.api.vo.Result deleteBatchCustomer(java.lang.String)>/ids}
VarNode{<org.jeecg.modules.system.controller.ThirdLoginController: java.lang.String oauth2LoginCallback(java.lang.String,java.lang.String,javax.servlet.http.HttpServletRequest,javax.servlet.http.HttpServletResponse)>/source}
VarNode{<org.jeecg.modules.system.controller.ThirdLoginController: java.lang.String oauth2LoginCallback(java.lang.String,java.lang.String,javax.servlet.http.HttpServletRequest,javax.servlet.http.HttpServletResponse)>/state}
VarNode{<org.jeecg.modules.system.controller.SysPermissionController: org.jeecg.common.api.vo.Result getSystemSubmenuBatch(java.lang.String)>/parentIds}
VarNode{<org.jeecg.modules.system.controller.SysDictController: org.jeecg.common.api.vo.Result loadDictOrderByValue(java.lang.String,java.lang.String,java.lang.String,java.lang.Integer)>/dictCode}
VarNode{<org.jeecg.modules.system.controller.SysUserController: org.jeecg.common.api.vo.Result queryUserComponentData(java.lang.Integer,java.lang.Integer,java.lang.String,java.lang.String,java.lang.String,java.lang.String)>/pageSize}
VarNode{<org.jeecg.modules.api.controller.SystemApiController: java.util.List getDepartIdsByUsername(java.lang.String)>/username}
VarNode{<org.jeecg.modules.api.controller.SystemApiController: java.lang.String translateDict(java.lang.String,java.lang.String)>/code}
VarNode{<org.jeecg.modules.system.controller.ThirdAppController: org.jeecg.common.api.vo.Result syncDingtalkUserToLocal(java.lang.String)>/ids}
VarNode{<org.jeecg.modules.system.controller.SysTenantController: org.jeecg.common.api.vo.Result updateApplyStatus(org.jeecg.modules.system.entity.SysTenant)>/sysTenant}
VarNode{<org.jeecg.modules.system.controller.SysUserOnlineController: org.jeecg.common.api.vo.Result list(java.lang.String,java.lang.Integer,java.lang.Integer)>/pageNo}
VarNode{<org.jeecg.modules.api.controller.SystemApiController: java.util.List translateDictFromTableByKeys(java.lang.String,java.lang.String,java.lang.String,java.lang.String)>/text}
VarNode{<org.jeecg.modules.demo.test.controller.JoaDemoController: org.jeecg.common.api.vo.Result queryById(java.lang.String)>/id}
VarNode{<org.jeecg.modules.system.controller.SysTenantController: org.jeecg.common.api.vo.Result edit(org.jeecg.modules.system.entity.SysTenant)>/tenant}
VarNode{<org.jeecg.modules.system.controller.ThirdAppController: org.jeecg.common.api.vo.Result recallMessageTest(com.alibaba.fastjson.JSONObject)>/params}
VarNode{<org.jeecg.modules.system.controller.SysDepartRoleController: org.jeecg.common.api.vo.Result loadDatarule(java.lang.String,java.lang.String,java.lang.String)>/departId}
VarNode{<org.jeecg.modules.api.controller.SystemApiController: void addSysFiles(org.jeecg.common.system.vo.SysFilesModel)>/sysFilesModel}
VarNode{<org.jeecg.modules.dlglong.controller.DlMockController: org.jeecg.common.api.vo.Result mockChange3(java.lang.String,java.lang.String)>/progress}
VarNode{<org.jeecg.modules.system.controller.SysDictController: org.jeecg.common.api.vo.Result loadDictItem(java.lang.String,java.lang.String,java.lang.String,boolean,javax.servlet.http.HttpServletRequest)>/delNotExist}
VarNode{<org.jeecg.modules.demo.mock.vxe.controller.VxeMockController: org.jeecg.common.api.vo.Result getMockDdjhData(org.jeecg.modules.demo.mock.vxe.entity.MockEntity,java.lang.Integer,java.lang.Integer,java.lang.String,java.lang.String,java.lang.String,java.lang.String,javax.servlet.http.HttpServletRequest)>/superQueryParams}
VarNode{<org.jeecg.modules.oss.controller.OssFileController: org.jeecg.common.api.vo.Result delete(java.lang.String)>/id}
VarNode{<org.jeecg.modules.oss.controller.OssFileController: org.jeecg.common.api.vo.Result queryById(java.lang.String)>/id}
Sink nodes:
VarNode{<org.jeecg.modules.system.service.impl.SysBaseApiImpl: java.util.Set getUserPermissionSet(java.lang.String)>/username}
VarNode{<org.jeecg.modules.system.service.impl.SysDictServiceImpl: java.util.List queryDictItemsByCode(java.lang.String)>/code}
VarNode{<org.jeecg.modules.system.service.impl.SysDictServiceImpl: java.util.Map queryDictItemsByCodeList(java.util.List)>/dictCodeList}
VarNode{<org.jeecg.modules.system.service.impl.SysUserServiceImpl: java.util.Set getUserPermissionsSet(java.lang.String)>/username}
VarNode{<org.jeecg.modules.system.service.impl.SysUserServiceImpl: org.jeecg.modules.system.entity.SysUser getUserByPhone(java.lang.String)>/phone}
VarNode{<org.jeecg.modules.system.service.impl.SysUserServiceImpl: org.jeecg.common.system.vo.LoginUser getEncodeUserInfo(java.lang.String)>/username}
VarNode{<org.jeecg.modules.system.service.impl.SysDictServiceImpl: java.util.List queryEnableDictItemsByCode(java.lang.String)>/code}
VarNode{<org.jeecg.modules.system.service.impl.SysPermissionServiceImpl: java.util.List queryDepartPermissionList(java.lang.String)>/departId}
VarNode{<org.jeecg.modules.system.service.impl.SysPermissionServiceImpl: java.util.List queryListByParentId(java.lang.String)>/parentId}
VarNode{<org.jeecg.modules.system.service.impl.SysAnnouncementSendServiceImpl: org.jeecg.modules.system.model.AnnouncementSendModel getOne(java.lang.String)>/sendId}
Dumping /Users/yuntsy/My/Projects/Java/WebAnalyzer/output/taint-flow-graph.dot
TFGDumper finishes, elapsed time: 0.11s
-------------- Pointer analysis statistics: --------------
#var pointers:                1,8067 (insens) / 1,8067 (sens)
#objects:                     8970 (insens) / 8970 (sens)
#var points-to:               1,9978 (insens) / 1,9982 (sens)
#static field points-to:      248 (sens)
#instance field points-to:    1,4492 (sens)
#array points-to:             161 (sens)
#reachable methods:           2084 (insens) / 2084 (sens)
#call graph edges:            7008 (insens) / 7008 (sens)
----------------------------------------
pta finishes, elapsed time: 0.62s
cg starts ...
Call graph has 2084 reachable methods and 7008 edges
Dumping call graph to /Users/yuntsy/My/Projects/Java/WebAnalyzer/output/call-graph.dot
Dumping reachable methods to /Users/yuntsy/My/Projects/Java/WebAnalyzer/output/reachable-methods.txt
Dumping call edges to /Users/yuntsy/My/Projects/Java/WebAnalyzer/output/call-edges.txt
cg finishes, elapsed time: 0.19s
Tai-e finishes, elapsed time: 5.70s
