Writing log to /Users/yuntsy/My/Projects/Java/WebAnalyzer/output/tai-e.log
java.version: 17.0.11
java.version.date: 2024-04-16
java.runtime.version: 17.0.11+7-LTS-207
java.vendor: Oracle Corporation
java.vendor.version: null
os.name: Mac OS X
os.version: 26.3
os.arch: aarch64
Tai-e Version: 0.5.1
Manifest does not contain Tai-e commit information
Tai-e Commit: Unknown
Writing analysis plan to /Users/yuntsy/My/Projects/Java/WebAnalyzer/output/tai-e-plan.yml
WorldBuilder starts ...
Warning: main class was not given!
28038 classes with 262485 methods in the world
WorldBuilder finishes, elapsed time: 22.26s
ir-dumper starts ...
Dumping IR in /Users/yuntsy/My/Projects/Java/WebAnalyzer/output/tir
13989 classes in scope (APP) of class analyses
ir-dumper finishes, elapsed time: 12.94s
routerAnalysis starts ...
Router analysis started at: 2026-02-28 21:34:28
Router analysis completed at: 2026-02-28 21:34:28 (Duration: 11ms)
routerAnalysis finishes, elapsed time: 0.01s
beanAnalysis starts ...
beanAnalysis finishes, elapsed time: 0.02s
injectPointsAnalysis starts ...
injectPointsAnalysis finishes, elapsed time: 0.02s
aspectAnalysis starts ...
Starting AOP aspect analysis...
aspectAnalysis finishes, elapsed time: 0.01s
resultAnalysis starts ...
============================================================
                 Spring Analysis Result Summary             
============================================================
Router Methods (Endpoints)     : 78
Spring Beans                   : 196
Aspect Methods (Advice)        : 4
============================================================
resultAnalysis finishes, elapsed time: 0.00s
srfaAnalysis starts ...
SRFA Analysis started at: 2026-02-28 21:34:28
Loaded 16 controller classes from RouterAnalysis
Discovering mapper paths from 20 appClassPath entries
Auto-discovered 36 mapper path(s)
  - /Users/yuntsy/My/Graduate/Data/final/mall/mall-portal/src/main/resources/dao
  - /Users/yuntsy/My/Graduate/Data/final/mall/mall-common/src/main/resources
  - /Users/yuntsy/My/Graduate/Data/final/mall/mall-mbg/src/main/resources
  - /Users/yuntsy/My/Graduate/Data/final/mall/mall-mbg/src/main/resources/com/macro/mall/mapper
  - /var/folders/n9/gm62bg6x77xgx7pk8ttb_v640000gn/T/srfa-mapper-cache/jakarta_servlet-api-4_0_4_1592488715000/META-INF/maven/jakarta.servlet/jakarta.servlet-api
  - /var/folders/n9/gm62bg6x77xgx7pk8ttb_v640000gn/T/srfa-mapper-cache/javax_servlet-api-4_0_1_1532351392000/META-INF/maven/javax.servlet/javax.servlet-api
  - /var/folders/n9/gm62bg6x77xgx7pk8ttb_v640000gn/T/srfa-mapper-cache/spring-web-6_2_1_1733996318000/META-INF
  - /var/folders/n9/gm62bg6x77xgx7pk8ttb_v640000gn/T/srfa-mapper-cache/spring-jdbc-6_2_0_1731602316000/org/springframework/jdbc/support
  - /var/folders/n9/gm62bg6x77xgx7pk8ttb_v640000gn/T/srfa-mapper-cache/jakarta_servlet-api-6_0_0_1720887509497/META-INF/maven/jakarta.servlet/jakarta.servlet-api
  - /var/folders/n9/gm62bg6x77xgx7pk8ttb_v640000gn/T/srfa-mapper-cache/spring-context-6_2_0_1731602337000/org/springframework/remoting/rmi
  - /var/folders/n9/gm62bg6x77xgx7pk8ttb_v640000gn/T/srfa-mapper-cache/mybatis-3_4_6_1520782006000/META-INF/maven/ognl/ognl
  - /var/folders/n9/gm62bg6x77xgx7pk8ttb_v640000gn/T/srfa-mapper-cache/mybatis-3_4_6_1520782006000/META-INF/maven/org.javassist/javassist
  - /var/folders/n9/gm62bg6x77xgx7pk8ttb_v640000gn/T/srfa-mapper-cache/mybatis-3_4_6_1520782006000/META-INF/maven/org.mybatis/mybatis
  - /var/folders/n9/gm62bg6x77xgx7pk8ttb_v640000gn/T/srfa-mapper-cache/tomcat-catalina-10_1_18_1704467231000/org/apache/catalina
  - /var/folders/n9/gm62bg6x77xgx7pk8ttb_v640000gn/T/srfa-mapper-cache/tomcat-catalina-10_1_18_1704467231000/org/apache/catalina/core
  - /var/folders/n9/gm62bg6x77xgx7pk8ttb_v640000gn/T/srfa-mapper-cache/tomcat-catalina-10_1_18_1704467231000/org/apache/catalina/valves
  - /var/folders/n9/gm62bg6x77xgx7pk8ttb_v640000gn/T/srfa-mapper-cache/tomcat-catalina-10_1_18_1704467231000/org/apache/catalina/valves/rewrite
  - /var/folders/n9/gm62bg6x77xgx7pk8ttb_v640000gn/T/srfa-mapper-cache/tomcat-catalina-10_1_18_1704467231000/org/apache/catalina/mbeans
  - /var/folders/n9/gm62bg6x77xgx7pk8ttb_v640000gn/T/srfa-mapper-cache/tomcat-catalina-10_1_18_1704467231000/org/apache/catalina/deploy
  - /var/folders/n9/gm62bg6x77xgx7pk8ttb_v640000gn/T/srfa-mapper-cache/tomcat-catalina-10_1_18_1704467231000/org/apache/catalina/mapper
  - /var/folders/n9/gm62bg6x77xgx7pk8ttb_v640000gn/T/srfa-mapper-cache/tomcat-catalina-10_1_18_1704467231000/org/apache/catalina/webresources
  - /var/folders/n9/gm62bg6x77xgx7pk8ttb_v640000gn/T/srfa-mapper-cache/tomcat-catalina-10_1_18_1704467231000/org/apache/catalina/loader
  - /var/folders/n9/gm62bg6x77xgx7pk8ttb_v640000gn/T/srfa-mapper-cache/tomcat-catalina-10_1_18_1704467231000/org/apache/catalina/users
  - /var/folders/n9/gm62bg6x77xgx7pk8ttb_v640000gn/T/srfa-mapper-cache/tomcat-catalina-10_1_18_1704467231000/org/apache/catalina/connector
  - /var/folders/n9/gm62bg6x77xgx7pk8ttb_v640000gn/T/srfa-mapper-cache/tomcat-catalina-10_1_18_1704467231000/org/apache/catalina/authenticator
  - /var/folders/n9/gm62bg6x77xgx7pk8ttb_v640000gn/T/srfa-mapper-cache/tomcat-catalina-10_1_18_1704467231000/org/apache/catalina/startup
  - /var/folders/n9/gm62bg6x77xgx7pk8ttb_v640000gn/T/srfa-mapper-cache/tomcat-catalina-10_1_18_1704467231000/org/apache/catalina/realm
  - /var/folders/n9/gm62bg6x77xgx7pk8ttb_v640000gn/T/srfa-mapper-cache/tomcat-catalina-10_1_18_1704467231000/org/apache/catalina/session
  - /var/folders/n9/gm62bg6x77xgx7pk8ttb_v640000gn/T/srfa-mapper-cache/mybatis-3_5_15_1702536962000/META-INF/maven/ognl/ognl
  - /var/folders/n9/gm62bg6x77xgx7pk8ttb_v640000gn/T/srfa-mapper-cache/mybatis-3_5_15_1702536962000/META-INF/maven/org.javassist/javassist
  - /var/folders/n9/gm62bg6x77xgx7pk8ttb_v640000gn/T/srfa-mapper-cache/mybatis-3_5_15_1702536962000/META-INF/maven/org.mybatis/mybatis
  - /var/folders/n9/gm62bg6x77xgx7pk8ttb_v640000gn/T/srfa-mapper-cache/shiro-web-1_13_0_1699061658000/META-INF/maven/org.apache.shiro/shiro-web
  - /var/folders/n9/gm62bg6x77xgx7pk8ttb_v640000gn/T/srfa-mapper-cache/shiro-core-1_13_0_1699061656000/META-INF/maven/org.apache.shiro/shiro-core
  - /var/folders/n9/gm62bg6x77xgx7pk8ttb_v640000gn/T/srfa-mapper-cache/quartz-2_3_2_1571857751000
  - /var/folders/n9/gm62bg6x77xgx7pk8ttb_v640000gn/T/srfa-mapper-cache/quartz-2_3_2_1571857751000/org/quartz/impl/jdbcjobstore
  - /var/folders/n9/gm62bg6x77xgx7pk8ttb_v640000gn/T/srfa-mapper-cache/quartz-2_3_2_1571857751000/META-INF/maven/org.quartz-scheduler/quartz
Using 36 mapper search path(s):
  - /Users/yuntsy/My/Graduate/Data/final/mall/mall-portal/src/main/resources/dao
  - /Users/yuntsy/My/Graduate/Data/final/mall/mall-common/src/main/resources
  - /Users/yuntsy/My/Graduate/Data/final/mall/mall-mbg/src/main/resources
  - /Users/yuntsy/My/Graduate/Data/final/mall/mall-mbg/src/main/resources/com/macro/mall/mapper
  - /var/folders/n9/gm62bg6x77xgx7pk8ttb_v640000gn/T/srfa-mapper-cache/jakarta_servlet-api-4_0_4_1592488715000/META-INF/maven/jakarta.servlet/jakarta.servlet-api
  - /var/folders/n9/gm62bg6x77xgx7pk8ttb_v640000gn/T/srfa-mapper-cache/javax_servlet-api-4_0_1_1532351392000/META-INF/maven/javax.servlet/javax.servlet-api
  - /var/folders/n9/gm62bg6x77xgx7pk8ttb_v640000gn/T/srfa-mapper-cache/spring-web-6_2_1_1733996318000/META-INF
  - /var/folders/n9/gm62bg6x77xgx7pk8ttb_v640000gn/T/srfa-mapper-cache/spring-jdbc-6_2_0_1731602316000/org/springframework/jdbc/support
  - /var/folders/n9/gm62bg6x77xgx7pk8ttb_v640000gn/T/srfa-mapper-cache/jakarta_servlet-api-6_0_0_1720887509497/META-INF/maven/jakarta.servlet/jakarta.servlet-api
  - /var/folders/n9/gm62bg6x77xgx7pk8ttb_v640000gn/T/srfa-mapper-cache/spring-context-6_2_0_1731602337000/org/springframework/remoting/rmi
  - /var/folders/n9/gm62bg6x77xgx7pk8ttb_v640000gn/T/srfa-mapper-cache/mybatis-3_4_6_1520782006000/META-INF/maven/ognl/ognl
  - /var/folders/n9/gm62bg6x77xgx7pk8ttb_v640000gn/T/srfa-mapper-cache/mybatis-3_4_6_1520782006000/META-INF/maven/org.javassist/javassist
  - /var/folders/n9/gm62bg6x77xgx7pk8ttb_v640000gn/T/srfa-mapper-cache/mybatis-3_4_6_1520782006000/META-INF/maven/org.mybatis/mybatis
  - /var/folders/n9/gm62bg6x77xgx7pk8ttb_v640000gn/T/srfa-mapper-cache/tomcat-catalina-10_1_18_1704467231000/org/apache/catalina
  - /var/folders/n9/gm62bg6x77xgx7pk8ttb_v640000gn/T/srfa-mapper-cache/tomcat-catalina-10_1_18_1704467231000/org/apache/catalina/core
  - /var/folders/n9/gm62bg6x77xgx7pk8ttb_v640000gn/T/srfa-mapper-cache/tomcat-catalina-10_1_18_1704467231000/org/apache/catalina/valves
  - /var/folders/n9/gm62bg6x77xgx7pk8ttb_v640000gn/T/srfa-mapper-cache/tomcat-catalina-10_1_18_1704467231000/org/apache/catalina/valves/rewrite
  - /var/folders/n9/gm62bg6x77xgx7pk8ttb_v640000gn/T/srfa-mapper-cache/tomcat-catalina-10_1_18_1704467231000/org/apache/catalina/mbeans
  - /var/folders/n9/gm62bg6x77xgx7pk8ttb_v640000gn/T/srfa-mapper-cache/tomcat-catalina-10_1_18_1704467231000/org/apache/catalina/deploy
  - /var/folders/n9/gm62bg6x77xgx7pk8ttb_v640000gn/T/srfa-mapper-cache/tomcat-catalina-10_1_18_1704467231000/org/apache/catalina/mapper
  - /var/folders/n9/gm62bg6x77xgx7pk8ttb_v640000gn/T/srfa-mapper-cache/tomcat-catalina-10_1_18_1704467231000/org/apache/catalina/webresources
  - /var/folders/n9/gm62bg6x77xgx7pk8ttb_v640000gn/T/srfa-mapper-cache/tomcat-catalina-10_1_18_1704467231000/org/apache/catalina/loader
  - /var/folders/n9/gm62bg6x77xgx7pk8ttb_v640000gn/T/srfa-mapper-cache/tomcat-catalina-10_1_18_1704467231000/org/apache/catalina/users
  - /var/folders/n9/gm62bg6x77xgx7pk8ttb_v640000gn/T/srfa-mapper-cache/tomcat-catalina-10_1_18_1704467231000/org/apache/catalina/connector
  - /var/folders/n9/gm62bg6x77xgx7pk8ttb_v640000gn/T/srfa-mapper-cache/tomcat-catalina-10_1_18_1704467231000/org/apache/catalina/authenticator
  - /var/folders/n9/gm62bg6x77xgx7pk8ttb_v640000gn/T/srfa-mapper-cache/tomcat-catalina-10_1_18_1704467231000/org/apache/catalina/startup
  - /var/folders/n9/gm62bg6x77xgx7pk8ttb_v640000gn/T/srfa-mapper-cache/tomcat-catalina-10_1_18_1704467231000/org/apache/catalina/realm
  - /var/folders/n9/gm62bg6x77xgx7pk8ttb_v640000gn/T/srfa-mapper-cache/tomcat-catalina-10_1_18_1704467231000/org/apache/catalina/session
  - /var/folders/n9/gm62bg6x77xgx7pk8ttb_v640000gn/T/srfa-mapper-cache/mybatis-3_5_15_1702536962000/META-INF/maven/ognl/ognl
  - /var/folders/n9/gm62bg6x77xgx7pk8ttb_v640000gn/T/srfa-mapper-cache/mybatis-3_5_15_1702536962000/META-INF/maven/org.javassist/javassist
  - /var/folders/n9/gm62bg6x77xgx7pk8ttb_v640000gn/T/srfa-mapper-cache/mybatis-3_5_15_1702536962000/META-INF/maven/org.mybatis/mybatis
  - /var/folders/n9/gm62bg6x77xgx7pk8ttb_v640000gn/T/srfa-mapper-cache/shiro-web-1_13_0_1699061658000/META-INF/maven/org.apache.shiro/shiro-web
  - /var/folders/n9/gm62bg6x77xgx7pk8ttb_v640000gn/T/srfa-mapper-cache/shiro-core-1_13_0_1699061656000/META-INF/maven/org.apache.shiro/shiro-core
  - /var/folders/n9/gm62bg6x77xgx7pk8ttb_v640000gn/T/srfa-mapper-cache/quartz-2_3_2_1571857751000
  - /var/folders/n9/gm62bg6x77xgx7pk8ttb_v640000gn/T/srfa-mapper-cache/quartz-2_3_2_1571857751000/org/quartz/impl/jdbcjobstore
  - /var/folders/n9/gm62bg6x77xgx7pk8ttb_v640000gn/T/srfa-mapper-cache/quartz-2_3_2_1571857751000/META-INF/maven/org.quartz-scheduler/quartz
Parsed 157 MyBatis mapper files
Parsed 157 MyBatis mapper files
  Mapper namespace: com.macro.mall.portal.dao.PortalOrderDao
    Operation: id=getDetail, type=select, hasDollar=false
    Operation: id=getTimeOutOrders, type=select, hasDollar=false
    Operation: id=updateSkuStock, type=update, hasDollar=false
    Operation: id=updateOrderStatus, type=update, hasDollar=false
    Operation: id=releaseSkuStockLock, type=update, hasDollar=false
    Operation: id=lockStockBySkuId, type=update, hasDollar=false
    Operation: id=reduceSkuStock, type=update, hasDollar=false
    Operation: id=releaseStockBySkuId, type=update, hasDollar=false
  Mapper namespace: com.macro.mall.portal.dao.SmsCouponHistoryDao
    Operation: id=getDetailList, type=select, hasDollar=false
    Operation: id=getCouponList, type=select, hasDollar=false
  Mapper namespace: com.macro.mall.portal.dao.PortalOrderItemDao
    Operation: id=insertList, type=insert, hasDollar=false
  Mapper namespace: com.macro.mall.portal.dao.PortalProductDao
    Operation: id=getCartProduct, type=select, hasDollar=false
    Operation: id=getPromotionProductList, type=select, hasDollar=false
    Operation: id=getAvailableCouponList, type=select, hasDollar=false
  Mapper namespace: com.macro.mall.portal.dao.HomeDao
    Operation: id=getRecommendBrandList, type=select, hasDollar=false
    Operation: id=getFlashProductList, type=select, hasDollar=false
    Operation: id=getNewProductList, type=select, hasDollar=false
    Operation: id=getHotProductList, type=select, hasDollar=false
    Operation: id=getRecommendSubjectList, type=select, hasDollar=false
  Mapper namespace: com.macro.mall.mapper.OmsCartItemMapper
    Operation: id=selectByExample, type=select, hasDollar=true
      Risky var: ${{orderByClause}}
    Operation: id=selectByPrimaryKey, type=select, hasDollar=false
    Operation: id=deleteByPrimaryKey, type=delete, hasDollar=false
    Operation: id=updateByExampleSelective, type=update, hasDollar=false
    Operation: id=updateByExample, type=update, hasDollar=false
    Operation: id=updateByPrimaryKeySelective, type=update, hasDollar=false
    Operation: id=updateByPrimaryKey, type=update, hasDollar=false
    Operation: id=insert, type=insert, hasDollar=false
    Operation: id=insertSelective, type=insert, hasDollar=false
  Mapper namespace: com.macro.mall.mapper.SmsFlashPromotionSessionMapper
    Operation: id=selectByExample, type=select, hasDollar=true
      Risky var: ${{orderByClause}}
    Operation: id=selectByPrimaryKey, type=select, hasDollar=false
    Operation: id=deleteByPrimaryKey, type=delete, hasDollar=false
    Operation: id=updateByExampleSelective, type=update, hasDollar=false
    Operation: id=updateByExample, type=update, hasDollar=false
    Operation: id=updateByPrimaryKeySelective, type=update, hasDollar=false
    Operation: id=updateByPrimaryKey, type=update, hasDollar=false
    Operation: id=insert, type=insert, hasDollar=false
    Operation: id=insertSelective, type=insert, hasDollar=false
  Mapper namespace: com.macro.mall.mapper.CmsSubjectCommentMapper
    Operation: id=selectByExample, type=select, hasDollar=true
      Risky var: ${{orderByClause}}
    Operation: id=selectByPrimaryKey, type=select, hasDollar=false
    Operation: id=deleteByPrimaryKey, type=delete, hasDollar=false
    Operation: id=updateByExampleSelective, type=update, hasDollar=false
    Operation: id=updateByExample, type=update, hasDollar=false
    Operation: id=updateByPrimaryKeySelective, type=update, hasDollar=false
    Operation: id=updateByPrimaryKey, type=update, hasDollar=false
    Operation: id=insert, type=insert, hasDollar=false
    Operation: id=insertSelective, type=insert, hasDollar=false
  Mapper namespace: com.macro.mall.mapper.UmsMemberReceiveAddressMapper
    Operation: id=selectByExample, type=select, hasDollar=true
      Risky var: ${{orderByClause}}
    Operation: id=selectByPrimaryKey, type=select, hasDollar=false
    Operation: id=deleteByPrimaryKey, type=delete, hasDollar=false
    Operation: id=updateByExampleSelective, type=update, hasDollar=false
    Operation: id=updateByExample, type=update, hasDollar=false
    Operation: id=updateByPrimaryKeySelective, type=update, hasDollar=false
    Operation: id=updateByPrimaryKey, type=update, hasDollar=false
    Operation: id=insert, type=insert, hasDollar=false
    Operation: id=insertSelective, type=insert, hasDollar=false
  Mapper namespace: com.macro.mall.mapper.PmsSkuStockMapper
    Operation: id=selectByExample, type=select, hasDollar=true
      Risky var: ${{orderByClause}}
    Operation: id=selectByPrimaryKey, type=select, hasDollar=false
    Operation: id=deleteByPrimaryKey, type=delete, hasDollar=false
    Operation: id=updateByExampleSelective, type=update, hasDollar=false
    Operation: id=updateByExample, type=update, hasDollar=false
    Operation: id=updateByPrimaryKeySelective, type=update, hasDollar=false
    Operation: id=updateByPrimaryKey, type=update, hasDollar=false
    Operation: id=insert, type=insert, hasDollar=false
    Operation: id=insertSelective, type=insert, hasDollar=false
  Mapper namespace: com.macro.mall.mapper.PmsCommentReplayMapper
    Operation: id=selectByExample, type=select, hasDollar=true
      Risky var: ${{orderByClause}}
    Operation: id=selectByPrimaryKey, type=select, hasDollar=false
    Operation: id=deleteByPrimaryKey, type=delete, hasDollar=false
    Operation: id=updateByExampleSelective, type=update, hasDollar=false
    Operation: id=updateByExample, type=update, hasDollar=false
    Operation: id=updateByPrimaryKeySelective, type=update, hasDollar=false
    Operation: id=updateByPrimaryKey, type=update, hasDollar=false
    Operation: id=insert, type=insert, hasDollar=false
    Operation: id=insertSelective, type=insert, hasDollar=false
  Mapper namespace: com.macro.mall.mapper.OmsOrderSettingMapper
    Operation: id=selectByExample, type=select, hasDollar=true
      Risky var: ${{orderByClause}}
    Operation: id=selectByPrimaryKey, type=select, hasDollar=false
    Operation: id=deleteByPrimaryKey, type=delete, hasDollar=false
    Operation: id=updateByExampleSelective, type=update, hasDollar=false
    Operation: id=updateByExample, type=update, hasDollar=false
    Operation: id=updateByPrimaryKeySelective, type=update, hasDollar=false
    Operation: id=updateByPrimaryKey, type=update, hasDollar=false
    Operation: id=insert, type=insert, hasDollar=false
    Operation: id=insertSelective, type=insert, hasDollar=false
  Mapper namespace: com.macro.mall.mapper.UmsMemberStatisticsInfoMapper
    Operation: id=selectByExample, type=select, hasDollar=true
      Risky var: ${{orderByClause}}
    Operation: id=selectByPrimaryKey, type=select, hasDollar=false
    Operation: id=deleteByPrimaryKey, type=delete, hasDollar=false
    Operation: id=updateByExampleSelective, type=update, hasDollar=false
    Operation: id=updateByExample, type=update, hasDollar=false
    Operation: id=updateByPrimaryKeySelective, type=update, hasDollar=false
    Operation: id=updateByPrimaryKey, type=update, hasDollar=false
    Operation: id=insert, type=insert, hasDollar=false
    Operation: id=insertSelective, type=insert, hasDollar=false
  Mapper namespace: com.macro.mall.mapper.UmsGrowthChangeHistoryMapper
    Operation: id=selectByExample, type=select, hasDollar=true
      Risky var: ${{orderByClause}}
    Operation: id=selectByPrimaryKey, type=select, hasDollar=false
    Operation: id=deleteByPrimaryKey, type=delete, hasDollar=false
    Operation: id=updateByExampleSelective, type=update, hasDollar=false
    Operation: id=updateByExample, type=update, hasDollar=false
    Operation: id=updateByPrimaryKeySelective, type=update, hasDollar=false
    Operation: id=updateByPrimaryKey, type=update, hasDollar=false
    Operation: id=insert, type=insert, hasDollar=false
    Operation: id=insertSelective, type=insert, hasDollar=false
  Mapper namespace: com.macro.mall.mapper.UmsAdminRoleRelationMapper
    Operation: id=selectByExample, type=select, hasDollar=true
      Risky var: ${{orderByClause}}
    Operation: id=selectByPrimaryKey, type=select, hasDollar=false
    Operation: id=deleteByPrimaryKey, type=delete, hasDollar=false
    Operation: id=updateByExampleSelective, type=update, hasDollar=false
    Operation: id=updateByExample, type=update, hasDollar=false
    Operation: id=updateByPrimaryKeySelective, type=update, hasDollar=false
    Operation: id=updateByPrimaryKey, type=update, hasDollar=false
    Operation: id=insert, type=insert, hasDollar=false
    Operation: id=insertSelective, type=insert, hasDollar=false
  Mapper namespace: com.macro.mall.mapper.CmsTopicCategoryMapper
    Operation: id=selectByExample, type=select, hasDollar=true
      Risky var: ${{orderByClause}}
    Operation: id=selectByPrimaryKey, type=select, hasDollar=false
    Operation: id=deleteByPrimaryKey, type=delete, hasDollar=false
    Operation: id=updateByExampleSelective, type=update, hasDollar=false
    Operation: id=updateByExample, type=update, hasDollar=false
    Operation: id=updateByPrimaryKeySelective, type=update, hasDollar=false
    Operation: id=updateByPrimaryKey, type=update, hasDollar=false
    Operation: id=insert, type=insert, hasDollar=false
    Operation: id=insertSelective, type=insert, hasDollar=false
  Mapper namespace: com.macro.mall.mapper.PmsCommentMapper
    Operation: id=selectByExampleWithBLOBs, type=select, hasDollar=true
      Risky var: ${{orderByClause}}
    Operation: id=selectByExample, type=select, hasDollar=true
      Risky var: ${{orderByClause}}
    Operation: id=selectByPrimaryKey, type=select, hasDollar=false
    Operation: id=deleteByPrimaryKey, type=delete, hasDollar=false
    Operation: id=updateByExampleSelective, type=update, hasDollar=false
    Operation: id=updateByExampleWithBLOBs, type=update, hasDollar=false
    Operation: id=updateByExample, type=update, hasDollar=false
    Operation: id=updateByPrimaryKeySelective, type=update, hasDollar=false
    Operation: id=updateByPrimaryKeyWithBLOBs, type=update, hasDollar=false
    Operation: id=updateByPrimaryKey, type=update, hasDollar=false
    Operation: id=insert, type=insert, hasDollar=false
    Operation: id=insertSelective, type=insert, hasDollar=false
  Mapper namespace: com.macro.mall.mapper.UmsMemberMapper
    Operation: id=selectByExample, type=select, hasDollar=true
      Risky var: ${{orderByClause}}
    Operation: id=selectByPrimaryKey, type=select, hasDollar=false
    Operation: id=deleteByPrimaryKey, type=delete, hasDollar=false
    Operation: id=updateByExampleSelective, type=update, hasDollar=false
    Operation: id=updateByExample, type=update, hasDollar=false
    Operation: id=updateByPrimaryKeySelective, type=update, hasDollar=false
    Operation: id=updateByPrimaryKey, type=update, hasDollar=false
    Operation: id=insert, type=insert, hasDollar=false
    Operation: id=insertSelective, type=insert, hasDollar=false
  Mapper namespace: com.macro.mall.mapper.PmsProductAttributeValueMapper
    Operation: id=selectByExample, type=select, hasDollar=true
      Risky var: ${{orderByClause}}
    Operation: id=selectByPrimaryKey, type=select, hasDollar=false
    Operation: id=deleteByPrimaryKey, type=delete, hasDollar=false
    Operation: id=updateByExampleSelective, type=update, hasDollar=false
    Operation: id=updateByExample, type=update, hasDollar=false
    Operation: id=updateByPrimaryKeySelective, type=update, hasDollar=false
    Operation: id=updateByPrimaryKey, type=update, hasDollar=false
    Operation: id=insert, type=insert, hasDollar=false
    Operation: id=insertSelective, type=insert, hasDollar=false
  Mapper namespace: com.macro.mall.mapper.CmsSubjectMapper
    Operation: id=selectByExampleWithBLOBs, type=select, hasDollar=true
      Risky var: ${{orderByClause}}
    Operation: id=selectByExample, type=select, hasDollar=true
      Risky var: ${{orderByClause}}
    Operation: id=selectByPrimaryKey, type=select, hasDollar=false
    Operation: id=deleteByPrimaryKey, type=delete, hasDollar=false
    Operation: id=updateByExampleSelective, type=update, hasDollar=false
    Operation: id=updateByExampleWithBLOBs, type=update, hasDollar=false
    Operation: id=updateByExample, type=update, hasDollar=false
    Operation: id=updateByPrimaryKeySelective, type=update, hasDollar=false
    Operation: id=updateByPrimaryKeyWithBLOBs, type=update, hasDollar=false
    Operation: id=updateByPrimaryKey, type=update, hasDollar=false
    Operation: id=insert, type=insert, hasDollar=false
    Operation: id=insertSelective, type=insert, hasDollar=false
  Mapper namespace: com.macro.mall.mapper.CmsSubjectCategoryMapper
    Operation: id=selectByExample, type=select, hasDollar=true
      Risky var: ${{orderByClause}}
    Operation: id=selectByPrimaryKey, type=select, hasDollar=false
    Operation: id=deleteByPrimaryKey, type=delete, hasDollar=false
    Operation: id=updateByExampleSelective, type=update, hasDollar=false
    Operation: id=updateByExample, type=update, hasDollar=false
    Operation: id=updateByPrimaryKeySelective, type=update, hasDollar=false
    Operation: id=updateByPrimaryKey, type=update, hasDollar=false
    Operation: id=insert, type=insert, hasDollar=false
    Operation: id=insertSelective, type=insert, hasDollar=false
  Mapper namespace: com.macro.mall.mapper.UmsMenuMapper
    Operation: id=selectByExample, type=select, hasDollar=true
      Risky var: ${{orderByClause}}
    Operation: id=selectByPrimaryKey, type=select, hasDollar=false
    Operation: id=deleteByPrimaryKey, type=delete, hasDollar=false
    Operation: id=updateByExampleSelective, type=update, hasDollar=false
    Operation: id=updateByExample, type=update, hasDollar=false
    Operation: id=updateByPrimaryKeySelective, type=update, hasDollar=false
    Operation: id=updateByPrimaryKey, type=update, hasDollar=false
    Operation: id=insert, type=insert, hasDollar=false
    Operation: id=insertSelective, type=insert, hasDollar=false
  Mapper namespace: com.macro.mall.mapper.UmsMemberLevelMapper
    Operation: id=selectByExample, type=select, hasDollar=true
      Risky var: ${{orderByClause}}
    Operation: id=selectByPrimaryKey, type=select, hasDollar=false
    Operation: id=deleteByPrimaryKey, type=delete, hasDollar=false
    Operation: id=updateByExampleSelective, type=update, hasDollar=false
    Operation: id=updateByExample, type=update, hasDollar=false
    Operation: id=updateByPrimaryKeySelective, type=update, hasDollar=false
    Operation: id=updateByPrimaryKey, type=update, hasDollar=false
    Operation: id=insert, type=insert, hasDollar=false
    Operation: id=insertSelective, type=insert, hasDollar=false
  Mapper namespace: com.macro.mall.mapper.UmsIntegrationChangeHistoryMapper
    Operation: id=selectByExample, type=select, hasDollar=true
      Risky var: ${{orderByClause}}
    Operation: id=selectByPrimaryKey, type=select, hasDollar=false
    Operation: id=deleteByPrimaryKey, type=delete, hasDollar=false
    Operation: id=updateByExampleSelective, type=update, hasDollar=false
    Operation: id=updateByExample, type=update, hasDollar=false
    Operation: id=updateByPrimaryKeySelective, type=update, hasDollar=false
    Operation: id=updateByPrimaryKey, type=update, hasDollar=false
    Operation: id=insert, type=insert, hasDollar=false
    Operation: id=insertSelective, type=insert, hasDollar=false
  Mapper namespace: com.macro.mall.mapper.UmsMemberTagMapper
    Operation: id=selectByExample, type=select, hasDollar=true
      Risky var: ${{orderByClause}}
    Operation: id=selectByPrimaryKey, type=select, hasDollar=false
    Operation: id=deleteByPrimaryKey, type=delete, hasDollar=false
    Operation: id=updateByExampleSelective, type=update, hasDollar=false
    Operation: id=updateByExample, type=update, hasDollar=false
    Operation: id=updateByPrimaryKeySelective, type=update, hasDollar=false
    Operation: id=updateByPrimaryKey, type=update, hasDollar=false
    Operation: id=insert, type=insert, hasDollar=false
    Operation: id=insertSelective, type=insert, hasDollar=false
  Mapper namespace: com.macro.mall.mapper.PmsProductCategoryMapper
    Operation: id=selectByExampleWithBLOBs, type=select, hasDollar=true
      Risky var: ${{orderByClause}}
    Operation: id=selectByExample, type=select, hasDollar=true
      Risky var: ${{orderByClause}}
    Operation: id=selectByPrimaryKey, type=select, hasDollar=false
    Operation: id=deleteByPrimaryKey, type=delete, hasDollar=false
    Operation: id=updateByExampleSelective, type=update, hasDollar=false
    Operation: id=updateByExampleWithBLOBs, type=update, hasDollar=false
    Operation: id=updateByExample, type=update, hasDollar=false
    Operation: id=updateByPrimaryKeySelective, type=update, hasDollar=false
    Operation: id=updateByPrimaryKeyWithBLOBs, type=update, hasDollar=false
    Operation: id=updateByPrimaryKey, type=update, hasDollar=false
    Operation: id=insert, type=insert, hasDollar=false
    Operation: id=insertSelective, type=insert, hasDollar=false
  Mapper namespace: com.macro.mall.mapper.UmsResourceMapper
    Operation: id=selectByExample, type=select, hasDollar=true
      Risky var: ${{orderByClause}}
    Operation: id=selectByPrimaryKey, type=select, hasDollar=false
    Operation: id=deleteByPrimaryKey, type=delete, hasDollar=false
    Operation: id=updateByExampleSelective, type=update, hasDollar=false
    Operation: id=updateByExample, type=update, hasDollar=false
    Operation: id=updateByPrimaryKeySelective, type=update, hasDollar=false
    Operation: id=updateByPrimaryKey, type=update, hasDollar=false
    Operation: id=insert, type=insert, hasDollar=false
    Operation: id=insertSelective, type=insert, hasDollar=false
  Mapper namespace: com.macro.mall.mapper.PmsAlbumPicMapper
    Operation: id=selectByExample, type=select, hasDollar=true
      Risky var: ${{orderByClause}}
    Operation: id=selectByPrimaryKey, type=select, hasDollar=false
    Operation: id=deleteByPrimaryKey, type=delete, hasDollar=false
    Operation: id=updateByExampleSelective, type=update, hasDollar=false
    Operation: id=updateByExample, type=update, hasDollar=false
    Operation: id=updateByPrimaryKeySelective, type=update, hasDollar=false
    Operation: id=updateByPrimaryKey, type=update, hasDollar=false
    Operation: id=insert, type=insert, hasDollar=false
    Operation: id=insertSelective, type=insert, hasDollar=false
  Mapper namespace: com.macro.mall.mapper.OmsOrderReturnReasonMapper
    Operation: id=selectByExample, type=select, hasDollar=true
      Risky var: ${{orderByClause}}
    Operation: id=selectByPrimaryKey, type=select, hasDollar=false
    Operation: id=deleteByPrimaryKey, type=delete, hasDollar=false
    Operation: id=updateByExampleSelective, type=update, hasDollar=false
    Operation: id=updateByExample, type=update, hasDollar=false
    Operation: id=updateByPrimaryKeySelective, type=update, hasDollar=false
    Operation: id=updateByPrimaryKey, type=update, hasDollar=false
    Operation: id=insert, type=insert, hasDollar=false
    Operation: id=insertSelective, type=insert, hasDollar=false
  Mapper namespace: com.macro.mall.mapper.UmsMemberTaskMapper
    Operation: id=selectByExample, type=select, hasDollar=true
      Risky var: ${{orderByClause}}
    Operation: id=selectByPrimaryKey, type=select, hasDollar=false
    Operation: id=deleteByPrimaryKey, type=delete, hasDollar=false
    Operation: id=updateByExampleSelective, type=update, hasDollar=false
    Operation: id=updateByExample, type=update, hasDollar=false
    Operation: id=updateByPrimaryKeySelective, type=update, hasDollar=false
    Operation: id=updateByPrimaryKey, type=update, hasDollar=false
    Operation: id=insert, type=insert, hasDollar=false
    Operation: id=insertSelective, type=insert, hasDollar=false
  Mapper namespace: com.macro.mall.mapper.SmsCouponMapper
    Operation: id=selectByExample, type=select, hasDollar=true
      Risky var: ${{orderByClause}}
    Operation: id=selectByPrimaryKey, type=select, hasDollar=false
    Operation: id=deleteByPrimaryKey, type=delete, hasDollar=false
    Operation: id=updateByExampleSelective, type=update, hasDollar=false
    Operation: id=updateByExample, type=update, hasDollar=false
    Operation: id=updateByPrimaryKeySelective, type=update, hasDollar=false
    Operation: id=updateByPrimaryKey, type=update, hasDollar=false
    Operation: id=insert, type=insert, hasDollar=false
    Operation: id=insertSelective, type=insert, hasDollar=false
  Mapper namespace: com.macro.mall.mapper.CmsTopicMapper
    Operation: id=selectByExampleWithBLOBs, type=select, hasDollar=true
      Risky var: ${{orderByClause}}
    Operation: id=selectByExample, type=select, hasDollar=true
      Risky var: ${{orderByClause}}
    Operation: id=selectByPrimaryKey, type=select, hasDollar=false
    Operation: id=deleteByPrimaryKey, type=delete, hasDollar=false
    Operation: id=updateByExampleSelective, type=update, hasDollar=false
    Operation: id=updateByExampleWithBLOBs, type=update, hasDollar=false
    Operation: id=updateByExample, type=update, hasDollar=false
    Operation: id=updateByPrimaryKeySelective, type=update, hasDollar=false
    Operation: id=updateByPrimaryKeyWithBLOBs, type=update, hasDollar=false
    Operation: id=updateByPrimaryKey, type=update, hasDollar=false
    Operation: id=insert, type=insert, hasDollar=false
    Operation: id=insertSelective, type=insert, hasDollar=false
  Mapper namespace: com.macro.mall.mapper.UmsAdminMapper
    Operation: id=selectByExample, type=select, hasDollar=true
      Risky var: ${{orderByClause}}
    Operation: id=selectByPrimaryKey, type=select, hasDollar=false
    Operation: id=deleteByPrimaryKey, type=delete, hasDollar=false
    Operation: id=updateByExampleSelective, type=update, hasDollar=false
    Operation: id=updateByExample, type=update, hasDollar=false
    Operation: id=updateByPrimaryKeySelective, type=update, hasDollar=false
    Operation: id=updateByPrimaryKey, type=update, hasDollar=false
    Operation: id=insert, type=insert, hasDollar=false
    Operation: id=insertSelective, type=insert, hasDollar=false
  Mapper namespace: com.macro.mall.mapper.SmsHomeBrandMapper
    Operation: id=selectByExample, type=select, hasDollar=true
      Risky var: ${{orderByClause}}
    Operation: id=selectByPrimaryKey, type=select, hasDollar=false
    Operation: id=deleteByPrimaryKey, type=delete, hasDollar=false
    Operation: id=updateByExampleSelective, type=update, hasDollar=false
    Operation: id=updateByExample, type=update, hasDollar=false
    Operation: id=updateByPrimaryKeySelective, type=update, hasDollar=false
    Operation: id=updateByPrimaryKey, type=update, hasDollar=false
    Operation: id=insert, type=insert, hasDollar=false
    Operation: id=insertSelective, type=insert, hasDollar=false
  Mapper namespace: com.macro.mall.mapper.PmsProductFullReductionMapper
    Operation: id=selectByExample, type=select, hasDollar=true
      Risky var: ${{orderByClause}}
    Operation: id=selectByPrimaryKey, type=select, hasDollar=false
    Operation: id=deleteByPrimaryKey, type=delete, hasDollar=false
    Operation: id=updateByExampleSelective, type=update, hasDollar=false
    Operation: id=updateByExample, type=update, hasDollar=false
    Operation: id=updateByPrimaryKeySelective, type=update, hasDollar=false
    Operation: id=updateByPrimaryKey, type=update, hasDollar=false
    Operation: id=insert, type=insert, hasDollar=false
    Operation: id=insertSelective, type=insert, hasDollar=false
  Mapper namespace: com.macro.mall.mapper.PmsAlbumMapper
    Operation: id=selectByExample, type=select, hasDollar=true
      Risky var: ${{orderByClause}}
    Operation: id=selectByPrimaryKey, type=select, hasDollar=false
    Operation: id=deleteByPrimaryKey, type=delete, hasDollar=false
    Operation: id=updateByExampleSelective, type=update, hasDollar=false
    Operation: id=updateByExample, type=update, hasDollar=false
    Operation: id=updateByPrimaryKeySelective, type=update, hasDollar=false
    Operation: id=updateByPrimaryKey, type=update, hasDollar=false
    Operation: id=insert, type=insert, hasDollar=false
    Operation: id=insertSelective, type=insert, hasDollar=false
  Mapper namespace: com.macro.mall.mapper.UmsMemberMemberTagRelationMapper
    Operation: id=selectByExample, type=select, hasDollar=true
      Risky var: ${{orderByClause}}
    Operation: id=selectByPrimaryKey, type=select, hasDollar=false
    Operation: id=deleteByPrimaryKey, type=delete, hasDollar=false
    Operation: id=updateByExampleSelective, type=update, hasDollar=false
    Operation: id=updateByExample, type=update, hasDollar=false
    Operation: id=updateByPrimaryKeySelective, type=update, hasDollar=false
    Operation: id=updateByPrimaryKey, type=update, hasDollar=false
    Operation: id=insert, type=insert, hasDollar=false
    Operation: id=insertSelective, type=insert, hasDollar=false
  Mapper namespace: com.macro.mall.mapper.OmsOrderItemMapper
    Operation: id=selectByExample, type=select, hasDollar=true
      Risky var: ${{orderByClause}}
    Operation: id=selectByPrimaryKey, type=select, hasDollar=false
    Operation: id=deleteByPrimaryKey, type=delete, hasDollar=false
    Operation: id=updateByExampleSelective, type=update, hasDollar=false
    Operation: id=updateByExample, type=update, hasDollar=false
    Operation: id=updateByPrimaryKeySelective, type=update, hasDollar=false
    Operation: id=updateByPrimaryKey, type=update, hasDollar=false
    Operation: id=insert, type=insert, hasDollar=false
    Operation: id=insertSelective, type=insert, hasDollar=false
  Mapper namespace: com.macro.mall.mapper.SmsHomeAdvertiseMapper
    Operation: id=selectByExample, type=select, hasDollar=true
      Risky var: ${{orderByClause}}
    Operation: id=selectByPrimaryKey, type=select, hasDollar=false
    Operation: id=deleteByPrimaryKey, type=delete, hasDollar=false
    Operation: id=updateByExampleSelective, type=update, hasDollar=false
    Operation: id=updateByExample, type=update, hasDollar=false
    Operation: id=updateByPrimaryKeySelective, type=update, hasDollar=false
    Operation: id=updateByPrimaryKey, type=update, hasDollar=false
    Operation: id=insert, type=insert, hasDollar=false
    Operation: id=insertSelective, type=insert, hasDollar=false
  Mapper namespace: com.macro.mall.mapper.UmsPermissionMapper
    Operation: id=selectByExample, type=select, hasDollar=true
      Risky var: ${{orderByClause}}
    Operation: id=selectByPrimaryKey, type=select, hasDollar=false
    Operation: id=deleteByPrimaryKey, type=delete, hasDollar=false
    Operation: id=updateByExampleSelective, type=update, hasDollar=false
    Operation: id=updateByExample, type=update, hasDollar=false
    Operation: id=updateByPrimaryKeySelective, type=update, hasDollar=false
    Operation: id=updateByPrimaryKey, type=update, hasDollar=false
    Operation: id=insert, type=insert, hasDollar=false
    Operation: id=insertSelective, type=insert, hasDollar=false
  Mapper namespace: com.macro.mall.mapper.PmsProductAttributeMapper
    Operation: id=selectByExample, type=select, hasDollar=true
      Risky var: ${{orderByClause}}
    Operation: id=selectByPrimaryKey, type=select, hasDollar=false
    Operation: id=deleteByPrimaryKey, type=delete, hasDollar=false
    Operation: id=updateByExampleSelective, type=update, hasDollar=false
    Operation: id=updateByExample, type=update, hasDollar=false
    Operation: id=updateByPrimaryKeySelective, type=update, hasDollar=false
    Operation: id=updateByPrimaryKey, type=update, hasDollar=false
    Operation: id=insert, type=insert, hasDollar=false
    Operation: id=insertSelective, type=insert, hasDollar=false
  Mapper namespace: com.macro.mall.mapper.OmsCompanyAddressMapper
    Operation: id=selectByExample, type=select, hasDollar=true
      Risky var: ${{orderByClause}}
    Operation: id=selectByPrimaryKey, type=select, hasDollar=false
    Operation: id=deleteByPrimaryKey, type=delete, hasDollar=false
    Operation: id=updateByExampleSelective, type=update, hasDollar=false
    Operation: id=updateByExample, type=update, hasDollar=false
    Operation: id=updateByPrimaryKeySelective, type=update, hasDollar=false
    Operation: id=updateByPrimaryKey, type=update, hasDollar=false
    Operation: id=insert, type=insert, hasDollar=false
    Operation: id=insertSelective, type=insert, hasDollar=false
  Mapper namespace: com.macro.mall.mapper.PmsProductVertifyRecordMapper
    Operation: id=selectByExample, type=select, hasDollar=true
      Risky var: ${{orderByClause}}
    Operation: id=selectByPrimaryKey, type=select, hasDollar=false
    Operation: id=deleteByPrimaryKey, type=delete, hasDollar=false
    Operation: id=updateByExampleSelective, type=update, hasDollar=false
    Operation: id=updateByExample, type=update, hasDollar=false
    Operation: id=updateByPrimaryKeySelective, type=update, hasDollar=false
    Operation: id=updateByPrimaryKey, type=update, hasDollar=false
    Operation: id=insert, type=insert, hasDollar=false
    Operation: id=insertSelective, type=insert, hasDollar=false
  Mapper namespace: com.macro.mall.mapper.UmsAdminLoginLogMapper
    Operation: id=selectByExample, type=select, hasDollar=true
      Risky var: ${{orderByClause}}
    Operation: id=selectByPrimaryKey, type=select, hasDollar=false
    Operation: id=deleteByPrimaryKey, type=delete, hasDollar=false
    Operation: id=updateByExampleSelective, type=update, hasDollar=false
    Operation: id=updateByExample, type=update, hasDollar=false
    Operation: id=updateByPrimaryKeySelective, type=update, hasDollar=false
    Operation: id=updateByPrimaryKey, type=update, hasDollar=false
    Operation: id=insert, type=insert, hasDollar=false
    Operation: id=insertSelective, type=insert, hasDollar=false
  Mapper namespace: com.macro.mall.mapper.OmsOrderOperateHistoryMapper
    Operation: id=selectByExample, type=select, hasDollar=true
      Risky var: ${{orderByClause}}
    Operation: id=selectByPrimaryKey, type=select, hasDollar=false
    Operation: id=deleteByPrimaryKey, type=delete, hasDollar=false
    Operation: id=updateByExampleSelective, type=update, hasDollar=false
    Operation: id=updateByExample, type=update, hasDollar=false
    Operation: id=updateByPrimaryKeySelective, type=update, hasDollar=false
    Operation: id=updateByPrimaryKey, type=update, hasDollar=false
    Operation: id=insert, type=insert, hasDollar=false
    Operation: id=insertSelective, type=insert, hasDollar=false
  Mapper namespace: com.macro.mall.mapper.PmsProductCategoryAttributeRelationMapper
    Operation: id=selectByExample, type=select, hasDollar=true
      Risky var: ${{orderByClause}}
    Operation: id=selectByPrimaryKey, type=select, hasDollar=false
    Operation: id=deleteByPrimaryKey, type=delete, hasDollar=false
    Operation: id=updateByExampleSelective, type=update, hasDollar=false
    Operation: id=updateByExample, type=update, hasDollar=false
    Operation: id=updateByPrimaryKeySelective, type=update, hasDollar=false
    Operation: id=updateByPrimaryKey, type=update, hasDollar=false
    Operation: id=insert, type=insert, hasDollar=false
    Operation: id=insertSelective, type=insert, hasDollar=false
  Mapper namespace: com.macro.mall.mapper.CmsHelpCategoryMapper
    Operation: id=selectByExample, type=select, hasDollar=true
      Risky var: ${{orderByClause}}
    Operation: id=selectByPrimaryKey, type=select, hasDollar=false
    Operation: id=deleteByPrimaryKey, type=delete, hasDollar=false
    Operation: id=updateByExampleSelective, type=update, hasDollar=false
    Operation: id=updateByExample, type=update, hasDollar=false
    Operation: id=updateByPrimaryKeySelective, type=update, hasDollar=false
    Operation: id=updateByPrimaryKey, type=update, hasDollar=false
    Operation: id=insert, type=insert, hasDollar=false
    Operation: id=insertSelective, type=insert, hasDollar=false
  Mapper namespace: com.macro.mall.mapper.UmsRoleResourceRelationMapper
    Operation: id=selectByExample, type=select, hasDollar=true
      Risky var: ${{orderByClause}}
    Operation: id=selectByPrimaryKey, type=select, hasDollar=false
    Operation: id=deleteByPrimaryKey, type=delete, hasDollar=false
    Operation: id=updateByExampleSelective, type=update, hasDollar=false
    Operation: id=updateByExample, type=update, hasDollar=false
    Operation: id=updateByPrimaryKeySelective, type=update, hasDollar=false
    Operation: id=updateByPrimaryKey, type=update, hasDollar=false
    Operation: id=insert, type=insert, hasDollar=false
    Operation: id=insertSelective, type=insert, hasDollar=false
  Mapper namespace: com.macro.mall.mapper.UmsMemberLoginLogMapper
    Operation: id=selectByExample, type=select, hasDollar=true
      Risky var: ${{orderByClause}}
    Operation: id=selectByPrimaryKey, type=select, hasDollar=false
    Operation: id=deleteByPrimaryKey, type=delete, hasDollar=false
    Operation: id=updateByExampleSelective, type=update, hasDollar=false
    Operation: id=updateByExample, type=update, hasDollar=false
    Operation: id=updateByPrimaryKeySelective, type=update, hasDollar=false
    Operation: id=updateByPrimaryKey, type=update, hasDollar=false
    Operation: id=insert, type=insert, hasDollar=false
    Operation: id=insertSelective, type=insert, hasDollar=false
  Mapper namespace: com.macro.mall.mapper.CmsPrefrenceAreaProductRelationMapper
    Operation: id=selectByExample, type=select, hasDollar=true
      Risky var: ${{orderByClause}}
    Operation: id=selectByPrimaryKey, type=select, hasDollar=false
    Operation: id=deleteByPrimaryKey, type=delete, hasDollar=false
    Operation: id=updateByExampleSelective, type=update, hasDollar=false
    Operation: id=updateByExample, type=update, hasDollar=false
    Operation: id=updateByPrimaryKeySelective, type=update, hasDollar=false
    Operation: id=updateByPrimaryKey, type=update, hasDollar=false
    Operation: id=insert, type=insert, hasDollar=false
    Operation: id=insertSelective, type=insert, hasDollar=false
  Mapper namespace: com.macro.mall.mapper.PmsProductMapper
    Operation: id=selectByExampleWithBLOBs, type=select, hasDollar=true
      Risky var: ${{orderByClause}}
    Operation: id=selectByExample, type=select, hasDollar=true
      Risky var: ${{orderByClause}}
    Operation: id=selectByPrimaryKey, type=select, hasDollar=false
    Operation: id=deleteByPrimaryKey, type=delete, hasDollar=false
    Operation: id=updateByExampleSelective, type=update, hasDollar=false
    Operation: id=updateByExampleWithBLOBs, type=update, hasDollar=false
    Operation: id=updateByExample, type=update, hasDollar=false
    Operation: id=updateByPrimaryKeySelective, type=update, hasDollar=false
    Operation: id=updateByPrimaryKeyWithBLOBs, type=update, hasDollar=false
    Operation: id=updateByPrimaryKey, type=update, hasDollar=false
    Operation: id=insert, type=insert, hasDollar=false
    Operation: id=insertSelective, type=insert, hasDollar=false
  Mapper namespace: com.macro.mall.mapper.PmsProductOperateLogMapper
    Operation: id=selectByExample, type=select, hasDollar=true
      Risky var: ${{orderByClause}}
    Operation: id=selectByPrimaryKey, type=select, hasDollar=false
    Operation: id=deleteByPrimaryKey, type=delete, hasDollar=false
    Operation: id=updateByExampleSelective, type=update, hasDollar=false
    Operation: id=updateByExample, type=update, hasDollar=false
    Operation: id=updateByPrimaryKeySelective, type=update, hasDollar=false
    Operation: id=updateByPrimaryKey, type=update, hasDollar=false
    Operation: id=insert, type=insert, hasDollar=false
    Operation: id=insertSelective, type=insert, hasDollar=false
  Mapper namespace: com.macro.mall.mapper.PmsProductLadderMapper
    Operation: id=selectByExample, type=select, hasDollar=true
      Risky var: ${{orderByClause}}
    Operation: id=selectByPrimaryKey, type=select, hasDollar=false
    Operation: id=deleteByPrimaryKey, type=delete, hasDollar=false
    Operation: id=updateByExampleSelective, type=update, hasDollar=false
    Operation: id=updateByExample, type=update, hasDollar=false
    Operation: id=updateByPrimaryKeySelective, type=update, hasDollar=false
    Operation: id=updateByPrimaryKey, type=update, hasDollar=false
    Operation: id=insert, type=insert, hasDollar=false
    Operation: id=insertSelective, type=insert, hasDollar=false
  Mapper namespace: com.macro.mall.mapper.PmsFeightTemplateMapper
    Operation: id=selectByExample, type=select, hasDollar=true
      Risky var: ${{orderByClause}}
    Operation: id=selectByPrimaryKey, type=select, hasDollar=false
    Operation: id=deleteByPrimaryKey, type=delete, hasDollar=false
    Operation: id=updateByExampleSelective, type=update, hasDollar=false
    Operation: id=updateByExample, type=update, hasDollar=false
    Operation: id=updateByPrimaryKeySelective, type=update, hasDollar=false
    Operation: id=updateByPrimaryKey, type=update, hasDollar=false
    Operation: id=insert, type=insert, hasDollar=false
    Operation: id=insertSelective, type=insert, hasDollar=false
  Mapper namespace: com.macro.mall.mapper.PmsBrandMapper
    Operation: id=selectByExampleWithBLOBs, type=select, hasDollar=true
      Risky var: ${{orderByClause}}
    Operation: id=selectByExample, type=select, hasDollar=true
      Risky var: ${{orderByClause}}
    Operation: id=selectByPrimaryKey, type=select, hasDollar=false
    Operation: id=deleteByPrimaryKey, type=delete, hasDollar=false
    Operation: id=updateByExampleSelective, type=update, hasDollar=false
    Operation: id=updateByExampleWithBLOBs, type=update, hasDollar=false
    Operation: id=updateByExample, type=update, hasDollar=false
    Operation: id=updateByPrimaryKeySelective, type=update, hasDollar=false
    Operation: id=updateByPrimaryKeyWithBLOBs, type=update, hasDollar=false
    Operation: id=updateByPrimaryKey, type=update, hasDollar=false
    Operation: id=insert, type=insert, hasDollar=false
    Operation: id=insertSelective, type=insert, hasDollar=false
  Mapper namespace: com.macro.mall.mapper.OmsOrderReturnApplyMapper
    Operation: id=selectByExample, type=select, hasDollar=true
      Risky var: ${{orderByClause}}
    Operation: id=selectByPrimaryKey, type=select, hasDollar=false
    Operation: id=deleteByPrimaryKey, type=delete, hasDollar=false
    Operation: id=updateByExampleSelective, type=update, hasDollar=false
    Operation: id=updateByExample, type=update, hasDollar=false
    Operation: id=updateByPrimaryKeySelective, type=update, hasDollar=false
    Operation: id=updateByPrimaryKey, type=update, hasDollar=false
    Operation: id=insert, type=insert, hasDollar=false
    Operation: id=insertSelective, type=insert, hasDollar=false
  Mapper namespace: com.macro.mall.mapper.SmsFlashPromotionMapper
    Operation: id=selectByExample, type=select, hasDollar=true
      Risky var: ${{orderByClause}}
    Operation: id=selectByPrimaryKey, type=select, hasDollar=false
    Operation: id=deleteByPrimaryKey, type=delete, hasDollar=false
    Operation: id=updateByExampleSelective, type=update, hasDollar=false
    Operation: id=updateByExample, type=update, hasDollar=false
    Operation: id=updateByPrimaryKeySelective, type=update, hasDollar=false
    Operation: id=updateByPrimaryKey, type=update, hasDollar=false
    Operation: id=insert, type=insert, hasDollar=false
    Operation: id=insertSelective, type=insert, hasDollar=false
  Mapper namespace: com.macro.mall.mapper.SmsHomeRecommendSubjectMapper
    Operation: id=selectByExample, type=select, hasDollar=true
      Risky var: ${{orderByClause}}
    Operation: id=selectByPrimaryKey, type=select, hasDollar=false
    Operation: id=deleteByPrimaryKey, type=delete, hasDollar=false
    Operation: id=updateByExampleSelective, type=update, hasDollar=false
    Operation: id=updateByExample, type=update, hasDollar=false
    Operation: id=updateByPrimaryKeySelective, type=update, hasDollar=false
    Operation: id=updateByPrimaryKey, type=update, hasDollar=false
    Operation: id=insert, type=insert, hasDollar=false
    Operation: id=insertSelective, type=insert, hasDollar=false
  Mapper namespace: com.macro.mall.mapper.CmsPrefrenceAreaMapper
    Operation: id=selectByExampleWithBLOBs, type=select, hasDollar=true
      Risky var: ${{orderByClause}}
    Operation: id=selectByExample, type=select, hasDollar=true
      Risky var: ${{orderByClause}}
    Operation: id=selectByPrimaryKey, type=select, hasDollar=false
    Operation: id=deleteByPrimaryKey, type=delete, hasDollar=false
    Operation: id=updateByExampleSelective, type=update, hasDollar=false
    Operation: id=updateByExampleWithBLOBs, type=update, hasDollar=false
    Operation: id=updateByExample, type=update, hasDollar=false
    Operation: id=updateByPrimaryKeySelective, type=update, hasDollar=false
    Operation: id=updateByPrimaryKeyWithBLOBs, type=update, hasDollar=false
    Operation: id=updateByPrimaryKey, type=update, hasDollar=false
    Operation: id=insert, type=insert, hasDollar=false
    Operation: id=insertSelective, type=insert, hasDollar=false
  Mapper namespace: com.macro.mall.mapper.CmsTopicCommentMapper
    Operation: id=selectByExample, type=select, hasDollar=true
      Risky var: ${{orderByClause}}
    Operation: id=selectByPrimaryKey, type=select, hasDollar=false
    Operation: id=deleteByPrimaryKey, type=delete, hasDollar=false
    Operation: id=updateByExampleSelective, type=update, hasDollar=false
    Operation: id=updateByExample, type=update, hasDollar=false
    Operation: id=updateByPrimaryKeySelective, type=update, hasDollar=false
    Operation: id=updateByPrimaryKey, type=update, hasDollar=false
    Operation: id=insert, type=insert, hasDollar=false
    Operation: id=insertSelective, type=insert, hasDollar=false
  Mapper namespace: com.macro.mall.mapper.UmsIntegrationConsumeSettingMapper
    Operation: id=selectByExample, type=select, hasDollar=true
      Risky var: ${{orderByClause}}
    Operation: id=selectByPrimaryKey, type=select, hasDollar=false
    Operation: id=deleteByPrimaryKey, type=delete, hasDollar=false
    Operation: id=updateByExampleSelective, type=update, hasDollar=false
    Operation: id=updateByExample, type=update, hasDollar=false
    Operation: id=updateByPrimaryKeySelective, type=update, hasDollar=false
    Operation: id=updateByPrimaryKey, type=update, hasDollar=false
    Operation: id=insert, type=insert, hasDollar=false
    Operation: id=insertSelective, type=insert, hasDollar=false
  Mapper namespace: com.macro.mall.mapper.SmsHomeRecommendProductMapper
    Operation: id=selectByExample, type=select, hasDollar=true
      Risky var: ${{orderByClause}}
    Operation: id=selectByPrimaryKey, type=select, hasDollar=false
    Operation: id=deleteByPrimaryKey, type=delete, hasDollar=false
    Operation: id=updateByExampleSelective, type=update, hasDollar=false
    Operation: id=updateByExample, type=update, hasDollar=false
    Operation: id=updateByPrimaryKeySelective, type=update, hasDollar=false
    Operation: id=updateByPrimaryKey, type=update, hasDollar=false
    Operation: id=insert, type=insert, hasDollar=false
    Operation: id=insertSelective, type=insert, hasDollar=false
  Mapper namespace: com.macro.mall.mapper.SmsFlashPromotionLogMapper
    Operation: id=selectByExample, type=select, hasDollar=true
      Risky var: ${{orderByClause}}
    Operation: id=selectByPrimaryKey, type=select, hasDollar=false
    Operation: id=deleteByPrimaryKey, type=delete, hasDollar=false
    Operation: id=updateByExampleSelective, type=update, hasDollar=false
    Operation: id=updateByExample, type=update, hasDollar=false
    Operation: id=updateByPrimaryKeySelective, type=update, hasDollar=false
    Operation: id=updateByPrimaryKey, type=update, hasDollar=false
    Operation: id=insert, type=insert, hasDollar=false
    Operation: id=insertSelective, type=insert, hasDollar=false
  Mapper namespace: com.macro.mall.mapper.SmsFlashPromotionProductRelationMapper
    Operation: id=selectByExample, type=select, hasDollar=true
      Risky var: ${{orderByClause}}
    Operation: id=selectByPrimaryKey, type=select, hasDollar=false
    Operation: id=deleteByPrimaryKey, type=delete, hasDollar=false
    Operation: id=updateByExampleSelective, type=update, hasDollar=false
    Operation: id=updateByExample, type=update, hasDollar=false
    Operation: id=updateByPrimaryKeySelective, type=update, hasDollar=false
    Operation: id=updateByPrimaryKey, type=update, hasDollar=false
    Operation: id=insert, type=insert, hasDollar=false
    Operation: id=insertSelective, type=insert, hasDollar=false
  Mapper namespace: com.macro.mall.mapper.UmsAdminPermissionRelationMapper
    Operation: id=selectByExample, type=select, hasDollar=true
      Risky var: ${{orderByClause}}
    Operation: id=selectByPrimaryKey, type=select, hasDollar=false
    Operation: id=deleteByPrimaryKey, type=delete, hasDollar=false
    Operation: id=updateByExampleSelective, type=update, hasDollar=false
    Operation: id=updateByExample, type=update, hasDollar=false
    Operation: id=updateByPrimaryKeySelective, type=update, hasDollar=false
    Operation: id=updateByPrimaryKey, type=update, hasDollar=false
    Operation: id=insert, type=insert, hasDollar=false
    Operation: id=insertSelective, type=insert, hasDollar=false
  Mapper namespace: com.macro.mall.mapper.PmsProductAttributeCategoryMapper
    Operation: id=selectByExample, type=select, hasDollar=true
      Risky var: ${{orderByClause}}
    Operation: id=selectByPrimaryKey, type=select, hasDollar=false
    Operation: id=deleteByPrimaryKey, type=delete, hasDollar=false
    Operation: id=updateByExampleSelective, type=update, hasDollar=false
    Operation: id=updateByExample, type=update, hasDollar=false
    Operation: id=updateByPrimaryKeySelective, type=update, hasDollar=false
    Operation: id=updateByPrimaryKey, type=update, hasDollar=false
    Operation: id=insert, type=insert, hasDollar=false
    Operation: id=insertSelective, type=insert, hasDollar=false
  Mapper namespace: com.macro.mall.mapper.UmsRolePermissionRelationMapper
    Operation: id=selectByExample, type=select, hasDollar=true
      Risky var: ${{orderByClause}}
    Operation: id=selectByPrimaryKey, type=select, hasDollar=false
    Operation: id=deleteByPrimaryKey, type=delete, hasDollar=false
    Operation: id=updateByExampleSelective, type=update, hasDollar=false
    Operation: id=updateByExample, type=update, hasDollar=false
    Operation: id=updateByPrimaryKeySelective, type=update, hasDollar=false
    Operation: id=updateByPrimaryKey, type=update, hasDollar=false
    Operation: id=insert, type=insert, hasDollar=false
    Operation: id=insertSelective, type=insert, hasDollar=false
  Mapper namespace: com.macro.mall.mapper.UmsResourceCategoryMapper
    Operation: id=selectByExample, type=select, hasDollar=true
      Risky var: ${{orderByClause}}
    Operation: id=selectByPrimaryKey, type=select, hasDollar=false
    Operation: id=deleteByPrimaryKey, type=delete, hasDollar=false
    Operation: id=updateByExampleSelective, type=update, hasDollar=false
    Operation: id=updateByExample, type=update, hasDollar=false
    Operation: id=updateByPrimaryKeySelective, type=update, hasDollar=false
    Operation: id=updateByPrimaryKey, type=update, hasDollar=false
    Operation: id=insert, type=insert, hasDollar=false
    Operation: id=insertSelective, type=insert, hasDollar=false
  Mapper namespace: com.macro.mall.mapper.CmsMemberReportMapper
    Operation: id=selectByExample, type=select, hasDollar=true
      Risky var: ${{orderByClause}}
    Operation: id=updateByExampleSelective, type=update, hasDollar=false
    Operation: id=updateByExample, type=update, hasDollar=false
    Operation: id=insert, type=insert, hasDollar=false
    Operation: id=insertSelective, type=insert, hasDollar=false
  Mapper namespace: com.macro.mall.mapper.CmsHelpMapper
    Operation: id=selectByExampleWithBLOBs, type=select, hasDollar=true
      Risky var: ${{orderByClause}}
    Operation: id=selectByExample, type=select, hasDollar=true
      Risky var: ${{orderByClause}}
    Operation: id=selectByPrimaryKey, type=select, hasDollar=false
    Operation: id=deleteByPrimaryKey, type=delete, hasDollar=false
    Operation: id=updateByExampleSelective, type=update, hasDollar=false
    Operation: id=updateByExampleWithBLOBs, type=update, hasDollar=false
    Operation: id=updateByExample, type=update, hasDollar=false
    Operation: id=updateByPrimaryKeySelective, type=update, hasDollar=false
    Operation: id=updateByPrimaryKeyWithBLOBs, type=update, hasDollar=false
    Operation: id=updateByPrimaryKey, type=update, hasDollar=false
    Operation: id=insert, type=insert, hasDollar=false
    Operation: id=insertSelective, type=insert, hasDollar=false
  Mapper namespace: com.macro.mall.mapper.UmsRoleMenuRelationMapper
    Operation: id=selectByExample, type=select, hasDollar=true
      Risky var: ${{orderByClause}}
    Operation: id=selectByPrimaryKey, type=select, hasDollar=false
    Operation: id=deleteByPrimaryKey, type=delete, hasDollar=false
    Operation: id=updateByExampleSelective, type=update, hasDollar=false
    Operation: id=updateByExample, type=update, hasDollar=false
    Operation: id=updateByPrimaryKeySelective, type=update, hasDollar=false
    Operation: id=updateByPrimaryKey, type=update, hasDollar=false
    Operation: id=insert, type=insert, hasDollar=false
    Operation: id=insertSelective, type=insert, hasDollar=false
  Mapper namespace: com.macro.mall.mapper.CmsSubjectProductRelationMapper
    Operation: id=selectByExample, type=select, hasDollar=true
      Risky var: ${{orderByClause}}
    Operation: id=selectByPrimaryKey, type=select, hasDollar=false
    Operation: id=deleteByPrimaryKey, type=delete, hasDollar=false
    Operation: id=updateByExampleSelective, type=update, hasDollar=false
    Operation: id=updateByExample, type=update, hasDollar=false
    Operation: id=updateByPrimaryKeySelective, type=update, hasDollar=false
    Operation: id=updateByPrimaryKey, type=update, hasDollar=false
    Operation: id=insert, type=insert, hasDollar=false
    Operation: id=insertSelective, type=insert, hasDollar=false
  Mapper namespace: com.macro.mall.mapper.SmsCouponHistoryMapper
    Operation: id=selectByExample, type=select, hasDollar=true
      Risky var: ${{orderByClause}}
    Operation: id=selectByPrimaryKey, type=select, hasDollar=false
    Operation: id=deleteByPrimaryKey, type=delete, hasDollar=false
    Operation: id=updateByExampleSelective, type=update, hasDollar=false
    Operation: id=updateByExample, type=update, hasDollar=false
    Operation: id=updateByPrimaryKeySelective, type=update, hasDollar=false
    Operation: id=updateByPrimaryKey, type=update, hasDollar=false
    Operation: id=insert, type=insert, hasDollar=false
    Operation: id=insertSelective, type=insert, hasDollar=false
  Mapper namespace: com.macro.mall.mapper.PmsMemberPriceMapper
    Operation: id=selectByExample, type=select, hasDollar=true
      Risky var: ${{orderByClause}}
    Operation: id=selectByPrimaryKey, type=select, hasDollar=false
    Operation: id=deleteByPrimaryKey, type=delete, hasDollar=false
    Operation: id=updateByExampleSelective, type=update, hasDollar=false
    Operation: id=updateByExample, type=update, hasDollar=false
    Operation: id=updateByPrimaryKeySelective, type=update, hasDollar=false
    Operation: id=updateByPrimaryKey, type=update, hasDollar=false
    Operation: id=insert, type=insert, hasDollar=false
    Operation: id=insertSelective, type=insert, hasDollar=false
  Mapper namespace: com.macro.mall.mapper.SmsCouponProductCategoryRelationMapper
    Operation: id=selectByExample, type=select, hasDollar=true
      Risky var: ${{orderByClause}}
    Operation: id=selectByPrimaryKey, type=select, hasDollar=false
    Operation: id=deleteByPrimaryKey, type=delete, hasDollar=false
    Operation: id=updateByExampleSelective, type=update, hasDollar=false
    Operation: id=updateByExample, type=update, hasDollar=false
    Operation: id=updateByPrimaryKeySelective, type=update, hasDollar=false
    Operation: id=updateByPrimaryKey, type=update, hasDollar=false
    Operation: id=insert, type=insert, hasDollar=false
    Operation: id=insertSelective, type=insert, hasDollar=false
  Mapper namespace: com.macro.mall.mapper.UmsMemberProductCategoryRelationMapper
    Operation: id=selectByExample, type=select, hasDollar=true
      Risky var: ${{orderByClause}}
    Operation: id=selectByPrimaryKey, type=select, hasDollar=false
    Operation: id=deleteByPrimaryKey, type=delete, hasDollar=false
    Operation: id=updateByExampleSelective, type=update, hasDollar=false
    Operation: id=updateByExample, type=update, hasDollar=false
    Operation: id=updateByPrimaryKeySelective, type=update, hasDollar=false
    Operation: id=updateByPrimaryKey, type=update, hasDollar=false
    Operation: id=insert, type=insert, hasDollar=false
    Operation: id=insertSelective, type=insert, hasDollar=false
  Mapper namespace: com.macro.mall.mapper.UmsMemberRuleSettingMapper
    Operation: id=selectByExample, type=select, hasDollar=true
      Risky var: ${{orderByClause}}
    Operation: id=selectByPrimaryKey, type=select, hasDollar=false
    Operation: id=deleteByPrimaryKey, type=delete, hasDollar=false
    Operation: id=updateByExampleSelective, type=update, hasDollar=false
    Operation: id=updateByExample, type=update, hasDollar=false
    Operation: id=updateByPrimaryKeySelective, type=update, hasDollar=false
    Operation: id=updateByPrimaryKey, type=update, hasDollar=false
    Operation: id=insert, type=insert, hasDollar=false
    Operation: id=insertSelective, type=insert, hasDollar=false
  Mapper namespace: com.macro.mall.mapper.UmsRoleMapper
    Operation: id=selectByExample, type=select, hasDollar=true
      Risky var: ${{orderByClause}}
    Operation: id=selectByPrimaryKey, type=select, hasDollar=false
    Operation: id=deleteByPrimaryKey, type=delete, hasDollar=false
    Operation: id=updateByExampleSelective, type=update, hasDollar=false
    Operation: id=updateByExample, type=update, hasDollar=false
    Operation: id=updateByPrimaryKeySelective, type=update, hasDollar=false
    Operation: id=updateByPrimaryKey, type=update, hasDollar=false
    Operation: id=insert, type=insert, hasDollar=false
    Operation: id=insertSelective, type=insert, hasDollar=false
  Mapper namespace: com.macro.mall.mapper.SmsCouponProductRelationMapper
    Operation: id=selectByExample, type=select, hasDollar=true
      Risky var: ${{orderByClause}}
    Operation: id=selectByPrimaryKey, type=select, hasDollar=false
    Operation: id=deleteByPrimaryKey, type=delete, hasDollar=false
    Operation: id=updateByExampleSelective, type=update, hasDollar=false
    Operation: id=updateByExample, type=update, hasDollar=false
    Operation: id=updateByPrimaryKeySelective, type=update, hasDollar=false
    Operation: id=updateByPrimaryKey, type=update, hasDollar=false
    Operation: id=insert, type=insert, hasDollar=false
    Operation: id=insertSelective, type=insert, hasDollar=false
  Mapper namespace: com.macro.mall.mapper.SmsHomeNewProductMapper
    Operation: id=selectByExample, type=select, hasDollar=true
      Risky var: ${{orderByClause}}
    Operation: id=selectByPrimaryKey, type=select, hasDollar=false
    Operation: id=deleteByPrimaryKey, type=delete, hasDollar=false
    Operation: id=updateByExampleSelective, type=update, hasDollar=false
    Operation: id=updateByExample, type=update, hasDollar=false
    Operation: id=updateByPrimaryKeySelective, type=update, hasDollar=false
    Operation: id=updateByPrimaryKey, type=update, hasDollar=false
    Operation: id=insert, type=insert, hasDollar=false
    Operation: id=insertSelective, type=insert, hasDollar=false
  Mapper namespace: com.macro.mall.mapper.OmsOrderMapper
    Operation: id=selectByExample, type=select, hasDollar=true
      Risky var: ${{orderByClause}}
    Operation: id=selectByPrimaryKey, type=select, hasDollar=false
    Operation: id=deleteByPrimaryKey, type=delete, hasDollar=false
    Operation: id=updateByExampleSelective, type=update, hasDollar=false
    Operation: id=updateByExample, type=update, hasDollar=false
    Operation: id=updateByPrimaryKeySelective, type=update, hasDollar=false
    Operation: id=updateByPrimaryKey, type=update, hasDollar=false
    Operation: id=insert, type=insert, hasDollar=false
    Operation: id=insertSelective, type=insert, hasDollar=false
  Mapper namespace: com.macro.mall.mapper.OmsCartItemMapper
    Operation: id=selectByExample, type=select, hasDollar=true
      Risky var: ${{orderByClause}}
    Operation: id=selectByPrimaryKey, type=select, hasDollar=false
    Operation: id=deleteByPrimaryKey, type=delete, hasDollar=false
    Operation: id=updateByExampleSelective, type=update, hasDollar=false
    Operation: id=updateByExample, type=update, hasDollar=false
    Operation: id=updateByPrimaryKeySelective, type=update, hasDollar=false
    Operation: id=updateByPrimaryKey, type=update, hasDollar=false
    Operation: id=insert, type=insert, hasDollar=false
    Operation: id=insertSelective, type=insert, hasDollar=false
  Mapper namespace: com.macro.mall.mapper.SmsFlashPromotionSessionMapper
    Operation: id=selectByExample, type=select, hasDollar=true
      Risky var: ${{orderByClause}}
    Operation: id=selectByPrimaryKey, type=select, hasDollar=false
    Operation: id=deleteByPrimaryKey, type=delete, hasDollar=false
    Operation: id=updateByExampleSelective, type=update, hasDollar=false
    Operation: id=updateByExample, type=update, hasDollar=false
    Operation: id=updateByPrimaryKeySelective, type=update, hasDollar=false
    Operation: id=updateByPrimaryKey, type=update, hasDollar=false
    Operation: id=insert, type=insert, hasDollar=false
    Operation: id=insertSelective, type=insert, hasDollar=false
  Mapper namespace: com.macro.mall.mapper.CmsSubjectCommentMapper
    Operation: id=selectByExample, type=select, hasDollar=true
      Risky var: ${{orderByClause}}
    Operation: id=selectByPrimaryKey, type=select, hasDollar=false
    Operation: id=deleteByPrimaryKey, type=delete, hasDollar=false
    Operation: id=updateByExampleSelective, type=update, hasDollar=false
    Operation: id=updateByExample, type=update, hasDollar=false
    Operation: id=updateByPrimaryKeySelective, type=update, hasDollar=false
    Operation: id=updateByPrimaryKey, type=update, hasDollar=false
    Operation: id=insert, type=insert, hasDollar=false
    Operation: id=insertSelective, type=insert, hasDollar=false
  Mapper namespace: com.macro.mall.mapper.UmsMemberReceiveAddressMapper
    Operation: id=selectByExample, type=select, hasDollar=true
      Risky var: ${{orderByClause}}
    Operation: id=selectByPrimaryKey, type=select, hasDollar=false
    Operation: id=deleteByPrimaryKey, type=delete, hasDollar=false
    Operation: id=updateByExampleSelective, type=update, hasDollar=false
    Operation: id=updateByExample, type=update, hasDollar=false
    Operation: id=updateByPrimaryKeySelective, type=update, hasDollar=false
    Operation: id=updateByPrimaryKey, type=update, hasDollar=false
    Operation: id=insert, type=insert, hasDollar=false
    Operation: id=insertSelective, type=insert, hasDollar=false
  Mapper namespace: com.macro.mall.mapper.PmsSkuStockMapper
    Operation: id=selectByExample, type=select, hasDollar=true
      Risky var: ${{orderByClause}}
    Operation: id=selectByPrimaryKey, type=select, hasDollar=false
    Operation: id=deleteByPrimaryKey, type=delete, hasDollar=false
    Operation: id=updateByExampleSelective, type=update, hasDollar=false
    Operation: id=updateByExample, type=update, hasDollar=false
    Operation: id=updateByPrimaryKeySelective, type=update, hasDollar=false
    Operation: id=updateByPrimaryKey, type=update, hasDollar=false
    Operation: id=insert, type=insert, hasDollar=false
    Operation: id=insertSelective, type=insert, hasDollar=false
  Mapper namespace: com.macro.mall.mapper.PmsCommentReplayMapper
    Operation: id=selectByExample, type=select, hasDollar=true
      Risky var: ${{orderByClause}}
    Operation: id=selectByPrimaryKey, type=select, hasDollar=false
    Operation: id=deleteByPrimaryKey, type=delete, hasDollar=false
    Operation: id=updateByExampleSelective, type=update, hasDollar=false
    Operation: id=updateByExample, type=update, hasDollar=false
    Operation: id=updateByPrimaryKeySelective, type=update, hasDollar=false
    Operation: id=updateByPrimaryKey, type=update, hasDollar=false
    Operation: id=insert, type=insert, hasDollar=false
    Operation: id=insertSelective, type=insert, hasDollar=false
  Mapper namespace: com.macro.mall.mapper.OmsOrderSettingMapper
    Operation: id=selectByExample, type=select, hasDollar=true
      Risky var: ${{orderByClause}}
    Operation: id=selectByPrimaryKey, type=select, hasDollar=false
    Operation: id=deleteByPrimaryKey, type=delete, hasDollar=false
    Operation: id=updateByExampleSelective, type=update, hasDollar=false
    Operation: id=updateByExample, type=update, hasDollar=false
    Operation: id=updateByPrimaryKeySelective, type=update, hasDollar=false
    Operation: id=updateByPrimaryKey, type=update, hasDollar=false
    Operation: id=insert, type=insert, hasDollar=false
    Operation: id=insertSelective, type=insert, hasDollar=false
  Mapper namespace: com.macro.mall.mapper.UmsMemberStatisticsInfoMapper
    Operation: id=selectByExample, type=select, hasDollar=true
      Risky var: ${{orderByClause}}
    Operation: id=selectByPrimaryKey, type=select, hasDollar=false
    Operation: id=deleteByPrimaryKey, type=delete, hasDollar=false
    Operation: id=updateByExampleSelective, type=update, hasDollar=false
    Operation: id=updateByExample, type=update, hasDollar=false
    Operation: id=updateByPrimaryKeySelective, type=update, hasDollar=false
    Operation: id=updateByPrimaryKey, type=update, hasDollar=false
    Operation: id=insert, type=insert, hasDollar=false
    Operation: id=insertSelective, type=insert, hasDollar=false
  Mapper namespace: com.macro.mall.mapper.UmsGrowthChangeHistoryMapper
    Operation: id=selectByExample, type=select, hasDollar=true
      Risky var: ${{orderByClause}}
    Operation: id=selectByPrimaryKey, type=select, hasDollar=false
    Operation: id=deleteByPrimaryKey, type=delete, hasDollar=false
    Operation: id=updateByExampleSelective, type=update, hasDollar=false
    Operation: id=updateByExample, type=update, hasDollar=false
    Operation: id=updateByPrimaryKeySelective, type=update, hasDollar=false
    Operation: id=updateByPrimaryKey, type=update, hasDollar=false
    Operation: id=insert, type=insert, hasDollar=false
    Operation: id=insertSelective, type=insert, hasDollar=false
  Mapper namespace: com.macro.mall.mapper.UmsAdminRoleRelationMapper
    Operation: id=selectByExample, type=select, hasDollar=true
      Risky var: ${{orderByClause}}
    Operation: id=selectByPrimaryKey, type=select, hasDollar=false
    Operation: id=deleteByPrimaryKey, type=delete, hasDollar=false
    Operation: id=updateByExampleSelective, type=update, hasDollar=false
    Operation: id=updateByExample, type=update, hasDollar=false
    Operation: id=updateByPrimaryKeySelective, type=update, hasDollar=false
    Operation: id=updateByPrimaryKey, type=update, hasDollar=false
    Operation: id=insert, type=insert, hasDollar=false
    Operation: id=insertSelective, type=insert, hasDollar=false
  Mapper namespace: com.macro.mall.mapper.CmsTopicCategoryMapper
    Operation: id=selectByExample, type=select, hasDollar=true
      Risky var: ${{orderByClause}}
    Operation: id=selectByPrimaryKey, type=select, hasDollar=false
    Operation: id=deleteByPrimaryKey, type=delete, hasDollar=false
    Operation: id=updateByExampleSelective, type=update, hasDollar=false
    Operation: id=updateByExample, type=update, hasDollar=false
    Operation: id=updateByPrimaryKeySelective, type=update, hasDollar=false
    Operation: id=updateByPrimaryKey, type=update, hasDollar=false
    Operation: id=insert, type=insert, hasDollar=false
    Operation: id=insertSelective, type=insert, hasDollar=false
  Mapper namespace: com.macro.mall.mapper.PmsCommentMapper
    Operation: id=selectByExampleWithBLOBs, type=select, hasDollar=true
      Risky var: ${{orderByClause}}
    Operation: id=selectByExample, type=select, hasDollar=true
      Risky var: ${{orderByClause}}
    Operation: id=selectByPrimaryKey, type=select, hasDollar=false
    Operation: id=deleteByPrimaryKey, type=delete, hasDollar=false
    Operation: id=updateByExampleSelective, type=update, hasDollar=false
    Operation: id=updateByExampleWithBLOBs, type=update, hasDollar=false
    Operation: id=updateByExample, type=update, hasDollar=false
    Operation: id=updateByPrimaryKeySelective, type=update, hasDollar=false
    Operation: id=updateByPrimaryKeyWithBLOBs, type=update, hasDollar=false
    Operation: id=updateByPrimaryKey, type=update, hasDollar=false
    Operation: id=insert, type=insert, hasDollar=false
    Operation: id=insertSelective, type=insert, hasDollar=false
  Mapper namespace: com.macro.mall.mapper.UmsMemberMapper
    Operation: id=selectByExample, type=select, hasDollar=true
      Risky var: ${{orderByClause}}
    Operation: id=selectByPrimaryKey, type=select, hasDollar=false
    Operation: id=deleteByPrimaryKey, type=delete, hasDollar=false
    Operation: id=updateByExampleSelective, type=update, hasDollar=false
    Operation: id=updateByExample, type=update, hasDollar=false
    Operation: id=updateByPrimaryKeySelective, type=update, hasDollar=false
    Operation: id=updateByPrimaryKey, type=update, hasDollar=false
    Operation: id=insert, type=insert, hasDollar=false
    Operation: id=insertSelective, type=insert, hasDollar=false
  Mapper namespace: com.macro.mall.mapper.PmsProductAttributeValueMapper
    Operation: id=selectByExample, type=select, hasDollar=true
      Risky var: ${{orderByClause}}
    Operation: id=selectByPrimaryKey, type=select, hasDollar=false
    Operation: id=deleteByPrimaryKey, type=delete, hasDollar=false
    Operation: id=updateByExampleSelective, type=update, hasDollar=false
    Operation: id=updateByExample, type=update, hasDollar=false
    Operation: id=updateByPrimaryKeySelective, type=update, hasDollar=false
    Operation: id=updateByPrimaryKey, type=update, hasDollar=false
    Operation: id=insert, type=insert, hasDollar=false
    Operation: id=insertSelective, type=insert, hasDollar=false
  Mapper namespace: com.macro.mall.mapper.CmsSubjectMapper
    Operation: id=selectByExampleWithBLOBs, type=select, hasDollar=true
      Risky var: ${{orderByClause}}
    Operation: id=selectByExample, type=select, hasDollar=true
      Risky var: ${{orderByClause}}
    Operation: id=selectByPrimaryKey, type=select, hasDollar=false
    Operation: id=deleteByPrimaryKey, type=delete, hasDollar=false
    Operation: id=updateByExampleSelective, type=update, hasDollar=false
    Operation: id=updateByExampleWithBLOBs, type=update, hasDollar=false
    Operation: id=updateByExample, type=update, hasDollar=false
    Operation: id=updateByPrimaryKeySelective, type=update, hasDollar=false
    Operation: id=updateByPrimaryKeyWithBLOBs, type=update, hasDollar=false
    Operation: id=updateByPrimaryKey, type=update, hasDollar=false
    Operation: id=insert, type=insert, hasDollar=false
    Operation: id=insertSelective, type=insert, hasDollar=false
  Mapper namespace: com.macro.mall.mapper.CmsSubjectCategoryMapper
    Operation: id=selectByExample, type=select, hasDollar=true
      Risky var: ${{orderByClause}}
    Operation: id=selectByPrimaryKey, type=select, hasDollar=false
    Operation: id=deleteByPrimaryKey, type=delete, hasDollar=false
    Operation: id=updateByExampleSelective, type=update, hasDollar=false
    Operation: id=updateByExample, type=update, hasDollar=false
    Operation: id=updateByPrimaryKeySelective, type=update, hasDollar=false
    Operation: id=updateByPrimaryKey, type=update, hasDollar=false
    Operation: id=insert, type=insert, hasDollar=false
    Operation: id=insertSelective, type=insert, hasDollar=false
  Mapper namespace: com.macro.mall.mapper.UmsMenuMapper
    Operation: id=selectByExample, type=select, hasDollar=true
      Risky var: ${{orderByClause}}
    Operation: id=selectByPrimaryKey, type=select, hasDollar=false
    Operation: id=deleteByPrimaryKey, type=delete, hasDollar=false
    Operation: id=updateByExampleSelective, type=update, hasDollar=false
    Operation: id=updateByExample, type=update, hasDollar=false
    Operation: id=updateByPrimaryKeySelective, type=update, hasDollar=false
    Operation: id=updateByPrimaryKey, type=update, hasDollar=false
    Operation: id=insert, type=insert, hasDollar=false
    Operation: id=insertSelective, type=insert, hasDollar=false
  Mapper namespace: com.macro.mall.mapper.UmsMemberLevelMapper
    Operation: id=selectByExample, type=select, hasDollar=true
      Risky var: ${{orderByClause}}
    Operation: id=selectByPrimaryKey, type=select, hasDollar=false
    Operation: id=deleteByPrimaryKey, type=delete, hasDollar=false
    Operation: id=updateByExampleSelective, type=update, hasDollar=false
    Operation: id=updateByExample, type=update, hasDollar=false
    Operation: id=updateByPrimaryKeySelective, type=update, hasDollar=false
    Operation: id=updateByPrimaryKey, type=update, hasDollar=false
    Operation: id=insert, type=insert, hasDollar=false
    Operation: id=insertSelective, type=insert, hasDollar=false
  Mapper namespace: com.macro.mall.mapper.UmsIntegrationChangeHistoryMapper
    Operation: id=selectByExample, type=select, hasDollar=true
      Risky var: ${{orderByClause}}
    Operation: id=selectByPrimaryKey, type=select, hasDollar=false
    Operation: id=deleteByPrimaryKey, type=delete, hasDollar=false
    Operation: id=updateByExampleSelective, type=update, hasDollar=false
    Operation: id=updateByExample, type=update, hasDollar=false
    Operation: id=updateByPrimaryKeySelective, type=update, hasDollar=false
    Operation: id=updateByPrimaryKey, type=update, hasDollar=false
    Operation: id=insert, type=insert, hasDollar=false
    Operation: id=insertSelective, type=insert, hasDollar=false
  Mapper namespace: com.macro.mall.mapper.UmsMemberTagMapper
    Operation: id=selectByExample, type=select, hasDollar=true
      Risky var: ${{orderByClause}}
    Operation: id=selectByPrimaryKey, type=select, hasDollar=false
    Operation: id=deleteByPrimaryKey, type=delete, hasDollar=false
    Operation: id=updateByExampleSelective, type=update, hasDollar=false
    Operation: id=updateByExample, type=update, hasDollar=false
    Operation: id=updateByPrimaryKeySelective, type=update, hasDollar=false
    Operation: id=updateByPrimaryKey, type=update, hasDollar=false
    Operation: id=insert, type=insert, hasDollar=false
    Operation: id=insertSelective, type=insert, hasDollar=false
  Mapper namespace: com.macro.mall.mapper.PmsProductCategoryMapper
    Operation: id=selectByExampleWithBLOBs, type=select, hasDollar=true
      Risky var: ${{orderByClause}}
    Operation: id=selectByExample, type=select, hasDollar=true
      Risky var: ${{orderByClause}}
    Operation: id=selectByPrimaryKey, type=select, hasDollar=false
    Operation: id=deleteByPrimaryKey, type=delete, hasDollar=false
    Operation: id=updateByExampleSelective, type=update, hasDollar=false
    Operation: id=updateByExampleWithBLOBs, type=update, hasDollar=false
    Operation: id=updateByExample, type=update, hasDollar=false
    Operation: id=updateByPrimaryKeySelective, type=update, hasDollar=false
    Operation: id=updateByPrimaryKeyWithBLOBs, type=update, hasDollar=false
    Operation: id=updateByPrimaryKey, type=update, hasDollar=false
    Operation: id=insert, type=insert, hasDollar=false
    Operation: id=insertSelective, type=insert, hasDollar=false
  Mapper namespace: com.macro.mall.mapper.UmsResourceMapper
    Operation: id=selectByExample, type=select, hasDollar=true
      Risky var: ${{orderByClause}}
    Operation: id=selectByPrimaryKey, type=select, hasDollar=false
    Operation: id=deleteByPrimaryKey, type=delete, hasDollar=false
    Operation: id=updateByExampleSelective, type=update, hasDollar=false
    Operation: id=updateByExample, type=update, hasDollar=false
    Operation: id=updateByPrimaryKeySelective, type=update, hasDollar=false
    Operation: id=updateByPrimaryKey, type=update, hasDollar=false
    Operation: id=insert, type=insert, hasDollar=false
    Operation: id=insertSelective, type=insert, hasDollar=false
  Mapper namespace: com.macro.mall.mapper.PmsAlbumPicMapper
    Operation: id=selectByExample, type=select, hasDollar=true
      Risky var: ${{orderByClause}}
    Operation: id=selectByPrimaryKey, type=select, hasDollar=false
    Operation: id=deleteByPrimaryKey, type=delete, hasDollar=false
    Operation: id=updateByExampleSelective, type=update, hasDollar=false
    Operation: id=updateByExample, type=update, hasDollar=false
    Operation: id=updateByPrimaryKeySelective, type=update, hasDollar=false
    Operation: id=updateByPrimaryKey, type=update, hasDollar=false
    Operation: id=insert, type=insert, hasDollar=false
    Operation: id=insertSelective, type=insert, hasDollar=false
  Mapper namespace: com.macro.mall.mapper.OmsOrderReturnReasonMapper
    Operation: id=selectByExample, type=select, hasDollar=true
      Risky var: ${{orderByClause}}
    Operation: id=selectByPrimaryKey, type=select, hasDollar=false
    Operation: id=deleteByPrimaryKey, type=delete, hasDollar=false
    Operation: id=updateByExampleSelective, type=update, hasDollar=false
    Operation: id=updateByExample, type=update, hasDollar=false
    Operation: id=updateByPrimaryKeySelective, type=update, hasDollar=false
    Operation: id=updateByPrimaryKey, type=update, hasDollar=false
    Operation: id=insert, type=insert, hasDollar=false
    Operation: id=insertSelective, type=insert, hasDollar=false
  Mapper namespace: com.macro.mall.mapper.UmsMemberTaskMapper
    Operation: id=selectByExample, type=select, hasDollar=true
      Risky var: ${{orderByClause}}
    Operation: id=selectByPrimaryKey, type=select, hasDollar=false
    Operation: id=deleteByPrimaryKey, type=delete, hasDollar=false
    Operation: id=updateByExampleSelective, type=update, hasDollar=false
    Operation: id=updateByExample, type=update, hasDollar=false
    Operation: id=updateByPrimaryKeySelective, type=update, hasDollar=false
    Operation: id=updateByPrimaryKey, type=update, hasDollar=false
    Operation: id=insert, type=insert, hasDollar=false
    Operation: id=insertSelective, type=insert, hasDollar=false
  Mapper namespace: com.macro.mall.mapper.SmsCouponMapper
    Operation: id=selectByExample, type=select, hasDollar=true
      Risky var: ${{orderByClause}}
    Operation: id=selectByPrimaryKey, type=select, hasDollar=false
    Operation: id=deleteByPrimaryKey, type=delete, hasDollar=false
    Operation: id=updateByExampleSelective, type=update, hasDollar=false
    Operation: id=updateByExample, type=update, hasDollar=false
    Operation: id=updateByPrimaryKeySelective, type=update, hasDollar=false
    Operation: id=updateByPrimaryKey, type=update, hasDollar=false
    Operation: id=insert, type=insert, hasDollar=false
    Operation: id=insertSelective, type=insert, hasDollar=false
  Mapper namespace: com.macro.mall.mapper.CmsTopicMapper
    Operation: id=selectByExampleWithBLOBs, type=select, hasDollar=true
      Risky var: ${{orderByClause}}
    Operation: id=selectByExample, type=select, hasDollar=true
      Risky var: ${{orderByClause}}
    Operation: id=selectByPrimaryKey, type=select, hasDollar=false
    Operation: id=deleteByPrimaryKey, type=delete, hasDollar=false
    Operation: id=updateByExampleSelective, type=update, hasDollar=false
    Operation: id=updateByExampleWithBLOBs, type=update, hasDollar=false
    Operation: id=updateByExample, type=update, hasDollar=false
    Operation: id=updateByPrimaryKeySelective, type=update, hasDollar=false
    Operation: id=updateByPrimaryKeyWithBLOBs, type=update, hasDollar=false
    Operation: id=updateByPrimaryKey, type=update, hasDollar=false
    Operation: id=insert, type=insert, hasDollar=false
    Operation: id=insertSelective, type=insert, hasDollar=false
  Mapper namespace: com.macro.mall.mapper.UmsAdminMapper
    Operation: id=selectByExample, type=select, hasDollar=true
      Risky var: ${{orderByClause}}
    Operation: id=selectByPrimaryKey, type=select, hasDollar=false
    Operation: id=deleteByPrimaryKey, type=delete, hasDollar=false
    Operation: id=updateByExampleSelective, type=update, hasDollar=false
    Operation: id=updateByExample, type=update, hasDollar=false
    Operation: id=updateByPrimaryKeySelective, type=update, hasDollar=false
    Operation: id=updateByPrimaryKey, type=update, hasDollar=false
    Operation: id=insert, type=insert, hasDollar=false
    Operation: id=insertSelective, type=insert, hasDollar=false
  Mapper namespace: com.macro.mall.mapper.SmsHomeBrandMapper
    Operation: id=selectByExample, type=select, hasDollar=true
      Risky var: ${{orderByClause}}
    Operation: id=selectByPrimaryKey, type=select, hasDollar=false
    Operation: id=deleteByPrimaryKey, type=delete, hasDollar=false
    Operation: id=updateByExampleSelective, type=update, hasDollar=false
    Operation: id=updateByExample, type=update, hasDollar=false
    Operation: id=updateByPrimaryKeySelective, type=update, hasDollar=false
    Operation: id=updateByPrimaryKey, type=update, hasDollar=false
    Operation: id=insert, type=insert, hasDollar=false
    Operation: id=insertSelective, type=insert, hasDollar=false
  Mapper namespace: com.macro.mall.mapper.PmsProductFullReductionMapper
    Operation: id=selectByExample, type=select, hasDollar=true
      Risky var: ${{orderByClause}}
    Operation: id=selectByPrimaryKey, type=select, hasDollar=false
    Operation: id=deleteByPrimaryKey, type=delete, hasDollar=false
    Operation: id=updateByExampleSelective, type=update, hasDollar=false
    Operation: id=updateByExample, type=update, hasDollar=false
    Operation: id=updateByPrimaryKeySelective, type=update, hasDollar=false
    Operation: id=updateByPrimaryKey, type=update, hasDollar=false
    Operation: id=insert, type=insert, hasDollar=false
    Operation: id=insertSelective, type=insert, hasDollar=false
  Mapper namespace: com.macro.mall.mapper.PmsAlbumMapper
    Operation: id=selectByExample, type=select, hasDollar=true
      Risky var: ${{orderByClause}}
    Operation: id=selectByPrimaryKey, type=select, hasDollar=false
    Operation: id=deleteByPrimaryKey, type=delete, hasDollar=false
    Operation: id=updateByExampleSelective, type=update, hasDollar=false
    Operation: id=updateByExample, type=update, hasDollar=false
    Operation: id=updateByPrimaryKeySelective, type=update, hasDollar=false
    Operation: id=updateByPrimaryKey, type=update, hasDollar=false
    Operation: id=insert, type=insert, hasDollar=false
    Operation: id=insertSelective, type=insert, hasDollar=false
  Mapper namespace: com.macro.mall.mapper.UmsMemberMemberTagRelationMapper
    Operation: id=selectByExample, type=select, hasDollar=true
      Risky var: ${{orderByClause}}
    Operation: id=selectByPrimaryKey, type=select, hasDollar=false
    Operation: id=deleteByPrimaryKey, type=delete, hasDollar=false
    Operation: id=updateByExampleSelective, type=update, hasDollar=false
    Operation: id=updateByExample, type=update, hasDollar=false
    Operation: id=updateByPrimaryKeySelective, type=update, hasDollar=false
    Operation: id=updateByPrimaryKey, type=update, hasDollar=false
    Operation: id=insert, type=insert, hasDollar=false
    Operation: id=insertSelective, type=insert, hasDollar=false
  Mapper namespace: com.macro.mall.mapper.OmsOrderItemMapper
    Operation: id=selectByExample, type=select, hasDollar=true
      Risky var: ${{orderByClause}}
    Operation: id=selectByPrimaryKey, type=select, hasDollar=false
    Operation: id=deleteByPrimaryKey, type=delete, hasDollar=false
    Operation: id=updateByExampleSelective, type=update, hasDollar=false
    Operation: id=updateByExample, type=update, hasDollar=false
    Operation: id=updateByPrimaryKeySelective, type=update, hasDollar=false
    Operation: id=updateByPrimaryKey, type=update, hasDollar=false
    Operation: id=insert, type=insert, hasDollar=false
    Operation: id=insertSelective, type=insert, hasDollar=false
  Mapper namespace: com.macro.mall.mapper.SmsHomeAdvertiseMapper
    Operation: id=selectByExample, type=select, hasDollar=true
      Risky var: ${{orderByClause}}
    Operation: id=selectByPrimaryKey, type=select, hasDollar=false
    Operation: id=deleteByPrimaryKey, type=delete, hasDollar=false
    Operation: id=updateByExampleSelective, type=update, hasDollar=false
    Operation: id=updateByExample, type=update, hasDollar=false
    Operation: id=updateByPrimaryKeySelective, type=update, hasDollar=false
    Operation: id=updateByPrimaryKey, type=update, hasDollar=false
    Operation: id=insert, type=insert, hasDollar=false
    Operation: id=insertSelective, type=insert, hasDollar=false
  Mapper namespace: com.macro.mall.mapper.UmsPermissionMapper
    Operation: id=selectByExample, type=select, hasDollar=true
      Risky var: ${{orderByClause}}
    Operation: id=selectByPrimaryKey, type=select, hasDollar=false
    Operation: id=deleteByPrimaryKey, type=delete, hasDollar=false
    Operation: id=updateByExampleSelective, type=update, hasDollar=false
    Operation: id=updateByExample, type=update, hasDollar=false
    Operation: id=updateByPrimaryKeySelective, type=update, hasDollar=false
    Operation: id=updateByPrimaryKey, type=update, hasDollar=false
    Operation: id=insert, type=insert, hasDollar=false
    Operation: id=insertSelective, type=insert, hasDollar=false
  Mapper namespace: com.macro.mall.mapper.PmsProductAttributeMapper
    Operation: id=selectByExample, type=select, hasDollar=true
      Risky var: ${{orderByClause}}
    Operation: id=selectByPrimaryKey, type=select, hasDollar=false
    Operation: id=deleteByPrimaryKey, type=delete, hasDollar=false
    Operation: id=updateByExampleSelective, type=update, hasDollar=false
    Operation: id=updateByExample, type=update, hasDollar=false
    Operation: id=updateByPrimaryKeySelective, type=update, hasDollar=false
    Operation: id=updateByPrimaryKey, type=update, hasDollar=false
    Operation: id=insert, type=insert, hasDollar=false
    Operation: id=insertSelective, type=insert, hasDollar=false
  Mapper namespace: com.macro.mall.mapper.OmsCompanyAddressMapper
    Operation: id=selectByExample, type=select, hasDollar=true
      Risky var: ${{orderByClause}}
    Operation: id=selectByPrimaryKey, type=select, hasDollar=false
    Operation: id=deleteByPrimaryKey, type=delete, hasDollar=false
    Operation: id=updateByExampleSelective, type=update, hasDollar=false
    Operation: id=updateByExample, type=update, hasDollar=false
    Operation: id=updateByPrimaryKeySelective, type=update, hasDollar=false
    Operation: id=updateByPrimaryKey, type=update, hasDollar=false
    Operation: id=insert, type=insert, hasDollar=false
    Operation: id=insertSelective, type=insert, hasDollar=false
  Mapper namespace: com.macro.mall.mapper.PmsProductVertifyRecordMapper
    Operation: id=selectByExample, type=select, hasDollar=true
      Risky var: ${{orderByClause}}
    Operation: id=selectByPrimaryKey, type=select, hasDollar=false
    Operation: id=deleteByPrimaryKey, type=delete, hasDollar=false
    Operation: id=updateByExampleSelective, type=update, hasDollar=false
    Operation: id=updateByExample, type=update, hasDollar=false
    Operation: id=updateByPrimaryKeySelective, type=update, hasDollar=false
    Operation: id=updateByPrimaryKey, type=update, hasDollar=false
    Operation: id=insert, type=insert, hasDollar=false
    Operation: id=insertSelective, type=insert, hasDollar=false
  Mapper namespace: com.macro.mall.mapper.UmsAdminLoginLogMapper
    Operation: id=selectByExample, type=select, hasDollar=true
      Risky var: ${{orderByClause}}
    Operation: id=selectByPrimaryKey, type=select, hasDollar=false
    Operation: id=deleteByPrimaryKey, type=delete, hasDollar=false
    Operation: id=updateByExampleSelective, type=update, hasDollar=false
    Operation: id=updateByExample, type=update, hasDollar=false
    Operation: id=updateByPrimaryKeySelective, type=update, hasDollar=false
    Operation: id=updateByPrimaryKey, type=update, hasDollar=false
    Operation: id=insert, type=insert, hasDollar=false
    Operation: id=insertSelective, type=insert, hasDollar=false
  Mapper namespace: com.macro.mall.mapper.OmsOrderOperateHistoryMapper
    Operation: id=selectByExample, type=select, hasDollar=true
      Risky var: ${{orderByClause}}
    Operation: id=selectByPrimaryKey, type=select, hasDollar=false
    Operation: id=deleteByPrimaryKey, type=delete, hasDollar=false
    Operation: id=updateByExampleSelective, type=update, hasDollar=false
    Operation: id=updateByExample, type=update, hasDollar=false
    Operation: id=updateByPrimaryKeySelective, type=update, hasDollar=false
    Operation: id=updateByPrimaryKey, type=update, hasDollar=false
    Operation: id=insert, type=insert, hasDollar=false
    Operation: id=insertSelective, type=insert, hasDollar=false
  Mapper namespace: com.macro.mall.mapper.PmsProductCategoryAttributeRelationMapper
    Operation: id=selectByExample, type=select, hasDollar=true
      Risky var: ${{orderByClause}}
    Operation: id=selectByPrimaryKey, type=select, hasDollar=false
    Operation: id=deleteByPrimaryKey, type=delete, hasDollar=false
    Operation: id=updateByExampleSelective, type=update, hasDollar=false
    Operation: id=updateByExample, type=update, hasDollar=false
    Operation: id=updateByPrimaryKeySelective, type=update, hasDollar=false
    Operation: id=updateByPrimaryKey, type=update, hasDollar=false
    Operation: id=insert, type=insert, hasDollar=false
    Operation: id=insertSelective, type=insert, hasDollar=false
  Mapper namespace: com.macro.mall.mapper.CmsHelpCategoryMapper
    Operation: id=selectByExample, type=select, hasDollar=true
      Risky var: ${{orderByClause}}
    Operation: id=selectByPrimaryKey, type=select, hasDollar=false
    Operation: id=deleteByPrimaryKey, type=delete, hasDollar=false
    Operation: id=updateByExampleSelective, type=update, hasDollar=false
    Operation: id=updateByExample, type=update, hasDollar=false
    Operation: id=updateByPrimaryKeySelective, type=update, hasDollar=false
    Operation: id=updateByPrimaryKey, type=update, hasDollar=false
    Operation: id=insert, type=insert, hasDollar=false
    Operation: id=insertSelective, type=insert, hasDollar=false
  Mapper namespace: com.macro.mall.mapper.UmsRoleResourceRelationMapper
    Operation: id=selectByExample, type=select, hasDollar=true
      Risky var: ${{orderByClause}}
    Operation: id=selectByPrimaryKey, type=select, hasDollar=false
    Operation: id=deleteByPrimaryKey, type=delete, hasDollar=false
    Operation: id=updateByExampleSelective, type=update, hasDollar=false
    Operation: id=updateByExample, type=update, hasDollar=false
    Operation: id=updateByPrimaryKeySelective, type=update, hasDollar=false
    Operation: id=updateByPrimaryKey, type=update, hasDollar=false
    Operation: id=insert, type=insert, hasDollar=false
    Operation: id=insertSelective, type=insert, hasDollar=false
  Mapper namespace: com.macro.mall.mapper.UmsMemberLoginLogMapper
    Operation: id=selectByExample, type=select, hasDollar=true
      Risky var: ${{orderByClause}}
    Operation: id=selectByPrimaryKey, type=select, hasDollar=false
    Operation: id=deleteByPrimaryKey, type=delete, hasDollar=false
    Operation: id=updateByExampleSelective, type=update, hasDollar=false
    Operation: id=updateByExample, type=update, hasDollar=false
    Operation: id=updateByPrimaryKeySelective, type=update, hasDollar=false
    Operation: id=updateByPrimaryKey, type=update, hasDollar=false
    Operation: id=insert, type=insert, hasDollar=false
    Operation: id=insertSelective, type=insert, hasDollar=false
  Mapper namespace: com.macro.mall.mapper.CmsPrefrenceAreaProductRelationMapper
    Operation: id=selectByExample, type=select, hasDollar=true
      Risky var: ${{orderByClause}}
    Operation: id=selectByPrimaryKey, type=select, hasDollar=false
    Operation: id=deleteByPrimaryKey, type=delete, hasDollar=false
    Operation: id=updateByExampleSelective, type=update, hasDollar=false
    Operation: id=updateByExample, type=update, hasDollar=false
    Operation: id=updateByPrimaryKeySelective, type=update, hasDollar=false
    Operation: id=updateByPrimaryKey, type=update, hasDollar=false
    Operation: id=insert, type=insert, hasDollar=false
    Operation: id=insertSelective, type=insert, hasDollar=false
  Mapper namespace: com.macro.mall.mapper.PmsProductMapper
    Operation: id=selectByExampleWithBLOBs, type=select, hasDollar=true
      Risky var: ${{orderByClause}}
    Operation: id=selectByExample, type=select, hasDollar=true
      Risky var: ${{orderByClause}}
    Operation: id=selectByPrimaryKey, type=select, hasDollar=false
    Operation: id=deleteByPrimaryKey, type=delete, hasDollar=false
    Operation: id=updateByExampleSelective, type=update, hasDollar=false
    Operation: id=updateByExampleWithBLOBs, type=update, hasDollar=false
    Operation: id=updateByExample, type=update, hasDollar=false
    Operation: id=updateByPrimaryKeySelective, type=update, hasDollar=false
    Operation: id=updateByPrimaryKeyWithBLOBs, type=update, hasDollar=false
    Operation: id=updateByPrimaryKey, type=update, hasDollar=false
    Operation: id=insert, type=insert, hasDollar=false
    Operation: id=insertSelective, type=insert, hasDollar=false
  Mapper namespace: com.macro.mall.mapper.PmsProductOperateLogMapper
    Operation: id=selectByExample, type=select, hasDollar=true
      Risky var: ${{orderByClause}}
    Operation: id=selectByPrimaryKey, type=select, hasDollar=false
    Operation: id=deleteByPrimaryKey, type=delete, hasDollar=false
    Operation: id=updateByExampleSelective, type=update, hasDollar=false
    Operation: id=updateByExample, type=update, hasDollar=false
    Operation: id=updateByPrimaryKeySelective, type=update, hasDollar=false
    Operation: id=updateByPrimaryKey, type=update, hasDollar=false
    Operation: id=insert, type=insert, hasDollar=false
    Operation: id=insertSelective, type=insert, hasDollar=false
  Mapper namespace: com.macro.mall.mapper.PmsProductLadderMapper
    Operation: id=selectByExample, type=select, hasDollar=true
      Risky var: ${{orderByClause}}
    Operation: id=selectByPrimaryKey, type=select, hasDollar=false
    Operation: id=deleteByPrimaryKey, type=delete, hasDollar=false
    Operation: id=updateByExampleSelective, type=update, hasDollar=false
    Operation: id=updateByExample, type=update, hasDollar=false
    Operation: id=updateByPrimaryKeySelective, type=update, hasDollar=false
    Operation: id=updateByPrimaryKey, type=update, hasDollar=false
    Operation: id=insert, type=insert, hasDollar=false
    Operation: id=insertSelective, type=insert, hasDollar=false
  Mapper namespace: com.macro.mall.mapper.PmsFeightTemplateMapper
    Operation: id=selectByExample, type=select, hasDollar=true
      Risky var: ${{orderByClause}}
    Operation: id=selectByPrimaryKey, type=select, hasDollar=false
    Operation: id=deleteByPrimaryKey, type=delete, hasDollar=false
    Operation: id=updateByExampleSelective, type=update, hasDollar=false
    Operation: id=updateByExample, type=update, hasDollar=false
    Operation: id=updateByPrimaryKeySelective, type=update, hasDollar=false
    Operation: id=updateByPrimaryKey, type=update, hasDollar=false
    Operation: id=insert, type=insert, hasDollar=false
    Operation: id=insertSelective, type=insert, hasDollar=false
  Mapper namespace: com.macro.mall.mapper.PmsBrandMapper
    Operation: id=selectByExampleWithBLOBs, type=select, hasDollar=true
      Risky var: ${{orderByClause}}
    Operation: id=selectByExample, type=select, hasDollar=true
      Risky var: ${{orderByClause}}
    Operation: id=selectByPrimaryKey, type=select, hasDollar=false
    Operation: id=deleteByPrimaryKey, type=delete, hasDollar=false
    Operation: id=updateByExampleSelective, type=update, hasDollar=false
    Operation: id=updateByExampleWithBLOBs, type=update, hasDollar=false
    Operation: id=updateByExample, type=update, hasDollar=false
    Operation: id=updateByPrimaryKeySelective, type=update, hasDollar=false
    Operation: id=updateByPrimaryKeyWithBLOBs, type=update, hasDollar=false
    Operation: id=updateByPrimaryKey, type=update, hasDollar=false
    Operation: id=insert, type=insert, hasDollar=false
    Operation: id=insertSelective, type=insert, hasDollar=false
  Mapper namespace: com.macro.mall.mapper.OmsOrderReturnApplyMapper
    Operation: id=selectByExample, type=select, hasDollar=true
      Risky var: ${{orderByClause}}
    Operation: id=selectByPrimaryKey, type=select, hasDollar=false
    Operation: id=deleteByPrimaryKey, type=delete, hasDollar=false
    Operation: id=updateByExampleSelective, type=update, hasDollar=false
    Operation: id=updateByExample, type=update, hasDollar=false
    Operation: id=updateByPrimaryKeySelective, type=update, hasDollar=false
    Operation: id=updateByPrimaryKey, type=update, hasDollar=false
    Operation: id=insert, type=insert, hasDollar=false
    Operation: id=insertSelective, type=insert, hasDollar=false
  Mapper namespace: com.macro.mall.mapper.SmsFlashPromotionMapper
    Operation: id=selectByExample, type=select, hasDollar=true
      Risky var: ${{orderByClause}}
    Operation: id=selectByPrimaryKey, type=select, hasDollar=false
    Operation: id=deleteByPrimaryKey, type=delete, hasDollar=false
    Operation: id=updateByExampleSelective, type=update, hasDollar=false
    Operation: id=updateByExample, type=update, hasDollar=false
    Operation: id=updateByPrimaryKeySelective, type=update, hasDollar=false
    Operation: id=updateByPrimaryKey, type=update, hasDollar=false
    Operation: id=insert, type=insert, hasDollar=false
    Operation: id=insertSelective, type=insert, hasDollar=false
  Mapper namespace: com.macro.mall.mapper.SmsHomeRecommendSubjectMapper
    Operation: id=selectByExample, type=select, hasDollar=true
      Risky var: ${{orderByClause}}
    Operation: id=selectByPrimaryKey, type=select, hasDollar=false
    Operation: id=deleteByPrimaryKey, type=delete, hasDollar=false
    Operation: id=updateByExampleSelective, type=update, hasDollar=false
    Operation: id=updateByExample, type=update, hasDollar=false
    Operation: id=updateByPrimaryKeySelective, type=update, hasDollar=false
    Operation: id=updateByPrimaryKey, type=update, hasDollar=false
    Operation: id=insert, type=insert, hasDollar=false
    Operation: id=insertSelective, type=insert, hasDollar=false
  Mapper namespace: com.macro.mall.mapper.CmsPrefrenceAreaMapper
    Operation: id=selectByExampleWithBLOBs, type=select, hasDollar=true
      Risky var: ${{orderByClause}}
    Operation: id=selectByExample, type=select, hasDollar=true
      Risky var: ${{orderByClause}}
    Operation: id=selectByPrimaryKey, type=select, hasDollar=false
    Operation: id=deleteByPrimaryKey, type=delete, hasDollar=false
    Operation: id=updateByExampleSelective, type=update, hasDollar=false
    Operation: id=updateByExampleWithBLOBs, type=update, hasDollar=false
    Operation: id=updateByExample, type=update, hasDollar=false
    Operation: id=updateByPrimaryKeySelective, type=update, hasDollar=false
    Operation: id=updateByPrimaryKeyWithBLOBs, type=update, hasDollar=false
    Operation: id=updateByPrimaryKey, type=update, hasDollar=false
    Operation: id=insert, type=insert, hasDollar=false
    Operation: id=insertSelective, type=insert, hasDollar=false
  Mapper namespace: com.macro.mall.mapper.CmsTopicCommentMapper
    Operation: id=selectByExample, type=select, hasDollar=true
      Risky var: ${{orderByClause}}
    Operation: id=selectByPrimaryKey, type=select, hasDollar=false
    Operation: id=deleteByPrimaryKey, type=delete, hasDollar=false
    Operation: id=updateByExampleSelective, type=update, hasDollar=false
    Operation: id=updateByExample, type=update, hasDollar=false
    Operation: id=updateByPrimaryKeySelective, type=update, hasDollar=false
    Operation: id=updateByPrimaryKey, type=update, hasDollar=false
    Operation: id=insert, type=insert, hasDollar=false
    Operation: id=insertSelective, type=insert, hasDollar=false
  Mapper namespace: com.macro.mall.mapper.UmsIntegrationConsumeSettingMapper
    Operation: id=selectByExample, type=select, hasDollar=true
      Risky var: ${{orderByClause}}
    Operation: id=selectByPrimaryKey, type=select, hasDollar=false
    Operation: id=deleteByPrimaryKey, type=delete, hasDollar=false
    Operation: id=updateByExampleSelective, type=update, hasDollar=false
    Operation: id=updateByExample, type=update, hasDollar=false
    Operation: id=updateByPrimaryKeySelective, type=update, hasDollar=false
    Operation: id=updateByPrimaryKey, type=update, hasDollar=false
    Operation: id=insert, type=insert, hasDollar=false
    Operation: id=insertSelective, type=insert, hasDollar=false
  Mapper namespace: com.macro.mall.mapper.SmsHomeRecommendProductMapper
    Operation: id=selectByExample, type=select, hasDollar=true
      Risky var: ${{orderByClause}}
    Operation: id=selectByPrimaryKey, type=select, hasDollar=false
    Operation: id=deleteByPrimaryKey, type=delete, hasDollar=false
    Operation: id=updateByExampleSelective, type=update, hasDollar=false
    Operation: id=updateByExample, type=update, hasDollar=false
    Operation: id=updateByPrimaryKeySelective, type=update, hasDollar=false
    Operation: id=updateByPrimaryKey, type=update, hasDollar=false
    Operation: id=insert, type=insert, hasDollar=false
    Operation: id=insertSelective, type=insert, hasDollar=false
  Mapper namespace: com.macro.mall.mapper.SmsFlashPromotionLogMapper
    Operation: id=selectByExample, type=select, hasDollar=true
      Risky var: ${{orderByClause}}
    Operation: id=selectByPrimaryKey, type=select, hasDollar=false
    Operation: id=deleteByPrimaryKey, type=delete, hasDollar=false
    Operation: id=updateByExampleSelective, type=update, hasDollar=false
    Operation: id=updateByExample, type=update, hasDollar=false
    Operation: id=updateByPrimaryKeySelective, type=update, hasDollar=false
    Operation: id=updateByPrimaryKey, type=update, hasDollar=false
    Operation: id=insert, type=insert, hasDollar=false
    Operation: id=insertSelective, type=insert, hasDollar=false
  Mapper namespace: com.macro.mall.mapper.SmsFlashPromotionProductRelationMapper
    Operation: id=selectByExample, type=select, hasDollar=true
      Risky var: ${{orderByClause}}
    Operation: id=selectByPrimaryKey, type=select, hasDollar=false
    Operation: id=deleteByPrimaryKey, type=delete, hasDollar=false
    Operation: id=updateByExampleSelective, type=update, hasDollar=false
    Operation: id=updateByExample, type=update, hasDollar=false
    Operation: id=updateByPrimaryKeySelective, type=update, hasDollar=false
    Operation: id=updateByPrimaryKey, type=update, hasDollar=false
    Operation: id=insert, type=insert, hasDollar=false
    Operation: id=insertSelective, type=insert, hasDollar=false
  Mapper namespace: com.macro.mall.mapper.UmsAdminPermissionRelationMapper
    Operation: id=selectByExample, type=select, hasDollar=true
      Risky var: ${{orderByClause}}
    Operation: id=selectByPrimaryKey, type=select, hasDollar=false
    Operation: id=deleteByPrimaryKey, type=delete, hasDollar=false
    Operation: id=updateByExampleSelective, type=update, hasDollar=false
    Operation: id=updateByExample, type=update, hasDollar=false
    Operation: id=updateByPrimaryKeySelective, type=update, hasDollar=false
    Operation: id=updateByPrimaryKey, type=update, hasDollar=false
    Operation: id=insert, type=insert, hasDollar=false
    Operation: id=insertSelective, type=insert, hasDollar=false
  Mapper namespace: com.macro.mall.mapper.PmsProductAttributeCategoryMapper
    Operation: id=selectByExample, type=select, hasDollar=true
      Risky var: ${{orderByClause}}
    Operation: id=selectByPrimaryKey, type=select, hasDollar=false
    Operation: id=deleteByPrimaryKey, type=delete, hasDollar=false
    Operation: id=updateByExampleSelective, type=update, hasDollar=false
    Operation: id=updateByExample, type=update, hasDollar=false
    Operation: id=updateByPrimaryKeySelective, type=update, hasDollar=false
    Operation: id=updateByPrimaryKey, type=update, hasDollar=false
    Operation: id=insert, type=insert, hasDollar=false
    Operation: id=insertSelective, type=insert, hasDollar=false
  Mapper namespace: com.macro.mall.mapper.UmsRolePermissionRelationMapper
    Operation: id=selectByExample, type=select, hasDollar=true
      Risky var: ${{orderByClause}}
    Operation: id=selectByPrimaryKey, type=select, hasDollar=false
    Operation: id=deleteByPrimaryKey, type=delete, hasDollar=false
    Operation: id=updateByExampleSelective, type=update, hasDollar=false
    Operation: id=updateByExample, type=update, hasDollar=false
    Operation: id=updateByPrimaryKeySelective, type=update, hasDollar=false
    Operation: id=updateByPrimaryKey, type=update, hasDollar=false
    Operation: id=insert, type=insert, hasDollar=false
    Operation: id=insertSelective, type=insert, hasDollar=false
  Mapper namespace: com.macro.mall.mapper.UmsResourceCategoryMapper
    Operation: id=selectByExample, type=select, hasDollar=true
      Risky var: ${{orderByClause}}
    Operation: id=selectByPrimaryKey, type=select, hasDollar=false
    Operation: id=deleteByPrimaryKey, type=delete, hasDollar=false
    Operation: id=updateByExampleSelective, type=update, hasDollar=false
    Operation: id=updateByExample, type=update, hasDollar=false
    Operation: id=updateByPrimaryKeySelective, type=update, hasDollar=false
    Operation: id=updateByPrimaryKey, type=update, hasDollar=false
    Operation: id=insert, type=insert, hasDollar=false
    Operation: id=insertSelective, type=insert, hasDollar=false
  Mapper namespace: com.macro.mall.mapper.CmsMemberReportMapper
    Operation: id=selectByExample, type=select, hasDollar=true
      Risky var: ${{orderByClause}}
    Operation: id=updateByExampleSelective, type=update, hasDollar=false
    Operation: id=updateByExample, type=update, hasDollar=false
    Operation: id=insert, type=insert, hasDollar=false
    Operation: id=insertSelective, type=insert, hasDollar=false
  Mapper namespace: com.macro.mall.mapper.CmsHelpMapper
    Operation: id=selectByExampleWithBLOBs, type=select, hasDollar=true
      Risky var: ${{orderByClause}}
    Operation: id=selectByExample, type=select, hasDollar=true
      Risky var: ${{orderByClause}}
    Operation: id=selectByPrimaryKey, type=select, hasDollar=false
    Operation: id=deleteByPrimaryKey, type=delete, hasDollar=false
    Operation: id=updateByExampleSelective, type=update, hasDollar=false
    Operation: id=updateByExampleWithBLOBs, type=update, hasDollar=false
    Operation: id=updateByExample, type=update, hasDollar=false
    Operation: id=updateByPrimaryKeySelective, type=update, hasDollar=false
    Operation: id=updateByPrimaryKeyWithBLOBs, type=update, hasDollar=false
    Operation: id=updateByPrimaryKey, type=update, hasDollar=false
    Operation: id=insert, type=insert, hasDollar=false
    Operation: id=insertSelective, type=insert, hasDollar=false
  Mapper namespace: com.macro.mall.mapper.UmsRoleMenuRelationMapper
    Operation: id=selectByExample, type=select, hasDollar=true
      Risky var: ${{orderByClause}}
    Operation: id=selectByPrimaryKey, type=select, hasDollar=false
    Operation: id=deleteByPrimaryKey, type=delete, hasDollar=false
    Operation: id=updateByExampleSelective, type=update, hasDollar=false
    Operation: id=updateByExample, type=update, hasDollar=false
    Operation: id=updateByPrimaryKeySelective, type=update, hasDollar=false
    Operation: id=updateByPrimaryKey, type=update, hasDollar=false
    Operation: id=insert, type=insert, hasDollar=false
    Operation: id=insertSelective, type=insert, hasDollar=false
  Mapper namespace: com.macro.mall.mapper.CmsSubjectProductRelationMapper
    Operation: id=selectByExample, type=select, hasDollar=true
      Risky var: ${{orderByClause}}
    Operation: id=selectByPrimaryKey, type=select, hasDollar=false
    Operation: id=deleteByPrimaryKey, type=delete, hasDollar=false
    Operation: id=updateByExampleSelective, type=update, hasDollar=false
    Operation: id=updateByExample, type=update, hasDollar=false
    Operation: id=updateByPrimaryKeySelective, type=update, hasDollar=false
    Operation: id=updateByPrimaryKey, type=update, hasDollar=false
    Operation: id=insert, type=insert, hasDollar=false
    Operation: id=insertSelective, type=insert, hasDollar=false
  Mapper namespace: com.macro.mall.mapper.SmsCouponHistoryMapper
    Operation: id=selectByExample, type=select, hasDollar=true
      Risky var: ${{orderByClause}}
    Operation: id=selectByPrimaryKey, type=select, hasDollar=false
    Operation: id=deleteByPrimaryKey, type=delete, hasDollar=false
    Operation: id=updateByExampleSelective, type=update, hasDollar=false
    Operation: id=updateByExample, type=update, hasDollar=false
    Operation: id=updateByPrimaryKeySelective, type=update, hasDollar=false
    Operation: id=updateByPrimaryKey, type=update, hasDollar=false
    Operation: id=insert, type=insert, hasDollar=false
    Operation: id=insertSelective, type=insert, hasDollar=false
  Mapper namespace: com.macro.mall.mapper.PmsMemberPriceMapper
    Operation: id=selectByExample, type=select, hasDollar=true
      Risky var: ${{orderByClause}}
    Operation: id=selectByPrimaryKey, type=select, hasDollar=false
    Operation: id=deleteByPrimaryKey, type=delete, hasDollar=false
    Operation: id=updateByExampleSelective, type=update, hasDollar=false
    Operation: id=updateByExample, type=update, hasDollar=false
    Operation: id=updateByPrimaryKeySelective, type=update, hasDollar=false
    Operation: id=updateByPrimaryKey, type=update, hasDollar=false
    Operation: id=insert, type=insert, hasDollar=false
    Operation: id=insertSelective, type=insert, hasDollar=false
  Mapper namespace: com.macro.mall.mapper.SmsCouponProductCategoryRelationMapper
    Operation: id=selectByExample, type=select, hasDollar=true
      Risky var: ${{orderByClause}}
    Operation: id=selectByPrimaryKey, type=select, hasDollar=false
    Operation: id=deleteByPrimaryKey, type=delete, hasDollar=false
    Operation: id=updateByExampleSelective, type=update, hasDollar=false
    Operation: id=updateByExample, type=update, hasDollar=false
    Operation: id=updateByPrimaryKeySelective, type=update, hasDollar=false
    Operation: id=updateByPrimaryKey, type=update, hasDollar=false
    Operation: id=insert, type=insert, hasDollar=false
    Operation: id=insertSelective, type=insert, hasDollar=false
  Mapper namespace: com.macro.mall.mapper.UmsMemberProductCategoryRelationMapper
    Operation: id=selectByExample, type=select, hasDollar=true
      Risky var: ${{orderByClause}}
    Operation: id=selectByPrimaryKey, type=select, hasDollar=false
    Operation: id=deleteByPrimaryKey, type=delete, hasDollar=false
    Operation: id=updateByExampleSelective, type=update, hasDollar=false
    Operation: id=updateByExample, type=update, hasDollar=false
    Operation: id=updateByPrimaryKeySelective, type=update, hasDollar=false
    Operation: id=updateByPrimaryKey, type=update, hasDollar=false
    Operation: id=insert, type=insert, hasDollar=false
    Operation: id=insertSelective, type=insert, hasDollar=false
  Mapper namespace: com.macro.mall.mapper.UmsMemberRuleSettingMapper
    Operation: id=selectByExample, type=select, hasDollar=true
      Risky var: ${{orderByClause}}
    Operation: id=selectByPrimaryKey, type=select, hasDollar=false
    Operation: id=deleteByPrimaryKey, type=delete, hasDollar=false
    Operation: id=updateByExampleSelective, type=update, hasDollar=false
    Operation: id=updateByExample, type=update, hasDollar=false
    Operation: id=updateByPrimaryKeySelective, type=update, hasDollar=false
    Operation: id=updateByPrimaryKey, type=update, hasDollar=false
    Operation: id=insert, type=insert, hasDollar=false
    Operation: id=insertSelective, type=insert, hasDollar=false
  Mapper namespace: com.macro.mall.mapper.UmsRoleMapper
    Operation: id=selectByExample, type=select, hasDollar=true
      Risky var: ${{orderByClause}}
    Operation: id=selectByPrimaryKey, type=select, hasDollar=false
    Operation: id=deleteByPrimaryKey, type=delete, hasDollar=false
    Operation: id=updateByExampleSelective, type=update, hasDollar=false
    Operation: id=updateByExample, type=update, hasDollar=false
    Operation: id=updateByPrimaryKeySelective, type=update, hasDollar=false
    Operation: id=updateByPrimaryKey, type=update, hasDollar=false
    Operation: id=insert, type=insert, hasDollar=false
    Operation: id=insertSelective, type=insert, hasDollar=false
  Mapper namespace: com.macro.mall.mapper.SmsCouponProductRelationMapper
    Operation: id=selectByExample, type=select, hasDollar=true
      Risky var: ${{orderByClause}}
    Operation: id=selectByPrimaryKey, type=select, hasDollar=false
    Operation: id=deleteByPrimaryKey, type=delete, hasDollar=false
    Operation: id=updateByExampleSelective, type=update, hasDollar=false
    Operation: id=updateByExample, type=update, hasDollar=false
    Operation: id=updateByPrimaryKeySelective, type=update, hasDollar=false
    Operation: id=updateByPrimaryKey, type=update, hasDollar=false
    Operation: id=insert, type=insert, hasDollar=false
    Operation: id=insertSelective, type=insert, hasDollar=false
  Mapper namespace: com.macro.mall.mapper.SmsHomeNewProductMapper
    Operation: id=selectByExample, type=select, hasDollar=true
      Risky var: ${{orderByClause}}
    Operation: id=selectByPrimaryKey, type=select, hasDollar=false
    Operation: id=deleteByPrimaryKey, type=delete, hasDollar=false
    Operation: id=updateByExampleSelective, type=update, hasDollar=false
    Operation: id=updateByExample, type=update, hasDollar=false
    Operation: id=updateByPrimaryKeySelective, type=update, hasDollar=false
    Operation: id=updateByPrimaryKey, type=update, hasDollar=false
    Operation: id=insert, type=insert, hasDollar=false
    Operation: id=insertSelective, type=insert, hasDollar=false
  Mapper namespace: com.macro.mall.mapper.OmsOrderMapper
    Operation: id=selectByExample, type=select, hasDollar=true
      Risky var: ${{orderByClause}}
    Operation: id=selectByPrimaryKey, type=select, hasDollar=false
    Operation: id=deleteByPrimaryKey, type=delete, hasDollar=false
    Operation: id=updateByExampleSelective, type=update, hasDollar=false
    Operation: id=updateByExample, type=update, hasDollar=false
    Operation: id=updateByPrimaryKeySelective, type=update, hasDollar=false
    Operation: id=updateByPrimaryKey, type=update, hasDollar=false
    Operation: id=insert, type=insert, hasDollar=false
    Operation: id=insertSelective, type=insert, hasDollar=false
Collected 312 write field names from INSERT/UPDATE operations
Extracted 95 source metadata entries (before filtering)
Resolving 157 mapper namespaces...
  Namespace resolve: com.macro.mall.portal.dao.PortalOrderDao -> com.macro.mall.portal.dao.PortalOrderDao
  Namespace resolve: com.macro.mall.portal.dao.SmsCouponHistoryDao -> com.macro.mall.portal.dao.SmsCouponHistoryDao
  Namespace resolve: com.macro.mall.portal.dao.PortalOrderItemDao -> com.macro.mall.portal.dao.PortalOrderItemDao
  Namespace resolve: com.macro.mall.portal.dao.PortalProductDao -> com.macro.mall.portal.dao.PortalProductDao
  Namespace resolve: com.macro.mall.portal.dao.HomeDao -> com.macro.mall.portal.dao.HomeDao
  Namespace resolve: com.macro.mall.mapper.OmsCartItemMapper -> com.macro.mall.mapper.OmsCartItemMapper
  Namespace resolve: com.macro.mall.mapper.SmsFlashPromotionSessionMapper -> com.macro.mall.mapper.SmsFlashPromotionSessionMapper
  Namespace resolve: com.macro.mall.mapper.CmsSubjectCommentMapper -> com.macro.mall.mapper.CmsSubjectCommentMapper
  Namespace resolve: com.macro.mall.mapper.UmsMemberReceiveAddressMapper -> com.macro.mall.mapper.UmsMemberReceiveAddressMapper
  Namespace resolve: com.macro.mall.mapper.PmsSkuStockMapper -> com.macro.mall.mapper.PmsSkuStockMapper
  Namespace resolve: com.macro.mall.mapper.PmsCommentReplayMapper -> com.macro.mall.mapper.PmsCommentReplayMapper
  Namespace resolve: com.macro.mall.mapper.OmsOrderSettingMapper -> com.macro.mall.mapper.OmsOrderSettingMapper
  Namespace resolve: com.macro.mall.mapper.UmsMemberStatisticsInfoMapper -> com.macro.mall.mapper.UmsMemberStatisticsInfoMapper
  Namespace resolve: com.macro.mall.mapper.UmsGrowthChangeHistoryMapper -> com.macro.mall.mapper.UmsGrowthChangeHistoryMapper
  Namespace resolve: com.macro.mall.mapper.UmsAdminRoleRelationMapper -> com.macro.mall.mapper.UmsAdminRoleRelationMapper
  Namespace resolve: com.macro.mall.mapper.CmsTopicCategoryMapper -> com.macro.mall.mapper.CmsTopicCategoryMapper
  Namespace resolve: com.macro.mall.mapper.PmsCommentMapper -> com.macro.mall.mapper.PmsCommentMapper
  Namespace resolve: com.macro.mall.mapper.UmsMemberMapper -> com.macro.mall.mapper.UmsMemberMapper
  Namespace resolve: com.macro.mall.mapper.PmsProductAttributeValueMapper -> com.macro.mall.mapper.PmsProductAttributeValueMapper
  Namespace resolve: com.macro.mall.mapper.CmsSubjectMapper -> com.macro.mall.mapper.CmsSubjectMapper
  Namespace resolve: com.macro.mall.mapper.CmsSubjectCategoryMapper -> com.macro.mall.mapper.CmsSubjectCategoryMapper
  Namespace resolve: com.macro.mall.mapper.UmsMenuMapper -> com.macro.mall.mapper.UmsMenuMapper
  Namespace resolve: com.macro.mall.mapper.UmsMemberLevelMapper -> com.macro.mall.mapper.UmsMemberLevelMapper
  Namespace resolve: com.macro.mall.mapper.UmsIntegrationChangeHistoryMapper -> com.macro.mall.mapper.UmsIntegrationChangeHistoryMapper
  Namespace resolve: com.macro.mall.mapper.UmsMemberTagMapper -> com.macro.mall.mapper.UmsMemberTagMapper
  Namespace resolve: com.macro.mall.mapper.PmsProductCategoryMapper -> com.macro.mall.mapper.PmsProductCategoryMapper
  Namespace resolve: com.macro.mall.mapper.UmsResourceMapper -> com.macro.mall.mapper.UmsResourceMapper
  Namespace resolve: com.macro.mall.mapper.PmsAlbumPicMapper -> com.macro.mall.mapper.PmsAlbumPicMapper
  Namespace resolve: com.macro.mall.mapper.OmsOrderReturnReasonMapper -> com.macro.mall.mapper.OmsOrderReturnReasonMapper
  Namespace resolve: com.macro.mall.mapper.UmsMemberTaskMapper -> com.macro.mall.mapper.UmsMemberTaskMapper
  Namespace resolve: com.macro.mall.mapper.SmsCouponMapper -> com.macro.mall.mapper.SmsCouponMapper
  Namespace resolve: com.macro.mall.mapper.CmsTopicMapper -> com.macro.mall.mapper.CmsTopicMapper
  Namespace resolve: com.macro.mall.mapper.UmsAdminMapper -> com.macro.mall.mapper.UmsAdminMapper
  Namespace resolve: com.macro.mall.mapper.SmsHomeBrandMapper -> com.macro.mall.mapper.SmsHomeBrandMapper
  Namespace resolve: com.macro.mall.mapper.PmsProductFullReductionMapper -> com.macro.mall.mapper.PmsProductFullReductionMapper
  Namespace resolve: com.macro.mall.mapper.PmsAlbumMapper -> com.macro.mall.mapper.PmsAlbumMapper
  Namespace resolve: com.macro.mall.mapper.UmsMemberMemberTagRelationMapper -> com.macro.mall.mapper.UmsMemberMemberTagRelationMapper
  Namespace resolve: com.macro.mall.mapper.OmsOrderItemMapper -> com.macro.mall.mapper.OmsOrderItemMapper
  Namespace resolve: com.macro.mall.mapper.SmsHomeAdvertiseMapper -> com.macro.mall.mapper.SmsHomeAdvertiseMapper
  Namespace resolve: com.macro.mall.mapper.UmsPermissionMapper -> com.macro.mall.mapper.UmsPermissionMapper
  Namespace resolve: com.macro.mall.mapper.PmsProductAttributeMapper -> com.macro.mall.mapper.PmsProductAttributeMapper
  Namespace resolve: com.macro.mall.mapper.OmsCompanyAddressMapper -> com.macro.mall.mapper.OmsCompanyAddressMapper
  Namespace resolve: com.macro.mall.mapper.PmsProductVertifyRecordMapper -> com.macro.mall.mapper.PmsProductVertifyRecordMapper
  Namespace resolve: com.macro.mall.mapper.UmsAdminLoginLogMapper -> com.macro.mall.mapper.UmsAdminLoginLogMapper
  Namespace resolve: com.macro.mall.mapper.OmsOrderOperateHistoryMapper -> com.macro.mall.mapper.OmsOrderOperateHistoryMapper
  Namespace resolve: com.macro.mall.mapper.PmsProductCategoryAttributeRelationMapper -> com.macro.mall.mapper.PmsProductCategoryAttributeRelationMapper
  Namespace resolve: com.macro.mall.mapper.CmsHelpCategoryMapper -> com.macro.mall.mapper.CmsHelpCategoryMapper
  Namespace resolve: com.macro.mall.mapper.UmsRoleResourceRelationMapper -> com.macro.mall.mapper.UmsRoleResourceRelationMapper
  Namespace resolve: com.macro.mall.mapper.UmsMemberLoginLogMapper -> com.macro.mall.mapper.UmsMemberLoginLogMapper
  Namespace resolve: com.macro.mall.mapper.CmsPrefrenceAreaProductRelationMapper -> com.macro.mall.mapper.CmsPrefrenceAreaProductRelationMapper
  Namespace resolve: com.macro.mall.mapper.PmsProductMapper -> com.macro.mall.mapper.PmsProductMapper
  Namespace resolve: com.macro.mall.mapper.PmsProductOperateLogMapper -> com.macro.mall.mapper.PmsProductOperateLogMapper
  Namespace resolve: com.macro.mall.mapper.PmsProductLadderMapper -> com.macro.mall.mapper.PmsProductLadderMapper
  Namespace resolve: com.macro.mall.mapper.PmsFeightTemplateMapper -> com.macro.mall.mapper.PmsFeightTemplateMapper
  Namespace resolve: com.macro.mall.mapper.PmsBrandMapper -> com.macro.mall.mapper.PmsBrandMapper
  Namespace resolve: com.macro.mall.mapper.OmsOrderReturnApplyMapper -> com.macro.mall.mapper.OmsOrderReturnApplyMapper
  Namespace resolve: com.macro.mall.mapper.SmsFlashPromotionMapper -> com.macro.mall.mapper.SmsFlashPromotionMapper
  Namespace resolve: com.macro.mall.mapper.SmsHomeRecommendSubjectMapper -> com.macro.mall.mapper.SmsHomeRecommendSubjectMapper
  Namespace resolve: com.macro.mall.mapper.CmsPrefrenceAreaMapper -> com.macro.mall.mapper.CmsPrefrenceAreaMapper
  Namespace resolve: com.macro.mall.mapper.CmsTopicCommentMapper -> com.macro.mall.mapper.CmsTopicCommentMapper
  Namespace resolve: com.macro.mall.mapper.UmsIntegrationConsumeSettingMapper -> com.macro.mall.mapper.UmsIntegrationConsumeSettingMapper
  Namespace resolve: com.macro.mall.mapper.SmsHomeRecommendProductMapper -> com.macro.mall.mapper.SmsHomeRecommendProductMapper
  Namespace resolve: com.macro.mall.mapper.SmsFlashPromotionLogMapper -> com.macro.mall.mapper.SmsFlashPromotionLogMapper
  Namespace resolve: com.macro.mall.mapper.SmsFlashPromotionProductRelationMapper -> com.macro.mall.mapper.SmsFlashPromotionProductRelationMapper
  Namespace resolve: com.macro.mall.mapper.UmsAdminPermissionRelationMapper -> com.macro.mall.mapper.UmsAdminPermissionRelationMapper
  Namespace resolve: com.macro.mall.mapper.PmsProductAttributeCategoryMapper -> com.macro.mall.mapper.PmsProductAttributeCategoryMapper
  Namespace resolve: com.macro.mall.mapper.UmsRolePermissionRelationMapper -> com.macro.mall.mapper.UmsRolePermissionRelationMapper
  Namespace resolve: com.macro.mall.mapper.UmsResourceCategoryMapper -> com.macro.mall.mapper.UmsResourceCategoryMapper
  Namespace resolve: com.macro.mall.mapper.CmsMemberReportMapper -> com.macro.mall.mapper.CmsMemberReportMapper
  Namespace resolve: com.macro.mall.mapper.CmsHelpMapper -> com.macro.mall.mapper.CmsHelpMapper
  Namespace resolve: com.macro.mall.mapper.UmsRoleMenuRelationMapper -> com.macro.mall.mapper.UmsRoleMenuRelationMapper
  Namespace resolve: com.macro.mall.mapper.CmsSubjectProductRelationMapper -> com.macro.mall.mapper.CmsSubjectProductRelationMapper
  Namespace resolve: com.macro.mall.mapper.SmsCouponHistoryMapper -> com.macro.mall.mapper.SmsCouponHistoryMapper
  Namespace resolve: com.macro.mall.mapper.PmsMemberPriceMapper -> com.macro.mall.mapper.PmsMemberPriceMapper
  Namespace resolve: com.macro.mall.mapper.SmsCouponProductCategoryRelationMapper -> com.macro.mall.mapper.SmsCouponProductCategoryRelationMapper
  Namespace resolve: com.macro.mall.mapper.UmsMemberProductCategoryRelationMapper -> com.macro.mall.mapper.UmsMemberProductCategoryRelationMapper
  Namespace resolve: com.macro.mall.mapper.UmsMemberRuleSettingMapper -> com.macro.mall.mapper.UmsMemberRuleSettingMapper
  Namespace resolve: com.macro.mall.mapper.UmsRoleMapper -> com.macro.mall.mapper.UmsRoleMapper
  Namespace resolve: com.macro.mall.mapper.SmsCouponProductRelationMapper -> com.macro.mall.mapper.SmsCouponProductRelationMapper
  Namespace resolve: com.macro.mall.mapper.SmsHomeNewProductMapper -> com.macro.mall.mapper.SmsHomeNewProductMapper
  Namespace resolve: com.macro.mall.mapper.OmsOrderMapper -> com.macro.mall.mapper.OmsOrderMapper
  Namespace resolve: com.macro.mall.mapper.OmsCartItemMapper -> com.macro.mall.mapper.OmsCartItemMapper
  Namespace resolve: com.macro.mall.mapper.SmsFlashPromotionSessionMapper -> com.macro.mall.mapper.SmsFlashPromotionSessionMapper
  Namespace resolve: com.macro.mall.mapper.CmsSubjectCommentMapper -> com.macro.mall.mapper.CmsSubjectCommentMapper
  Namespace resolve: com.macro.mall.mapper.UmsMemberReceiveAddressMapper -> com.macro.mall.mapper.UmsMemberReceiveAddressMapper
  Namespace resolve: com.macro.mall.mapper.PmsSkuStockMapper -> com.macro.mall.mapper.PmsSkuStockMapper
  Namespace resolve: com.macro.mall.mapper.PmsCommentReplayMapper -> com.macro.mall.mapper.PmsCommentReplayMapper
  Namespace resolve: com.macro.mall.mapper.OmsOrderSettingMapper -> com.macro.mall.mapper.OmsOrderSettingMapper
  Namespace resolve: com.macro.mall.mapper.UmsMemberStatisticsInfoMapper -> com.macro.mall.mapper.UmsMemberStatisticsInfoMapper
  Namespace resolve: com.macro.mall.mapper.UmsGrowthChangeHistoryMapper -> com.macro.mall.mapper.UmsGrowthChangeHistoryMapper
  Namespace resolve: com.macro.mall.mapper.UmsAdminRoleRelationMapper -> com.macro.mall.mapper.UmsAdminRoleRelationMapper
  Namespace resolve: com.macro.mall.mapper.CmsTopicCategoryMapper -> com.macro.mall.mapper.CmsTopicCategoryMapper
  Namespace resolve: com.macro.mall.mapper.PmsCommentMapper -> com.macro.mall.mapper.PmsCommentMapper
  Namespace resolve: com.macro.mall.mapper.UmsMemberMapper -> com.macro.mall.mapper.UmsMemberMapper
  Namespace resolve: com.macro.mall.mapper.PmsProductAttributeValueMapper -> com.macro.mall.mapper.PmsProductAttributeValueMapper
  Namespace resolve: com.macro.mall.mapper.CmsSubjectMapper -> com.macro.mall.mapper.CmsSubjectMapper
  Namespace resolve: com.macro.mall.mapper.CmsSubjectCategoryMapper -> com.macro.mall.mapper.CmsSubjectCategoryMapper
  Namespace resolve: com.macro.mall.mapper.UmsMenuMapper -> com.macro.mall.mapper.UmsMenuMapper
  Namespace resolve: com.macro.mall.mapper.UmsMemberLevelMapper -> com.macro.mall.mapper.UmsMemberLevelMapper
  Namespace resolve: com.macro.mall.mapper.UmsIntegrationChangeHistoryMapper -> com.macro.mall.mapper.UmsIntegrationChangeHistoryMapper
  Namespace resolve: com.macro.mall.mapper.UmsMemberTagMapper -> com.macro.mall.mapper.UmsMemberTagMapper
  Namespace resolve: com.macro.mall.mapper.PmsProductCategoryMapper -> com.macro.mall.mapper.PmsProductCategoryMapper
  Namespace resolve: com.macro.mall.mapper.UmsResourceMapper -> com.macro.mall.mapper.UmsResourceMapper
  Namespace resolve: com.macro.mall.mapper.PmsAlbumPicMapper -> com.macro.mall.mapper.PmsAlbumPicMapper
  Namespace resolve: com.macro.mall.mapper.OmsOrderReturnReasonMapper -> com.macro.mall.mapper.OmsOrderReturnReasonMapper
  Namespace resolve: com.macro.mall.mapper.UmsMemberTaskMapper -> com.macro.mall.mapper.UmsMemberTaskMapper
  Namespace resolve: com.macro.mall.mapper.SmsCouponMapper -> com.macro.mall.mapper.SmsCouponMapper
  Namespace resolve: com.macro.mall.mapper.CmsTopicMapper -> com.macro.mall.mapper.CmsTopicMapper
  Namespace resolve: com.macro.mall.mapper.UmsAdminMapper -> com.macro.mall.mapper.UmsAdminMapper
  Namespace resolve: com.macro.mall.mapper.SmsHomeBrandMapper -> com.macro.mall.mapper.SmsHomeBrandMapper
  Namespace resolve: com.macro.mall.mapper.PmsProductFullReductionMapper -> com.macro.mall.mapper.PmsProductFullReductionMapper
  Namespace resolve: com.macro.mall.mapper.PmsAlbumMapper -> com.macro.mall.mapper.PmsAlbumMapper
  Namespace resolve: com.macro.mall.mapper.UmsMemberMemberTagRelationMapper -> com.macro.mall.mapper.UmsMemberMemberTagRelationMapper
  Namespace resolve: com.macro.mall.mapper.OmsOrderItemMapper -> com.macro.mall.mapper.OmsOrderItemMapper
  Namespace resolve: com.macro.mall.mapper.SmsHomeAdvertiseMapper -> com.macro.mall.mapper.SmsHomeAdvertiseMapper
  Namespace resolve: com.macro.mall.mapper.UmsPermissionMapper -> com.macro.mall.mapper.UmsPermissionMapper
  Namespace resolve: com.macro.mall.mapper.PmsProductAttributeMapper -> com.macro.mall.mapper.PmsProductAttributeMapper
  Namespace resolve: com.macro.mall.mapper.OmsCompanyAddressMapper -> com.macro.mall.mapper.OmsCompanyAddressMapper
  Namespace resolve: com.macro.mall.mapper.PmsProductVertifyRecordMapper -> com.macro.mall.mapper.PmsProductVertifyRecordMapper
  Namespace resolve: com.macro.mall.mapper.UmsAdminLoginLogMapper -> com.macro.mall.mapper.UmsAdminLoginLogMapper
  Namespace resolve: com.macro.mall.mapper.OmsOrderOperateHistoryMapper -> com.macro.mall.mapper.OmsOrderOperateHistoryMapper
  Namespace resolve: com.macro.mall.mapper.PmsProductCategoryAttributeRelationMapper -> com.macro.mall.mapper.PmsProductCategoryAttributeRelationMapper
  Namespace resolve: com.macro.mall.mapper.CmsHelpCategoryMapper -> com.macro.mall.mapper.CmsHelpCategoryMapper
  Namespace resolve: com.macro.mall.mapper.UmsRoleResourceRelationMapper -> com.macro.mall.mapper.UmsRoleResourceRelationMapper
  Namespace resolve: com.macro.mall.mapper.UmsMemberLoginLogMapper -> com.macro.mall.mapper.UmsMemberLoginLogMapper
  Namespace resolve: com.macro.mall.mapper.CmsPrefrenceAreaProductRelationMapper -> com.macro.mall.mapper.CmsPrefrenceAreaProductRelationMapper
  Namespace resolve: com.macro.mall.mapper.PmsProductMapper -> com.macro.mall.mapper.PmsProductMapper
  Namespace resolve: com.macro.mall.mapper.PmsProductOperateLogMapper -> com.macro.mall.mapper.PmsProductOperateLogMapper
  Namespace resolve: com.macro.mall.mapper.PmsProductLadderMapper -> com.macro.mall.mapper.PmsProductLadderMapper
  Namespace resolve: com.macro.mall.mapper.PmsFeightTemplateMapper -> com.macro.mall.mapper.PmsFeightTemplateMapper
  Namespace resolve: com.macro.mall.mapper.PmsBrandMapper -> com.macro.mall.mapper.PmsBrandMapper
  Namespace resolve: com.macro.mall.mapper.OmsOrderReturnApplyMapper -> com.macro.mall.mapper.OmsOrderReturnApplyMapper
  Namespace resolve: com.macro.mall.mapper.SmsFlashPromotionMapper -> com.macro.mall.mapper.SmsFlashPromotionMapper
  Namespace resolve: com.macro.mall.mapper.SmsHomeRecommendSubjectMapper -> com.macro.mall.mapper.SmsHomeRecommendSubjectMapper
  Namespace resolve: com.macro.mall.mapper.CmsPrefrenceAreaMapper -> com.macro.mall.mapper.CmsPrefrenceAreaMapper
  Namespace resolve: com.macro.mall.mapper.CmsTopicCommentMapper -> com.macro.mall.mapper.CmsTopicCommentMapper
  Namespace resolve: com.macro.mall.mapper.UmsIntegrationConsumeSettingMapper -> com.macro.mall.mapper.UmsIntegrationConsumeSettingMapper
  Namespace resolve: com.macro.mall.mapper.SmsHomeRecommendProductMapper -> com.macro.mall.mapper.SmsHomeRecommendProductMapper
  Namespace resolve: com.macro.mall.mapper.SmsFlashPromotionLogMapper -> com.macro.mall.mapper.SmsFlashPromotionLogMapper
  Namespace resolve: com.macro.mall.mapper.SmsFlashPromotionProductRelationMapper -> com.macro.mall.mapper.SmsFlashPromotionProductRelationMapper
  Namespace resolve: com.macro.mall.mapper.UmsAdminPermissionRelationMapper -> com.macro.mall.mapper.UmsAdminPermissionRelationMapper
  Namespace resolve: com.macro.mall.mapper.PmsProductAttributeCategoryMapper -> com.macro.mall.mapper.PmsProductAttributeCategoryMapper
  Namespace resolve: com.macro.mall.mapper.UmsRolePermissionRelationMapper -> com.macro.mall.mapper.UmsRolePermissionRelationMapper
  Namespace resolve: com.macro.mall.mapper.UmsResourceCategoryMapper -> com.macro.mall.mapper.UmsResourceCategoryMapper
  Namespace resolve: com.macro.mall.mapper.CmsMemberReportMapper -> com.macro.mall.mapper.CmsMemberReportMapper
  Namespace resolve: com.macro.mall.mapper.CmsHelpMapper -> com.macro.mall.mapper.CmsHelpMapper
  Namespace resolve: com.macro.mall.mapper.UmsRoleMenuRelationMapper -> com.macro.mall.mapper.UmsRoleMenuRelationMapper
  Namespace resolve: com.macro.mall.mapper.CmsSubjectProductRelationMapper -> com.macro.mall.mapper.CmsSubjectProductRelationMapper
  Namespace resolve: com.macro.mall.mapper.SmsCouponHistoryMapper -> com.macro.mall.mapper.SmsCouponHistoryMapper
  Namespace resolve: com.macro.mall.mapper.PmsMemberPriceMapper -> com.macro.mall.mapper.PmsMemberPriceMapper
  Namespace resolve: com.macro.mall.mapper.SmsCouponProductCategoryRelationMapper -> com.macro.mall.mapper.SmsCouponProductCategoryRelationMapper
  Namespace resolve: com.macro.mall.mapper.UmsMemberProductCategoryRelationMapper -> com.macro.mall.mapper.UmsMemberProductCategoryRelationMapper
  Namespace resolve: com.macro.mall.mapper.UmsMemberRuleSettingMapper -> com.macro.mall.mapper.UmsMemberRuleSettingMapper
  Namespace resolve: com.macro.mall.mapper.UmsRoleMapper -> com.macro.mall.mapper.UmsRoleMapper
  Namespace resolve: com.macro.mall.mapper.SmsCouponProductRelationMapper -> com.macro.mall.mapper.SmsCouponProductRelationMapper
  Namespace resolve: com.macro.mall.mapper.SmsHomeNewProductMapper -> com.macro.mall.mapper.SmsHomeNewProductMapper
  Namespace resolve: com.macro.mall.mapper.OmsOrderMapper -> com.macro.mall.mapper.OmsOrderMapper
Extracted 552 sink metadata entries (deduplicated, before risk filtering)
Sources: 95 generated, 0 filtered, 0 deduplicated
Sinks: 552 generated (risky), 0 filtered (safe), 0 deduplicated
  Note: 'risky' means uses string concatenation ($), 'safe' means uses prepared statement (#)
Written taint config to: output/taint-config-generated.yml
  Sources: 95 (SRFA param) + framework call sources
  Sinks: 552 (SRFA) + common predefined sinks
  Transfers: standard set included
SRFA Analysis completed at: 2026-02-28 21:34:29 (Duration: 239ms)
srfaAnalysis finishes, elapsed time: 0.24s
pta starts ...
Loading taint config from /Users/yuntsy/My/Projects/Java/WebAnalyzer/output/taint-config-generated.yml
Cannot find source method '<org.springframework.security.core.context.SecurityContextHolder: org.springframework.security.core.context.SecurityContext getContext()>'
Cannot find source method '<org.springframework.security.core.context.SecurityContext: org.springframework.security.core.Authentication getAuthentication()>'
Cannot find source method '<org.springframework.security.core.Authentication: java.lang.Object getPrincipal()>'
Cannot find source method '<org.springframework.security.core.Authentication: java.lang.Object getDetails()>'
Cannot find source method '<org.springframework.security.core.Authentication: java.lang.String getName()>'
Cannot find source method '<org.springframework.security.core.Authentication: java.util.Collection getAuthorities()>'
Cannot find source method '<org.springframework.security.core.userdetails.UserDetails: java.lang.String getUsername()>'
Cannot find source method '<javax.servlet.http.HttpServletRequest: java.lang.String getParameter(java.lang.String)>'
Cannot find source method '<javax.servlet.http.HttpServletRequest: java.lang.Object getAttribute(java.lang.String)>'
Cannot find source method '<java.lang.InheritableThreadLocal: java.lang.Object get()>'
Cannot find sink method '<javax.persistence.EntityManager: javax.persistence.Query createQuery(java.lang.String)>'
Cannot find sink method '<javax.persistence.EntityManager: javax.persistence.Query createNativeQuery(java.lang.String)>'
Cannot find sink method '<javax.persistence.EntityManager: javax.persistence.Query createNativeQuery(java.lang.String,java.lang.Class)>'
Cannot find sink method '<org.hibernate.Session: org.hibernate.Query createQuery(java.lang.String)>'
Cannot find sink method '<org.hibernate.Session: org.hibernate.SQLQuery createSQLQuery(java.lang.String)>'
Cannot find sink method '<javax.servlet.ServletOutputStream: void write(byte[])>'
Cannot find sink method '<javax.servlet.jsp.JspWriter: void print(java.lang.String)>'
Cannot find sink method '<javax.servlet.jsp.JspWriter: void println(java.lang.String)>'
Cannot find sink method '<javax.servlet.jsp.JspWriter: void write(java.lang.String)>'
Cannot find sink method '<org.apache.http.client.HttpClient: org.apache.http.HttpResponse execute(org.apache.http.client.methods.HttpUriRequest)>'
Cannot find sink method '<org.springframework.web.client.RestTemplate: java.lang.Object getForObject(java.lang.String,java.lang.Class)>'
Cannot find sink method '<org.springframework.web.client.RestTemplate: org.springframework.http.ResponseEntity getForEntity(java.lang.String,java.lang.Class)>'
Cannot find sink method '<org.springframework.web.client.RestTemplate: java.lang.Object postForObject(java.lang.String,java.lang.Object,java.lang.Class)>'
Cannot find sink method '<org.springframework.web.client.RestTemplate: org.springframework.http.ResponseEntity exchange(java.lang.String,org.springframework.http.HttpMethod,org.springframework.http.HttpEntity,java.lang.Class)>'
Cannot find sink method '<org.springframework.ldap.core.LdapTemplate: java.util.List search(java.lang.String,java.lang.String,javax.naming.directory.SearchControls,org.springframework.ldap.core.AttributesMapper)>'
Cannot find sink method '<org.springframework.expression.ExpressionParser: org.springframework.expression.Expression parseExpression(java.lang.String)>'
Cannot find sink method '<org.springframework.expression.spel.standard.SpelExpressionParser: org.springframework.expression.Expression parseExpression(java.lang.String)>'
Cannot find sink method '<ognl.Ognl: java.lang.Object parseExpression(java.lang.String)>'
Cannot find sink method '<ognl.Ognl: java.lang.Object getValue(java.lang.String,java.lang.Object)>'
Cannot find sink method '<org.mvel2.MVEL: java.lang.Object eval(java.lang.String)>'
Cannot find sink method '<org.mvel2.MVEL: java.lang.Object eval(java.lang.String,java.lang.Object)>'
Cannot find sink method '<org.apache.commons.jexl3.JexlEngine: org.apache.commons.jexl3.JexlExpression createExpression(java.lang.String)>'
Cannot find sink method '<org.apache.commons.jexl3.JexlEngine: org.apache.commons.jexl3.JexlScript createScript(java.lang.String)>'
Cannot find sink method '<freemarker.template.Template: void <init>(java.lang.String,java.io.Reader)>'
Cannot find sink method '<org.apache.velocity.app.VelocityEngine: boolean evaluate(org.apache.velocity.context.Context,java.io.Writer,java.lang.String,java.lang.String)>'
Cannot find sink method '<com.alibaba.fastjson.JSON: java.lang.Object parse(java.lang.String)>'
Cannot find sink method '<com.alibaba.fastjson.JSON: java.lang.Object parseObject(java.lang.String)>'
Cannot find sink method '<com.alibaba.fastjson.JSON: java.lang.Object parseObject(java.lang.String,java.lang.Class)>'
Cannot find sink method '<com.fasterxml.jackson.databind.ObjectMapper: java.lang.Object readValue(java.lang.String,java.lang.Class)>'
Cannot find sink method '<org.yaml.snakeyaml.Yaml: java.lang.Object load(java.lang.String)>'
Cannot find sink method '<org.yaml.snakeyaml.Yaml: java.lang.Object load(java.io.InputStream)>'
Cannot find sink method '<org.apache.logging.log4j.Logger: void info(java.lang.String)>'
Cannot find sink method '<org.apache.logging.log4j.Logger: void warn(java.lang.String)>'
Cannot find sink method '<org.apache.logging.log4j.Logger: void error(java.lang.String)>'
Cannot find sink method '<org.apache.logging.log4j.Logger: void debug(java.lang.String)>'
Cannot find sink method '<org.apache.logging.log4j.Logger: void fatal(java.lang.String)>'
Cannot find sink method '<org.slf4j.Logger: void info(java.lang.String)>'
Cannot find sink method '<org.slf4j.Logger: void warn(java.lang.String)>'
Cannot find sink method '<org.slf4j.Logger: void error(java.lang.String)>'
Cannot find sink method '<org.slf4j.Logger: void debug(java.lang.String)>'
Cannot find sink method '<javax.servlet.http.HttpServletRequest: javax.servlet.RequestDispatcher getRequestDispatcher(java.lang.String)>'
Cannot find taint-transfer method '<java.util.LinkedHashMap: java.lang.Object put(java.lang.Object,java.lang.Object)>'
Cannot find taint-transfer method '<javax.servlet.http.HttpServletRequest: java.lang.String getParameter(java.lang.String)>'
Cannot find taint-transfer method '<javax.servlet.http.HttpServletRequest: java.lang.String[] getParameterValues(java.lang.String)>'
Cannot find taint-transfer method '<javax.servlet.http.HttpServletRequest: java.lang.String getRemoteAddr()>'
Cannot find taint-transfer method '<javax.servlet.http.HttpServletRequest: java.lang.Object getAttribute(java.lang.String)>'
Cannot find taint-transfer method '<org.springframework.security.core.context.SecurityContext: org.springframework.security.core.Authentication getAuthentication()>'
Cannot find taint-transfer method '<org.springframework.security.core.Authentication: java.lang.Object getPrincipal()>'
Cannot find taint-transfer method '<org.springframework.security.core.Authentication: java.lang.Object getDetails()>'
Cannot find taint-transfer method '<org.springframework.security.core.Authentication: java.lang.String getName()>'
Cannot find taint-transfer method '<org.springframework.security.core.Authentication: java.util.Collection getAuthorities()>'
Cannot find taint-transfer method '<org.springframework.security.core.userdetails.UserDetails: java.lang.String getUsername()>'
Cannot find taint-transfer method '<org.springframework.security.core.GrantedAuthority: java.lang.String getAuthority()>'
Cannot find taint-transfer method '<java.lang.InheritableThreadLocal: java.lang.Object get()>'
TaintConfig:
sources:
  - { kind: "param", method: "<com.macro.mall.portal.controller.UmsMemberCouponController: com.macro.mall.common.api.CommonResult add(java.lang.Long)>", index: "0", type: "java.lang.Long" }
  - { kind: "param", method: "<com.macro.mall.portal.controller.UmsMemberCouponController: com.macro.mall.common.api.CommonResult listHistory(java.lang.Integer)>", index: "0", type: "java.lang.Integer" }
  - { kind: "param", method: "<com.macro.mall.portal.controller.UmsMemberCouponController: com.macro.mall.common.api.CommonResult list(java.lang.Integer)>", index: "0", type: "java.lang.Integer" }
  - { kind: "param", method: "<com.macro.mall.portal.controller.UmsMemberCouponController: com.macro.mall.common.api.CommonResult listCart(java.lang.Integer)>", index: "0", type: "java.lang.Integer" }
  - { kind: "param", method: "<com.macro.mall.portal.controller.UmsMemberCouponController: com.macro.mall.common.api.CommonResult listByProduct(java.lang.Long)>", index: "0", type: "java.lang.Long" }
  - { kind: "param", method: "<com.macro.mall.portal.controller.HomeController: com.macro.mall.common.api.CommonResult recommendProductList(java.lang.Integer,java.lang.Integer)>", index: "0", type: "java.lang.Integer" }
  - { kind: "param", method: "<com.macro.mall.portal.controller.HomeController: com.macro.mall.common.api.CommonResult recommendProductList(java.lang.Integer,java.lang.Integer)>", index: "1", type: "java.lang.Integer" }
  - { kind: "param", method: "<com.macro.mall.portal.controller.HomeController: com.macro.mall.common.api.CommonResult getProductCateList(java.lang.Long)>", index: "0", type: "java.lang.Long" }
  - { kind: "param", method: "<com.macro.mall.portal.controller.HomeController: com.macro.mall.common.api.CommonResult getSubjectList(java.lang.Long,java.lang.Integer,java.lang.Integer)>", index: "0", type: "java.lang.Long" }
  - { kind: "param", method: "<com.macro.mall.portal.controller.HomeController: com.macro.mall.common.api.CommonResult getSubjectList(java.lang.Long,java.lang.Integer,java.lang.Integer)>", index: "1", type: "java.lang.Integer" }
  - { kind: "param", method: "<com.macro.mall.portal.controller.HomeController: com.macro.mall.common.api.CommonResult getSubjectList(java.lang.Long,java.lang.Integer,java.lang.Integer)>", index: "2", type: "java.lang.Integer" }
  - { kind: "param", method: "<com.macro.mall.portal.controller.HomeController: com.macro.mall.common.api.CommonResult hotProductList(java.lang.Integer,java.lang.Integer)>", index: "0", type: "java.lang.Integer" }
  - { kind: "param", method: "<com.macro.mall.portal.controller.HomeController: com.macro.mall.common.api.CommonResult hotProductList(java.lang.Integer,java.lang.Integer)>", index: "1", type: "java.lang.Integer" }
  - { kind: "param", method: "<com.macro.mall.portal.controller.HomeController: com.macro.mall.common.api.CommonResult newProductList(java.lang.Integer,java.lang.Integer)>", index: "0", type: "java.lang.Integer" }
  - { kind: "param", method: "<com.macro.mall.portal.controller.HomeController: com.macro.mall.common.api.CommonResult newProductList(java.lang.Integer,java.lang.Integer)>", index: "1", type: "java.lang.Integer" }
  - { kind: "param", method: "<com.macro.mall.portal.controller.OmsCartItemController: com.macro.mall.common.api.CommonResult add(com.macro.mall.model.OmsCartItem)>", index: "0", type: "com.macro.mall.model.OmsCartItem" }
  - { kind: "param", method: "<com.macro.mall.portal.controller.OmsCartItemController: com.macro.mall.common.api.CommonResult listPromotion(java.util.List)>", index: "0", type: "java.util.List" }
  - { kind: "param", method: "<com.macro.mall.portal.controller.OmsCartItemController: com.macro.mall.common.api.CommonResult updateQuantity(java.lang.Long,java.lang.Integer)>", index: "0", type: "java.lang.Long" }
  - { kind: "param", method: "<com.macro.mall.portal.controller.OmsCartItemController: com.macro.mall.common.api.CommonResult updateQuantity(java.lang.Long,java.lang.Integer)>", index: "1", type: "java.lang.Integer" }
  - { kind: "param", method: "<com.macro.mall.portal.controller.OmsCartItemController: com.macro.mall.common.api.CommonResult getCartProduct(java.lang.Long)>", index: "0", type: "java.lang.Long" }
  - { kind: "param", method: "<com.macro.mall.portal.controller.OmsCartItemController: com.macro.mall.common.api.CommonResult updateAttr(com.macro.mall.model.OmsCartItem)>", index: "0", type: "com.macro.mall.model.OmsCartItem" }
  - { kind: "param", method: "<com.macro.mall.portal.controller.OmsCartItemController: com.macro.mall.common.api.CommonResult delete(java.util.List)>", index: "0", type: "java.util.List" }
  - { kind: "param", method: "<com.macro.mall.portal.controller.PmsPortalProductController: com.macro.mall.common.api.CommonResult search(java.lang.String,java.lang.Long,java.lang.Long,java.lang.Integer,java.lang.Integer,java.lang.Integer)>", index: "0", type: "java.lang.String" }
  - { kind: "param", method: "<com.macro.mall.portal.controller.PmsPortalProductController: com.macro.mall.common.api.CommonResult search(java.lang.String,java.lang.Long,java.lang.Long,java.lang.Integer,java.lang.Integer,java.lang.Integer)>", index: "1", type: "java.lang.Long" }
  - { kind: "param", method: "<com.macro.mall.portal.controller.PmsPortalProductController: com.macro.mall.common.api.CommonResult search(java.lang.String,java.lang.Long,java.lang.Long,java.lang.Integer,java.lang.Integer,java.lang.Integer)>", index: "2", type: "java.lang.Long" }
  - { kind: "param", method: "<com.macro.mall.portal.controller.PmsPortalProductController: com.macro.mall.common.api.CommonResult search(java.lang.String,java.lang.Long,java.lang.Long,java.lang.Integer,java.lang.Integer,java.lang.Integer)>", index: "3", type: "java.lang.Integer" }
  - { kind: "param", method: "<com.macro.mall.portal.controller.PmsPortalProductController: com.macro.mall.common.api.CommonResult search(java.lang.String,java.lang.Long,java.lang.Long,java.lang.Integer,java.lang.Integer,java.lang.Integer)>", index: "4", type: "java.lang.Integer" }
  - { kind: "param", method: "<com.macro.mall.portal.controller.PmsPortalProductController: com.macro.mall.common.api.CommonResult search(java.lang.String,java.lang.Long,java.lang.Long,java.lang.Integer,java.lang.Integer,java.lang.Integer)>", index: "5", type: "java.lang.Integer" }
  - { kind: "param", method: "<com.macro.mall.portal.controller.PmsPortalProductController: com.macro.mall.common.api.CommonResult detail(java.lang.Long)>", index: "0", type: "java.lang.Long" }
  - { kind: "param", method: "<com.macro.mall.portal.controller.UmsMemberReceiveAddressController: com.macro.mall.common.api.CommonResult add(com.macro.mall.model.UmsMemberReceiveAddress)>", index: "0", type: "com.macro.mall.model.UmsMemberReceiveAddress" }
  - { kind: "param", method: "<com.macro.mall.portal.controller.UmsMemberReceiveAddressController: com.macro.mall.common.api.CommonResult delete(java.lang.Long)>", index: "0", type: "java.lang.Long" }
  - { kind: "param", method: "<com.macro.mall.portal.controller.UmsMemberReceiveAddressController: com.macro.mall.common.api.CommonResult update(java.lang.Long,com.macro.mall.model.UmsMemberReceiveAddress)>", index: "0", type: "java.lang.Long" }
  - { kind: "param", method: "<com.macro.mall.portal.controller.UmsMemberReceiveAddressController: com.macro.mall.common.api.CommonResult update(java.lang.Long,com.macro.mall.model.UmsMemberReceiveAddress)>", index: "1", type: "com.macro.mall.model.UmsMemberReceiveAddress" }
  - { kind: "param", method: "<com.macro.mall.portal.controller.UmsMemberReceiveAddressController: com.macro.mall.common.api.CommonResult getItem(java.lang.Long)>", index: "0", type: "java.lang.Long" }
  - { kind: "param", method: "<com.macro.mall.portal.controller.OmsPortalOrderReturnApplyController: com.macro.mall.common.api.CommonResult create(com.macro.mall.portal.domain.OmsOrderReturnApplyParam)>", index: "0", type: "com.macro.mall.portal.domain.OmsOrderReturnApplyParam" }
  - { kind: "param", method: "<com.macro.mall.portal.controller.PmsPortalBrandController: com.macro.mall.common.api.CommonResult recommendList(java.lang.Integer,java.lang.Integer)>", index: "0", type: "java.lang.Integer" }
  - { kind: "param", method: "<com.macro.mall.portal.controller.PmsPortalBrandController: com.macro.mall.common.api.CommonResult recommendList(java.lang.Integer,java.lang.Integer)>", index: "1", type: "java.lang.Integer" }
  - { kind: "param", method: "<com.macro.mall.portal.controller.PmsPortalBrandController: com.macro.mall.common.api.CommonResult detail(java.lang.Long)>", index: "0", type: "java.lang.Long" }
  - { kind: "param", method: "<com.macro.mall.portal.controller.PmsPortalBrandController: com.macro.mall.common.api.CommonResult productList(java.lang.Long,java.lang.Integer,java.lang.Integer)>", index: "0", type: "java.lang.Long" }
  - { kind: "param", method: "<com.macro.mall.portal.controller.PmsPortalBrandController: com.macro.mall.common.api.CommonResult productList(java.lang.Long,java.lang.Integer,java.lang.Integer)>", index: "1", type: "java.lang.Integer" }
  - { kind: "param", method: "<com.macro.mall.portal.controller.PmsPortalBrandController: com.macro.mall.common.api.CommonResult productList(java.lang.Long,java.lang.Integer,java.lang.Integer)>", index: "2", type: "java.lang.Integer" }
  - { kind: "param", method: "<com.macro.mall.portal.controller.OmsPortalOrderController: com.macro.mall.common.api.CommonResult generateConfirmOrder(java.util.List)>", index: "0", type: "java.util.List" }
  - { kind: "param", method: "<com.macro.mall.portal.controller.OmsPortalOrderController: com.macro.mall.common.api.CommonResult generateOrder(com.macro.mall.portal.domain.OrderParam)>", index: "0", type: "com.macro.mall.portal.domain.OrderParam" }
  - { kind: "param", method: "<com.macro.mall.portal.controller.OmsPortalOrderController: com.macro.mall.common.api.CommonResult paySuccess(java.lang.Long,java.lang.Integer)>", index: "0", type: "java.lang.Long" }
  - { kind: "param", method: "<com.macro.mall.portal.controller.OmsPortalOrderController: com.macro.mall.common.api.CommonResult paySuccess(java.lang.Long,java.lang.Integer)>", index: "1", type: "java.lang.Integer" }
  - { kind: "param", method: "<com.macro.mall.portal.controller.OmsPortalOrderController: com.macro.mall.common.api.CommonResult cancelOrder(java.lang.Long)>", index: "0", type: "java.lang.Long" }
  - { kind: "param", method: "<com.macro.mall.portal.controller.OmsPortalOrderController: com.macro.mall.common.api.CommonResult list(java.lang.Integer,java.lang.Integer,java.lang.Integer)>", index: "0", type: "java.lang.Integer" }
  - { kind: "param", method: "<com.macro.mall.portal.controller.OmsPortalOrderController: com.macro.mall.common.api.CommonResult list(java.lang.Integer,java.lang.Integer,java.lang.Integer)>", index: "1", type: "java.lang.Integer" }
  - { kind: "param", method: "<com.macro.mall.portal.controller.OmsPortalOrderController: com.macro.mall.common.api.CommonResult list(java.lang.Integer,java.lang.Integer,java.lang.Integer)>", index: "2", type: "java.lang.Integer" }
  - { kind: "param", method: "<com.macro.mall.portal.controller.OmsPortalOrderController: com.macro.mall.common.api.CommonResult detail(java.lang.Long)>", index: "0", type: "java.lang.Long" }
  - { kind: "param", method: "<com.macro.mall.portal.controller.OmsPortalOrderController: com.macro.mall.common.api.CommonResult cancelUserOrder(java.lang.Long)>", index: "0", type: "java.lang.Long" }
  - { kind: "param", method: "<com.macro.mall.portal.controller.OmsPortalOrderController: com.macro.mall.common.api.CommonResult confirmReceiveOrder(java.lang.Long)>", index: "0", type: "java.lang.Long" }
  - { kind: "param", method: "<com.macro.mall.portal.controller.OmsPortalOrderController: com.macro.mall.common.api.CommonResult deleteOrder(java.lang.Long)>", index: "0", type: "java.lang.Long" }
  - { kind: "param", method: "<com.macro.mall.portal.controller.UmsMemberController: com.macro.mall.common.api.CommonResult register(java.lang.String,java.lang.String,java.lang.String,java.lang.String)>", index: "0", type: "java.lang.String" }
  - { kind: "param", method: "<com.macro.mall.portal.controller.UmsMemberController: com.macro.mall.common.api.CommonResult register(java.lang.String,java.lang.String,java.lang.String,java.lang.String)>", index: "1", type: "java.lang.String" }
  - { kind: "param", method: "<com.macro.mall.portal.controller.UmsMemberController: com.macro.mall.common.api.CommonResult register(java.lang.String,java.lang.String,java.lang.String,java.lang.String)>", index: "2", type: "java.lang.String" }
  - { kind: "param", method: "<com.macro.mall.portal.controller.UmsMemberController: com.macro.mall.common.api.CommonResult register(java.lang.String,java.lang.String,java.lang.String,java.lang.String)>", index: "3", type: "java.lang.String" }
  - { kind: "param", method: "<com.macro.mall.portal.controller.UmsMemberController: com.macro.mall.common.api.CommonResult login(java.lang.String,java.lang.String)>", index: "0", type: "java.lang.String" }
  - { kind: "param", method: "<com.macro.mall.portal.controller.UmsMemberController: com.macro.mall.common.api.CommonResult login(java.lang.String,java.lang.String)>", index: "1", type: "java.lang.String" }
  - { kind: "param", method: "<com.macro.mall.portal.controller.UmsMemberController: com.macro.mall.common.api.CommonResult getAuthCode(java.lang.String)>", index: "0", type: "java.lang.String" }
  - { kind: "param", method: "<com.macro.mall.portal.controller.UmsMemberController: com.macro.mall.common.api.CommonResult updatePassword(java.lang.String,java.lang.String,java.lang.String)>", index: "0", type: "java.lang.String" }
  - { kind: "param", method: "<com.macro.mall.portal.controller.UmsMemberController: com.macro.mall.common.api.CommonResult updatePassword(java.lang.String,java.lang.String,java.lang.String)>", index: "1", type: "java.lang.String" }
  - { kind: "param", method: "<com.macro.mall.portal.controller.UmsMemberController: com.macro.mall.common.api.CommonResult updatePassword(java.lang.String,java.lang.String,java.lang.String)>", index: "2", type: "java.lang.String" }
  - { kind: "param", method: "<com.macro.mall.portal.controller.MemberProductCollectionController: com.macro.mall.common.api.CommonResult add(com.macro.mall.portal.domain.MemberProductCollection)>", index: "0", type: "com.macro.mall.portal.domain.MemberProductCollection" }
  - { kind: "param", method: "<com.macro.mall.portal.controller.MemberProductCollectionController: com.macro.mall.common.api.CommonResult delete(java.lang.Long)>", index: "0", type: "java.lang.Long" }
  - { kind: "param", method: "<com.macro.mall.portal.controller.MemberProductCollectionController: com.macro.mall.common.api.CommonResult list(java.lang.Integer,java.lang.Integer)>", index: "0", type: "java.lang.Integer" }
  - { kind: "param", method: "<com.macro.mall.portal.controller.MemberProductCollectionController: com.macro.mall.common.api.CommonResult list(java.lang.Integer,java.lang.Integer)>", index: "1", type: "java.lang.Integer" }
  - { kind: "param", method: "<com.macro.mall.portal.controller.MemberProductCollectionController: com.macro.mall.common.api.CommonResult detail(java.lang.Long)>", index: "0", type: "java.lang.Long" }
  - { kind: "param", method: "<com.macro.mall.portal.controller.MemberReadHistoryController: com.macro.mall.common.api.CommonResult create(com.macro.mall.portal.domain.MemberReadHistory)>", index: "0", type: "com.macro.mall.portal.domain.MemberReadHistory" }
  - { kind: "param", method: "<com.macro.mall.portal.controller.MemberReadHistoryController: com.macro.mall.common.api.CommonResult delete(java.util.List)>", index: "0", type: "java.util.List" }
  - { kind: "param", method: "<com.macro.mall.portal.controller.MemberReadHistoryController: com.macro.mall.common.api.CommonResult list(java.lang.Integer,java.lang.Integer)>", index: "0", type: "java.lang.Integer" }
  - { kind: "param", method: "<com.macro.mall.portal.controller.MemberReadHistoryController: com.macro.mall.common.api.CommonResult list(java.lang.Integer,java.lang.Integer)>", index: "1", type: "java.lang.Integer" }
  - { kind: "param", method: "<com.macro.mall.portal.controller.MemberAttentionController: com.macro.mall.common.api.CommonResult add(com.macro.mall.portal.domain.MemberBrandAttention)>", index: "0", type: "com.macro.mall.portal.domain.MemberBrandAttention" }
  - { kind: "param", method: "<com.macro.mall.portal.controller.MemberAttentionController: com.macro.mall.common.api.CommonResult delete(java.lang.Long)>", index: "0", type: "java.lang.Long" }
  - { kind: "param", method: "<com.macro.mall.portal.controller.MemberAttentionController: com.macro.mall.common.api.CommonResult list(java.lang.Integer,java.lang.Integer)>", index: "0", type: "java.lang.Integer" }
  - { kind: "param", method: "<com.macro.mall.portal.controller.MemberAttentionController: com.macro.mall.common.api.CommonResult list(java.lang.Integer,java.lang.Integer)>", index: "1", type: "java.lang.Integer" }
  - { kind: "param", method: "<com.macro.mall.portal.controller.MemberAttentionController: com.macro.mall.common.api.CommonResult detail(java.lang.Long)>", index: "0", type: "java.lang.Long" }
  - { kind: "param", method: "<com.macro.mall.portal.controller.AlipayController: void pay(com.macro.mall.portal.domain.AliPayParam,javax.servlet.http.HttpServletResponse)>", index: "0", type: "com.macro.mall.portal.domain.AliPayParam" }
  - { kind: "param", method: "<com.macro.mall.portal.controller.AlipayController: void webPay(com.macro.mall.portal.domain.AliPayParam,javax.servlet.http.HttpServletResponse)>", index: "0", type: "com.macro.mall.portal.domain.AliPayParam" }
  - { kind: "param", method: "<com.macro.mall.portal.controller.AlipayController: com.macro.mall.common.api.CommonResult query(java.lang.String,java.lang.String)>", index: "0", type: "java.lang.String" }
  - { kind: "param", method: "<com.macro.mall.portal.controller.AlipayController: com.macro.mall.common.api.CommonResult query(java.lang.String,java.lang.String)>", index: "1", type: "java.lang.String" }
  - { kind: "param", method: "<com.macro.mall.demo.controller.RestTemplateDemoController: java.lang.Object getForEntity(java.lang.Long)>", index: "0", type: "java.lang.Long" }
  - { kind: "param", method: "<com.macro.mall.demo.controller.RestTemplateDemoController: java.lang.Object getForEntity2(java.lang.Long)>", index: "0", type: "java.lang.Long" }
  - { kind: "param", method: "<com.macro.mall.demo.controller.RestTemplateDemoController: java.lang.Object getForEntity3(java.lang.Long)>", index: "0", type: "java.lang.Long" }
  - { kind: "param", method: "<com.macro.mall.demo.controller.RestTemplateDemoController: java.lang.Object getForObject(java.lang.Long)>", index: "0", type: "java.lang.Long" }
  - { kind: "param", method: "<com.macro.mall.demo.controller.RestTemplateDemoController: java.lang.Object postForEntity(com.macro.mall.model.PmsBrand)>", index: "0", type: "com.macro.mall.model.PmsBrand" }
  - { kind: "param", method: "<com.macro.mall.demo.controller.RestTemplateDemoController: java.lang.Object postForObject(com.macro.mall.model.PmsBrand)>", index: "0", type: "com.macro.mall.model.PmsBrand" }
  - { kind: "param", method: "<com.macro.mall.demo.controller.RestTemplateDemoController: java.lang.Object postForEntity3(java.lang.String)>", index: "0", type: "java.lang.String" }
  - { kind: "param", method: "<com.macro.mall.demo.controller.DemoController: com.macro.mall.common.api.CommonResult createBrand(com.macro.mall.demo.dto.PmsBrandDto)>", index: "0", type: "com.macro.mall.demo.dto.PmsBrandDto" }
  - { kind: "param", method: "<com.macro.mall.demo.controller.DemoController: com.macro.mall.common.api.CommonResult updateBrand(java.lang.Long,com.macro.mall.demo.dto.PmsBrandDto)>", index: "0", type: "java.lang.Long" }
  - { kind: "param", method: "<com.macro.mall.demo.controller.DemoController: com.macro.mall.common.api.CommonResult updateBrand(java.lang.Long,com.macro.mall.demo.dto.PmsBrandDto)>", index: "1", type: "com.macro.mall.demo.dto.PmsBrandDto" }
  - { kind: "param", method: "<com.macro.mall.demo.controller.DemoController: com.macro.mall.common.api.CommonResult deleteBrand(java.lang.Long)>", index: "0", type: "java.lang.Long" }
  - { kind: "param", method: "<com.macro.mall.demo.controller.DemoController: com.macro.mall.common.api.CommonResult listBrand(java.lang.Integer,java.lang.Integer)>", index: "0", type: "java.lang.Integer" }
  - { kind: "param", method: "<com.macro.mall.demo.controller.DemoController: com.macro.mall.common.api.CommonResult listBrand(java.lang.Integer,java.lang.Integer)>", index: "1", type: "java.lang.Integer" }
  - { kind: "param", method: "<com.macro.mall.demo.controller.DemoController: com.macro.mall.common.api.CommonResult brand(java.lang.Long)>", index: "0", type: "java.lang.Long" }
  - { kind: "call", method: "<org.apache.shiro.SecurityUtils: org.apache.shiro.subject.Subject getSubject()>", index: "result", type: "org.apache.shiro.subject.Subject" }
  - { kind: "call", method: "<org.apache.shiro.subject.Subject: java.lang.Object getPrincipal()>", index: "result", type: "java.lang.Object" }
  - { kind: "call", method: "<org.apache.shiro.subject.Subject: org.apache.shiro.subject.PrincipalCollection getPrincipals()>", index: "result", type: "org.apache.shiro.subject.PrincipalCollection" }
  - { kind: "call", method: "<org.apache.shiro.subject.PrincipalCollection: java.lang.Object getPrimaryPrincipal()>", index: "result", type: "java.lang.Object" }
  - { kind: "call", method: "<javax.servlet.http.HttpSession: java.lang.Object getAttribute(java.lang.String)>", index: "result", type: "java.lang.Object" }
  - { kind: "call", method: "<javax.servlet.http.HttpSession: java.lang.Object getValue(java.lang.String)>", index: "result", type: "java.lang.Object" }
  - { kind: "call", method: "<javax.servlet.http.HttpServletRequest: javax.servlet.http.HttpSession getSession()>", index: "result", type: "javax.servlet.http.HttpSession" }
  - { kind: "call", method: "<javax.servlet.http.HttpServletRequest: javax.servlet.http.HttpSession getSession(boolean)>", index: "result", type: "javax.servlet.http.HttpSession" }
  - { kind: "call", method: "<javax.servlet.http.HttpServletRequest: java.security.Principal getUserPrincipal()>", index: "result", type: "java.security.Principal" }
  - { kind: "call", method: "<java.security.Principal: java.lang.String getName()>", index: "result", type: "java.lang.String" }
  - { kind: "call", method: "<javax.servlet.ServletRequest: java.lang.Object getAttribute(java.lang.String)>", index: "result", type: "java.lang.Object" }
  - { kind: "call", method: "<java.lang.ThreadLocal: java.lang.Object get()>", index: "result", type: "java.lang.Object" }

sinks:
  - { method: "<com.macro.mall.portal.dao.PortalOrderDao: com.macro.mall.portal.domain.OmsOrderDetail getDetail(java.lang.Long)>", index: "0" }
  - { method: "<com.macro.mall.portal.dao.PortalOrderDao: java.util.List getTimeOutOrders(java.lang.Integer)>", index: "0" }
  - { method: "<com.macro.mall.portal.dao.PortalOrderDao: int updateSkuStock(java.util.List)>", index: "0" }
  - { method: "<com.macro.mall.portal.dao.PortalOrderDao: int releaseSkuStockLock(java.util.List)>", index: "0" }
  - { method: "<com.macro.mall.portal.dao.SmsCouponHistoryDao: java.util.List getDetailList(java.lang.Long)>", index: "0" }
  - { method: "<com.macro.mall.portal.dao.PortalOrderItemDao: int insertList(java.util.List)>", index: "0" }
  - { method: "<com.macro.mall.portal.dao.PortalProductDao: com.macro.mall.portal.domain.CartProduct getCartProduct(java.lang.Long)>", index: "0" }
  - { method: "<com.macro.mall.portal.dao.PortalProductDao: java.util.List getPromotionProductList(java.util.List)>", index: "0" }
  - { method: "<com.macro.mall.mapper.OmsCartItemMapper: java.util.List selectByExample(com.macro.mall.model.OmsCartItemExample)>", index: "0" }
  - { method: "<com.macro.mall.mapper.OmsCartItemMapper: com.macro.mall.model.OmsCartItem selectByPrimaryKey(java.lang.Long)>", index: "0" }
  - { method: "<com.macro.mall.mapper.OmsCartItemMapper: int deleteByPrimaryKey(java.lang.Long)>", index: "0" }
  - { method: "<com.macro.mall.mapper.OmsCartItemMapper: int updateByPrimaryKeySelective(com.macro.mall.model.OmsCartItem)>", index: "0" }
  - { method: "<com.macro.mall.mapper.OmsCartItemMapper: int updateByPrimaryKey(com.macro.mall.model.OmsCartItem)>", index: "0" }
  - { method: "<com.macro.mall.mapper.OmsCartItemMapper: int insert(com.macro.mall.model.OmsCartItem)>", index: "0" }
  - { method: "<com.macro.mall.mapper.OmsCartItemMapper: int insertSelective(com.macro.mall.model.OmsCartItem)>", index: "0" }
  - { method: "<com.macro.mall.mapper.SmsFlashPromotionSessionMapper: java.util.List selectByExample(com.macro.mall.model.SmsFlashPromotionSessionExample)>", index: "0" }
  - { method: "<com.macro.mall.mapper.SmsFlashPromotionSessionMapper: com.macro.mall.model.SmsFlashPromotionSession selectByPrimaryKey(java.lang.Long)>", index: "0" }
  - { method: "<com.macro.mall.mapper.SmsFlashPromotionSessionMapper: int deleteByPrimaryKey(java.lang.Long)>", index: "0" }
  - { method: "<com.macro.mall.mapper.SmsFlashPromotionSessionMapper: int updateByPrimaryKeySelective(com.macro.mall.model.SmsFlashPromotionSession)>", index: "0" }
  - { method: "<com.macro.mall.mapper.SmsFlashPromotionSessionMapper: int updateByPrimaryKey(com.macro.mall.model.SmsFlashPromotionSession)>", index: "0" }
  - { method: "<com.macro.mall.mapper.SmsFlashPromotionSessionMapper: int insert(com.macro.mall.model.SmsFlashPromotionSession)>", index: "0" }
  - { method: "<com.macro.mall.mapper.SmsFlashPromotionSessionMapper: int insertSelective(com.macro.mall.model.SmsFlashPromotionSession)>", index: "0" }
  - { method: "<com.macro.mall.mapper.CmsSubjectCommentMapper: java.util.List selectByExample(com.macro.mall.model.CmsSubjectCommentExample)>", index: "0" }
  - { method: "<com.macro.mall.mapper.CmsSubjectCommentMapper: com.macro.mall.model.CmsSubjectComment selectByPrimaryKey(java.lang.Long)>", index: "0" }
  - { method: "<com.macro.mall.mapper.CmsSubjectCommentMapper: int deleteByPrimaryKey(java.lang.Long)>", index: "0" }
  - { method: "<com.macro.mall.mapper.CmsSubjectCommentMapper: int updateByPrimaryKeySelective(com.macro.mall.model.CmsSubjectComment)>", index: "0" }
  - { method: "<com.macro.mall.mapper.CmsSubjectCommentMapper: int updateByPrimaryKey(com.macro.mall.model.CmsSubjectComment)>", index: "0" }
  - { method: "<com.macro.mall.mapper.CmsSubjectCommentMapper: int insert(com.macro.mall.model.CmsSubjectComment)>", index: "0" }
  - { method: "<com.macro.mall.mapper.CmsSubjectCommentMapper: int insertSelective(com.macro.mall.model.CmsSubjectComment)>", index: "0" }
  - { method: "<com.macro.mall.mapper.UmsMemberReceiveAddressMapper: java.util.List selectByExample(com.macro.mall.model.UmsMemberReceiveAddressExample)>", index: "0" }
  - { method: "<com.macro.mall.mapper.UmsMemberReceiveAddressMapper: com.macro.mall.model.UmsMemberReceiveAddress selectByPrimaryKey(java.lang.Long)>", index: "0" }
  - { method: "<com.macro.mall.mapper.UmsMemberReceiveAddressMapper: int deleteByPrimaryKey(java.lang.Long)>", index: "0" }
  - { method: "<com.macro.mall.mapper.UmsMemberReceiveAddressMapper: int updateByPrimaryKeySelective(com.macro.mall.model.UmsMemberReceiveAddress)>", index: "0" }
  - { method: "<com.macro.mall.mapper.UmsMemberReceiveAddressMapper: int updateByPrimaryKey(com.macro.mall.model.UmsMemberReceiveAddress)>", index: "0" }
  - { method: "<com.macro.mall.mapper.UmsMemberReceiveAddressMapper: int insert(com.macro.mall.model.UmsMemberReceiveAddress)>", index: "0" }
  - { method: "<com.macro.mall.mapper.UmsMemberReceiveAddressMapper: int insertSelective(com.macro.mall.model.UmsMemberReceiveAddress)>", index: "0" }
  - { method: "<com.macro.mall.mapper.PmsSkuStockMapper: java.util.List selectByExample(com.macro.mall.model.PmsSkuStockExample)>", index: "0" }
  - { method: "<com.macro.mall.mapper.PmsSkuStockMapper: com.macro.mall.model.PmsSkuStock selectByPrimaryKey(java.lang.Long)>", index: "0" }
  - { method: "<com.macro.mall.mapper.PmsSkuStockMapper: int deleteByPrimaryKey(java.lang.Long)>", index: "0" }
  - { method: "<com.macro.mall.mapper.PmsSkuStockMapper: int updateByPrimaryKeySelective(com.macro.mall.model.PmsSkuStock)>", index: "0" }
  - { method: "<com.macro.mall.mapper.PmsSkuStockMapper: int updateByPrimaryKey(com.macro.mall.model.PmsSkuStock)>", index: "0" }
  - { method: "<com.macro.mall.mapper.PmsSkuStockMapper: int insert(com.macro.mall.model.PmsSkuStock)>", index: "0" }
  - { method: "<com.macro.mall.mapper.PmsSkuStockMapper: int insertSelective(com.macro.mall.model.PmsSkuStock)>", index: "0" }
  - { method: "<com.macro.mall.mapper.PmsCommentReplayMapper: java.util.List selectByExample(com.macro.mall.model.PmsCommentReplayExample)>", index: "0" }
  - { method: "<com.macro.mall.mapper.PmsCommentReplayMapper: com.macro.mall.model.PmsCommentReplay selectByPrimaryKey(java.lang.Long)>", index: "0" }
  - { method: "<com.macro.mall.mapper.PmsCommentReplayMapper: int deleteByPrimaryKey(java.lang.Long)>", index: "0" }
  - { method: "<com.macro.mall.mapper.PmsCommentReplayMapper: int updateByPrimaryKeySelective(com.macro.mall.model.PmsCommentReplay)>", index: "0" }
  - { method: "<com.macro.mall.mapper.PmsCommentReplayMapper: int updateByPrimaryKey(com.macro.mall.model.PmsCommentReplay)>", index: "0" }
  - { method: "<com.macro.mall.mapper.PmsCommentReplayMapper: int insert(com.macro.mall.model.PmsCommentReplay)>", index: "0" }
  - { method: "<com.macro.mall.mapper.PmsCommentReplayMapper: int insertSelective(com.macro.mall.model.PmsCommentReplay)>", index: "0" }
  - { method: "<com.macro.mall.mapper.OmsOrderSettingMapper: java.util.List selectByExample(com.macro.mall.model.OmsOrderSettingExample)>", index: "0" }
  - { method: "<com.macro.mall.mapper.OmsOrderSettingMapper: com.macro.mall.model.OmsOrderSetting selectByPrimaryKey(java.lang.Long)>", index: "0" }
  - { method: "<com.macro.mall.mapper.OmsOrderSettingMapper: int deleteByPrimaryKey(java.lang.Long)>", index: "0" }
  - { method: "<com.macro.mall.mapper.OmsOrderSettingMapper: int updateByPrimaryKeySelective(com.macro.mall.model.OmsOrderSetting)>", index: "0" }
  - { method: "<com.macro.mall.mapper.OmsOrderSettingMapper: int updateByPrimaryKey(com.macro.mall.model.OmsOrderSetting)>", index: "0" }
  - { method: "<com.macro.mall.mapper.OmsOrderSettingMapper: int insert(com.macro.mall.model.OmsOrderSetting)>", index: "0" }
  - { method: "<com.macro.mall.mapper.OmsOrderSettingMapper: int insertSelective(com.macro.mall.model.OmsOrderSetting)>", index: "0" }
  - { method: "<com.macro.mall.mapper.UmsMemberStatisticsInfoMapper: java.util.List selectByExample(com.macro.mall.model.UmsMemberStatisticsInfoExample)>", index: "0" }
  - { method: "<com.macro.mall.mapper.UmsMemberStatisticsInfoMapper: com.macro.mall.model.UmsMemberStatisticsInfo selectByPrimaryKey(java.lang.Long)>", index: "0" }
  - { method: "<com.macro.mall.mapper.UmsMemberStatisticsInfoMapper: int deleteByPrimaryKey(java.lang.Long)>", index: "0" }
  - { method: "<com.macro.mall.mapper.UmsMemberStatisticsInfoMapper: int updateByPrimaryKeySelective(com.macro.mall.model.UmsMemberStatisticsInfo)>", index: "0" }
  - { method: "<com.macro.mall.mapper.UmsMemberStatisticsInfoMapper: int updateByPrimaryKey(com.macro.mall.model.UmsMemberStatisticsInfo)>", index: "0" }
  - { method: "<com.macro.mall.mapper.UmsMemberStatisticsInfoMapper: int insert(com.macro.mall.model.UmsMemberStatisticsInfo)>", index: "0" }
  - { method: "<com.macro.mall.mapper.UmsMemberStatisticsInfoMapper: int insertSelective(com.macro.mall.model.UmsMemberStatisticsInfo)>", index: "0" }
  - { method: "<com.macro.mall.mapper.UmsGrowthChangeHistoryMapper: java.util.List selectByExample(com.macro.mall.model.UmsGrowthChangeHistoryExample)>", index: "0" }
  - { method: "<com.macro.mall.mapper.UmsGrowthChangeHistoryMapper: com.macro.mall.model.UmsGrowthChangeHistory selectByPrimaryKey(java.lang.Long)>", index: "0" }
  - { method: "<com.macro.mall.mapper.UmsGrowthChangeHistoryMapper: int deleteByPrimaryKey(java.lang.Long)>", index: "0" }
  - { method: "<com.macro.mall.mapper.UmsGrowthChangeHistoryMapper: int updateByPrimaryKeySelective(com.macro.mall.model.UmsGrowthChangeHistory)>", index: "0" }
  - { method: "<com.macro.mall.mapper.UmsGrowthChangeHistoryMapper: int updateByPrimaryKey(com.macro.mall.model.UmsGrowthChangeHistory)>", index: "0" }
  - { method: "<com.macro.mall.mapper.UmsGrowthChangeHistoryMapper: int insert(com.macro.mall.model.UmsGrowthChangeHistory)>", index: "0" }
  - { method: "<com.macro.mall.mapper.UmsGrowthChangeHistoryMapper: int insertSelective(com.macro.mall.model.UmsGrowthChangeHistory)>", index: "0" }
  - { method: "<com.macro.mall.mapper.UmsAdminRoleRelationMapper: java.util.List selectByExample(com.macro.mall.model.UmsAdminRoleRelationExample)>", index: "0" }
  - { method: "<com.macro.mall.mapper.UmsAdminRoleRelationMapper: com.macro.mall.model.UmsAdminRoleRelation selectByPrimaryKey(java.lang.Long)>", index: "0" }
  - { method: "<com.macro.mall.mapper.UmsAdminRoleRelationMapper: int deleteByPrimaryKey(java.lang.Long)>", index: "0" }
  - { method: "<com.macro.mall.mapper.UmsAdminRoleRelationMapper: int updateByPrimaryKeySelective(com.macro.mall.model.UmsAdminRoleRelation)>", index: "0" }
  - { method: "<com.macro.mall.mapper.UmsAdminRoleRelationMapper: int updateByPrimaryKey(com.macro.mall.model.UmsAdminRoleRelation)>", index: "0" }
  - { method: "<com.macro.mall.mapper.UmsAdminRoleRelationMapper: int insert(com.macro.mall.model.UmsAdminRoleRelation)>", index: "0" }
  - { method: "<com.macro.mall.mapper.UmsAdminRoleRelationMapper: int insertSelective(com.macro.mall.model.UmsAdminRoleRelation)>", index: "0" }
  - { method: "<com.macro.mall.mapper.CmsTopicCategoryMapper: java.util.List selectByExample(com.macro.mall.model.CmsTopicCategoryExample)>", index: "0" }
  - { method: "<com.macro.mall.mapper.CmsTopicCategoryMapper: com.macro.mall.model.CmsTopicCategory selectByPrimaryKey(java.lang.Long)>", index: "0" }
  - { method: "<com.macro.mall.mapper.CmsTopicCategoryMapper: int deleteByPrimaryKey(java.lang.Long)>", index: "0" }
  - { method: "<com.macro.mall.mapper.CmsTopicCategoryMapper: int updateByPrimaryKeySelective(com.macro.mall.model.CmsTopicCategory)>", index: "0" }
  - { method: "<com.macro.mall.mapper.CmsTopicCategoryMapper: int updateByPrimaryKey(com.macro.mall.model.CmsTopicCategory)>", index: "0" }
  - { method: "<com.macro.mall.mapper.CmsTopicCategoryMapper: int insert(com.macro.mall.model.CmsTopicCategory)>", index: "0" }
  - { method: "<com.macro.mall.mapper.CmsTopicCategoryMapper: int insertSelective(com.macro.mall.model.CmsTopicCategory)>", index: "0" }
  - { method: "<com.macro.mall.mapper.PmsCommentMapper: java.util.List selectByExampleWithBLOBs(com.macro.mall.model.PmsCommentExample)>", index: "0" }
  - { method: "<com.macro.mall.mapper.PmsCommentMapper: java.util.List selectByExample(com.macro.mall.model.PmsCommentExample)>", index: "0" }
  - { method: "<com.macro.mall.mapper.PmsCommentMapper: com.macro.mall.model.PmsComment selectByPrimaryKey(java.lang.Long)>", index: "0" }
  - { method: "<com.macro.mall.mapper.PmsCommentMapper: int deleteByPrimaryKey(java.lang.Long)>", index: "0" }
  - { method: "<com.macro.mall.mapper.PmsCommentMapper: int updateByPrimaryKeySelective(com.macro.mall.model.PmsComment)>", index: "0" }
  - { method: "<com.macro.mall.mapper.PmsCommentMapper: int updateByPrimaryKeyWithBLOBs(com.macro.mall.model.PmsComment)>", index: "0" }
  - { method: "<com.macro.mall.mapper.PmsCommentMapper: int updateByPrimaryKey(com.macro.mall.model.PmsComment)>", index: "0" }
  - { method: "<com.macro.mall.mapper.PmsCommentMapper: int insert(com.macro.mall.model.PmsComment)>", index: "0" }
  - { method: "<com.macro.mall.mapper.PmsCommentMapper: int insertSelective(com.macro.mall.model.PmsComment)>", index: "0" }
  - { method: "<com.macro.mall.mapper.UmsMemberMapper: java.util.List selectByExample(com.macro.mall.model.UmsMemberExample)>", index: "0" }
  - { method: "<com.macro.mall.mapper.UmsMemberMapper: com.macro.mall.model.UmsMember selectByPrimaryKey(java.lang.Long)>", index: "0" }
  - { method: "<com.macro.mall.mapper.UmsMemberMapper: int deleteByPrimaryKey(java.lang.Long)>", index: "0" }
  - { method: "<com.macro.mall.mapper.UmsMemberMapper: int updateByPrimaryKeySelective(com.macro.mall.model.UmsMember)>", index: "0" }
  - { method: "<com.macro.mall.mapper.UmsMemberMapper: int updateByPrimaryKey(com.macro.mall.model.UmsMember)>", index: "0" }
  - { method: "<com.macro.mall.mapper.UmsMemberMapper: int insert(com.macro.mall.model.UmsMember)>", index: "0" }
  - { method: "<com.macro.mall.mapper.UmsMemberMapper: int insertSelective(com.macro.mall.model.UmsMember)>", index: "0" }
  - { method: "<com.macro.mall.mapper.PmsProductAttributeValueMapper: java.util.List selectByExample(com.macro.mall.model.PmsProductAttributeValueExample)>", index: "0" }
  - { method: "<com.macro.mall.mapper.PmsProductAttributeValueMapper: com.macro.mall.model.PmsProductAttributeValue selectByPrimaryKey(java.lang.Long)>", index: "0" }
  - { method: "<com.macro.mall.mapper.PmsProductAttributeValueMapper: int deleteByPrimaryKey(java.lang.Long)>", index: "0" }
  - { method: "<com.macro.mall.mapper.PmsProductAttributeValueMapper: int updateByPrimaryKeySelective(com.macro.mall.model.PmsProductAttributeValue)>", index: "0" }
  - { method: "<com.macro.mall.mapper.PmsProductAttributeValueMapper: int updateByPrimaryKey(com.macro.mall.model.PmsProductAttributeValue)>", index: "0" }
  - { method: "<com.macro.mall.mapper.PmsProductAttributeValueMapper: int insert(com.macro.mall.model.PmsProductAttributeValue)>", index: "0" }
  - { method: "<com.macro.mall.mapper.PmsProductAttributeValueMapper: int insertSelective(com.macro.mall.model.PmsProductAttributeValue)>", index: "0" }
  - { method: "<com.macro.mall.mapper.CmsSubjectMapper: java.util.List selectByExampleWithBLOBs(com.macro.mall.model.CmsSubjectExample)>", index: "0" }
  - { method: "<com.macro.mall.mapper.CmsSubjectMapper: java.util.List selectByExample(com.macro.mall.model.CmsSubjectExample)>", index: "0" }
  - { method: "<com.macro.mall.mapper.CmsSubjectMapper: com.macro.mall.model.CmsSubject selectByPrimaryKey(java.lang.Long)>", index: "0" }
  - { method: "<com.macro.mall.mapper.CmsSubjectMapper: int deleteByPrimaryKey(java.lang.Long)>", index: "0" }
  - { method: "<com.macro.mall.mapper.CmsSubjectMapper: int updateByPrimaryKeySelective(com.macro.mall.model.CmsSubject)>", index: "0" }
  - { method: "<com.macro.mall.mapper.CmsSubjectMapper: int updateByPrimaryKeyWithBLOBs(com.macro.mall.model.CmsSubject)>", index: "0" }
  - { method: "<com.macro.mall.mapper.CmsSubjectMapper: int updateByPrimaryKey(com.macro.mall.model.CmsSubject)>", index: "0" }
  - { method: "<com.macro.mall.mapper.CmsSubjectMapper: int insert(com.macro.mall.model.CmsSubject)>", index: "0" }
  - { method: "<com.macro.mall.mapper.CmsSubjectMapper: int insertSelective(com.macro.mall.model.CmsSubject)>", index: "0" }
  - { method: "<com.macro.mall.mapper.CmsSubjectCategoryMapper: java.util.List selectByExample(com.macro.mall.model.CmsSubjectCategoryExample)>", index: "0" }
  - { method: "<com.macro.mall.mapper.CmsSubjectCategoryMapper: com.macro.mall.model.CmsSubjectCategory selectByPrimaryKey(java.lang.Long)>", index: "0" }
  - { method: "<com.macro.mall.mapper.CmsSubjectCategoryMapper: int deleteByPrimaryKey(java.lang.Long)>", index: "0" }
  - { method: "<com.macro.mall.mapper.CmsSubjectCategoryMapper: int updateByPrimaryKeySelective(com.macro.mall.model.CmsSubjectCategory)>", index: "0" }
  - { method: "<com.macro.mall.mapper.CmsSubjectCategoryMapper: int updateByPrimaryKey(com.macro.mall.model.CmsSubjectCategory)>", index: "0" }
  - { method: "<com.macro.mall.mapper.CmsSubjectCategoryMapper: int insert(com.macro.mall.model.CmsSubjectCategory)>", index: "0" }
  - { method: "<com.macro.mall.mapper.CmsSubjectCategoryMapper: int insertSelective(com.macro.mall.model.CmsSubjectCategory)>", index: "0" }
  - { method: "<com.macro.mall.mapper.UmsMenuMapper: java.util.List selectByExample(com.macro.mall.model.UmsMenuExample)>", index: "0" }
  - { method: "<com.macro.mall.mapper.UmsMenuMapper: com.macro.mall.model.UmsMenu selectByPrimaryKey(java.lang.Long)>", index: "0" }
  - { method: "<com.macro.mall.mapper.UmsMenuMapper: int deleteByPrimaryKey(java.lang.Long)>", index: "0" }
  - { method: "<com.macro.mall.mapper.UmsMenuMapper: int updateByPrimaryKeySelective(com.macro.mall.model.UmsMenu)>", index: "0" }
  - { method: "<com.macro.mall.mapper.UmsMenuMapper: int updateByPrimaryKey(com.macro.mall.model.UmsMenu)>", index: "0" }
  - { method: "<com.macro.mall.mapper.UmsMenuMapper: int insert(com.macro.mall.model.UmsMenu)>", index: "0" }
  - { method: "<com.macro.mall.mapper.UmsMenuMapper: int insertSelective(com.macro.mall.model.UmsMenu)>", index: "0" }
  - { method: "<com.macro.mall.mapper.UmsMemberLevelMapper: java.util.List selectByExample(com.macro.mall.model.UmsMemberLevelExample)>", index: "0" }
  - { method: "<com.macro.mall.mapper.UmsMemberLevelMapper: com.macro.mall.model.UmsMemberLevel selectByPrimaryKey(java.lang.Long)>", index: "0" }
  - { method: "<com.macro.mall.mapper.UmsMemberLevelMapper: int deleteByPrimaryKey(java.lang.Long)>", index: "0" }
  - { method: "<com.macro.mall.mapper.UmsMemberLevelMapper: int updateByPrimaryKeySelective(com.macro.mall.model.UmsMemberLevel)>", index: "0" }
  - { method: "<com.macro.mall.mapper.UmsMemberLevelMapper: int updateByPrimaryKey(com.macro.mall.model.UmsMemberLevel)>", index: "0" }
  - { method: "<com.macro.mall.mapper.UmsMemberLevelMapper: int insert(com.macro.mall.model.UmsMemberLevel)>", index: "0" }
  - { method: "<com.macro.mall.mapper.UmsMemberLevelMapper: int insertSelective(com.macro.mall.model.UmsMemberLevel)>", index: "0" }
  - { method: "<com.macro.mall.mapper.UmsIntegrationChangeHistoryMapper: java.util.List selectByExample(com.macro.mall.model.UmsIntegrationChangeHistoryExample)>", index: "0" }
  - { method: "<com.macro.mall.mapper.UmsIntegrationChangeHistoryMapper: com.macro.mall.model.UmsIntegrationChangeHistory selectByPrimaryKey(java.lang.Long)>", index: "0" }
  - { method: "<com.macro.mall.mapper.UmsIntegrationChangeHistoryMapper: int deleteByPrimaryKey(java.lang.Long)>", index: "0" }
  - { method: "<com.macro.mall.mapper.UmsIntegrationChangeHistoryMapper: int updateByPrimaryKeySelective(com.macro.mall.model.UmsIntegrationChangeHistory)>", index: "0" }
  - { method: "<com.macro.mall.mapper.UmsIntegrationChangeHistoryMapper: int updateByPrimaryKey(com.macro.mall.model.UmsIntegrationChangeHistory)>", index: "0" }
  - { method: "<com.macro.mall.mapper.UmsIntegrationChangeHistoryMapper: int insert(com.macro.mall.model.UmsIntegrationChangeHistory)>", index: "0" }
  - { method: "<com.macro.mall.mapper.UmsIntegrationChangeHistoryMapper: int insertSelective(com.macro.mall.model.UmsIntegrationChangeHistory)>", index: "0" }
  - { method: "<com.macro.mall.mapper.UmsMemberTagMapper: java.util.List selectByExample(com.macro.mall.model.UmsMemberTagExample)>", index: "0" }
  - { method: "<com.macro.mall.mapper.UmsMemberTagMapper: com.macro.mall.model.UmsMemberTag selectByPrimaryKey(java.lang.Long)>", index: "0" }
  - { method: "<com.macro.mall.mapper.UmsMemberTagMapper: int deleteByPrimaryKey(java.lang.Long)>", index: "0" }
  - { method: "<com.macro.mall.mapper.UmsMemberTagMapper: int updateByPrimaryKeySelective(com.macro.mall.model.UmsMemberTag)>", index: "0" }
  - { method: "<com.macro.mall.mapper.UmsMemberTagMapper: int updateByPrimaryKey(com.macro.mall.model.UmsMemberTag)>", index: "0" }
  - { method: "<com.macro.mall.mapper.UmsMemberTagMapper: int insert(com.macro.mall.model.UmsMemberTag)>", index: "0" }
  - { method: "<com.macro.mall.mapper.UmsMemberTagMapper: int insertSelective(com.macro.mall.model.UmsMemberTag)>", index: "0" }
  - { method: "<com.macro.mall.mapper.PmsProductCategoryMapper: java.util.List selectByExampleWithBLOBs(com.macro.mall.model.PmsProductCategoryExample)>", index: "0" }
  - { method: "<com.macro.mall.mapper.PmsProductCategoryMapper: java.util.List selectByExample(com.macro.mall.model.PmsProductCategoryExample)>", index: "0" }
  - { method: "<com.macro.mall.mapper.PmsProductCategoryMapper: com.macro.mall.model.PmsProductCategory selectByPrimaryKey(java.lang.Long)>", index: "0" }
  - { method: "<com.macro.mall.mapper.PmsProductCategoryMapper: int deleteByPrimaryKey(java.lang.Long)>", index: "0" }
  - { method: "<com.macro.mall.mapper.PmsProductCategoryMapper: int updateByPrimaryKeySelective(com.macro.mall.model.PmsProductCategory)>", index: "0" }
  - { method: "<com.macro.mall.mapper.PmsProductCategoryMapper: int updateByPrimaryKeyWithBLOBs(com.macro.mall.model.PmsProductCategory)>", index: "0" }
  - { method: "<com.macro.mall.mapper.PmsProductCategoryMapper: int updateByPrimaryKey(com.macro.mall.model.PmsProductCategory)>", index: "0" }
  - { method: "<com.macro.mall.mapper.PmsProductCategoryMapper: int insert(com.macro.mall.model.PmsProductCategory)>", index: "0" }
  - { method: "<com.macro.mall.mapper.PmsProductCategoryMapper: int insertSelective(com.macro.mall.model.PmsProductCategory)>", index: "0" }
  - { method: "<com.macro.mall.mapper.UmsResourceMapper: java.util.List selectByExample(com.macro.mall.model.UmsResourceExample)>", index: "0" }
  - { method: "<com.macro.mall.mapper.UmsResourceMapper: com.macro.mall.model.UmsResource selectByPrimaryKey(java.lang.Long)>", index: "0" }
  - { method: "<com.macro.mall.mapper.UmsResourceMapper: int deleteByPrimaryKey(java.lang.Long)>", index: "0" }
  - { method: "<com.macro.mall.mapper.UmsResourceMapper: int updateByPrimaryKeySelective(com.macro.mall.model.UmsResource)>", index: "0" }
  - { method: "<com.macro.mall.mapper.UmsResourceMapper: int updateByPrimaryKey(com.macro.mall.model.UmsResource)>", index: "0" }
  - { method: "<com.macro.mall.mapper.UmsResourceMapper: int insert(com.macro.mall.model.UmsResource)>", index: "0" }
  - { method: "<com.macro.mall.mapper.UmsResourceMapper: int insertSelective(com.macro.mall.model.UmsResource)>", index: "0" }
  - { method: "<com.macro.mall.mapper.PmsAlbumPicMapper: java.util.List selectByExample(com.macro.mall.model.PmsAlbumPicExample)>", index: "0" }
  - { method: "<com.macro.mall.mapper.PmsAlbumPicMapper: com.macro.mall.model.PmsAlbumPic selectByPrimaryKey(java.lang.Long)>", index: "0" }
  - { method: "<com.macro.mall.mapper.PmsAlbumPicMapper: int deleteByPrimaryKey(java.lang.Long)>", index: "0" }
  - { method: "<com.macro.mall.mapper.PmsAlbumPicMapper: int updateByPrimaryKeySelective(com.macro.mall.model.PmsAlbumPic)>", index: "0" }
  - { method: "<com.macro.mall.mapper.PmsAlbumPicMapper: int updateByPrimaryKey(com.macro.mall.model.PmsAlbumPic)>", index: "0" }
  - { method: "<com.macro.mall.mapper.PmsAlbumPicMapper: int insert(com.macro.mall.model.PmsAlbumPic)>", index: "0" }
  - { method: "<com.macro.mall.mapper.PmsAlbumPicMapper: int insertSelective(com.macro.mall.model.PmsAlbumPic)>", index: "0" }
  - { method: "<com.macro.mall.mapper.OmsOrderReturnReasonMapper: java.util.List selectByExample(com.macro.mall.model.OmsOrderReturnReasonExample)>", index: "0" }
  - { method: "<com.macro.mall.mapper.OmsOrderReturnReasonMapper: com.macro.mall.model.OmsOrderReturnReason selectByPrimaryKey(java.lang.Long)>", index: "0" }
  - { method: "<com.macro.mall.mapper.OmsOrderReturnReasonMapper: int deleteByPrimaryKey(java.lang.Long)>", index: "0" }
  - { method: "<com.macro.mall.mapper.OmsOrderReturnReasonMapper: int updateByPrimaryKeySelective(com.macro.mall.model.OmsOrderReturnReason)>", index: "0" }
  - { method: "<com.macro.mall.mapper.OmsOrderReturnReasonMapper: int updateByPrimaryKey(com.macro.mall.model.OmsOrderReturnReason)>", index: "0" }
  - { method: "<com.macro.mall.mapper.OmsOrderReturnReasonMapper: int insert(com.macro.mall.model.OmsOrderReturnReason)>", index: "0" }
  - { method: "<com.macro.mall.mapper.OmsOrderReturnReasonMapper: int insertSelective(com.macro.mall.model.OmsOrderReturnReason)>", index: "0" }
  - { method: "<com.macro.mall.mapper.UmsMemberTaskMapper: java.util.List selectByExample(com.macro.mall.model.UmsMemberTaskExample)>", index: "0" }
  - { method: "<com.macro.mall.mapper.UmsMemberTaskMapper: com.macro.mall.model.UmsMemberTask selectByPrimaryKey(java.lang.Long)>", index: "0" }
  - { method: "<com.macro.mall.mapper.UmsMemberTaskMapper: int deleteByPrimaryKey(java.lang.Long)>", index: "0" }
  - { method: "<com.macro.mall.mapper.UmsMemberTaskMapper: int updateByPrimaryKeySelective(com.macro.mall.model.UmsMemberTask)>", index: "0" }
  - { method: "<com.macro.mall.mapper.UmsMemberTaskMapper: int updateByPrimaryKey(com.macro.mall.model.UmsMemberTask)>", index: "0" }
  - { method: "<com.macro.mall.mapper.UmsMemberTaskMapper: int insert(com.macro.mall.model.UmsMemberTask)>", index: "0" }
  - { method: "<com.macro.mall.mapper.UmsMemberTaskMapper: int insertSelective(com.macro.mall.model.UmsMemberTask)>", index: "0" }
  - { method: "<com.macro.mall.mapper.SmsCouponMapper: java.util.List selectByExample(com.macro.mall.model.SmsCouponExample)>", index: "0" }
  - { method: "<com.macro.mall.mapper.SmsCouponMapper: com.macro.mall.model.SmsCoupon selectByPrimaryKey(java.lang.Long)>", index: "0" }
  - { method: "<com.macro.mall.mapper.SmsCouponMapper: int deleteByPrimaryKey(java.lang.Long)>", index: "0" }
  - { method: "<com.macro.mall.mapper.SmsCouponMapper: int updateByPrimaryKeySelective(com.macro.mall.model.SmsCoupon)>", index: "0" }
  - { method: "<com.macro.mall.mapper.SmsCouponMapper: int updateByPrimaryKey(com.macro.mall.model.SmsCoupon)>", index: "0" }
  - { method: "<com.macro.mall.mapper.SmsCouponMapper: int insert(com.macro.mall.model.SmsCoupon)>", index: "0" }
  - { method: "<com.macro.mall.mapper.SmsCouponMapper: int insertSelective(com.macro.mall.model.SmsCoupon)>", index: "0" }
  - { method: "<com.macro.mall.mapper.CmsTopicMapper: java.util.List selectByExampleWithBLOBs(com.macro.mall.model.CmsTopicExample)>", index: "0" }
  - { method: "<com.macro.mall.mapper.CmsTopicMapper: java.util.List selectByExample(com.macro.mall.model.CmsTopicExample)>", index: "0" }
  - { method: "<com.macro.mall.mapper.CmsTopicMapper: com.macro.mall.model.CmsTopic selectByPrimaryKey(java.lang.Long)>", index: "0" }
  - { method: "<com.macro.mall.mapper.CmsTopicMapper: int deleteByPrimaryKey(java.lang.Long)>", index: "0" }
  - { method: "<com.macro.mall.mapper.CmsTopicMapper: int updateByPrimaryKeySelective(com.macro.mall.model.CmsTopic)>", index: "0" }
  - { method: "<com.macro.mall.mapper.CmsTopicMapper: int updateByPrimaryKeyWithBLOBs(com.macro.mall.model.CmsTopic)>", index: "0" }
  - { method: "<com.macro.mall.mapper.CmsTopicMapper: int updateByPrimaryKey(com.macro.mall.model.CmsTopic)>", index: "0" }
  - { method: "<com.macro.mall.mapper.CmsTopicMapper: int insert(com.macro.mall.model.CmsTopic)>", index: "0" }
  - { method: "<com.macro.mall.mapper.CmsTopicMapper: int insertSelective(com.macro.mall.model.CmsTopic)>", index: "0" }
  - { method: "<com.macro.mall.mapper.UmsAdminMapper: java.util.List selectByExample(com.macro.mall.model.UmsAdminExample)>", index: "0" }
  - { method: "<com.macro.mall.mapper.UmsAdminMapper: com.macro.mall.model.UmsAdmin selectByPrimaryKey(java.lang.Long)>", index: "0" }
  - { method: "<com.macro.mall.mapper.UmsAdminMapper: int deleteByPrimaryKey(java.lang.Long)>", index: "0" }
  - { method: "<com.macro.mall.mapper.UmsAdminMapper: int updateByPrimaryKeySelective(com.macro.mall.model.UmsAdmin)>", index: "0" }
  - { method: "<com.macro.mall.mapper.UmsAdminMapper: int updateByPrimaryKey(com.macro.mall.model.UmsAdmin)>", index: "0" }
  - { method: "<com.macro.mall.mapper.UmsAdminMapper: int insert(com.macro.mall.model.UmsAdmin)>", index: "0" }
  - { method: "<com.macro.mall.mapper.UmsAdminMapper: int insertSelective(com.macro.mall.model.UmsAdmin)>", index: "0" }
  - { method: "<com.macro.mall.mapper.SmsHomeBrandMapper: java.util.List selectByExample(com.macro.mall.model.SmsHomeBrandExample)>", index: "0" }
  - { method: "<com.macro.mall.mapper.SmsHomeBrandMapper: com.macro.mall.model.SmsHomeBrand selectByPrimaryKey(java.lang.Long)>", index: "0" }
  - { method: "<com.macro.mall.mapper.SmsHomeBrandMapper: int deleteByPrimaryKey(java.lang.Long)>", index: "0" }
  - { method: "<com.macro.mall.mapper.SmsHomeBrandMapper: int updateByPrimaryKeySelective(com.macro.mall.model.SmsHomeBrand)>", index: "0" }
  - { method: "<com.macro.mall.mapper.SmsHomeBrandMapper: int updateByPrimaryKey(com.macro.mall.model.SmsHomeBrand)>", index: "0" }
  - { method: "<com.macro.mall.mapper.SmsHomeBrandMapper: int insert(com.macro.mall.model.SmsHomeBrand)>", index: "0" }
  - { method: "<com.macro.mall.mapper.SmsHomeBrandMapper: int insertSelective(com.macro.mall.model.SmsHomeBrand)>", index: "0" }
  - { method: "<com.macro.mall.mapper.PmsProductFullReductionMapper: java.util.List selectByExample(com.macro.mall.model.PmsProductFullReductionExample)>", index: "0" }
  - { method: "<com.macro.mall.mapper.PmsProductFullReductionMapper: com.macro.mall.model.PmsProductFullReduction selectByPrimaryKey(java.lang.Long)>", index: "0" }
  - { method: "<com.macro.mall.mapper.PmsProductFullReductionMapper: int deleteByPrimaryKey(java.lang.Long)>", index: "0" }
  - { method: "<com.macro.mall.mapper.PmsProductFullReductionMapper: int updateByPrimaryKeySelective(com.macro.mall.model.PmsProductFullReduction)>", index: "0" }
  - { method: "<com.macro.mall.mapper.PmsProductFullReductionMapper: int updateByPrimaryKey(com.macro.mall.model.PmsProductFullReduction)>", index: "0" }
  - { method: "<com.macro.mall.mapper.PmsProductFullReductionMapper: int insert(com.macro.mall.model.PmsProductFullReduction)>", index: "0" }
  - { method: "<com.macro.mall.mapper.PmsProductFullReductionMapper: int insertSelective(com.macro.mall.model.PmsProductFullReduction)>", index: "0" }
  - { method: "<com.macro.mall.mapper.PmsAlbumMapper: java.util.List selectByExample(com.macro.mall.model.PmsAlbumExample)>", index: "0" }
  - { method: "<com.macro.mall.mapper.PmsAlbumMapper: com.macro.mall.model.PmsAlbum selectByPrimaryKey(java.lang.Long)>", index: "0" }
  - { method: "<com.macro.mall.mapper.PmsAlbumMapper: int deleteByPrimaryKey(java.lang.Long)>", index: "0" }
  - { method: "<com.macro.mall.mapper.PmsAlbumMapper: int updateByPrimaryKeySelective(com.macro.mall.model.PmsAlbum)>", index: "0" }
  - { method: "<com.macro.mall.mapper.PmsAlbumMapper: int updateByPrimaryKey(com.macro.mall.model.PmsAlbum)>", index: "0" }
  - { method: "<com.macro.mall.mapper.PmsAlbumMapper: int insert(com.macro.mall.model.PmsAlbum)>", index: "0" }
  - { method: "<com.macro.mall.mapper.PmsAlbumMapper: int insertSelective(com.macro.mall.model.PmsAlbum)>", index: "0" }
  - { method: "<com.macro.mall.mapper.UmsMemberMemberTagRelationMapper: java.util.List selectByExample(com.macro.mall.model.UmsMemberMemberTagRelationExample)>", index: "0" }
  - { method: "<com.macro.mall.mapper.UmsMemberMemberTagRelationMapper: com.macro.mall.model.UmsMemberMemberTagRelation selectByPrimaryKey(java.lang.Long)>", index: "0" }
  - { method: "<com.macro.mall.mapper.UmsMemberMemberTagRelationMapper: int deleteByPrimaryKey(java.lang.Long)>", index: "0" }
  - { method: "<com.macro.mall.mapper.UmsMemberMemberTagRelationMapper: int updateByPrimaryKeySelective(com.macro.mall.model.UmsMemberMemberTagRelation)>", index: "0" }
  - { method: "<com.macro.mall.mapper.UmsMemberMemberTagRelationMapper: int updateByPrimaryKey(com.macro.mall.model.UmsMemberMemberTagRelation)>", index: "0" }
  - { method: "<com.macro.mall.mapper.UmsMemberMemberTagRelationMapper: int insert(com.macro.mall.model.UmsMemberMemberTagRelation)>", index: "0" }
  - { method: "<com.macro.mall.mapper.UmsMemberMemberTagRelationMapper: int insertSelective(com.macro.mall.model.UmsMemberMemberTagRelation)>", index: "0" }
  - { method: "<com.macro.mall.mapper.OmsOrderItemMapper: java.util.List selectByExample(com.macro.mall.model.OmsOrderItemExample)>", index: "0" }
  - { method: "<com.macro.mall.mapper.OmsOrderItemMapper: com.macro.mall.model.OmsOrderItem selectByPrimaryKey(java.lang.Long)>", index: "0" }
  - { method: "<com.macro.mall.mapper.OmsOrderItemMapper: int deleteByPrimaryKey(java.lang.Long)>", index: "0" }
  - { method: "<com.macro.mall.mapper.OmsOrderItemMapper: int updateByPrimaryKeySelective(com.macro.mall.model.OmsOrderItem)>", index: "0" }
  - { method: "<com.macro.mall.mapper.OmsOrderItemMapper: int updateByPrimaryKey(com.macro.mall.model.OmsOrderItem)>", index: "0" }
  - { method: "<com.macro.mall.mapper.OmsOrderItemMapper: int insert(com.macro.mall.model.OmsOrderItem)>", index: "0" }
  - { method: "<com.macro.mall.mapper.OmsOrderItemMapper: int insertSelective(com.macro.mall.model.OmsOrderItem)>", index: "0" }
  - { method: "<com.macro.mall.mapper.SmsHomeAdvertiseMapper: java.util.List selectByExample(com.macro.mall.model.SmsHomeAdvertiseExample)>", index: "0" }
  - { method: "<com.macro.mall.mapper.SmsHomeAdvertiseMapper: com.macro.mall.model.SmsHomeAdvertise selectByPrimaryKey(java.lang.Long)>", index: "0" }
  - { method: "<com.macro.mall.mapper.SmsHomeAdvertiseMapper: int deleteByPrimaryKey(java.lang.Long)>", index: "0" }
  - { method: "<com.macro.mall.mapper.SmsHomeAdvertiseMapper: int updateByPrimaryKeySelective(com.macro.mall.model.SmsHomeAdvertise)>", index: "0" }
  - { method: "<com.macro.mall.mapper.SmsHomeAdvertiseMapper: int updateByPrimaryKey(com.macro.mall.model.SmsHomeAdvertise)>", index: "0" }
  - { method: "<com.macro.mall.mapper.SmsHomeAdvertiseMapper: int insert(com.macro.mall.model.SmsHomeAdvertise)>", index: "0" }
  - { method: "<com.macro.mall.mapper.SmsHomeAdvertiseMapper: int insertSelective(com.macro.mall.model.SmsHomeAdvertise)>", index: "0" }
  - { method: "<com.macro.mall.mapper.UmsPermissionMapper: java.util.List selectByExample(com.macro.mall.model.UmsPermissionExample)>", index: "0" }
  - { method: "<com.macro.mall.mapper.UmsPermissionMapper: com.macro.mall.model.UmsPermission selectByPrimaryKey(java.lang.Long)>", index: "0" }
  - { method: "<com.macro.mall.mapper.UmsPermissionMapper: int deleteByPrimaryKey(java.lang.Long)>", index: "0" }
  - { method: "<com.macro.mall.mapper.UmsPermissionMapper: int updateByPrimaryKeySelective(com.macro.mall.model.UmsPermission)>", index: "0" }
  - { method: "<com.macro.mall.mapper.UmsPermissionMapper: int updateByPrimaryKey(com.macro.mall.model.UmsPermission)>", index: "0" }
  - { method: "<com.macro.mall.mapper.UmsPermissionMapper: int insert(com.macro.mall.model.UmsPermission)>", index: "0" }
  - { method: "<com.macro.mall.mapper.UmsPermissionMapper: int insertSelective(com.macro.mall.model.UmsPermission)>", index: "0" }
  - { method: "<com.macro.mall.mapper.PmsProductAttributeMapper: java.util.List selectByExample(com.macro.mall.model.PmsProductAttributeExample)>", index: "0" }
  - { method: "<com.macro.mall.mapper.PmsProductAttributeMapper: com.macro.mall.model.PmsProductAttribute selectByPrimaryKey(java.lang.Long)>", index: "0" }
  - { method: "<com.macro.mall.mapper.PmsProductAttributeMapper: int deleteByPrimaryKey(java.lang.Long)>", index: "0" }
  - { method: "<com.macro.mall.mapper.PmsProductAttributeMapper: int updateByPrimaryKeySelective(com.macro.mall.model.PmsProductAttribute)>", index: "0" }
  - { method: "<com.macro.mall.mapper.PmsProductAttributeMapper: int updateByPrimaryKey(com.macro.mall.model.PmsProductAttribute)>", index: "0" }
  - { method: "<com.macro.mall.mapper.PmsProductAttributeMapper: int insert(com.macro.mall.model.PmsProductAttribute)>", index: "0" }
  - { method: "<com.macro.mall.mapper.PmsProductAttributeMapper: int insertSelective(com.macro.mall.model.PmsProductAttribute)>", index: "0" }
  - { method: "<com.macro.mall.mapper.OmsCompanyAddressMapper: java.util.List selectByExample(com.macro.mall.model.OmsCompanyAddressExample)>", index: "0" }
  - { method: "<com.macro.mall.mapper.OmsCompanyAddressMapper: com.macro.mall.model.OmsCompanyAddress selectByPrimaryKey(java.lang.Long)>", index: "0" }
  - { method: "<com.macro.mall.mapper.OmsCompanyAddressMapper: int deleteByPrimaryKey(java.lang.Long)>", index: "0" }
  - { method: "<com.macro.mall.mapper.OmsCompanyAddressMapper: int updateByPrimaryKeySelective(com.macro.mall.model.OmsCompanyAddress)>", index: "0" }
  - { method: "<com.macro.mall.mapper.OmsCompanyAddressMapper: int updateByPrimaryKey(com.macro.mall.model.OmsCompanyAddress)>", index: "0" }
  - { method: "<com.macro.mall.mapper.OmsCompanyAddressMapper: int insert(com.macro.mall.model.OmsCompanyAddress)>", index: "0" }
  - { method: "<com.macro.mall.mapper.OmsCompanyAddressMapper: int insertSelective(com.macro.mall.model.OmsCompanyAddress)>", index: "0" }
  - { method: "<com.macro.mall.mapper.PmsProductVertifyRecordMapper: java.util.List selectByExample(com.macro.mall.model.PmsProductVertifyRecordExample)>", index: "0" }
  - { method: "<com.macro.mall.mapper.PmsProductVertifyRecordMapper: com.macro.mall.model.PmsProductVertifyRecord selectByPrimaryKey(java.lang.Long)>", index: "0" }
  - { method: "<com.macro.mall.mapper.PmsProductVertifyRecordMapper: int deleteByPrimaryKey(java.lang.Long)>", index: "0" }
  - { method: "<com.macro.mall.mapper.PmsProductVertifyRecordMapper: int updateByPrimaryKeySelective(com.macro.mall.model.PmsProductVertifyRecord)>", index: "0" }
  - { method: "<com.macro.mall.mapper.PmsProductVertifyRecordMapper: int updateByPrimaryKey(com.macro.mall.model.PmsProductVertifyRecord)>", index: "0" }
  - { method: "<com.macro.mall.mapper.PmsProductVertifyRecordMapper: int insert(com.macro.mall.model.PmsProductVertifyRecord)>", index: "0" }
  - { method: "<com.macro.mall.mapper.PmsProductVertifyRecordMapper: int insertSelective(com.macro.mall.model.PmsProductVertifyRecord)>", index: "0" }
  - { method: "<com.macro.mall.mapper.UmsAdminLoginLogMapper: java.util.List selectByExample(com.macro.mall.model.UmsAdminLoginLogExample)>", index: "0" }
  - { method: "<com.macro.mall.mapper.UmsAdminLoginLogMapper: com.macro.mall.model.UmsAdminLoginLog selectByPrimaryKey(java.lang.Long)>", index: "0" }
  - { method: "<com.macro.mall.mapper.UmsAdminLoginLogMapper: int deleteByPrimaryKey(java.lang.Long)>", index: "0" }
  - { method: "<com.macro.mall.mapper.UmsAdminLoginLogMapper: int updateByPrimaryKeySelective(com.macro.mall.model.UmsAdminLoginLog)>", index: "0" }
  - { method: "<com.macro.mall.mapper.UmsAdminLoginLogMapper: int updateByPrimaryKey(com.macro.mall.model.UmsAdminLoginLog)>", index: "0" }
  - { method: "<com.macro.mall.mapper.UmsAdminLoginLogMapper: int insert(com.macro.mall.model.UmsAdminLoginLog)>", index: "0" }
  - { method: "<com.macro.mall.mapper.UmsAdminLoginLogMapper: int insertSelective(com.macro.mall.model.UmsAdminLoginLog)>", index: "0" }
  - { method: "<com.macro.mall.mapper.OmsOrderOperateHistoryMapper: java.util.List selectByExample(com.macro.mall.model.OmsOrderOperateHistoryExample)>", index: "0" }
  - { method: "<com.macro.mall.mapper.OmsOrderOperateHistoryMapper: com.macro.mall.model.OmsOrderOperateHistory selectByPrimaryKey(java.lang.Long)>", index: "0" }
  - { method: "<com.macro.mall.mapper.OmsOrderOperateHistoryMapper: int deleteByPrimaryKey(java.lang.Long)>", index: "0" }
  - { method: "<com.macro.mall.mapper.OmsOrderOperateHistoryMapper: int updateByPrimaryKeySelective(com.macro.mall.model.OmsOrderOperateHistory)>", index: "0" }
  - { method: "<com.macro.mall.mapper.OmsOrderOperateHistoryMapper: int updateByPrimaryKey(com.macro.mall.model.OmsOrderOperateHistory)>", index: "0" }
  - { method: "<com.macro.mall.mapper.OmsOrderOperateHistoryMapper: int insert(com.macro.mall.model.OmsOrderOperateHistory)>", index: "0" }
  - { method: "<com.macro.mall.mapper.OmsOrderOperateHistoryMapper: int insertSelective(com.macro.mall.model.OmsOrderOperateHistory)>", index: "0" }
  - { method: "<com.macro.mall.mapper.PmsProductCategoryAttributeRelationMapper: java.util.List selectByExample(com.macro.mall.model.PmsProductCategoryAttributeRelationExample)>", index: "0" }
  - { method: "<com.macro.mall.mapper.PmsProductCategoryAttributeRelationMapper: com.macro.mall.model.PmsProductCategoryAttributeRelation selectByPrimaryKey(java.lang.Long)>", index: "0" }
  - { method: "<com.macro.mall.mapper.PmsProductCategoryAttributeRelationMapper: int deleteByPrimaryKey(java.lang.Long)>", index: "0" }
  - { method: "<com.macro.mall.mapper.PmsProductCategoryAttributeRelationMapper: int updateByPrimaryKeySelective(com.macro.mall.model.PmsProductCategoryAttributeRelation)>", index: "0" }
  - { method: "<com.macro.mall.mapper.PmsProductCategoryAttributeRelationMapper: int updateByPrimaryKey(com.macro.mall.model.PmsProductCategoryAttributeRelation)>", index: "0" }
  - { method: "<com.macro.mall.mapper.PmsProductCategoryAttributeRelationMapper: int insert(com.macro.mall.model.PmsProductCategoryAttributeRelation)>", index: "0" }
  - { method: "<com.macro.mall.mapper.PmsProductCategoryAttributeRelationMapper: int insertSelective(com.macro.mall.model.PmsProductCategoryAttributeRelation)>", index: "0" }
  - { method: "<com.macro.mall.mapper.CmsHelpCategoryMapper: java.util.List selectByExample(com.macro.mall.model.CmsHelpCategoryExample)>", index: "0" }
  - { method: "<com.macro.mall.mapper.CmsHelpCategoryMapper: com.macro.mall.model.CmsHelpCategory selectByPrimaryKey(java.lang.Long)>", index: "0" }
  - { method: "<com.macro.mall.mapper.CmsHelpCategoryMapper: int deleteByPrimaryKey(java.lang.Long)>", index: "0" }
  - { method: "<com.macro.mall.mapper.CmsHelpCategoryMapper: int updateByPrimaryKeySelective(com.macro.mall.model.CmsHelpCategory)>", index: "0" }
  - { method: "<com.macro.mall.mapper.CmsHelpCategoryMapper: int updateByPrimaryKey(com.macro.mall.model.CmsHelpCategory)>", index: "0" }
  - { method: "<com.macro.mall.mapper.CmsHelpCategoryMapper: int insert(com.macro.mall.model.CmsHelpCategory)>", index: "0" }
  - { method: "<com.macro.mall.mapper.CmsHelpCategoryMapper: int insertSelective(com.macro.mall.model.CmsHelpCategory)>", index: "0" }
  - { method: "<com.macro.mall.mapper.UmsRoleResourceRelationMapper: java.util.List selectByExample(com.macro.mall.model.UmsRoleResourceRelationExample)>", index: "0" }
  - { method: "<com.macro.mall.mapper.UmsRoleResourceRelationMapper: com.macro.mall.model.UmsRoleResourceRelation selectByPrimaryKey(java.lang.Long)>", index: "0" }
  - { method: "<com.macro.mall.mapper.UmsRoleResourceRelationMapper: int deleteByPrimaryKey(java.lang.Long)>", index: "0" }
  - { method: "<com.macro.mall.mapper.UmsRoleResourceRelationMapper: int updateByPrimaryKeySelective(com.macro.mall.model.UmsRoleResourceRelation)>", index: "0" }
  - { method: "<com.macro.mall.mapper.UmsRoleResourceRelationMapper: int updateByPrimaryKey(com.macro.mall.model.UmsRoleResourceRelation)>", index: "0" }
  - { method: "<com.macro.mall.mapper.UmsRoleResourceRelationMapper: int insert(com.macro.mall.model.UmsRoleResourceRelation)>", index: "0" }
  - { method: "<com.macro.mall.mapper.UmsRoleResourceRelationMapper: int insertSelective(com.macro.mall.model.UmsRoleResourceRelation)>", index: "0" }
  - { method: "<com.macro.mall.mapper.UmsMemberLoginLogMapper: java.util.List selectByExample(com.macro.mall.model.UmsMemberLoginLogExample)>", index: "0" }
  - { method: "<com.macro.mall.mapper.UmsMemberLoginLogMapper: com.macro.mall.model.UmsMemberLoginLog selectByPrimaryKey(java.lang.Long)>", index: "0" }
  - { method: "<com.macro.mall.mapper.UmsMemberLoginLogMapper: int deleteByPrimaryKey(java.lang.Long)>", index: "0" }
  - { method: "<com.macro.mall.mapper.UmsMemberLoginLogMapper: int updateByPrimaryKeySelective(com.macro.mall.model.UmsMemberLoginLog)>", index: "0" }
  - { method: "<com.macro.mall.mapper.UmsMemberLoginLogMapper: int updateByPrimaryKey(com.macro.mall.model.UmsMemberLoginLog)>", index: "0" }
  - { method: "<com.macro.mall.mapper.UmsMemberLoginLogMapper: int insert(com.macro.mall.model.UmsMemberLoginLog)>", index: "0" }
  - { method: "<com.macro.mall.mapper.UmsMemberLoginLogMapper: int insertSelective(com.macro.mall.model.UmsMemberLoginLog)>", index: "0" }
  - { method: "<com.macro.mall.mapper.CmsPrefrenceAreaProductRelationMapper: java.util.List selectByExample(com.macro.mall.model.CmsPrefrenceAreaProductRelationExample)>", index: "0" }
  - { method: "<com.macro.mall.mapper.CmsPrefrenceAreaProductRelationMapper: com.macro.mall.model.CmsPrefrenceAreaProductRelation selectByPrimaryKey(java.lang.Long)>", index: "0" }
  - { method: "<com.macro.mall.mapper.CmsPrefrenceAreaProductRelationMapper: int deleteByPrimaryKey(java.lang.Long)>", index: "0" }
  - { method: "<com.macro.mall.mapper.CmsPrefrenceAreaProductRelationMapper: int updateByPrimaryKeySelective(com.macro.mall.model.CmsPrefrenceAreaProductRelation)>", index: "0" }
  - { method: "<com.macro.mall.mapper.CmsPrefrenceAreaProductRelationMapper: int updateByPrimaryKey(com.macro.mall.model.CmsPrefrenceAreaProductRelation)>", index: "0" }
  - { method: "<com.macro.mall.mapper.CmsPrefrenceAreaProductRelationMapper: int insert(com.macro.mall.model.CmsPrefrenceAreaProductRelation)>", index: "0" }
  - { method: "<com.macro.mall.mapper.CmsPrefrenceAreaProductRelationMapper: int insertSelective(com.macro.mall.model.CmsPrefrenceAreaProductRelation)>", index: "0" }
  - { method: "<com.macro.mall.mapper.PmsProductMapper: java.util.List selectByExampleWithBLOBs(com.macro.mall.model.PmsProductExample)>", index: "0" }
  - { method: "<com.macro.mall.mapper.PmsProductMapper: java.util.List selectByExample(com.macro.mall.model.PmsProductExample)>", index: "0" }
  - { method: "<com.macro.mall.mapper.PmsProductMapper: com.macro.mall.model.PmsProduct selectByPrimaryKey(java.lang.Long)>", index: "0" }
  - { method: "<com.macro.mall.mapper.PmsProductMapper: int deleteByPrimaryKey(java.lang.Long)>", index: "0" }
  - { method: "<com.macro.mall.mapper.PmsProductMapper: int updateByPrimaryKeySelective(com.macro.mall.model.PmsProduct)>", index: "0" }
  - { method: "<com.macro.mall.mapper.PmsProductMapper: int updateByPrimaryKeyWithBLOBs(com.macro.mall.model.PmsProduct)>", index: "0" }
  - { method: "<com.macro.mall.mapper.PmsProductMapper: int updateByPrimaryKey(com.macro.mall.model.PmsProduct)>", index: "0" }
  - { method: "<com.macro.mall.mapper.PmsProductMapper: int insert(com.macro.mall.model.PmsProduct)>", index: "0" }
  - { method: "<com.macro.mall.mapper.PmsProductMapper: int insertSelective(com.macro.mall.model.PmsProduct)>", index: "0" }
  - { method: "<com.macro.mall.mapper.PmsProductOperateLogMapper: java.util.List selectByExample(com.macro.mall.model.PmsProductOperateLogExample)>", index: "0" }
  - { method: "<com.macro.mall.mapper.PmsProductOperateLogMapper: com.macro.mall.model.PmsProductOperateLog selectByPrimaryKey(java.lang.Long)>", index: "0" }
  - { method: "<com.macro.mall.mapper.PmsProductOperateLogMapper: int deleteByPrimaryKey(java.lang.Long)>", index: "0" }
  - { method: "<com.macro.mall.mapper.PmsProductOperateLogMapper: int updateByPrimaryKeySelective(com.macro.mall.model.PmsProductOperateLog)>", index: "0" }
  - { method: "<com.macro.mall.mapper.PmsProductOperateLogMapper: int updateByPrimaryKey(com.macro.mall.model.PmsProductOperateLog)>", index: "0" }
  - { method: "<com.macro.mall.mapper.PmsProductOperateLogMapper: int insert(com.macro.mall.model.PmsProductOperateLog)>", index: "0" }
  - { method: "<com.macro.mall.mapper.PmsProductOperateLogMapper: int insertSelective(com.macro.mall.model.PmsProductOperateLog)>", index: "0" }
  - { method: "<com.macro.mall.mapper.PmsProductLadderMapper: java.util.List selectByExample(com.macro.mall.model.PmsProductLadderExample)>", index: "0" }
  - { method: "<com.macro.mall.mapper.PmsProductLadderMapper: com.macro.mall.model.PmsProductLadder selectByPrimaryKey(java.lang.Long)>", index: "0" }
  - { method: "<com.macro.mall.mapper.PmsProductLadderMapper: int deleteByPrimaryKey(java.lang.Long)>", index: "0" }
  - { method: "<com.macro.mall.mapper.PmsProductLadderMapper: int updateByPrimaryKeySelective(com.macro.mall.model.PmsProductLadder)>", index: "0" }
  - { method: "<com.macro.mall.mapper.PmsProductLadderMapper: int updateByPrimaryKey(com.macro.mall.model.PmsProductLadder)>", index: "0" }
  - { method: "<com.macro.mall.mapper.PmsProductLadderMapper: int insert(com.macro.mall.model.PmsProductLadder)>", index: "0" }
  - { method: "<com.macro.mall.mapper.PmsProductLadderMapper: int insertSelective(com.macro.mall.model.PmsProductLadder)>", index: "0" }
  - { method: "<com.macro.mall.mapper.PmsFeightTemplateMapper: java.util.List selectByExample(com.macro.mall.model.PmsFeightTemplateExample)>", index: "0" }
  - { method: "<com.macro.mall.mapper.PmsFeightTemplateMapper: com.macro.mall.model.PmsFeightTemplate selectByPrimaryKey(java.lang.Long)>", index: "0" }
  - { method: "<com.macro.mall.mapper.PmsFeightTemplateMapper: int deleteByPrimaryKey(java.lang.Long)>", index: "0" }
  - { method: "<com.macro.mall.mapper.PmsFeightTemplateMapper: int updateByPrimaryKeySelective(com.macro.mall.model.PmsFeightTemplate)>", index: "0" }
  - { method: "<com.macro.mall.mapper.PmsFeightTemplateMapper: int updateByPrimaryKey(com.macro.mall.model.PmsFeightTemplate)>", index: "0" }
  - { method: "<com.macro.mall.mapper.PmsFeightTemplateMapper: int insert(com.macro.mall.model.PmsFeightTemplate)>", index: "0" }
  - { method: "<com.macro.mall.mapper.PmsFeightTemplateMapper: int insertSelective(com.macro.mall.model.PmsFeightTemplate)>", index: "0" }
  - { method: "<com.macro.mall.mapper.PmsBrandMapper: java.util.List selectByExampleWithBLOBs(com.macro.mall.model.PmsBrandExample)>", index: "0" }
  - { method: "<com.macro.mall.mapper.PmsBrandMapper: java.util.List selectByExample(com.macro.mall.model.PmsBrandExample)>", index: "0" }
  - { method: "<com.macro.mall.mapper.PmsBrandMapper: com.macro.mall.model.PmsBrand selectByPrimaryKey(java.lang.Long)>", index: "0" }
  - { method: "<com.macro.mall.mapper.PmsBrandMapper: int deleteByPrimaryKey(java.lang.Long)>", index: "0" }
  - { method: "<com.macro.mall.mapper.PmsBrandMapper: int updateByPrimaryKeySelective(com.macro.mall.model.PmsBrand)>", index: "0" }
  - { method: "<com.macro.mall.mapper.PmsBrandMapper: int updateByPrimaryKeyWithBLOBs(com.macro.mall.model.PmsBrand)>", index: "0" }
  - { method: "<com.macro.mall.mapper.PmsBrandMapper: int updateByPrimaryKey(com.macro.mall.model.PmsBrand)>", index: "0" }
  - { method: "<com.macro.mall.mapper.PmsBrandMapper: int insert(com.macro.mall.model.PmsBrand)>", index: "0" }
  - { method: "<com.macro.mall.mapper.PmsBrandMapper: int insertSelective(com.macro.mall.model.PmsBrand)>", index: "0" }
  - { method: "<com.macro.mall.mapper.OmsOrderReturnApplyMapper: java.util.List selectByExample(com.macro.mall.model.OmsOrderReturnApplyExample)>", index: "0" }
  - { method: "<com.macro.mall.mapper.OmsOrderReturnApplyMapper: com.macro.mall.model.OmsOrderReturnApply selectByPrimaryKey(java.lang.Long)>", index: "0" }
  - { method: "<com.macro.mall.mapper.OmsOrderReturnApplyMapper: int deleteByPrimaryKey(java.lang.Long)>", index: "0" }
  - { method: "<com.macro.mall.mapper.OmsOrderReturnApplyMapper: int updateByPrimaryKeySelective(com.macro.mall.model.OmsOrderReturnApply)>", index: "0" }
  - { method: "<com.macro.mall.mapper.OmsOrderReturnApplyMapper: int updateByPrimaryKey(com.macro.mall.model.OmsOrderReturnApply)>", index: "0" }
  - { method: "<com.macro.mall.mapper.OmsOrderReturnApplyMapper: int insert(com.macro.mall.model.OmsOrderReturnApply)>", index: "0" }
  - { method: "<com.macro.mall.mapper.OmsOrderReturnApplyMapper: int insertSelective(com.macro.mall.model.OmsOrderReturnApply)>", index: "0" }
  - { method: "<com.macro.mall.mapper.SmsFlashPromotionMapper: java.util.List selectByExample(com.macro.mall.model.SmsFlashPromotionExample)>", index: "0" }
  - { method: "<com.macro.mall.mapper.SmsFlashPromotionMapper: com.macro.mall.model.SmsFlashPromotion selectByPrimaryKey(java.lang.Long)>", index: "0" }
  - { method: "<com.macro.mall.mapper.SmsFlashPromotionMapper: int deleteByPrimaryKey(java.lang.Long)>", index: "0" }
  - { method: "<com.macro.mall.mapper.SmsFlashPromotionMapper: int updateByPrimaryKeySelective(com.macro.mall.model.SmsFlashPromotion)>", index: "0" }
  - { method: "<com.macro.mall.mapper.SmsFlashPromotionMapper: int updateByPrimaryKey(com.macro.mall.model.SmsFlashPromotion)>", index: "0" }
  - { method: "<com.macro.mall.mapper.SmsFlashPromotionMapper: int insert(com.macro.mall.model.SmsFlashPromotion)>", index: "0" }
  - { method: "<com.macro.mall.mapper.SmsFlashPromotionMapper: int insertSelective(com.macro.mall.model.SmsFlashPromotion)>", index: "0" }
  - { method: "<com.macro.mall.mapper.SmsHomeRecommendSubjectMapper: java.util.List selectByExample(com.macro.mall.model.SmsHomeRecommendSubjectExample)>", index: "0" }
  - { method: "<com.macro.mall.mapper.SmsHomeRecommendSubjectMapper: com.macro.mall.model.SmsHomeRecommendSubject selectByPrimaryKey(java.lang.Long)>", index: "0" }
  - { method: "<com.macro.mall.mapper.SmsHomeRecommendSubjectMapper: int deleteByPrimaryKey(java.lang.Long)>", index: "0" }
  - { method: "<com.macro.mall.mapper.SmsHomeRecommendSubjectMapper: int updateByPrimaryKeySelective(com.macro.mall.model.SmsHomeRecommendSubject)>", index: "0" }
  - { method: "<com.macro.mall.mapper.SmsHomeRecommendSubjectMapper: int updateByPrimaryKey(com.macro.mall.model.SmsHomeRecommendSubject)>", index: "0" }
  - { method: "<com.macro.mall.mapper.SmsHomeRecommendSubjectMapper: int insert(com.macro.mall.model.SmsHomeRecommendSubject)>", index: "0" }
  - { method: "<com.macro.mall.mapper.SmsHomeRecommendSubjectMapper: int insertSelective(com.macro.mall.model.SmsHomeRecommendSubject)>", index: "0" }
  - { method: "<com.macro.mall.mapper.CmsPrefrenceAreaMapper: java.util.List selectByExampleWithBLOBs(com.macro.mall.model.CmsPrefrenceAreaExample)>", index: "0" }
  - { method: "<com.macro.mall.mapper.CmsPrefrenceAreaMapper: java.util.List selectByExample(com.macro.mall.model.CmsPrefrenceAreaExample)>", index: "0" }
  - { method: "<com.macro.mall.mapper.CmsPrefrenceAreaMapper: com.macro.mall.model.CmsPrefrenceArea selectByPrimaryKey(java.lang.Long)>", index: "0" }
  - { method: "<com.macro.mall.mapper.CmsPrefrenceAreaMapper: int deleteByPrimaryKey(java.lang.Long)>", index: "0" }
  - { method: "<com.macro.mall.mapper.CmsPrefrenceAreaMapper: int updateByPrimaryKeySelective(com.macro.mall.model.CmsPrefrenceArea)>", index: "0" }
  - { method: "<com.macro.mall.mapper.CmsPrefrenceAreaMapper: int updateByPrimaryKeyWithBLOBs(com.macro.mall.model.CmsPrefrenceArea)>", index: "0" }
  - { method: "<com.macro.mall.mapper.CmsPrefrenceAreaMapper: int updateByPrimaryKey(com.macro.mall.model.CmsPrefrenceArea)>", index: "0" }
  - { method: "<com.macro.mall.mapper.CmsPrefrenceAreaMapper: int insert(com.macro.mall.model.CmsPrefrenceArea)>", index: "0" }
  - { method: "<com.macro.mall.mapper.CmsPrefrenceAreaMapper: int insertSelective(com.macro.mall.model.CmsPrefrenceArea)>", index: "0" }
  - { method: "<com.macro.mall.mapper.CmsTopicCommentMapper: java.util.List selectByExample(com.macro.mall.model.CmsTopicCommentExample)>", index: "0" }
  - { method: "<com.macro.mall.mapper.CmsTopicCommentMapper: com.macro.mall.model.CmsTopicComment selectByPrimaryKey(java.lang.Long)>", index: "0" }
  - { method: "<com.macro.mall.mapper.CmsTopicCommentMapper: int deleteByPrimaryKey(java.lang.Long)>", index: "0" }
  - { method: "<com.macro.mall.mapper.CmsTopicCommentMapper: int updateByPrimaryKeySelective(com.macro.mall.model.CmsTopicComment)>", index: "0" }
  - { method: "<com.macro.mall.mapper.CmsTopicCommentMapper: int updateByPrimaryKey(com.macro.mall.model.CmsTopicComment)>", index: "0" }
  - { method: "<com.macro.mall.mapper.CmsTopicCommentMapper: int insert(com.macro.mall.model.CmsTopicComment)>", index: "0" }
  - { method: "<com.macro.mall.mapper.CmsTopicCommentMapper: int insertSelective(com.macro.mall.model.CmsTopicComment)>", index: "0" }
  - { method: "<com.macro.mall.mapper.UmsIntegrationConsumeSettingMapper: java.util.List selectByExample(com.macro.mall.model.UmsIntegrationConsumeSettingExample)>", index: "0" }
  - { method: "<com.macro.mall.mapper.UmsIntegrationConsumeSettingMapper: com.macro.mall.model.UmsIntegrationConsumeSetting selectByPrimaryKey(java.lang.Long)>", index: "0" }
  - { method: "<com.macro.mall.mapper.UmsIntegrationConsumeSettingMapper: int deleteByPrimaryKey(java.lang.Long)>", index: "0" }
  - { method: "<com.macro.mall.mapper.UmsIntegrationConsumeSettingMapper: int updateByPrimaryKeySelective(com.macro.mall.model.UmsIntegrationConsumeSetting)>", index: "0" }
  - { method: "<com.macro.mall.mapper.UmsIntegrationConsumeSettingMapper: int updateByPrimaryKey(com.macro.mall.model.UmsIntegrationConsumeSetting)>", index: "0" }
  - { method: "<com.macro.mall.mapper.UmsIntegrationConsumeSettingMapper: int insert(com.macro.mall.model.UmsIntegrationConsumeSetting)>", index: "0" }
  - { method: "<com.macro.mall.mapper.UmsIntegrationConsumeSettingMapper: int insertSelective(com.macro.mall.model.UmsIntegrationConsumeSetting)>", index: "0" }
  - { method: "<com.macro.mall.mapper.SmsHomeRecommendProductMapper: java.util.List selectByExample(com.macro.mall.model.SmsHomeRecommendProductExample)>", index: "0" }
  - { method: "<com.macro.mall.mapper.SmsHomeRecommendProductMapper: com.macro.mall.model.SmsHomeRecommendProduct selectByPrimaryKey(java.lang.Long)>", index: "0" }
  - { method: "<com.macro.mall.mapper.SmsHomeRecommendProductMapper: int deleteByPrimaryKey(java.lang.Long)>", index: "0" }
  - { method: "<com.macro.mall.mapper.SmsHomeRecommendProductMapper: int updateByPrimaryKeySelective(com.macro.mall.model.SmsHomeRecommendProduct)>", index: "0" }
  - { method: "<com.macro.mall.mapper.SmsHomeRecommendProductMapper: int updateByPrimaryKey(com.macro.mall.model.SmsHomeRecommendProduct)>", index: "0" }
  - { method: "<com.macro.mall.mapper.SmsHomeRecommendProductMapper: int insert(com.macro.mall.model.SmsHomeRecommendProduct)>", index: "0" }
  - { method: "<com.macro.mall.mapper.SmsHomeRecommendProductMapper: int insertSelective(com.macro.mall.model.SmsHomeRecommendProduct)>", index: "0" }
  - { method: "<com.macro.mall.mapper.SmsFlashPromotionLogMapper: java.util.List selectByExample(com.macro.mall.model.SmsFlashPromotionLogExample)>", index: "0" }
  - { method: "<com.macro.mall.mapper.SmsFlashPromotionLogMapper: com.macro.mall.model.SmsFlashPromotionLog selectByPrimaryKey(java.lang.Integer)>", index: "0" }
  - { method: "<com.macro.mall.mapper.SmsFlashPromotionLogMapper: int deleteByPrimaryKey(java.lang.Integer)>", index: "0" }
  - { method: "<com.macro.mall.mapper.SmsFlashPromotionLogMapper: int updateByPrimaryKeySelective(com.macro.mall.model.SmsFlashPromotionLog)>", index: "0" }
  - { method: "<com.macro.mall.mapper.SmsFlashPromotionLogMapper: int updateByPrimaryKey(com.macro.mall.model.SmsFlashPromotionLog)>", index: "0" }
  - { method: "<com.macro.mall.mapper.SmsFlashPromotionLogMapper: int insert(com.macro.mall.model.SmsFlashPromotionLog)>", index: "0" }
  - { method: "<com.macro.mall.mapper.SmsFlashPromotionLogMapper: int insertSelective(com.macro.mall.model.SmsFlashPromotionLog)>", index: "0" }
  - { method: "<com.macro.mall.mapper.SmsFlashPromotionProductRelationMapper: java.util.List selectByExample(com.macro.mall.model.SmsFlashPromotionProductRelationExample)>", index: "0" }
  - { method: "<com.macro.mall.mapper.SmsFlashPromotionProductRelationMapper: com.macro.mall.model.SmsFlashPromotionProductRelation selectByPrimaryKey(java.lang.Long)>", index: "0" }
  - { method: "<com.macro.mall.mapper.SmsFlashPromotionProductRelationMapper: int deleteByPrimaryKey(java.lang.Long)>", index: "0" }
  - { method: "<com.macro.mall.mapper.SmsFlashPromotionProductRelationMapper: int updateByPrimaryKeySelective(com.macro.mall.model.SmsFlashPromotionProductRelation)>", index: "0" }
  - { method: "<com.macro.mall.mapper.SmsFlashPromotionProductRelationMapper: int updateByPrimaryKey(com.macro.mall.model.SmsFlashPromotionProductRelation)>", index: "0" }
  - { method: "<com.macro.mall.mapper.SmsFlashPromotionProductRelationMapper: int insert(com.macro.mall.model.SmsFlashPromotionProductRelation)>", index: "0" }
  - { method: "<com.macro.mall.mapper.SmsFlashPromotionProductRelationMapper: int insertSelective(com.macro.mall.model.SmsFlashPromotionProductRelation)>", index: "0" }
  - { method: "<com.macro.mall.mapper.UmsAdminPermissionRelationMapper: java.util.List selectByExample(com.macro.mall.model.UmsAdminPermissionRelationExample)>", index: "0" }
  - { method: "<com.macro.mall.mapper.UmsAdminPermissionRelationMapper: com.macro.mall.model.UmsAdminPermissionRelation selectByPrimaryKey(java.lang.Long)>", index: "0" }
  - { method: "<com.macro.mall.mapper.UmsAdminPermissionRelationMapper: int deleteByPrimaryKey(java.lang.Long)>", index: "0" }
  - { method: "<com.macro.mall.mapper.UmsAdminPermissionRelationMapper: int updateByPrimaryKeySelective(com.macro.mall.model.UmsAdminPermissionRelation)>", index: "0" }
  - { method: "<com.macro.mall.mapper.UmsAdminPermissionRelationMapper: int updateByPrimaryKey(com.macro.mall.model.UmsAdminPermissionRelation)>", index: "0" }
  - { method: "<com.macro.mall.mapper.UmsAdminPermissionRelationMapper: int insert(com.macro.mall.model.UmsAdminPermissionRelation)>", index: "0" }
  - { method: "<com.macro.mall.mapper.UmsAdminPermissionRelationMapper: int insertSelective(com.macro.mall.model.UmsAdminPermissionRelation)>", index: "0" }
  - { method: "<com.macro.mall.mapper.PmsProductAttributeCategoryMapper: java.util.List selectByExample(com.macro.mall.model.PmsProductAttributeCategoryExample)>", index: "0" }
  - { method: "<com.macro.mall.mapper.PmsProductAttributeCategoryMapper: com.macro.mall.model.PmsProductAttributeCategory selectByPrimaryKey(java.lang.Long)>", index: "0" }
  - { method: "<com.macro.mall.mapper.PmsProductAttributeCategoryMapper: int deleteByPrimaryKey(java.lang.Long)>", index: "0" }
  - { method: "<com.macro.mall.mapper.PmsProductAttributeCategoryMapper: int updateByPrimaryKeySelective(com.macro.mall.model.PmsProductAttributeCategory)>", index: "0" }
  - { method: "<com.macro.mall.mapper.PmsProductAttributeCategoryMapper: int updateByPrimaryKey(com.macro.mall.model.PmsProductAttributeCategory)>", index: "0" }
  - { method: "<com.macro.mall.mapper.PmsProductAttributeCategoryMapper: int insert(com.macro.mall.model.PmsProductAttributeCategory)>", index: "0" }
  - { method: "<com.macro.mall.mapper.PmsProductAttributeCategoryMapper: int insertSelective(com.macro.mall.model.PmsProductAttributeCategory)>", index: "0" }
  - { method: "<com.macro.mall.mapper.UmsRolePermissionRelationMapper: java.util.List selectByExample(com.macro.mall.model.UmsRolePermissionRelationExample)>", index: "0" }
  - { method: "<com.macro.mall.mapper.UmsRolePermissionRelationMapper: com.macro.mall.model.UmsRolePermissionRelation selectByPrimaryKey(java.lang.Long)>", index: "0" }
  - { method: "<com.macro.mall.mapper.UmsRolePermissionRelationMapper: int deleteByPrimaryKey(java.lang.Long)>", index: "0" }
  - { method: "<com.macro.mall.mapper.UmsRolePermissionRelationMapper: int updateByPrimaryKeySelective(com.macro.mall.model.UmsRolePermissionRelation)>", index: "0" }
  - { method: "<com.macro.mall.mapper.UmsRolePermissionRelationMapper: int updateByPrimaryKey(com.macro.mall.model.UmsRolePermissionRelation)>", index: "0" }
  - { method: "<com.macro.mall.mapper.UmsRolePermissionRelationMapper: int insert(com.macro.mall.model.UmsRolePermissionRelation)>", index: "0" }
  - { method: "<com.macro.mall.mapper.UmsRolePermissionRelationMapper: int insertSelective(com.macro.mall.model.UmsRolePermissionRelation)>", index: "0" }
  - { method: "<com.macro.mall.mapper.UmsResourceCategoryMapper: java.util.List selectByExample(com.macro.mall.model.UmsResourceCategoryExample)>", index: "0" }
  - { method: "<com.macro.mall.mapper.UmsResourceCategoryMapper: com.macro.mall.model.UmsResourceCategory selectByPrimaryKey(java.lang.Long)>", index: "0" }
  - { method: "<com.macro.mall.mapper.UmsResourceCategoryMapper: int deleteByPrimaryKey(java.lang.Long)>", index: "0" }
  - { method: "<com.macro.mall.mapper.UmsResourceCategoryMapper: int updateByPrimaryKeySelective(com.macro.mall.model.UmsResourceCategory)>", index: "0" }
  - { method: "<com.macro.mall.mapper.UmsResourceCategoryMapper: int updateByPrimaryKey(com.macro.mall.model.UmsResourceCategory)>", index: "0" }
  - { method: "<com.macro.mall.mapper.UmsResourceCategoryMapper: int insert(com.macro.mall.model.UmsResourceCategory)>", index: "0" }
  - { method: "<com.macro.mall.mapper.UmsResourceCategoryMapper: int insertSelective(com.macro.mall.model.UmsResourceCategory)>", index: "0" }
  - { method: "<com.macro.mall.mapper.CmsMemberReportMapper: java.util.List selectByExample(com.macro.mall.model.CmsMemberReportExample)>", index: "0" }
  - { method: "<com.macro.mall.mapper.CmsMemberReportMapper: int insert(com.macro.mall.model.CmsMemberReport)>", index: "0" }
  - { method: "<com.macro.mall.mapper.CmsMemberReportMapper: int insertSelective(com.macro.mall.model.CmsMemberReport)>", index: "0" }
  - { method: "<com.macro.mall.mapper.CmsHelpMapper: java.util.List selectByExampleWithBLOBs(com.macro.mall.model.CmsHelpExample)>", index: "0" }
  - { method: "<com.macro.mall.mapper.CmsHelpMapper: java.util.List selectByExample(com.macro.mall.model.CmsHelpExample)>", index: "0" }
  - { method: "<com.macro.mall.mapper.CmsHelpMapper: com.macro.mall.model.CmsHelp selectByPrimaryKey(java.lang.Long)>", index: "0" }
  - { method: "<com.macro.mall.mapper.CmsHelpMapper: int deleteByPrimaryKey(java.lang.Long)>", index: "0" }
  - { method: "<com.macro.mall.mapper.CmsHelpMapper: int updateByPrimaryKeySelective(com.macro.mall.model.CmsHelp)>", index: "0" }
  - { method: "<com.macro.mall.mapper.CmsHelpMapper: int updateByPrimaryKeyWithBLOBs(com.macro.mall.model.CmsHelp)>", index: "0" }
  - { method: "<com.macro.mall.mapper.CmsHelpMapper: int updateByPrimaryKey(com.macro.mall.model.CmsHelp)>", index: "0" }
  - { method: "<com.macro.mall.mapper.CmsHelpMapper: int insert(com.macro.mall.model.CmsHelp)>", index: "0" }
  - { method: "<com.macro.mall.mapper.CmsHelpMapper: int insertSelective(com.macro.mall.model.CmsHelp)>", index: "0" }
  - { method: "<com.macro.mall.mapper.UmsRoleMenuRelationMapper: java.util.List selectByExample(com.macro.mall.model.UmsRoleMenuRelationExample)>", index: "0" }
  - { method: "<com.macro.mall.mapper.UmsRoleMenuRelationMapper: com.macro.mall.model.UmsRoleMenuRelation selectByPrimaryKey(java.lang.Long)>", index: "0" }
  - { method: "<com.macro.mall.mapper.UmsRoleMenuRelationMapper: int deleteByPrimaryKey(java.lang.Long)>", index: "0" }
  - { method: "<com.macro.mall.mapper.UmsRoleMenuRelationMapper: int updateByPrimaryKeySelective(com.macro.mall.model.UmsRoleMenuRelation)>", index: "0" }
  - { method: "<com.macro.mall.mapper.UmsRoleMenuRelationMapper: int updateByPrimaryKey(com.macro.mall.model.UmsRoleMenuRelation)>", index: "0" }
  - { method: "<com.macro.mall.mapper.UmsRoleMenuRelationMapper: int insert(com.macro.mall.model.UmsRoleMenuRelation)>", index: "0" }
  - { method: "<com.macro.mall.mapper.UmsRoleMenuRelationMapper: int insertSelective(com.macro.mall.model.UmsRoleMenuRelation)>", index: "0" }
  - { method: "<com.macro.mall.mapper.CmsSubjectProductRelationMapper: java.util.List selectByExample(com.macro.mall.model.CmsSubjectProductRelationExample)>", index: "0" }
  - { method: "<com.macro.mall.mapper.CmsSubjectProductRelationMapper: com.macro.mall.model.CmsSubjectProductRelation selectByPrimaryKey(java.lang.Long)>", index: "0" }
  - { method: "<com.macro.mall.mapper.CmsSubjectProductRelationMapper: int deleteByPrimaryKey(java.lang.Long)>", index: "0" }
  - { method: "<com.macro.mall.mapper.CmsSubjectProductRelationMapper: int updateByPrimaryKeySelective(com.macro.mall.model.CmsSubjectProductRelation)>", index: "0" }
  - { method: "<com.macro.mall.mapper.CmsSubjectProductRelationMapper: int updateByPrimaryKey(com.macro.mall.model.CmsSubjectProductRelation)>", index: "0" }
  - { method: "<com.macro.mall.mapper.CmsSubjectProductRelationMapper: int insert(com.macro.mall.model.CmsSubjectProductRelation)>", index: "0" }
  - { method: "<com.macro.mall.mapper.CmsSubjectProductRelationMapper: int insertSelective(com.macro.mall.model.CmsSubjectProductRelation)>", index: "0" }
  - { method: "<com.macro.mall.mapper.SmsCouponHistoryMapper: java.util.List selectByExample(com.macro.mall.model.SmsCouponHistoryExample)>", index: "0" }
  - { method: "<com.macro.mall.mapper.SmsCouponHistoryMapper: com.macro.mall.model.SmsCouponHistory selectByPrimaryKey(java.lang.Long)>", index: "0" }
  - { method: "<com.macro.mall.mapper.SmsCouponHistoryMapper: int deleteByPrimaryKey(java.lang.Long)>", index: "0" }
  - { method: "<com.macro.mall.mapper.SmsCouponHistoryMapper: int updateByPrimaryKeySelective(com.macro.mall.model.SmsCouponHistory)>", index: "0" }
  - { method: "<com.macro.mall.mapper.SmsCouponHistoryMapper: int updateByPrimaryKey(com.macro.mall.model.SmsCouponHistory)>", index: "0" }
  - { method: "<com.macro.mall.mapper.SmsCouponHistoryMapper: int insert(com.macro.mall.model.SmsCouponHistory)>", index: "0" }
  - { method: "<com.macro.mall.mapper.SmsCouponHistoryMapper: int insertSelective(com.macro.mall.model.SmsCouponHistory)>", index: "0" }
  - { method: "<com.macro.mall.mapper.PmsMemberPriceMapper: java.util.List selectByExample(com.macro.mall.model.PmsMemberPriceExample)>", index: "0" }
  - { method: "<com.macro.mall.mapper.PmsMemberPriceMapper: com.macro.mall.model.PmsMemberPrice selectByPrimaryKey(java.lang.Long)>", index: "0" }
  - { method: "<com.macro.mall.mapper.PmsMemberPriceMapper: int deleteByPrimaryKey(java.lang.Long)>", index: "0" }
  - { method: "<com.macro.mall.mapper.PmsMemberPriceMapper: int updateByPrimaryKeySelective(com.macro.mall.model.PmsMemberPrice)>", index: "0" }
  - { method: "<com.macro.mall.mapper.PmsMemberPriceMapper: int updateByPrimaryKey(com.macro.mall.model.PmsMemberPrice)>", index: "0" }
  - { method: "<com.macro.mall.mapper.PmsMemberPriceMapper: int insert(com.macro.mall.model.PmsMemberPrice)>", index: "0" }
  - { method: "<com.macro.mall.mapper.PmsMemberPriceMapper: int insertSelective(com.macro.mall.model.PmsMemberPrice)>", index: "0" }
  - { method: "<com.macro.mall.mapper.SmsCouponProductCategoryRelationMapper: java.util.List selectByExample(com.macro.mall.model.SmsCouponProductCategoryRelationExample)>", index: "0" }
  - { method: "<com.macro.mall.mapper.SmsCouponProductCategoryRelationMapper: com.macro.mall.model.SmsCouponProductCategoryRelation selectByPrimaryKey(java.lang.Long)>", index: "0" }
  - { method: "<com.macro.mall.mapper.SmsCouponProductCategoryRelationMapper: int deleteByPrimaryKey(java.lang.Long)>", index: "0" }
  - { method: "<com.macro.mall.mapper.SmsCouponProductCategoryRelationMapper: int updateByPrimaryKeySelective(com.macro.mall.model.SmsCouponProductCategoryRelation)>", index: "0" }
  - { method: "<com.macro.mall.mapper.SmsCouponProductCategoryRelationMapper: int updateByPrimaryKey(com.macro.mall.model.SmsCouponProductCategoryRelation)>", index: "0" }
  - { method: "<com.macro.mall.mapper.SmsCouponProductCategoryRelationMapper: int insert(com.macro.mall.model.SmsCouponProductCategoryRelation)>", index: "0" }
  - { method: "<com.macro.mall.mapper.SmsCouponProductCategoryRelationMapper: int insertSelective(com.macro.mall.model.SmsCouponProductCategoryRelation)>", index: "0" }
  - { method: "<com.macro.mall.mapper.UmsMemberProductCategoryRelationMapper: java.util.List selectByExample(com.macro.mall.model.UmsMemberProductCategoryRelationExample)>", index: "0" }
  - { method: "<com.macro.mall.mapper.UmsMemberProductCategoryRelationMapper: com.macro.mall.model.UmsMemberProductCategoryRelation selectByPrimaryKey(java.lang.Long)>", index: "0" }
  - { method: "<com.macro.mall.mapper.UmsMemberProductCategoryRelationMapper: int deleteByPrimaryKey(java.lang.Long)>", index: "0" }
  - { method: "<com.macro.mall.mapper.UmsMemberProductCategoryRelationMapper: int updateByPrimaryKeySelective(com.macro.mall.model.UmsMemberProductCategoryRelation)>", index: "0" }
  - { method: "<com.macro.mall.mapper.UmsMemberProductCategoryRelationMapper: int updateByPrimaryKey(com.macro.mall.model.UmsMemberProductCategoryRelation)>", index: "0" }
  - { method: "<com.macro.mall.mapper.UmsMemberProductCategoryRelationMapper: int insert(com.macro.mall.model.UmsMemberProductCategoryRelation)>", index: "0" }
  - { method: "<com.macro.mall.mapper.UmsMemberProductCategoryRelationMapper: int insertSelective(com.macro.mall.model.UmsMemberProductCategoryRelation)>", index: "0" }
  - { method: "<com.macro.mall.mapper.UmsMemberRuleSettingMapper: java.util.List selectByExample(com.macro.mall.model.UmsMemberRuleSettingExample)>", index: "0" }
  - { method: "<com.macro.mall.mapper.UmsMemberRuleSettingMapper: com.macro.mall.model.UmsMemberRuleSetting selectByPrimaryKey(java.lang.Long)>", index: "0" }
  - { method: "<com.macro.mall.mapper.UmsMemberRuleSettingMapper: int deleteByPrimaryKey(java.lang.Long)>", index: "0" }
  - { method: "<com.macro.mall.mapper.UmsMemberRuleSettingMapper: int updateByPrimaryKeySelective(com.macro.mall.model.UmsMemberRuleSetting)>", index: "0" }
  - { method: "<com.macro.mall.mapper.UmsMemberRuleSettingMapper: int updateByPrimaryKey(com.macro.mall.model.UmsMemberRuleSetting)>", index: "0" }
  - { method: "<com.macro.mall.mapper.UmsMemberRuleSettingMapper: int insert(com.macro.mall.model.UmsMemberRuleSetting)>", index: "0" }
  - { method: "<com.macro.mall.mapper.UmsMemberRuleSettingMapper: int insertSelective(com.macro.mall.model.UmsMemberRuleSetting)>", index: "0" }
  - { method: "<com.macro.mall.mapper.UmsRoleMapper: java.util.List selectByExample(com.macro.mall.model.UmsRoleExample)>", index: "0" }
  - { method: "<com.macro.mall.mapper.UmsRoleMapper: com.macro.mall.model.UmsRole selectByPrimaryKey(java.lang.Long)>", index: "0" }
  - { method: "<com.macro.mall.mapper.UmsRoleMapper: int deleteByPrimaryKey(java.lang.Long)>", index: "0" }
  - { method: "<com.macro.mall.mapper.UmsRoleMapper: int updateByPrimaryKeySelective(com.macro.mall.model.UmsRole)>", index: "0" }
  - { method: "<com.macro.mall.mapper.UmsRoleMapper: int updateByPrimaryKey(com.macro.mall.model.UmsRole)>", index: "0" }
  - { method: "<com.macro.mall.mapper.UmsRoleMapper: int insert(com.macro.mall.model.UmsRole)>", index: "0" }
  - { method: "<com.macro.mall.mapper.UmsRoleMapper: int insertSelective(com.macro.mall.model.UmsRole)>", index: "0" }
  - { method: "<com.macro.mall.mapper.SmsCouponProductRelationMapper: java.util.List selectByExample(com.macro.mall.model.SmsCouponProductRelationExample)>", index: "0" }
  - { method: "<com.macro.mall.mapper.SmsCouponProductRelationMapper: com.macro.mall.model.SmsCouponProductRelation selectByPrimaryKey(java.lang.Long)>", index: "0" }
  - { method: "<com.macro.mall.mapper.SmsCouponProductRelationMapper: int deleteByPrimaryKey(java.lang.Long)>", index: "0" }
  - { method: "<com.macro.mall.mapper.SmsCouponProductRelationMapper: int updateByPrimaryKeySelective(com.macro.mall.model.SmsCouponProductRelation)>", index: "0" }
  - { method: "<com.macro.mall.mapper.SmsCouponProductRelationMapper: int updateByPrimaryKey(com.macro.mall.model.SmsCouponProductRelation)>", index: "0" }
  - { method: "<com.macro.mall.mapper.SmsCouponProductRelationMapper: int insert(com.macro.mall.model.SmsCouponProductRelation)>", index: "0" }
  - { method: "<com.macro.mall.mapper.SmsCouponProductRelationMapper: int insertSelective(com.macro.mall.model.SmsCouponProductRelation)>", index: "0" }
  - { method: "<com.macro.mall.mapper.SmsHomeNewProductMapper: java.util.List selectByExample(com.macro.mall.model.SmsHomeNewProductExample)>", index: "0" }
  - { method: "<com.macro.mall.mapper.SmsHomeNewProductMapper: com.macro.mall.model.SmsHomeNewProduct selectByPrimaryKey(java.lang.Long)>", index: "0" }
  - { method: "<com.macro.mall.mapper.SmsHomeNewProductMapper: int deleteByPrimaryKey(java.lang.Long)>", index: "0" }
  - { method: "<com.macro.mall.mapper.SmsHomeNewProductMapper: int updateByPrimaryKeySelective(com.macro.mall.model.SmsHomeNewProduct)>", index: "0" }
  - { method: "<com.macro.mall.mapper.SmsHomeNewProductMapper: int updateByPrimaryKey(com.macro.mall.model.SmsHomeNewProduct)>", index: "0" }
  - { method: "<com.macro.mall.mapper.SmsHomeNewProductMapper: int insert(com.macro.mall.model.SmsHomeNewProduct)>", index: "0" }
  - { method: "<com.macro.mall.mapper.SmsHomeNewProductMapper: int insertSelective(com.macro.mall.model.SmsHomeNewProduct)>", index: "0" }
  - { method: "<com.macro.mall.mapper.OmsOrderMapper: java.util.List selectByExample(com.macro.mall.model.OmsOrderExample)>", index: "0" }
  - { method: "<com.macro.mall.mapper.OmsOrderMapper: com.macro.mall.model.OmsOrder selectByPrimaryKey(java.lang.Long)>", index: "0" }
  - { method: "<com.macro.mall.mapper.OmsOrderMapper: int deleteByPrimaryKey(java.lang.Long)>", index: "0" }
  - { method: "<com.macro.mall.mapper.OmsOrderMapper: int updateByPrimaryKeySelective(com.macro.mall.model.OmsOrder)>", index: "0" }
  - { method: "<com.macro.mall.mapper.OmsOrderMapper: int updateByPrimaryKey(com.macro.mall.model.OmsOrder)>", index: "0" }
  - { method: "<com.macro.mall.mapper.OmsOrderMapper: int insert(com.macro.mall.model.OmsOrder)>", index: "0" }
  - { method: "<com.macro.mall.mapper.OmsOrderMapper: int insertSelective(com.macro.mall.model.OmsOrder)>", index: "0" }
  - { method: "<java.sql.Statement: java.sql.ResultSet executeQuery(java.lang.String)>", index: "0" }
  - { method: "<java.sql.Statement: int executeUpdate(java.lang.String)>", index: "0" }
  - { method: "<java.sql.Statement: boolean execute(java.lang.String)>", index: "0" }
  - { method: "<java.sql.Statement: void addBatch(java.lang.String)>", index: "0" }
  - { method: "<java.sql.Connection: java.sql.PreparedStatement prepareStatement(java.lang.String)>", index: "0" }
  - { method: "<java.sql.Connection: java.sql.CallableStatement prepareCall(java.lang.String)>", index: "0" }
  - { method: "<org.springframework.jdbc.core.JdbcTemplate: java.util.List query(java.lang.String,org.springframework.jdbc.core.RowMapper)>", index: "0" }
  - { method: "<org.springframework.jdbc.core.JdbcTemplate: java.lang.Object queryForObject(java.lang.String,java.lang.Class)>", index: "0" }
  - { method: "<org.springframework.jdbc.core.JdbcTemplate: java.util.List queryForList(java.lang.String,java.lang.Class)>", index: "0" }
  - { method: "<org.springframework.jdbc.core.JdbcTemplate: int update(java.lang.String)>", index: "0" }
  - { method: "<org.springframework.jdbc.core.JdbcTemplate: int[] batchUpdate(java.lang.String[])>", index: "0" }
  - { method: "<java.lang.Runtime: java.lang.Process exec(java.lang.String)>", index: "0" }
  - { method: "<java.lang.Runtime: java.lang.Process exec(java.lang.String[])>", index: "0" }
  - { method: "<java.lang.Runtime: java.lang.Process exec(java.lang.String,java.lang.String[])>", index: "0" }
  - { method: "<java.lang.Runtime: java.lang.Process exec(java.lang.String,java.lang.String[],java.io.File)>", index: "0" }
  - { method: "<java.lang.ProcessBuilder: void <init>(java.lang.String[])>", index: "0" }
  - { method: "<java.lang.ProcessBuilder: void <init>(java.util.List)>", index: "0" }
  - { method: "<java.lang.ProcessBuilder: java.lang.ProcessBuilder command(java.lang.String[])>", index: "0" }
  - { method: "<java.lang.ProcessBuilder: java.lang.ProcessBuilder command(java.util.List)>", index: "0" }
  - { method: "<java.io.File: void <init>(java.lang.String)>", index: "0" }
  - { method: "<java.io.File: void <init>(java.lang.String,java.lang.String)>", index: "0" }
  - { method: "<java.io.File: void <init>(java.lang.String,java.lang.String)>", index: "1" }
  - { method: "<java.io.FileInputStream: void <init>(java.lang.String)>", index: "0" }
  - { method: "<java.io.FileOutputStream: void <init>(java.lang.String)>", index: "0" }
  - { method: "<java.io.FileReader: void <init>(java.lang.String)>", index: "0" }
  - { method: "<java.io.FileWriter: void <init>(java.lang.String)>", index: "0" }
  - { method: "<java.nio.file.Paths: java.nio.file.Path get(java.lang.String,java.lang.String[])>", index: "0" }
  - { method: "<java.nio.file.Path: java.nio.file.Path resolve(java.lang.String)>", index: "0" }
  - { method: "<java.nio.file.Files: java.util.List readAllLines(java.nio.file.Path)>", index: "0" }
  - { method: "<java.nio.file.Files: byte[] readAllBytes(java.nio.file.Path)>", index: "0" }
  - { method: "<java.nio.file.Files: java.nio.file.Path write(java.nio.file.Path,byte[],java.nio.file.OpenOption[])>", index: "0" }
  - { method: "<java.io.PrintWriter: void print(java.lang.String)>", index: "0" }
  - { method: "<java.io.PrintWriter: void println(java.lang.String)>", index: "0" }
  - { method: "<java.io.PrintWriter: void write(java.lang.String)>", index: "0" }
  - { method: "<javax.servlet.ServletOutputStream: void print(java.lang.String)>", index: "0" }
  - { method: "<java.net.URL: void <init>(java.lang.String)>", index: "0" }
  - { method: "<java.net.URI: void <init>(java.lang.String)>", index: "0" }
  - { method: "<java.net.URI: java.net.URI create(java.lang.String)>", index: "0" }
  - { method: "<javax.servlet.http.HttpServletResponse: void sendRedirect(java.lang.String)>", index: "0" }
  - { method: "<javax.servlet.RequestDispatcher: void forward(javax.servlet.ServletRequest,javax.servlet.ServletResponse)>", index: "0" }
  - { method: "<javax.naming.directory.DirContext: javax.naming.NamingEnumeration search(java.lang.String,java.lang.String,javax.naming.directory.SearchControls)>", index: "0" }
  - { method: "<javax.naming.directory.DirContext: javax.naming.NamingEnumeration search(java.lang.String,java.lang.String,javax.naming.directory.SearchControls)>", index: "1" }
  - { method: "<javax.naming.directory.InitialDirContext: javax.naming.NamingEnumeration search(java.lang.String,java.lang.String,javax.naming.directory.SearchControls)>", index: "0" }
  - { method: "<javax.naming.directory.InitialDirContext: javax.naming.NamingEnumeration search(java.lang.String,java.lang.String,javax.naming.directory.SearchControls)>", index: "1" }
  - { method: "<javax.xml.xpath.XPath: java.lang.String evaluate(java.lang.String,java.lang.Object)>", index: "0" }
  - { method: "<javax.xml.xpath.XPath: javax.xml.xpath.XPathExpression compile(java.lang.String)>", index: "0" }
  - { method: "<javax.xml.parsers.DocumentBuilder: org.w3c.dom.Document parse(java.io.InputStream)>", index: "0" }
  - { method: "<javax.xml.parsers.DocumentBuilder: org.w3c.dom.Document parse(java.lang.String)>", index: "0" }
  - { method: "<javax.xml.parsers.SAXParser: void parse(java.io.InputStream,org.xml.sax.helpers.DefaultHandler)>", index: "0" }
  - { method: "<org.xml.sax.XMLReader: void parse(org.xml.sax.InputSource)>", index: "0" }
  - { method: "<java.io.ObjectInputStream: void <init>(java.io.InputStream)>", index: "0" }
  - { method: "<java.lang.Class: java.lang.Class forName(java.lang.String)>", index: "0" }
  - { method: "<java.lang.ClassLoader: java.lang.Class loadClass(java.lang.String)>", index: "0" }
  - { method: "<java.lang.reflect.Method: java.lang.Object invoke(java.lang.Object,java.lang.Object[])>", index: "1" }
  - { method: "<javax.servlet.ServletContext: javax.servlet.RequestDispatcher getRequestDispatcher(java.lang.String)>", index: "0" }
  - { method: "<javax.servlet.http.Cookie: void <init>(java.lang.String,java.lang.String)>", index: "1" }
  - { method: "<javax.servlet.http.Cookie: void setValue(java.lang.String)>", index: "0" }
  - { method: "<javax.servlet.http.HttpServletResponse: void addHeader(java.lang.String,java.lang.String)>", index: "1" }
  - { method: "<javax.servlet.http.HttpServletResponse: void setHeader(java.lang.String,java.lang.String)>", index: "1" }

transfers:
  - { method: "<java.lang.String: java.lang.String concat(java.lang.String)>", from: "base", to: "result", type: "java.lang.String" }
  - { method: "<java.lang.String: java.lang.String concat(java.lang.String)>", from: "0", to: "result", type: "java.lang.String" }
  - { method: "<java.lang.String: java.lang.String substring(int)>", from: "base", to: "result", type: "java.lang.String" }
  - { method: "<java.lang.String: java.lang.String substring(int,int)>", from: "base", to: "result", type: "java.lang.String" }
  - { method: "<java.lang.String: java.lang.String replace(char,char)>", from: "base", to: "result", type: "java.lang.String" }
  - { method: "<java.lang.String: java.lang.String replace(java.lang.CharSequence,java.lang.CharSequence)>", from: "base", to: "result", type: "java.lang.String" }
  - { method: "<java.lang.String: java.lang.String replaceAll(java.lang.String,java.lang.String)>", from: "base", to: "result", type: "java.lang.String" }
  - { method: "<java.lang.String: java.lang.String replaceFirst(java.lang.String,java.lang.String)>", from: "base", to: "result", type: "java.lang.String" }
  - { method: "<java.lang.String: java.lang.String trim()>", from: "base", to: "result", type: "java.lang.String" }
  - { method: "<java.lang.String: java.lang.String strip()>", from: "base", to: "result", type: "java.lang.String" }
  - { method: "<java.lang.String: java.lang.String stripLeading()>", from: "base", to: "result", type: "java.lang.String" }
  - { method: "<java.lang.String: java.lang.String stripTrailing()>", from: "base", to: "result", type: "java.lang.String" }
  - { method: "<java.lang.String: java.lang.String toLowerCase()>", from: "base", to: "result", type: "java.lang.String" }
  - { method: "<java.lang.String: java.lang.String toLowerCase(java.util.Locale)>", from: "base", to: "result", type: "java.lang.String" }
  - { method: "<java.lang.String: java.lang.String toUpperCase()>", from: "base", to: "result", type: "java.lang.String" }
  - { method: "<java.lang.String: java.lang.String toUpperCase(java.util.Locale)>", from: "base", to: "result", type: "java.lang.String" }
  - { method: "<java.lang.String: java.lang.String intern()>", from: "base", to: "result", type: "java.lang.String" }
  - { method: "<java.lang.String: java.lang.String valueOf(java.lang.Object)>", from: "0", to: "result", type: "java.lang.String" }
  - { method: "<java.lang.String: java.lang.String valueOf(char[])>", from: "0", to: "result", type: "java.lang.String" }
  - { method: "<java.lang.String: java.lang.String format(java.lang.String,java.lang.Object[])>", from: "0", to: "result", type: "java.lang.String" }
  - { method: "<java.lang.String: java.lang.String format(java.util.Locale,java.lang.String,java.lang.Object[])>", from: "1", to: "result", type: "java.lang.String" }
  - { method: "<java.lang.String: java.lang.String join(java.lang.CharSequence,java.lang.CharSequence[])>", from: "1", to: "result", type: "java.lang.String" }
  - { method: "<java.lang.String: java.lang.String join(java.lang.CharSequence,java.lang.Iterable)>", from: "1", to: "result", type: "java.lang.String" }
  - { method: "<java.lang.String: char[] toCharArray()>", from: "base", to: "result", type: "char[]" }
  - { method: "<java.lang.StringBuilder: java.lang.StringBuilder append(java.lang.String)>", from: "0", to: "base", type: "java.lang.StringBuilder" }
  - { method: "<java.lang.StringBuilder: java.lang.StringBuilder append(java.lang.Object)>", from: "0", to: "base", type: "java.lang.StringBuilder" }
  - { method: "<java.lang.StringBuilder: java.lang.StringBuilder append(java.lang.CharSequence)>", from: "0", to: "base", type: "java.lang.StringBuilder" }
  - { method: "<java.lang.StringBuilder: java.lang.StringBuilder append(char[])>", from: "0", to: "base", type: "java.lang.StringBuilder" }
  - { method: "<java.lang.StringBuilder: java.lang.StringBuilder append(boolean)>", from: "0", to: "base", type: "java.lang.StringBuilder" }
  - { method: "<java.lang.StringBuilder: java.lang.StringBuilder append(int)>", from: "0", to: "base", type: "java.lang.StringBuilder" }
  - { method: "<java.lang.StringBuilder: java.lang.StringBuilder append(long)>", from: "0", to: "base", type: "java.lang.StringBuilder" }
  - { method: "<java.lang.StringBuilder: java.lang.StringBuilder append(java.lang.String)>", from: "base", to: "result", type: "java.lang.StringBuilder" }
  - { method: "<java.lang.StringBuilder: java.lang.StringBuilder append(java.lang.Object)>", from: "base", to: "result", type: "java.lang.StringBuilder" }
  - { method: "<java.lang.StringBuilder: java.lang.StringBuilder append(java.lang.CharSequence)>", from: "base", to: "result", type: "java.lang.StringBuilder" }
  - { method: "<java.lang.StringBuilder: java.lang.String toString()>", from: "base", to: "result", type: "java.lang.String" }
  - { method: "<java.lang.StringBuilder: java.lang.StringBuilder insert(int,java.lang.String)>", from: "1", to: "base", type: "java.lang.StringBuilder" }
  - { method: "<java.lang.StringBuilder: java.lang.StringBuilder insert(int,java.lang.Object)>", from: "1", to: "base", type: "java.lang.StringBuilder" }
  - { method: "<java.lang.StringBuilder: java.lang.StringBuilder insert(int,java.lang.CharSequence)>", from: "1", to: "base", type: "java.lang.StringBuilder" }
  - { method: "<java.lang.StringBuffer: java.lang.StringBuffer append(java.lang.String)>", from: "0", to: "base", type: "java.lang.StringBuffer" }
  - { method: "<java.lang.StringBuffer: java.lang.StringBuffer append(java.lang.Object)>", from: "0", to: "base", type: "java.lang.StringBuffer" }
  - { method: "<java.lang.StringBuffer: java.lang.StringBuffer append(java.lang.String)>", from: "base", to: "result", type: "java.lang.StringBuffer" }
  - { method: "<java.lang.StringBuffer: java.lang.StringBuffer append(java.lang.Object)>", from: "base", to: "result", type: "java.lang.StringBuffer" }
  - { method: "<java.lang.StringBuffer: java.lang.String toString()>", from: "base", to: "result", type: "java.lang.String" }
  - { method: "<java.util.Map: java.lang.Object get(java.lang.Object)>", from: "base", to: "result", type: "java.lang.Object" }
  - { method: "<java.util.HashMap: java.lang.Object get(java.lang.Object)>", from: "base", to: "result", type: "java.lang.Object" }
  - { method: "<java.util.LinkedHashMap: java.lang.Object get(java.lang.Object)>", from: "base", to: "result", type: "java.lang.Object" }
  - { method: "<java.util.TreeMap: java.lang.Object get(java.lang.Object)>", from: "base", to: "result", type: "java.lang.Object" }
  - { method: "<java.util.concurrent.ConcurrentHashMap: java.lang.Object get(java.lang.Object)>", from: "base", to: "result", type: "java.lang.Object" }
  - { method: "<java.util.Map: java.lang.Object put(java.lang.Object,java.lang.Object)>", from: "1", to: "base", type: "java.util.Map" }
  - { method: "<java.util.HashMap: java.lang.Object put(java.lang.Object,java.lang.Object)>", from: "1", to: "base", type: "java.util.HashMap" }
  - { method: "<java.util.Map: void putAll(java.util.Map)>", from: "0", to: "base", type: "java.util.Map" }
  - { method: "<java.util.Map: java.util.Collection values()>", from: "base", to: "result", type: "java.util.Collection" }
  - { method: "<java.util.Map: java.util.Set entrySet()>", from: "base", to: "result", type: "java.util.Set" }
  - { method: "<java.util.Map$Entry: java.lang.Object getValue()>", from: "base", to: "result", type: "java.lang.Object" }
  - { method: "<java.util.Map$Entry: java.lang.Object getKey()>", from: "base", to: "result", type: "java.lang.Object" }
  - { method: "<java.util.List: java.lang.Object get(int)>", from: "base", to: "result", type: "java.lang.Object" }
  - { method: "<java.util.ArrayList: java.lang.Object get(int)>", from: "base", to: "result", type: "java.lang.Object" }
  - { method: "<java.util.LinkedList: java.lang.Object get(int)>", from: "base", to: "result", type: "java.lang.Object" }
  - { method: "<java.util.List: boolean add(java.lang.Object)>", from: "0", to: "base", type: "java.util.List" }
  - { method: "<java.util.ArrayList: boolean add(java.lang.Object)>", from: "0", to: "base", type: "java.util.ArrayList" }
  - { method: "<java.util.LinkedList: boolean add(java.lang.Object)>", from: "0", to: "base", type: "java.util.LinkedList" }
  - { method: "<java.util.Collection: boolean add(java.lang.Object)>", from: "0", to: "base", type: "java.util.Collection" }
  - { method: "<java.util.Iterator: java.lang.Object next()>", from: "base", to: "result", type: "java.lang.Object" }
  - { method: "<java.util.ListIterator: java.lang.Object next()>", from: "base", to: "result", type: "java.lang.Object" }
  - { method: "<java.util.Optional: java.lang.Object get()>", from: "base", to: "result", type: "java.lang.Object" }
  - { method: "<java.util.Optional: java.lang.Object orElse(java.lang.Object)>", from: "base", to: "result", type: "java.lang.Object" }
  - { method: "<java.util.Optional: java.lang.Object orElseGet(java.util.function.Supplier)>", from: "base", to: "result", type: "java.lang.Object" }
  - { method: "<java.util.Optional: java.util.Optional of(java.lang.Object)>", from: "0", to: "result", type: "java.util.Optional" }
  - { method: "<java.util.Optional: java.util.Optional ofNullable(java.lang.Object)>", from: "0", to: "result", type: "java.util.Optional" }
  - { method: "<java.lang.Object: java.lang.String toString()>", from: "base", to: "result", type: "java.lang.String" }
  - { method: "<javax.servlet.ServletRequest: java.lang.String getParameter(java.lang.String)>", from: "base", to: "result", type: "java.lang.String" }
  - { method: "<javax.servlet.http.HttpServletRequest: java.lang.String getHeader(java.lang.String)>", from: "base", to: "result", type: "java.lang.String" }
  - { method: "<javax.servlet.http.HttpServletRequest: java.lang.String getQueryString()>", from: "base", to: "result", type: "java.lang.String" }
  - { method: "<javax.servlet.http.HttpServletRequest: java.lang.String getRequestURI()>", from: "base", to: "result", type: "java.lang.String" }
  - { method: "<javax.servlet.http.HttpServletRequest: java.lang.StringBuffer getRequestURL()>", from: "base", to: "result", type: "java.lang.StringBuffer" }
  - { method: "<org.apache.shiro.subject.Subject: java.lang.Object getPrincipal()>", from: "base", to: "result", type: "java.lang.Object" }
  - { method: "<org.apache.shiro.subject.Subject: org.apache.shiro.subject.PrincipalCollection getPrincipals()>", from: "base", to: "result", type: "org.apache.shiro.subject.PrincipalCollection" }
  - { method: "<org.apache.shiro.subject.PrincipalCollection: java.lang.Object getPrimaryPrincipal()>", from: "base", to: "result", type: "java.lang.Object" }
  - { method: "<org.apache.shiro.subject.PrincipalCollection: java.util.Collection fromRealm(java.lang.String)>", from: "base", to: "result", type: "java.util.Collection" }
  - { method: "<javax.servlet.http.HttpSession: java.lang.Object getAttribute(java.lang.String)>", from: "base", to: "result", type: "java.lang.Object" }
  - { method: "<javax.servlet.http.HttpSession: java.lang.Object getValue(java.lang.String)>", from: "base", to: "result", type: "java.lang.Object" }
  - { method: "<javax.servlet.http.HttpSession: void setAttribute(java.lang.String,java.lang.Object)>", from: "1", to: "base", type: "javax.servlet.http.HttpSession" }
  - { method: "<java.lang.ThreadLocal: java.lang.Object get()>", from: "base", to: "result", type: "java.lang.Object" }

Initializing global bean mock objects for beans...
Initialized 88 global bean objects.
>>> AOP Match Found! Method: [<com.macro.mall.portal.controller.UmsMemberCouponController: com.macro.mall.common.api.CommonResult add(java.lang.Long)>], Aspect: [com.macro.mall.common.log.WebLogAspect]
>>> AOP Match Found! Method: [<com.macro.mall.portal.controller.UmsMemberCouponController: com.macro.mall.common.api.CommonResult listHistory(java.lang.Integer)>], Aspect: [com.macro.mall.common.log.WebLogAspect]
>>> AOP Match Found! Method: [<com.macro.mall.portal.controller.UmsMemberCouponController: com.macro.mall.common.api.CommonResult list(java.lang.Integer)>], Aspect: [com.macro.mall.common.log.WebLogAspect]
>>> AOP Match Found! Method: [<com.macro.mall.portal.controller.UmsMemberCouponController: com.macro.mall.common.api.CommonResult listCart(java.lang.Integer)>], Aspect: [com.macro.mall.common.log.WebLogAspect]
>>> AOP Match Found! Method: [<com.macro.mall.portal.controller.UmsMemberCouponController: com.macro.mall.common.api.CommonResult listByProduct(java.lang.Long)>], Aspect: [com.macro.mall.common.log.WebLogAspect]
>>> AOP Match Found! Method: [<com.macro.mall.portal.controller.HomeController: com.macro.mall.common.api.CommonResult content()>], Aspect: [com.macro.mall.common.log.WebLogAspect]
Added entry point (Empty): <com.macro.mall.portal.controller.HomeController: com.macro.mall.common.api.CommonResult content()>
>>> AOP Match Found! Method: [<com.macro.mall.portal.controller.HomeController: com.macro.mall.common.api.CommonResult recommendProductList(java.lang.Integer,java.lang.Integer)>], Aspect: [com.macro.mall.common.log.WebLogAspect]
>>> AOP Match Found! Method: [<com.macro.mall.portal.controller.HomeController: com.macro.mall.common.api.CommonResult getProductCateList(java.lang.Long)>], Aspect: [com.macro.mall.common.log.WebLogAspect]
>>> AOP Match Found! Method: [<com.macro.mall.portal.controller.HomeController: com.macro.mall.common.api.CommonResult getSubjectList(java.lang.Long,java.lang.Integer,java.lang.Integer)>], Aspect: [com.macro.mall.common.log.WebLogAspect]
>>> AOP Match Found! Method: [<com.macro.mall.portal.controller.HomeController: com.macro.mall.common.api.CommonResult hotProductList(java.lang.Integer,java.lang.Integer)>], Aspect: [com.macro.mall.common.log.WebLogAspect]
>>> AOP Match Found! Method: [<com.macro.mall.portal.controller.HomeController: com.macro.mall.common.api.CommonResult newProductList(java.lang.Integer,java.lang.Integer)>], Aspect: [com.macro.mall.common.log.WebLogAspect]
>>> AOP Match Found! Method: [<com.macro.mall.portal.controller.OmsCartItemController: com.macro.mall.common.api.CommonResult add(com.macro.mall.model.OmsCartItem)>], Aspect: [com.macro.mall.common.log.WebLogAspect]
>>> AOP Match Found! Method: [<com.macro.mall.portal.controller.OmsCartItemController: com.macro.mall.common.api.CommonResult list()>], Aspect: [com.macro.mall.common.log.WebLogAspect]
Added entry point (Empty): <com.macro.mall.portal.controller.OmsCartItemController: com.macro.mall.common.api.CommonResult list()>
>>> AOP Match Found! Method: [<com.macro.mall.portal.controller.OmsCartItemController: com.macro.mall.common.api.CommonResult listPromotion(java.util.List)>], Aspect: [com.macro.mall.common.log.WebLogAspect]
>>> AOP Match Found! Method: [<com.macro.mall.portal.controller.OmsCartItemController: com.macro.mall.common.api.CommonResult updateQuantity(java.lang.Long,java.lang.Integer)>], Aspect: [com.macro.mall.common.log.WebLogAspect]
>>> AOP Match Found! Method: [<com.macro.mall.portal.controller.OmsCartItemController: com.macro.mall.common.api.CommonResult getCartProduct(java.lang.Long)>], Aspect: [com.macro.mall.common.log.WebLogAspect]
>>> AOP Match Found! Method: [<com.macro.mall.portal.controller.OmsCartItemController: com.macro.mall.common.api.CommonResult updateAttr(com.macro.mall.model.OmsCartItem)>], Aspect: [com.macro.mall.common.log.WebLogAspect]
>>> AOP Match Found! Method: [<com.macro.mall.portal.controller.OmsCartItemController: com.macro.mall.common.api.CommonResult delete(java.util.List)>], Aspect: [com.macro.mall.common.log.WebLogAspect]
>>> AOP Match Found! Method: [<com.macro.mall.portal.controller.OmsCartItemController: com.macro.mall.common.api.CommonResult clear()>], Aspect: [com.macro.mall.common.log.WebLogAspect]
Added entry point (Empty): <com.macro.mall.portal.controller.OmsCartItemController: com.macro.mall.common.api.CommonResult clear()>
>>> AOP Match Found! Method: [<com.macro.mall.portal.controller.PmsPortalProductController: com.macro.mall.common.api.CommonResult search(java.lang.String,java.lang.Long,java.lang.Long,java.lang.Integer,java.lang.Integer,java.lang.Integer)>], Aspect: [com.macro.mall.common.log.WebLogAspect]
>>> AOP Match Found! Method: [<com.macro.mall.portal.controller.PmsPortalProductController: com.macro.mall.common.api.CommonResult categoryTreeList()>], Aspect: [com.macro.mall.common.log.WebLogAspect]
Added entry point (Empty): <com.macro.mall.portal.controller.PmsPortalProductController: com.macro.mall.common.api.CommonResult categoryTreeList()>
>>> AOP Match Found! Method: [<com.macro.mall.portal.controller.PmsPortalProductController: com.macro.mall.common.api.CommonResult detail(java.lang.Long)>], Aspect: [com.macro.mall.common.log.WebLogAspect]
>>> AOP Match Found! Method: [<com.macro.mall.portal.controller.UmsMemberReceiveAddressController: com.macro.mall.common.api.CommonResult add(com.macro.mall.model.UmsMemberReceiveAddress)>], Aspect: [com.macro.mall.common.log.WebLogAspect]
>>> AOP Match Found! Method: [<com.macro.mall.portal.controller.UmsMemberReceiveAddressController: com.macro.mall.common.api.CommonResult delete(java.lang.Long)>], Aspect: [com.macro.mall.common.log.WebLogAspect]
>>> AOP Match Found! Method: [<com.macro.mall.portal.controller.UmsMemberReceiveAddressController: com.macro.mall.common.api.CommonResult update(java.lang.Long,com.macro.mall.model.UmsMemberReceiveAddress)>], Aspect: [com.macro.mall.common.log.WebLogAspect]
>>> AOP Match Found! Method: [<com.macro.mall.portal.controller.UmsMemberReceiveAddressController: com.macro.mall.common.api.CommonResult list()>], Aspect: [com.macro.mall.common.log.WebLogAspect]
Added entry point (Empty): <com.macro.mall.portal.controller.UmsMemberReceiveAddressController: com.macro.mall.common.api.CommonResult list()>
>>> AOP Match Found! Method: [<com.macro.mall.portal.controller.UmsMemberReceiveAddressController: com.macro.mall.common.api.CommonResult getItem(java.lang.Long)>], Aspect: [com.macro.mall.common.log.WebLogAspect]
>>> AOP Match Found! Method: [<com.macro.mall.portal.controller.OmsPortalOrderReturnApplyController: com.macro.mall.common.api.CommonResult create(com.macro.mall.portal.domain.OmsOrderReturnApplyParam)>], Aspect: [com.macro.mall.common.log.WebLogAspect]
>>> AOP Match Found! Method: [<com.macro.mall.portal.controller.PmsPortalBrandController: com.macro.mall.common.api.CommonResult recommendList(java.lang.Integer,java.lang.Integer)>], Aspect: [com.macro.mall.common.log.WebLogAspect]
>>> AOP Match Found! Method: [<com.macro.mall.portal.controller.PmsPortalBrandController: com.macro.mall.common.api.CommonResult detail(java.lang.Long)>], Aspect: [com.macro.mall.common.log.WebLogAspect]
>>> AOP Match Found! Method: [<com.macro.mall.portal.controller.PmsPortalBrandController: com.macro.mall.common.api.CommonResult productList(java.lang.Long,java.lang.Integer,java.lang.Integer)>], Aspect: [com.macro.mall.common.log.WebLogAspect]
>>> AOP Match Found! Method: [<com.macro.mall.portal.controller.OmsPortalOrderController: com.macro.mall.common.api.CommonResult generateConfirmOrder(java.util.List)>], Aspect: [com.macro.mall.common.log.WebLogAspect]
>>> AOP Match Found! Method: [<com.macro.mall.portal.controller.OmsPortalOrderController: com.macro.mall.common.api.CommonResult generateOrder(com.macro.mall.portal.domain.OrderParam)>], Aspect: [com.macro.mall.common.log.WebLogAspect]
>>> AOP Match Found! Method: [<com.macro.mall.portal.controller.OmsPortalOrderController: com.macro.mall.common.api.CommonResult paySuccess(java.lang.Long,java.lang.Integer)>], Aspect: [com.macro.mall.common.log.WebLogAspect]
>>> AOP Match Found! Method: [<com.macro.mall.portal.controller.OmsPortalOrderController: com.macro.mall.common.api.CommonResult cancelTimeOutOrder()>], Aspect: [com.macro.mall.common.log.WebLogAspect]
Added entry point (Empty): <com.macro.mall.portal.controller.OmsPortalOrderController: com.macro.mall.common.api.CommonResult cancelTimeOutOrder()>
>>> AOP Match Found! Method: [<com.macro.mall.portal.controller.OmsPortalOrderController: com.macro.mall.common.api.CommonResult cancelOrder(java.lang.Long)>], Aspect: [com.macro.mall.common.log.WebLogAspect]
>>> AOP Match Found! Method: [<com.macro.mall.portal.controller.OmsPortalOrderController: com.macro.mall.common.api.CommonResult list(java.lang.Integer,java.lang.Integer,java.lang.Integer)>], Aspect: [com.macro.mall.common.log.WebLogAspect]
>>> AOP Match Found! Method: [<com.macro.mall.portal.controller.OmsPortalOrderController: com.macro.mall.common.api.CommonResult detail(java.lang.Long)>], Aspect: [com.macro.mall.common.log.WebLogAspect]
>>> AOP Match Found! Method: [<com.macro.mall.portal.controller.OmsPortalOrderController: com.macro.mall.common.api.CommonResult cancelUserOrder(java.lang.Long)>], Aspect: [com.macro.mall.common.log.WebLogAspect]
>>> AOP Match Found! Method: [<com.macro.mall.portal.controller.OmsPortalOrderController: com.macro.mall.common.api.CommonResult confirmReceiveOrder(java.lang.Long)>], Aspect: [com.macro.mall.common.log.WebLogAspect]
>>> AOP Match Found! Method: [<com.macro.mall.portal.controller.OmsPortalOrderController: com.macro.mall.common.api.CommonResult deleteOrder(java.lang.Long)>], Aspect: [com.macro.mall.common.log.WebLogAspect]
>>> AOP Match Found! Method: [<com.macro.mall.portal.controller.UmsMemberController: com.macro.mall.common.api.CommonResult register(java.lang.String,java.lang.String,java.lang.String,java.lang.String)>], Aspect: [com.macro.mall.common.log.WebLogAspect]
>>> AOP Match Found! Method: [<com.macro.mall.portal.controller.UmsMemberController: com.macro.mall.common.api.CommonResult login(java.lang.String,java.lang.String)>], Aspect: [com.macro.mall.common.log.WebLogAspect]
>>> AOP Match Found! Method: [<com.macro.mall.portal.controller.UmsMemberController: com.macro.mall.common.api.CommonResult info(java.security.Principal)>], Aspect: [com.macro.mall.common.log.WebLogAspect]
>>> AOP Match Found! Method: [<com.macro.mall.portal.controller.UmsMemberController: com.macro.mall.common.api.CommonResult getAuthCode(java.lang.String)>], Aspect: [com.macro.mall.common.log.WebLogAspect]
>>> AOP Match Found! Method: [<com.macro.mall.portal.controller.UmsMemberController: com.macro.mall.common.api.CommonResult updatePassword(java.lang.String,java.lang.String,java.lang.String)>], Aspect: [com.macro.mall.common.log.WebLogAspect]
>>> AOP Match Found! Method: [<com.macro.mall.portal.controller.MemberProductCollectionController: com.macro.mall.common.api.CommonResult add(com.macro.mall.portal.domain.MemberProductCollection)>], Aspect: [com.macro.mall.common.log.WebLogAspect]
>>> AOP Match Found! Method: [<com.macro.mall.portal.controller.MemberProductCollectionController: com.macro.mall.common.api.CommonResult delete(java.lang.Long)>], Aspect: [com.macro.mall.common.log.WebLogAspect]
>>> AOP Match Found! Method: [<com.macro.mall.portal.controller.MemberProductCollectionController: com.macro.mall.common.api.CommonResult list(java.lang.Integer,java.lang.Integer)>], Aspect: [com.macro.mall.common.log.WebLogAspect]
>>> AOP Match Found! Method: [<com.macro.mall.portal.controller.MemberProductCollectionController: com.macro.mall.common.api.CommonResult detail(java.lang.Long)>], Aspect: [com.macro.mall.common.log.WebLogAspect]
>>> AOP Match Found! Method: [<com.macro.mall.portal.controller.MemberProductCollectionController: com.macro.mall.common.api.CommonResult clear()>], Aspect: [com.macro.mall.common.log.WebLogAspect]
Added entry point (Empty): <com.macro.mall.portal.controller.MemberProductCollectionController: com.macro.mall.common.api.CommonResult clear()>
>>> AOP Match Found! Method: [<com.macro.mall.portal.controller.MemberReadHistoryController: com.macro.mall.common.api.CommonResult create(com.macro.mall.portal.domain.MemberReadHistory)>], Aspect: [com.macro.mall.common.log.WebLogAspect]
>>> AOP Match Found! Method: [<com.macro.mall.portal.controller.MemberReadHistoryController: com.macro.mall.common.api.CommonResult delete(java.util.List)>], Aspect: [com.macro.mall.common.log.WebLogAspect]
>>> AOP Match Found! Method: [<com.macro.mall.portal.controller.MemberReadHistoryController: com.macro.mall.common.api.CommonResult clear()>], Aspect: [com.macro.mall.common.log.WebLogAspect]
Added entry point (Empty): <com.macro.mall.portal.controller.MemberReadHistoryController: com.macro.mall.common.api.CommonResult clear()>
>>> AOP Match Found! Method: [<com.macro.mall.portal.controller.MemberReadHistoryController: com.macro.mall.common.api.CommonResult list(java.lang.Integer,java.lang.Integer)>], Aspect: [com.macro.mall.common.log.WebLogAspect]
>>> AOP Match Found! Method: [<com.macro.mall.portal.controller.MemberAttentionController: com.macro.mall.common.api.CommonResult add(com.macro.mall.portal.domain.MemberBrandAttention)>], Aspect: [com.macro.mall.common.log.WebLogAspect]
>>> AOP Match Found! Method: [<com.macro.mall.portal.controller.MemberAttentionController: com.macro.mall.common.api.CommonResult delete(java.lang.Long)>], Aspect: [com.macro.mall.common.log.WebLogAspect]
>>> AOP Match Found! Method: [<com.macro.mall.portal.controller.MemberAttentionController: com.macro.mall.common.api.CommonResult list(java.lang.Integer,java.lang.Integer)>], Aspect: [com.macro.mall.common.log.WebLogAspect]
>>> AOP Match Found! Method: [<com.macro.mall.portal.controller.MemberAttentionController: com.macro.mall.common.api.CommonResult detail(java.lang.Long)>], Aspect: [com.macro.mall.common.log.WebLogAspect]
>>> AOP Match Found! Method: [<com.macro.mall.portal.controller.MemberAttentionController: com.macro.mall.common.api.CommonResult clear()>], Aspect: [com.macro.mall.common.log.WebLogAspect]
Added entry point (Empty): <com.macro.mall.portal.controller.MemberAttentionController: com.macro.mall.common.api.CommonResult clear()>
>>> AOP Match Found! Method: [<com.macro.mall.portal.controller.AlipayController: void pay(com.macro.mall.portal.domain.AliPayParam,javax.servlet.http.HttpServletResponse)>], Aspect: [com.macro.mall.common.log.WebLogAspect]
>>> AOP Match Found! Method: [<com.macro.mall.portal.controller.AlipayController: void webPay(com.macro.mall.portal.domain.AliPayParam,javax.servlet.http.HttpServletResponse)>], Aspect: [com.macro.mall.common.log.WebLogAspect]
>>> AOP Match Found! Method: [<com.macro.mall.portal.controller.AlipayController: com.macro.mall.common.api.CommonResult query(java.lang.String,java.lang.String)>], Aspect: [com.macro.mall.common.log.WebLogAspect]
>>> AOP Match Found! Method: [<com.macro.mall.demo.controller.RestTemplateDemoController: java.lang.Object getForEntity(java.lang.Long)>], Aspect: [com.macro.mall.common.log.WebLogAspect]
>>> AOP Match Found! Method: [<com.macro.mall.demo.controller.RestTemplateDemoController: java.lang.Object getForEntity2(java.lang.Long)>], Aspect: [com.macro.mall.common.log.WebLogAspect]
>>> AOP Match Found! Method: [<com.macro.mall.demo.controller.RestTemplateDemoController: java.lang.Object getForEntity3(java.lang.Long)>], Aspect: [com.macro.mall.common.log.WebLogAspect]
>>> AOP Match Found! Method: [<com.macro.mall.demo.controller.RestTemplateDemoController: java.lang.Object getForObject(java.lang.Long)>], Aspect: [com.macro.mall.common.log.WebLogAspect]
>>> AOP Match Found! Method: [<com.macro.mall.demo.controller.RestTemplateDemoController: java.lang.Object postForEntity(com.macro.mall.model.PmsBrand)>], Aspect: [com.macro.mall.common.log.WebLogAspect]
>>> AOP Match Found! Method: [<com.macro.mall.demo.controller.RestTemplateDemoController: java.lang.Object postForObject(com.macro.mall.model.PmsBrand)>], Aspect: [com.macro.mall.common.log.WebLogAspect]
>>> AOP Match Found! Method: [<com.macro.mall.demo.controller.RestTemplateDemoController: java.lang.Object postForEntity3(java.lang.String)>], Aspect: [com.macro.mall.common.log.WebLogAspect]
>>> AOP Match Found! Method: [<com.macro.mall.demo.controller.DemoController: com.macro.mall.common.api.CommonResult getBrandList()>], Aspect: [com.macro.mall.common.log.WebLogAspect]
Added entry point (Empty): <com.macro.mall.demo.controller.DemoController: com.macro.mall.common.api.CommonResult getBrandList()>
>>> AOP Match Found! Method: [<com.macro.mall.demo.controller.DemoController: void <clinit>()>], Aspect: [com.macro.mall.common.log.WebLogAspect]
>>> AOP Match Found! Method: [<com.macro.mall.demo.controller.DemoController: com.macro.mall.common.api.CommonResult createBrand(com.macro.mall.demo.dto.PmsBrandDto)>], Aspect: [com.macro.mall.common.log.WebLogAspect]
>>> AOP Match Found! Method: [<com.macro.mall.demo.controller.DemoController: com.macro.mall.common.api.CommonResult updateBrand(java.lang.Long,com.macro.mall.demo.dto.PmsBrandDto)>], Aspect: [com.macro.mall.common.log.WebLogAspect]
>>> AOP Match Found! Method: [<com.macro.mall.demo.controller.DemoController: com.macro.mall.common.api.CommonResult deleteBrand(java.lang.Long)>], Aspect: [com.macro.mall.common.log.WebLogAspect]
>>> AOP Match Found! Method: [<com.macro.mall.demo.controller.DemoController: com.macro.mall.common.api.CommonResult listBrand(java.lang.Integer,java.lang.Integer)>], Aspect: [com.macro.mall.common.log.WebLogAspect]
>>> AOP Match Found! Method: [<com.macro.mall.demo.controller.DemoController: com.macro.mall.common.api.CommonResult brand(java.lang.Long)>], Aspect: [com.macro.mall.common.log.WebLogAspect]
Initializing global aspect mock objects...
No implementation found for interface: com.macro.mall.common.service.RedisService
No bean found for concrete class: org.springframework.amqp.core.AmqpTemplate
No bean found for concrete class: com.macro.mall.common.service.RedisService
No bean found for concrete class: com.macro.mall.common.service.RedisService
No bean found for concrete class: com.macro.mall.common.service.RedisService
No bean found for concrete class: com.macro.mall.common.service.RedisService
No bean found for concrete class: com.macro.mall.common.service.RedisService
[Pointer analysis] elapsed time: 0.15s
Detected 14 taint flow(s):
TaintFlow{<com.macro.mall.demo.controller.DemoController: com.macro.mall.common.api.CommonResult brand(java.lang.Long)>/0 -> <com.macro.mall.demo.service.impl.DemoServiceImpl: com.macro.mall.model.PmsBrand getBrand(java.lang.Long)>[1@L57] $r3 = invokeinterface $r2.selectByPrimaryKey(id)/0}
TaintFlow{<com.macro.mall.demo.controller.DemoController: com.macro.mall.common.api.CommonResult deleteBrand(java.lang.Long)>/0 -> <com.macro.mall.demo.service.impl.DemoServiceImpl: int deleteBrand(java.lang.Long)>[1@L46] $i0 = invokeinterface $r2.deleteByPrimaryKey(id)/0}
TaintFlow{<com.macro.mall.portal.controller.OmsCartItemController: com.macro.mall.common.api.CommonResult add(com.macro.mall.model.OmsCartItem)>/0 -> <com.macro.mall.portal.service.impl.OmsCartItemServiceImpl: int add(com.macro.mall.model.OmsCartItem)>[15@L48] i3 = invokeinterface $r14.insert(cartItem)/0}
TaintFlow{<com.macro.mall.portal.controller.OmsCartItemController: com.macro.mall.common.api.CommonResult getCartProduct(java.lang.Long)>/0 -> <com.macro.mall.portal.service.impl.OmsCartItemServiceImpl: com.macro.mall.portal.domain.CartProduct getCartProduct(java.lang.Long)>[1@L115] $r3 = invokeinterface $r2.getCartProduct(productId)/0}
TaintFlow{<com.macro.mall.portal.controller.OmsCartItemController: com.macro.mall.common.api.CommonResult updateAttr(com.macro.mall.model.OmsCartItem)>/0 -> <com.macro.mall.portal.service.impl.OmsCartItemServiceImpl: int add(com.macro.mall.model.OmsCartItem)>[15@L48] i3 = invokeinterface $r14.insert(cartItem)/0}
TaintFlow{<com.macro.mall.portal.controller.OmsPortalOrderController: com.macro.mall.common.api.CommonResult confirmReceiveOrder(java.lang.Long)>/0 -> <com.macro.mall.portal.service.impl.OmsPortalOrderServiceImpl: void confirmReceiveOrder(java.lang.Long)>[3@L362] $r5 = invokeinterface $r4.selectByPrimaryKey(orderId)/0}
TaintFlow{<com.macro.mall.portal.controller.OmsPortalOrderController: com.macro.mall.common.api.CommonResult deleteOrder(java.lang.Long)>/0 -> <com.macro.mall.portal.service.impl.OmsPortalOrderServiceImpl: void deleteOrder(java.lang.Long)>[3@L433] $r5 = invokeinterface $r4.selectByPrimaryKey(orderId)/0}
TaintFlow{<com.macro.mall.portal.controller.OmsPortalOrderController: com.macro.mall.common.api.CommonResult detail(java.lang.Long)>/0 -> <com.macro.mall.portal.service.impl.OmsPortalOrderServiceImpl: com.macro.mall.portal.domain.OmsOrderDetail detail(java.lang.Long)>[1@L420] $r3 = invokeinterface $r2.selectByPrimaryKey(orderId)/0}
TaintFlow{<com.macro.mall.portal.controller.OmsPortalOrderController: com.macro.mall.common.api.CommonResult paySuccess(java.lang.Long,java.lang.Integer)>/0 -> <com.macro.mall.portal.service.impl.OmsPortalOrderServiceImpl: java.lang.Integer paySuccess(java.lang.Long,java.lang.Integer)>[26@L273] $r15 = invokeinterface $r14.getDetail(orderId)/0}
TaintFlow{<com.macro.mall.portal.controller.PmsPortalBrandController: com.macro.mall.common.api.CommonResult detail(java.lang.Long)>/0 -> <com.macro.mall.portal.service.impl.PmsPortalBrandServiceImpl: com.macro.mall.model.PmsBrand detail(java.lang.Long)>[1@L38] $r3 = invokeinterface $r2.selectByPrimaryKey(brandId)/0}
TaintFlow{<com.macro.mall.portal.controller.PmsPortalProductController: com.macro.mall.common.api.CommonResult detail(java.lang.Long)>/0 -> <com.macro.mall.portal.service.impl.PmsPortalProductServiceImpl: com.macro.mall.portal.domain.PmsPortalProductDetail detail(java.lang.Long)>[3@L88] $r4 = invokeinterface $r3.selectByPrimaryKey(id)/0}
TaintFlow{<com.macro.mall.portal.controller.UmsMemberCouponController: com.macro.mall.common.api.CommonResult add(java.lang.Long)>/0 -> <com.macro.mall.portal.service.impl.UmsMemberCouponServiceImpl: void add(java.lang.Long)>[3@L46] $r5 = invokeinterface $r4.selectByPrimaryKey(couponId)/0}
TaintFlow{<com.macro.mall.portal.controller.UmsMemberCouponController: com.macro.mall.common.api.CommonResult listByProduct(java.lang.Long)>/0 -> <com.macro.mall.portal.service.impl.UmsMemberCouponServiceImpl: java.util.List listByProduct(java.lang.Long)>[19@L184] $r8 = invokeinterface $r7.selectByPrimaryKey(productId)/0}
TaintFlow{<com.macro.mall.portal.controller.UmsMemberReceiveAddressController: com.macro.mall.common.api.CommonResult add(com.macro.mall.model.UmsMemberReceiveAddress)>/0 -> <com.macro.mall.portal.service.impl.UmsMemberReceiveAddressServiceImpl: int add(com.macro.mall.model.UmsMemberReceiveAddress)>[5@L29] $i0 = invokeinterface $r5.insert(address)/0}
TFGDumper starts ...
Source nodes:
VarNode{<com.macro.mall.portal.controller.HomeController: com.macro.mall.common.api.CommonResult getProductCateList(java.lang.Long)>/parentId}
VarNode{<com.macro.mall.portal.controller.MemberAttentionController: com.macro.mall.common.api.CommonResult delete(java.lang.Long)>/brandId}
VarNode{<com.macro.mall.portal.controller.UmsMemberReceiveAddressController: com.macro.mall.common.api.CommonResult add(com.macro.mall.model.UmsMemberReceiveAddress)>/address}
VarNode{<com.macro.mall.portal.controller.UmsMemberCouponController: com.macro.mall.common.api.CommonResult listByProduct(java.lang.Long)>/productId}
VarNode{<com.macro.mall.portal.controller.HomeController: com.macro.mall.common.api.CommonResult recommendProductList(java.lang.Integer,java.lang.Integer)>/pageSize}
VarNode{<com.macro.mall.portal.controller.UmsMemberController: com.macro.mall.common.api.CommonResult updatePassword(java.lang.String,java.lang.String,java.lang.String)>/password}
VarNode{<com.macro.mall.portal.controller.OmsPortalOrderController: com.macro.mall.common.api.CommonResult detail(java.lang.Long)>/orderId}
VarNode{<com.macro.mall.portal.controller.OmsCartItemController: com.macro.mall.common.api.CommonResult getCartProduct(java.lang.Long)>/productId}
VarNode{<com.macro.mall.portal.controller.OmsPortalOrderController: com.macro.mall.common.api.CommonResult paySuccess(java.lang.Long,java.lang.Integer)>/orderId}
VarNode{<org.springframework.web.context.request.RequestContextHolder: org.springframework.web.context.request.RequestAttributes getRequestAttributes()>/$r3}
VarNode{<com.macro.mall.portal.controller.OmsCartItemController: com.macro.mall.common.api.CommonResult updateQuantity(java.lang.Long,java.lang.Integer)>/quantity}
VarNode{<org.springframework.web.context.request.RequestContextHolder: org.springframework.web.context.request.RequestAttributes getRequestAttributes()>/$r1}
VarNode{<com.macro.mall.portal.controller.PmsPortalBrandController: com.macro.mall.common.api.CommonResult recommendList(java.lang.Integer,java.lang.Integer)>/pageSize}
VarNode{<com.macro.mall.portal.controller.OmsCartItemController: com.macro.mall.common.api.CommonResult updateQuantity(java.lang.Long,java.lang.Integer)>/id}
VarNode{<com.macro.mall.demo.controller.DemoController: com.macro.mall.common.api.CommonResult brand(java.lang.Long)>/id}
VarNode{<com.macro.mall.portal.controller.MemberProductCollectionController: com.macro.mall.common.api.CommonResult list(java.lang.Integer,java.lang.Integer)>/pageSize}
VarNode{<com.macro.mall.demo.controller.DemoController: com.macro.mall.common.api.CommonResult deleteBrand(java.lang.Long)>/id}
VarNode{<com.macro.mall.portal.controller.PmsPortalProductController: com.macro.mall.common.api.CommonResult search(java.lang.String,java.lang.Long,java.lang.Long,java.lang.Integer,java.lang.Integer,java.lang.Integer)>/sort}
VarNode{<com.macro.mall.portal.controller.UmsMemberCouponController: com.macro.mall.common.api.CommonResult listHistory(java.lang.Integer)>/useStatus}
VarNode{<com.macro.mall.demo.controller.DemoController: com.macro.mall.common.api.CommonResult updateBrand(java.lang.Long,com.macro.mall.demo.dto.PmsBrandDto)>/id}
VarNode{<com.macro.mall.demo.controller.DemoController: com.macro.mall.common.api.CommonResult listBrand(java.lang.Integer,java.lang.Integer)>/pageSize}
VarNode{<com.macro.mall.demo.controller.DemoController: com.macro.mall.common.api.CommonResult createBrand(com.macro.mall.demo.dto.PmsBrandDto)>/pmsBrand}
VarNode{<com.macro.mall.portal.controller.OmsCartItemController: com.macro.mall.common.api.CommonResult updateAttr(com.macro.mall.model.OmsCartItem)>/cartItem}
VarNode{<com.macro.mall.portal.controller.OmsPortalOrderController: com.macro.mall.common.api.CommonResult deleteOrder(java.lang.Long)>/orderId}
VarNode{<com.macro.mall.portal.controller.UmsMemberController: com.macro.mall.common.api.CommonResult register(java.lang.String,java.lang.String,java.lang.String,java.lang.String)>/password}
VarNode{<com.macro.mall.portal.controller.HomeController: com.macro.mall.common.api.CommonResult hotProductList(java.lang.Integer,java.lang.Integer)>/pageNum}
VarNode{<com.macro.mall.portal.controller.UmsMemberController: com.macro.mall.common.api.CommonResult register(java.lang.String,java.lang.String,java.lang.String,java.lang.String)>/authCode}
VarNode{<com.macro.mall.portal.controller.MemberAttentionController: com.macro.mall.common.api.CommonResult add(com.macro.mall.portal.domain.MemberBrandAttention)>/memberBrandAttention}
VarNode{<com.macro.mall.demo.controller.DemoController: com.macro.mall.common.api.CommonResult updateBrand(java.lang.Long,com.macro.mall.demo.dto.PmsBrandDto)>/pmsBrandDto}
VarNode{<com.macro.mall.portal.controller.PmsPortalBrandController: com.macro.mall.common.api.CommonResult recommendList(java.lang.Integer,java.lang.Integer)>/pageNum}
VarNode{<com.macro.mall.portal.controller.HomeController: com.macro.mall.common.api.CommonResult newProductList(java.lang.Integer,java.lang.Integer)>/pageSize}
VarNode{<com.macro.mall.portal.controller.OmsCartItemController: com.macro.mall.common.api.CommonResult delete(java.util.List)>/ids}
VarNode{<com.macro.mall.portal.controller.OmsPortalOrderController: com.macro.mall.common.api.CommonResult cancelUserOrder(java.lang.Long)>/orderId}
VarNode{<com.macro.mall.portal.controller.HomeController: com.macro.mall.common.api.CommonResult hotProductList(java.lang.Integer,java.lang.Integer)>/pageSize}
VarNode{<com.macro.mall.portal.controller.AlipayController: com.macro.mall.common.api.CommonResult query(java.lang.String,java.lang.String)>/outTradeNo}
VarNode{<com.macro.mall.portal.controller.MemberAttentionController: com.macro.mall.common.api.CommonResult detail(java.lang.Long)>/brandId}
VarNode{<com.macro.mall.portal.controller.UmsMemberReceiveAddressController: com.macro.mall.common.api.CommonResult delete(java.lang.Long)>/id}
VarNode{<com.macro.mall.portal.controller.HomeController: com.macro.mall.common.api.CommonResult getSubjectList(java.lang.Long,java.lang.Integer,java.lang.Integer)>/pageNum}
VarNode{<com.macro.mall.portal.controller.UmsMemberController: com.macro.mall.common.api.CommonResult register(java.lang.String,java.lang.String,java.lang.String,java.lang.String)>/username}
VarNode{<com.macro.mall.demo.controller.RestTemplateDemoController: java.lang.Object getForEntity(java.lang.Long)>/id}
VarNode{<com.macro.mall.portal.controller.UmsMemberController: com.macro.mall.common.api.CommonResult login(java.lang.String,java.lang.String)>/username}
VarNode{<com.macro.mall.demo.controller.RestTemplateDemoController: java.lang.Object postForEntity3(java.lang.String)>/name}
VarNode{<com.macro.mall.portal.controller.MemberReadHistoryController: com.macro.mall.common.api.CommonResult delete(java.util.List)>/ids}
VarNode{<com.macro.mall.portal.controller.MemberProductCollectionController: com.macro.mall.common.api.CommonResult detail(java.lang.Long)>/productId}
VarNode{<com.macro.mall.portal.controller.AlipayController: void webPay(com.macro.mall.portal.domain.AliPayParam,javax.servlet.http.HttpServletResponse)>/aliPayParam}
VarNode{<com.macro.mall.portal.controller.MemberProductCollectionController: com.macro.mall.common.api.CommonResult add(com.macro.mall.portal.domain.MemberProductCollection)>/productCollection}
VarNode{<com.macro.mall.portal.controller.HomeController: com.macro.mall.common.api.CommonResult newProductList(java.lang.Integer,java.lang.Integer)>/pageNum}
VarNode{<com.macro.mall.portal.controller.PmsPortalProductController: com.macro.mall.common.api.CommonResult search(java.lang.String,java.lang.Long,java.lang.Long,java.lang.Integer,java.lang.Integer,java.lang.Integer)>/pageSize}
VarNode{<com.macro.mall.demo.controller.RestTemplateDemoController: java.lang.Object postForEntity(com.macro.mall.model.PmsBrand)>/brand}
VarNode{<com.macro.mall.portal.controller.HomeController: com.macro.mall.common.api.CommonResult getSubjectList(java.lang.Long,java.lang.Integer,java.lang.Integer)>/pageSize}
VarNode{<com.macro.mall.portal.controller.OmsPortalOrderController: com.macro.mall.common.api.CommonResult list(java.lang.Integer,java.lang.Integer,java.lang.Integer)>/pageNum}
VarNode{<com.macro.mall.portal.controller.MemberProductCollectionController: com.macro.mall.common.api.CommonResult list(java.lang.Integer,java.lang.Integer)>/pageNum}
VarNode{<com.macro.mall.demo.controller.RestTemplateDemoController: java.lang.Object getForObject(java.lang.Long)>/id}
VarNode{<com.macro.mall.demo.controller.RestTemplateDemoController: java.lang.Object postForObject(com.macro.mall.model.PmsBrand)>/brand}
VarNode{<com.macro.mall.portal.controller.OmsCartItemController: com.macro.mall.common.api.CommonResult add(com.macro.mall.model.OmsCartItem)>/cartItem}
VarNode{<com.macro.mall.portal.controller.OmsPortalOrderController: com.macro.mall.common.api.CommonResult confirmReceiveOrder(java.lang.Long)>/orderId}
VarNode{<com.macro.mall.portal.controller.UmsMemberReceiveAddressController: com.macro.mall.common.api.CommonResult update(java.lang.Long,com.macro.mall.model.UmsMemberReceiveAddress)>/address}
VarNode{<com.macro.mall.portal.controller.OmsPortalOrderController: com.macro.mall.common.api.CommonResult cancelOrder(java.lang.Long)>/orderId}
VarNode{<com.macro.mall.portal.controller.UmsMemberReceiveAddressController: com.macro.mall.common.api.CommonResult getItem(java.lang.Long)>/id}
VarNode{<com.macro.mall.portal.controller.PmsPortalProductController: com.macro.mall.common.api.CommonResult search(java.lang.String,java.lang.Long,java.lang.Long,java.lang.Integer,java.lang.Integer,java.lang.Integer)>/keyword}
VarNode{<com.macro.mall.portal.controller.PmsPortalBrandController: com.macro.mall.common.api.CommonResult productList(java.lang.Long,java.lang.Integer,java.lang.Integer)>/pageNum}
VarNode{<com.macro.mall.portal.controller.OmsPortalOrderController: com.macro.mall.common.api.CommonResult paySuccess(java.lang.Long,java.lang.Integer)>/payType}
VarNode{<com.macro.mall.portal.controller.AlipayController: com.macro.mall.common.api.CommonResult query(java.lang.String,java.lang.String)>/tradeNo}
VarNode{<com.macro.mall.portal.controller.PmsPortalBrandController: com.macro.mall.common.api.CommonResult productList(java.lang.Long,java.lang.Integer,java.lang.Integer)>/brandId}
VarNode{<com.macro.mall.portal.controller.UmsMemberCouponController: com.macro.mall.common.api.CommonResult add(java.lang.Long)>/couponId}
VarNode{<com.macro.mall.portal.controller.UmsMemberController: com.macro.mall.common.api.CommonResult getAuthCode(java.lang.String)>/telephone}
VarNode{<com.macro.mall.portal.controller.UmsMemberCouponController: com.macro.mall.common.api.CommonResult listCart(java.lang.Integer)>/type}
VarNode{<com.macro.mall.portal.controller.HomeController: com.macro.mall.common.api.CommonResult getSubjectList(java.lang.Long,java.lang.Integer,java.lang.Integer)>/cateId}
VarNode{<com.macro.mall.portal.controller.PmsPortalProductController: com.macro.mall.common.api.CommonResult search(java.lang.String,java.lang.Long,java.lang.Long,java.lang.Integer,java.lang.Integer,java.lang.Integer)>/productCategoryId}
VarNode{<com.macro.mall.portal.controller.UmsMemberCouponController: com.macro.mall.common.api.CommonResult list(java.lang.Integer)>/useStatus}
VarNode{<com.macro.mall.portal.controller.OmsPortalOrderController: com.macro.mall.common.api.CommonResult generateOrder(com.macro.mall.portal.domain.OrderParam)>/orderParam}
VarNode{<com.macro.mall.portal.controller.PmsPortalBrandController: com.macro.mall.common.api.CommonResult detail(java.lang.Long)>/brandId}
VarNode{<com.macro.mall.portal.controller.PmsPortalProductController: com.macro.mall.common.api.CommonResult detail(java.lang.Long)>/id}
VarNode{<com.macro.mall.portal.controller.UmsMemberController: com.macro.mall.common.api.CommonResult login(java.lang.String,java.lang.String)>/password}
VarNode{<com.macro.mall.portal.controller.OmsPortalOrderController: com.macro.mall.common.api.CommonResult list(java.lang.Integer,java.lang.Integer,java.lang.Integer)>/pageSize}
VarNode{<com.macro.mall.portal.controller.MemberAttentionController: com.macro.mall.common.api.CommonResult list(java.lang.Integer,java.lang.Integer)>/pageNum}
VarNode{<com.macro.mall.portal.controller.OmsPortalOrderController: com.macro.mall.common.api.CommonResult generateConfirmOrder(java.util.List)>/cartIds}
VarNode{<com.macro.mall.portal.controller.PmsPortalBrandController: com.macro.mall.common.api.CommonResult productList(java.lang.Long,java.lang.Integer,java.lang.Integer)>/pageSize}
VarNode{<com.macro.mall.portal.controller.MemberReadHistoryController: com.macro.mall.common.api.CommonResult create(com.macro.mall.portal.domain.MemberReadHistory)>/memberReadHistory}
VarNode{<com.macro.mall.portal.controller.MemberProductCollectionController: com.macro.mall.common.api.CommonResult delete(java.lang.Long)>/productId}
VarNode{<com.macro.mall.portal.controller.OmsPortalOrderReturnApplyController: com.macro.mall.common.api.CommonResult create(com.macro.mall.portal.domain.OmsOrderReturnApplyParam)>/returnApply}
VarNode{<com.macro.mall.demo.controller.DemoController: com.macro.mall.common.api.CommonResult listBrand(java.lang.Integer,java.lang.Integer)>/pageNum}
VarNode{<com.macro.mall.portal.controller.MemberAttentionController: com.macro.mall.common.api.CommonResult list(java.lang.Integer,java.lang.Integer)>/pageSize}
VarNode{<com.macro.mall.portal.controller.HomeController: com.macro.mall.common.api.CommonResult recommendProductList(java.lang.Integer,java.lang.Integer)>/pageNum}
VarNode{<com.macro.mall.portal.controller.MemberReadHistoryController: com.macro.mall.common.api.CommonResult list(java.lang.Integer,java.lang.Integer)>/pageNum}
VarNode{<com.macro.mall.portal.controller.MemberReadHistoryController: com.macro.mall.common.api.CommonResult list(java.lang.Integer,java.lang.Integer)>/pageSize}
VarNode{<com.macro.mall.portal.controller.UmsMemberController: com.macro.mall.common.api.CommonResult register(java.lang.String,java.lang.String,java.lang.String,java.lang.String)>/telephone}
VarNode{<com.macro.mall.demo.controller.RestTemplateDemoController: java.lang.Object getForEntity3(java.lang.Long)>/id}
VarNode{<com.macro.mall.portal.controller.UmsMemberController: com.macro.mall.common.api.CommonResult updatePassword(java.lang.String,java.lang.String,java.lang.String)>/authCode}
VarNode{<com.macro.mall.portal.controller.PmsPortalProductController: com.macro.mall.common.api.CommonResult search(java.lang.String,java.lang.Long,java.lang.Long,java.lang.Integer,java.lang.Integer,java.lang.Integer)>/pageNum}
VarNode{<com.macro.mall.portal.controller.PmsPortalProductController: com.macro.mall.common.api.CommonResult search(java.lang.String,java.lang.Long,java.lang.Long,java.lang.Integer,java.lang.Integer,java.lang.Integer)>/brandId}
VarNode{<com.macro.mall.demo.controller.RestTemplateDemoController: java.lang.Object getForEntity2(java.lang.Long)>/id}
VarNode{<com.macro.mall.portal.controller.UmsMemberController: com.macro.mall.common.api.CommonResult updatePassword(java.lang.String,java.lang.String,java.lang.String)>/telephone}
VarNode{<com.macro.mall.portal.controller.AlipayController: void pay(com.macro.mall.portal.domain.AliPayParam,javax.servlet.http.HttpServletResponse)>/aliPayParam}
VarNode{<com.macro.mall.portal.controller.UmsMemberReceiveAddressController: com.macro.mall.common.api.CommonResult update(java.lang.Long,com.macro.mall.model.UmsMemberReceiveAddress)>/id}
VarNode{<com.macro.mall.portal.controller.OmsCartItemController: com.macro.mall.common.api.CommonResult listPromotion(java.util.List)>/cartIds}
VarNode{<com.macro.mall.portal.controller.OmsPortalOrderController: com.macro.mall.common.api.CommonResult list(java.lang.Integer,java.lang.Integer,java.lang.Integer)>/status}
Sink nodes:
VarNode{<com.macro.mall.demo.service.impl.DemoServiceImpl: int deleteBrand(java.lang.Long)>/id}
VarNode{<com.macro.mall.portal.service.impl.OmsPortalOrderServiceImpl: void confirmReceiveOrder(java.lang.Long)>/orderId}
VarNode{<com.macro.mall.portal.service.impl.OmsCartItemServiceImpl: int add(com.macro.mall.model.OmsCartItem)>/cartItem}
VarNode{<com.macro.mall.portal.service.impl.UmsMemberCouponServiceImpl: java.util.List listByProduct(java.lang.Long)>/productId}
VarNode{<com.macro.mall.portal.service.impl.UmsMemberReceiveAddressServiceImpl: int add(com.macro.mall.model.UmsMemberReceiveAddress)>/address}
VarNode{<com.macro.mall.portal.service.impl.OmsPortalOrderServiceImpl: java.lang.Integer paySuccess(java.lang.Long,java.lang.Integer)>/orderId}
VarNode{<com.macro.mall.portal.service.impl.OmsPortalOrderServiceImpl: void deleteOrder(java.lang.Long)>/orderId}
VarNode{<com.macro.mall.demo.service.impl.DemoServiceImpl: com.macro.mall.model.PmsBrand getBrand(java.lang.Long)>/id}
VarNode{<com.macro.mall.portal.service.impl.OmsPortalOrderServiceImpl: com.macro.mall.portal.domain.OmsOrderDetail detail(java.lang.Long)>/orderId}
VarNode{<com.macro.mall.portal.service.impl.OmsCartItemServiceImpl: com.macro.mall.portal.domain.CartProduct getCartProduct(java.lang.Long)>/productId}
VarNode{<com.macro.mall.portal.service.impl.PmsPortalProductServiceImpl: com.macro.mall.portal.domain.PmsPortalProductDetail detail(java.lang.Long)>/id}
VarNode{<com.macro.mall.portal.service.impl.UmsMemberCouponServiceImpl: void add(java.lang.Long)>/couponId}
VarNode{<com.macro.mall.portal.service.impl.PmsPortalBrandServiceImpl: com.macro.mall.model.PmsBrand detail(java.lang.Long)>/brandId}
Dumping /Users/yuntsy/My/Projects/Java/WebAnalyzer/output/taint-flow-graph.dot
TFGDumper finishes, elapsed time: 0.04s
-------------- Pointer analysis statistics: --------------
#var pointers:                9184 (insens) / 9184 (sens)
#objects:                     1954 (insens) / 1954 (sens)
#var points-to:               1,0692 (insens) / 1,0692 (sens)
#static field points-to:      394 (sens)
#instance field points-to:    1952 (sens)
#array points-to:             235 (sens)
#reachable methods:           1867 (insens) / 1867 (sens)
#call graph edges:            4326 (insens) / 4328 (sens)
----------------------------------------
pta finishes, elapsed time: 0.53s
cg starts ...
Call graph has 1867 reachable methods and 4326 edges
Dumping call graph to /Users/yuntsy/My/Projects/Java/WebAnalyzer/output/call-graph.dot
Dumping reachable methods to /Users/yuntsy/My/Projects/Java/WebAnalyzer/output/reachable-methods.txt
Dumping call edges to /Users/yuntsy/My/Projects/Java/WebAnalyzer/output/call-edges.txt
cg finishes, elapsed time: 0.14s
Tai-e finishes, elapsed time: 36.25s
