Writing log to /Users/yuntsy/My/Projects/Java/WebAnalyzer/output/tai-e.log
java.version: 17.0.11
java.version.date: 2024-04-16
java.runtime.version: 17.0.11+7-LTS-207
java.vendor: Oracle Corporation
java.vendor.version: null
os.name: Mac OS X
os.version: 26.3
os.arch: aarch64
Tai-e Version: 0.5.1
Manifest does not contain Tai-e commit information
Tai-e Commit: Unknown
Writing analysis plan to /Users/yuntsy/My/Projects/Java/WebAnalyzer/output/tai-e-plan.yml
WorldBuilder starts ...
Warning: main class was not given!
11106 classes with 105466 methods in the world
WorldBuilder finishes, elapsed time: 3.43s
ir-dumper starts ...
Dumping IR in /Users/yuntsy/My/Projects/Java/WebAnalyzer/output/tir
441 classes in scope (APP) of class analyses
ir-dumper finishes, elapsed time: 0.57s
routerAnalysis starts ...
Router analysis started at: 2026-03-01 22:25:28
Router analysis completed at: 2026-03-01 22:25:28 (Duration: 8ms)
routerAnalysis finishes, elapsed time: 0.01s
beanAnalysis starts ...
Return type not found in class hierarchy: void
Return type not found in class hierarchy: void
beanAnalysis finishes, elapsed time: 0.00s
injectPointsAnalysis starts ...
injectPointsAnalysis finishes, elapsed time: 0.00s
aspectAnalysis starts ...
Starting AOP aspect analysis...
aspectAnalysis finishes, elapsed time: 0.00s
resultAnalysis starts ...
============================================================
                 Spring Analysis Result Summary             
============================================================
Router Methods (Endpoints)     : 481
Spring Beans                   : 184
Aspect Methods (Advice)        : 3
============================================================
resultAnalysis finishes, elapsed time: 0.00s
srfaAnalysis starts ...
SRFA Analysis started at: 2026-03-01 22:25:28
Loaded 45 controller classes from RouterAnalysis
Discovering mapper paths from 6 appClassPath entries
Auto-discovered 17 mapper path(s)
  - /Users/yuntsy/My/Graduate/Data/taint/JeecgBoot-2.4.6/jeecg-boot/jeecg-boot-base/jeecg-boot-base-core/src/main/java/org/jeecg/modules/base/mapper/xml
  - /Users/yuntsy/My/Graduate/Data/taint/JeecgBoot-2.4.6/jeecg-boot/jeecg-boot-module-demo/src/main/java/org/jeecg/modules/demo/test/mapper/xml
  - /Users/yuntsy/My/Graduate/Data/taint/JeecgBoot-2.4.6/jeecg-boot/jeecg-boot-module-system/src/main/resources
  - /Users/yuntsy/My/Graduate/Data/taint/JeecgBoot-2.4.6/jeecg-boot/jeecg-boot-module-system/src/main/resources/jeecg/code-template-online/inner-table/onetomany/java/${bussiPackage}/${entityPackage}/mapper/xml
  - /Users/yuntsy/My/Graduate/Data/taint/JeecgBoot-2.4.6/jeecg-boot/jeecg-boot-module-system/src/main/resources/jeecg/code-template-online/jvxe/onetomany/java/${bussiPackage}/${entityPackage}/mapper/xml
  - /Users/yuntsy/My/Graduate/Data/taint/JeecgBoot-2.4.6/jeecg-boot/jeecg-boot-module-system/src/main/resources/jeecg/code-template-online/default/tree/java/${bussiPackage}/${entityPackage}/mapper/xml
  - /Users/yuntsy/My/Graduate/Data/taint/JeecgBoot-2.4.6/jeecg-boot/jeecg-boot-module-system/src/main/resources/jeecg/code-template-online/default/onetomany/java/${bussiPackage}/${entityPackage}/mapper/xml
  - /Users/yuntsy/My/Graduate/Data/taint/JeecgBoot-2.4.6/jeecg-boot/jeecg-boot-module-system/src/main/resources/jeecg/code-template-online/default/one/java/${bussiPackage}/${entityPackage}/mapper/xml
  - /Users/yuntsy/My/Graduate/Data/taint/JeecgBoot-2.4.6/jeecg-boot/jeecg-boot-module-system/src/main/resources/jeecg/code-template-online/tab/onetomany/java/${bussiPackage}/${entityPackage}/mapper/xml
  - /Users/yuntsy/My/Graduate/Data/taint/JeecgBoot-2.4.6/jeecg-boot/jeecg-boot-module-system/src/main/resources/jeecg/code-template-online/erp/onetomany/java/${bussiPackage}/${entityPackage}/mapper/xml
  - /Users/yuntsy/My/Graduate/Data/taint/JeecgBoot-2.4.6/jeecg-boot/jeecg-boot-module-system/src/main/resources/jeecg/code-template/onetomany/java/${bussiPackage}/${entityPackage}/mapper/xml
  - /Users/yuntsy/My/Graduate/Data/taint/JeecgBoot-2.4.6/jeecg-boot/jeecg-boot-module-system/src/main/resources/jeecg/code-template/onetomany2/java/${bussiPackage}/${entityPackage}/mapper/xml
  - /Users/yuntsy/My/Graduate/Data/taint/JeecgBoot-2.4.6/jeecg-boot/jeecg-boot-module-system/src/main/resources/jeecg/code-template/one/java/${bussiPackage}/${entityPackage}/mapper/xml
  - /Users/yuntsy/My/Graduate/Data/taint/JeecgBoot-2.4.6/jeecg-boot/jeecg-boot-module-system/src/main/resources/jeecg/code-template/one2/java/${bussiPackage}/mapper/${entityPackage}/xml
  - /Users/yuntsy/My/Graduate/Data/taint/JeecgBoot-2.4.6/jeecg-boot/jeecg-boot-module-system/src/main/java/org/jeecg/modules/message/mapper/xml
  - /Users/yuntsy/My/Graduate/Data/taint/JeecgBoot-2.4.6/jeecg-boot/jeecg-boot-module-system/src/main/java/org/jeecg/modules/system/mapper/xml
  - /Users/yuntsy/My/Graduate/Data/taint/JeecgBoot-2.4.6/jeecg-boot/jeecg-boot-module-system/src/main/java/org/jeecg/modules/quartz/mapper/xml
Using 17 mapper search path(s):
  - /Users/yuntsy/My/Graduate/Data/taint/JeecgBoot-2.4.6/jeecg-boot/jeecg-boot-base/jeecg-boot-base-core/src/main/java/org/jeecg/modules/base/mapper/xml
  - /Users/yuntsy/My/Graduate/Data/taint/JeecgBoot-2.4.6/jeecg-boot/jeecg-boot-module-demo/src/main/java/org/jeecg/modules/demo/test/mapper/xml
  - /Users/yuntsy/My/Graduate/Data/taint/JeecgBoot-2.4.6/jeecg-boot/jeecg-boot-module-system/src/main/resources
  - /Users/yuntsy/My/Graduate/Data/taint/JeecgBoot-2.4.6/jeecg-boot/jeecg-boot-module-system/src/main/resources/jeecg/code-template-online/inner-table/onetomany/java/${bussiPackage}/${entityPackage}/mapper/xml
  - /Users/yuntsy/My/Graduate/Data/taint/JeecgBoot-2.4.6/jeecg-boot/jeecg-boot-module-system/src/main/resources/jeecg/code-template-online/jvxe/onetomany/java/${bussiPackage}/${entityPackage}/mapper/xml
  - /Users/yuntsy/My/Graduate/Data/taint/JeecgBoot-2.4.6/jeecg-boot/jeecg-boot-module-system/src/main/resources/jeecg/code-template-online/default/tree/java/${bussiPackage}/${entityPackage}/mapper/xml
  - /Users/yuntsy/My/Graduate/Data/taint/JeecgBoot-2.4.6/jeecg-boot/jeecg-boot-module-system/src/main/resources/jeecg/code-template-online/default/onetomany/java/${bussiPackage}/${entityPackage}/mapper/xml
  - /Users/yuntsy/My/Graduate/Data/taint/JeecgBoot-2.4.6/jeecg-boot/jeecg-boot-module-system/src/main/resources/jeecg/code-template-online/default/one/java/${bussiPackage}/${entityPackage}/mapper/xml
  - /Users/yuntsy/My/Graduate/Data/taint/JeecgBoot-2.4.6/jeecg-boot/jeecg-boot-module-system/src/main/resources/jeecg/code-template-online/tab/onetomany/java/${bussiPackage}/${entityPackage}/mapper/xml
  - /Users/yuntsy/My/Graduate/Data/taint/JeecgBoot-2.4.6/jeecg-boot/jeecg-boot-module-system/src/main/resources/jeecg/code-template-online/erp/onetomany/java/${bussiPackage}/${entityPackage}/mapper/xml
  - /Users/yuntsy/My/Graduate/Data/taint/JeecgBoot-2.4.6/jeecg-boot/jeecg-boot-module-system/src/main/resources/jeecg/code-template/onetomany/java/${bussiPackage}/${entityPackage}/mapper/xml
  - /Users/yuntsy/My/Graduate/Data/taint/JeecgBoot-2.4.6/jeecg-boot/jeecg-boot-module-system/src/main/resources/jeecg/code-template/onetomany2/java/${bussiPackage}/${entityPackage}/mapper/xml
  - /Users/yuntsy/My/Graduate/Data/taint/JeecgBoot-2.4.6/jeecg-boot/jeecg-boot-module-system/src/main/resources/jeecg/code-template/one/java/${bussiPackage}/${entityPackage}/mapper/xml
  - /Users/yuntsy/My/Graduate/Data/taint/JeecgBoot-2.4.6/jeecg-boot/jeecg-boot-module-system/src/main/resources/jeecg/code-template/one2/java/${bussiPackage}/mapper/${entityPackage}/xml
  - /Users/yuntsy/My/Graduate/Data/taint/JeecgBoot-2.4.6/jeecg-boot/jeecg-boot-module-system/src/main/java/org/jeecg/modules/message/mapper/xml
  - /Users/yuntsy/My/Graduate/Data/taint/JeecgBoot-2.4.6/jeecg-boot/jeecg-boot-module-system/src/main/java/org/jeecg/modules/system/mapper/xml
  - /Users/yuntsy/My/Graduate/Data/taint/JeecgBoot-2.4.6/jeecg-boot/jeecg-boot-module-system/src/main/java/org/jeecg/modules/quartz/mapper/xml
Parsed 16 MyBatis mapper files
Parsed 16 MyBatis mapper files
  Mapper namespace: org.jeecg.modules.base.mapper.BaseCommonMapper
    Operation: id=saveLog, type=insert, hasDollar=false
  Mapper namespace: org.jeecg.modules.demo.test.mapper.JeecgDemoMapper
    Operation: id=getDemoByName, type=select, hasDollar=false
    Operation: id=queryListWithPermission, type=select, hasDollar=true
      Risky var: ${{permissionSql}}
    Operation: id=queryAllAuth, type=select, hasDollar=false
    Operation: id=queryUserAuth, type=select, hasDollar=false
  Mapper namespace: org.jeecg.modules.system.mapper.SysPermissionDataRuleMapper
    Operation: id=queryDataRuleIds, type=select, hasDollar=false
  Mapper namespace: org.jeecg.modules.system.mapper.SysThirdAccountMapper
    Operation: id=selectThirdIdsByUsername, type=select, hasDollar=false
  Mapper namespace: org.jeecg.modules.system.mapper.SysPermissionMapper
    Operation: id=queryListByParentId, type=select, hasDollar=false
    Operation: id=queryByUser, type=select, hasDollar=false
    Operation: id=queryCountByUsername, type=select, hasDollar=false
  Mapper namespace: org.jeecg.modules.system.mapper.SysUserMapper
    Operation: id=updateUserDepart, type=update, hasDollar=false
    Operation: id=deleteBathRoleUserRelation, type=update, hasDollar=false
    Operation: id=deleteBathRolePermissionRelation, type=update, hasDollar=false
    Operation: id=revertLogicDeleted, type=update, hasDollar=true
      Risky var: ${{userIds}}
    Operation: id=updateNullByEmptyString, type=update, hasDollar=true
      Risky var: ${{fieldName}}
      Risky var: ${{fieldName}}
    Operation: id=deleteLogicDeleted, type=delete, hasDollar=true
      Risky var: ${{userIds}}
    Operation: id=getUserByName, type=select, hasDollar=false
    Operation: id=getUserByDepId, type=select, hasDollar=false
    Operation: id=getDepNamesByUserIds, type=select, hasDollar=false
    Operation: id=getUserByDepIds, type=select, hasDollar=false
    Operation: id=getUserByRoleId, type=select, hasDollar=false
    Operation: id=getUserByPhone, type=select, hasDollar=false
    Operation: id=getUserByEmail, type=select, hasDollar=false
    Operation: id=selectLogicDeleted, type=select, hasDollar=true
      Risky var: ${{ew.customSqlSegment}}
    Operation: id=queryByDepIds, type=select, hasDollar=false
  Mapper namespace: org.jeecg.modules.system.mapper.SysLogMapper
    Operation: id=findTodayVisitCount, type=select, hasDollar=false
    Operation: id=findTodayIp, type=select, hasDollar=false
    Operation: id=findVisitCount, type=select, hasDollar=false
  Mapper namespace: org.jeecg.modules.system.mapper.SysDepartRoleMapper
    Operation: id=queryDeptRoleByDeptAndUser, type=select, hasDollar=false
  Mapper namespace: org.jeecg.modules.system.mapper.SysDictMapper
    Operation: id=queryDictItemsByCode, type=select, hasDollar=false
    Operation: id=queryEnableDictItemsByCode, type=select, hasDollar=false
    Operation: id=queryDictItemsByCodeList, type=select, hasDollar=false
    Operation: id=queryDictTextByKey, type=select, hasDollar=false
    Operation: id=queryManyDictByKeys, type=select, hasDollar=false
    Operation: id=queryTableDictItemsByCode, type=select, hasDollar=true
      Risky var: ${{text}}
      Risky var: ${{code}}
      Risky var: ${{table}}
    Operation: id=queryTableDictItemsByCodeAndFilter, type=select, hasDollar=true
      Risky var: ${{text}}
      Risky var: ${{code}}
      Risky var: ${{table}}
      Risky var: ${{filterSql}}
    Operation: id=queryTableDictTextByKey, type=select, hasDollar=true
      Risky var: ${{text}}
      Risky var: ${{table}}
      Risky var: ${{code}}
    Operation: id=queryTableDictTextByKeys, type=select, hasDollar=true
      Risky var: ${{text}}
      Risky var: ${{code}}
      Risky var: ${{table}}
      Risky var: ${{code}}
    Operation: id=queryTableDictByKeys, type=select, hasDollar=true
      Risky var: ${{text}}
      Risky var: ${{code}}
      Risky var: ${{table}}
      Risky var: ${{code}}
    Operation: id=duplicateCheckCountSql, type=select, hasDollar=true
      Risky var: ${{tableName}}
      Risky var: ${{fieldName}}
    Operation: id=duplicateCheckCountSqlNoDataId, type=select, hasDollar=true
      Risky var: ${{tableName}}
      Risky var: ${{fieldName}}
    Operation: id=queryTableDictItems, type=select, hasDollar=true
      Risky var: ${{text}}
      Risky var: ${{code}}
      Risky var: ${{table}}
      Risky var: ${{text}}
    Operation: id=queryTreeList, type=select, hasDollar=true
      Risky var: ${{text}}
      Risky var: ${{code}}
      Risky var: ${{hasChildField}}
      Risky var: ${{pidField}}
      Risky var: ${{table}}
      Risky var: ${{pidField}}
      Risky var: ${{pidField}}
      Risky var: ${{pidField}}
      Risky var: ${{key}}
    Operation: id=queryDictTablePageList, type=select, hasDollar=true
      Risky var: ${{query.text}}
      Risky var: ${{query.code}}
      Risky var: ${{query.table}}
      Risky var: ${{query.text}}
      Risky var: ${{query.keyword}}
      Risky var: ${{query.code}}
      Risky var: ${{query.keyword}}
      Risky var: ${{query.code}}
    Operation: id=queryTableDictWithFilter, type=select, hasDollar=true
      Risky var: ${{text}}
      Risky var: ${{code}}
      Risky var: ${{table}}
      Risky var: ${{filterSql}}
    Operation: id=queryAllTableDictItems, type=select, hasDollar=true
      Risky var: ${{text}}
      Risky var: ${{code}}
      Risky var: ${{table}}
      Risky var: ${{filterSql}}
  Mapper namespace: org.jeecg.modules.system.mapper.SysDepartMapper
    Operation: id=queryUserDeparts, type=select, hasDollar=false
    Operation: id=queryDepartsByUsername, type=select, hasDollar=false
    Operation: id=getSubDepIdsByDepId, type=select, hasDollar=false
    Operation: id=getSubDepIdsByOrgCodes, type=select, hasDollar=false
    Operation: id=queryTreeListByPid, type=select, hasDollar=false
    Operation: id=queryCompByOrgCode, type=select, hasDollar=false
  Mapper namespace: org.jeecg.modules.system.mapper.SysAnnouncementSendMapper
    Operation: id=queryByUserId, type=select, hasDollar=false
    Operation: id=getMyAnnouncementSendList, type=select, hasDollar=false
  Mapper namespace: org.jeecg.modules.system.mapper.SysCategoryMapper
    Operation: id=queryListByPid, type=select, hasDollar=true
      Risky var: ${{key}}
  Mapper namespace: org.jeecg.modules.system.mapper.SysAnnouncementMapper
    Operation: id=querySysCementListByUserId, type=select, hasDollar=false
  Mapper namespace: org.jeecg.modules.system.mapper.SysUserDepartMapper
    Operation: id=getUserDepartByUid, type=select, hasDollar=false
    Operation: id=queryDepartUserList, type=select, hasDollar=true
      Risky var: ${{orgCode}}
      Risky var: ${{realname}}
    Operation: id=queryDepartUserPageList, type=select, hasDollar=true
      Risky var: ${{orgCode}}
      Risky var: ${{username}}
      Risky var: ${{realname}}
  Mapper namespace: org.jeecg.modules.system.mapper.SysDataLogMapper
    Operation: id=queryMaxDataVer, type=select, hasDollar=false
  Mapper namespace: org.jeecg.modules.quartz.mapper.QuartzJobMapper
    Operation: id=findByJobClassName, type=select, hasDollar=false
Collected 18 write field names from INSERT/UPDATE operations
Extracted 575 source metadata entries (before filtering)
Resolving 16 mapper namespaces...
  Namespace resolve: org.jeecg.modules.base.mapper.BaseCommonMapper -> org.jeecg.modules.base.mapper.BaseCommonMapper
  Namespace resolve: org.jeecg.modules.demo.test.mapper.JeecgDemoMapper -> org.jeecg.modules.demo.test.mapper.JeecgDemoMapper
  Namespace resolve: org.jeecg.modules.system.mapper.SysPermissionDataRuleMapper -> org.jeecg.modules.system.mapper.SysPermissionDataRuleMapper
  Namespace resolve: org.jeecg.modules.system.mapper.SysThirdAccountMapper -> org.jeecg.modules.system.mapper.SysThirdAccountMapper
  Namespace resolve: org.jeecg.modules.system.mapper.SysPermissionMapper -> org.jeecg.modules.system.mapper.SysPermissionMapper
  Namespace resolve: org.jeecg.modules.system.mapper.SysUserMapper -> org.jeecg.modules.system.mapper.SysUserMapper
  Namespace resolve: org.jeecg.modules.system.mapper.SysLogMapper -> org.jeecg.modules.system.mapper.SysLogMapper
  Namespace resolve: org.jeecg.modules.system.mapper.SysDepartRoleMapper -> org.jeecg.modules.system.mapper.SysDepartRoleMapper
  Namespace resolve: org.jeecg.modules.system.mapper.SysDictMapper -> org.jeecg.modules.system.mapper.SysDictMapper
  Namespace resolve: org.jeecg.modules.system.mapper.SysDepartMapper -> org.jeecg.modules.system.mapper.SysDepartMapper
  Namespace resolve: org.jeecg.modules.system.mapper.SysAnnouncementSendMapper -> org.jeecg.modules.system.mapper.SysAnnouncementSendMapper
  Namespace resolve: org.jeecg.modules.system.mapper.SysCategoryMapper -> org.jeecg.modules.system.mapper.SysCategoryMapper
  Namespace resolve: org.jeecg.modules.system.mapper.SysAnnouncementMapper -> org.jeecg.modules.system.mapper.SysAnnouncementMapper
  Namespace resolve: org.jeecg.modules.system.mapper.SysUserDepartMapper -> org.jeecg.modules.system.mapper.SysUserDepartMapper
  Namespace resolve: org.jeecg.modules.system.mapper.SysDataLogMapper -> org.jeecg.modules.system.mapper.SysDataLogMapper
  Namespace resolve: org.jeecg.modules.quartz.mapper.QuartzJobMapper -> org.jeecg.modules.quartz.mapper.QuartzJobMapper
Extracted 28 sink metadata entries (deduplicated, before risk filtering)
Sources: 507 generated, 68 filtered, 0 deduplicated
Sinks: 28 generated (risky), 0 filtered (safe), 0 deduplicated
  Note: 'risky' means uses string concatenation ($), 'safe' means uses prepared statement (#)
Written taint config to: output/taint-config-generated.yml
  Sources: 507 (SRFA param) + framework call sources
  Sinks: 28 (SRFA) + common predefined sinks
  Transfers: standard set included
SRFA Analysis completed at: 2026-03-01 22:25:28 (Duration: 123ms)
srfaAnalysis finishes, elapsed time: 0.12s
pta starts ...
Loading taint config from /Users/yuntsy/My/Projects/Java/WebAnalyzer/output/taint-config-generated.yml
Cannot find source method '<org.apache.shiro.SecurityUtils: org.apache.shiro.subject.Subject getSubject()>'
Cannot find source method '<org.apache.shiro.subject.Subject: java.lang.Object getPrincipal()>'
Cannot find source method '<org.apache.shiro.subject.Subject: org.apache.shiro.subject.PrincipalCollection getPrincipals()>'
Cannot find source method '<org.apache.shiro.subject.PrincipalCollection: java.lang.Object getPrimaryPrincipal()>'
Cannot find source method '<org.springframework.security.core.context.SecurityContextHolder: org.springframework.security.core.context.SecurityContext getContext()>'
Cannot find source method '<org.springframework.security.core.context.SecurityContext: org.springframework.security.core.Authentication getAuthentication()>'
Cannot find source method '<org.springframework.security.core.Authentication: java.lang.Object getPrincipal()>'
Cannot find source method '<org.springframework.security.core.Authentication: java.lang.Object getDetails()>'
Cannot find source method '<org.springframework.security.core.Authentication: java.lang.String getName()>'
Cannot find source method '<org.springframework.security.core.Authentication: java.util.Collection getAuthorities()>'
Cannot find source method '<org.springframework.security.core.userdetails.UserDetails: java.lang.String getUsername()>'
Cannot find source method '<javax.servlet.http.HttpSession: java.lang.Object getAttribute(java.lang.String)>'
Cannot find source method '<javax.servlet.http.HttpSession: java.lang.Object getValue(java.lang.String)>'
Cannot find source method '<javax.servlet.http.HttpServletRequest: javax.servlet.http.HttpSession getSession()>'
Cannot find source method '<javax.servlet.http.HttpServletRequest: javax.servlet.http.HttpSession getSession(boolean)>'
Cannot find source method '<javax.servlet.http.HttpServletRequest: java.security.Principal getUserPrincipal()>'
Cannot find source method '<javax.servlet.http.HttpServletRequest: java.lang.String getParameter(java.lang.String)>'
Cannot find source method '<javax.servlet.http.HttpServletRequest: java.lang.Object getAttribute(java.lang.String)>'
Cannot find source method '<javax.servlet.ServletRequest: java.lang.Object getAttribute(java.lang.String)>'
Cannot find source method '<java.lang.InheritableThreadLocal: java.lang.Object get()>'
Cannot find sink method '<org.springframework.jdbc.core.JdbcTemplate: java.util.List query(java.lang.String,org.springframework.jdbc.core.RowMapper)>'
Cannot find sink method '<org.springframework.jdbc.core.JdbcTemplate: java.lang.Object queryForObject(java.lang.String,java.lang.Class)>'
Cannot find sink method '<org.springframework.jdbc.core.JdbcTemplate: java.util.List queryForList(java.lang.String,java.lang.Class)>'
Cannot find sink method '<org.springframework.jdbc.core.JdbcTemplate: int update(java.lang.String)>'
Cannot find sink method '<org.springframework.jdbc.core.JdbcTemplate: int[] batchUpdate(java.lang.String[])>'
Cannot find sink method '<javax.persistence.EntityManager: javax.persistence.Query createQuery(java.lang.String)>'
Cannot find sink method '<javax.persistence.EntityManager: javax.persistence.Query createNativeQuery(java.lang.String)>'
Cannot find sink method '<javax.persistence.EntityManager: javax.persistence.Query createNativeQuery(java.lang.String,java.lang.Class)>'
Cannot find sink method '<org.hibernate.Session: org.hibernate.Query createQuery(java.lang.String)>'
Cannot find sink method '<org.hibernate.Session: org.hibernate.SQLQuery createSQLQuery(java.lang.String)>'
Cannot find sink method '<javax.servlet.ServletOutputStream: void print(java.lang.String)>'
Cannot find sink method '<javax.servlet.ServletOutputStream: void write(byte[])>'
Cannot find sink method '<javax.servlet.jsp.JspWriter: void print(java.lang.String)>'
Cannot find sink method '<javax.servlet.jsp.JspWriter: void println(java.lang.String)>'
Cannot find sink method '<javax.servlet.jsp.JspWriter: void write(java.lang.String)>'
Cannot find sink method '<org.apache.http.client.HttpClient: org.apache.http.HttpResponse execute(org.apache.http.client.methods.HttpUriRequest)>'
Cannot find sink method '<org.springframework.web.client.RestTemplate: java.lang.Object getForObject(java.lang.String,java.lang.Class)>'
Cannot find sink method '<org.springframework.web.client.RestTemplate: org.springframework.http.ResponseEntity getForEntity(java.lang.String,java.lang.Class)>'
Cannot find sink method '<org.springframework.web.client.RestTemplate: java.lang.Object postForObject(java.lang.String,java.lang.Object,java.lang.Class)>'
Cannot find sink method '<org.springframework.web.client.RestTemplate: org.springframework.http.ResponseEntity exchange(java.lang.String,org.springframework.http.HttpMethod,org.springframework.http.HttpEntity,java.lang.Class)>'
Cannot find sink method '<javax.servlet.http.HttpServletResponse: void sendRedirect(java.lang.String)>'
Cannot find sink method '<javax.servlet.RequestDispatcher: void forward(javax.servlet.ServletRequest,javax.servlet.ServletResponse)>'
Cannot find sink method '<javax.naming.directory.DirContext: javax.naming.NamingEnumeration search(java.lang.String,java.lang.String,javax.naming.directory.SearchControls)>'
Cannot find sink method '<javax.naming.directory.DirContext: javax.naming.NamingEnumeration search(java.lang.String,java.lang.String,javax.naming.directory.SearchControls)>'
Cannot find sink method '<javax.naming.directory.InitialDirContext: javax.naming.NamingEnumeration search(java.lang.String,java.lang.String,javax.naming.directory.SearchControls)>'
Cannot find sink method '<javax.naming.directory.InitialDirContext: javax.naming.NamingEnumeration search(java.lang.String,java.lang.String,javax.naming.directory.SearchControls)>'
Cannot find sink method '<org.springframework.ldap.core.LdapTemplate: java.util.List search(java.lang.String,java.lang.String,javax.naming.directory.SearchControls,org.springframework.ldap.core.AttributesMapper)>'
Cannot find sink method '<javax.xml.xpath.XPath: java.lang.String evaluate(java.lang.String,java.lang.Object)>'
Cannot find sink method '<javax.xml.xpath.XPath: javax.xml.xpath.XPathExpression compile(java.lang.String)>'
Cannot find sink method '<org.springframework.expression.ExpressionParser: org.springframework.expression.Expression parseExpression(java.lang.String)>'
Cannot find sink method '<org.springframework.expression.spel.standard.SpelExpressionParser: org.springframework.expression.Expression parseExpression(java.lang.String)>'
Cannot find sink method '<ognl.Ognl: java.lang.Object parseExpression(java.lang.String)>'
Cannot find sink method '<ognl.Ognl: java.lang.Object getValue(java.lang.String,java.lang.Object)>'
Cannot find sink method '<org.mvel2.MVEL: java.lang.Object eval(java.lang.String)>'
Cannot find sink method '<org.mvel2.MVEL: java.lang.Object eval(java.lang.String,java.lang.Object)>'
Cannot find sink method '<org.apache.commons.jexl3.JexlEngine: org.apache.commons.jexl3.JexlExpression createExpression(java.lang.String)>'
Cannot find sink method '<org.apache.commons.jexl3.JexlEngine: org.apache.commons.jexl3.JexlScript createScript(java.lang.String)>'
Cannot find sink method '<freemarker.template.Template: void <init>(java.lang.String,java.io.Reader)>'
Cannot find sink method '<org.apache.velocity.app.VelocityEngine: boolean evaluate(org.apache.velocity.context.Context,java.io.Writer,java.lang.String,java.lang.String)>'
Cannot find sink method '<com.alibaba.fastjson.JSON: java.lang.Object parse(java.lang.String)>'
Cannot find sink method '<com.alibaba.fastjson.JSON: java.lang.Object parseObject(java.lang.String)>'
Cannot find sink method '<com.alibaba.fastjson.JSON: java.lang.Object parseObject(java.lang.String,java.lang.Class)>'
Cannot find sink method '<com.fasterxml.jackson.databind.ObjectMapper: java.lang.Object readValue(java.lang.String,java.lang.Class)>'
Cannot find sink method '<org.yaml.snakeyaml.Yaml: java.lang.Object load(java.lang.String)>'
Cannot find sink method '<org.yaml.snakeyaml.Yaml: java.lang.Object load(java.io.InputStream)>'
Cannot find sink method '<org.apache.logging.log4j.Logger: void info(java.lang.String)>'
Cannot find sink method '<org.apache.logging.log4j.Logger: void warn(java.lang.String)>'
Cannot find sink method '<org.apache.logging.log4j.Logger: void error(java.lang.String)>'
Cannot find sink method '<org.apache.logging.log4j.Logger: void debug(java.lang.String)>'
Cannot find sink method '<org.apache.logging.log4j.Logger: void fatal(java.lang.String)>'
Cannot find sink method '<org.slf4j.Logger: void info(java.lang.String)>'
Cannot find sink method '<org.slf4j.Logger: void warn(java.lang.String)>'
Cannot find sink method '<org.slf4j.Logger: void error(java.lang.String)>'
Cannot find sink method '<org.slf4j.Logger: void debug(java.lang.String)>'
Cannot find sink method '<javax.servlet.ServletContext: javax.servlet.RequestDispatcher getRequestDispatcher(java.lang.String)>'
Cannot find sink method '<javax.servlet.http.HttpServletRequest: javax.servlet.RequestDispatcher getRequestDispatcher(java.lang.String)>'
Cannot find sink method '<javax.servlet.http.Cookie: void <init>(java.lang.String,java.lang.String)>'
Cannot find sink method '<javax.servlet.http.Cookie: void setValue(java.lang.String)>'
Cannot find sink method '<javax.servlet.http.HttpServletResponse: void addHeader(java.lang.String,java.lang.String)>'
Cannot find sink method '<javax.servlet.http.HttpServletResponse: void setHeader(java.lang.String,java.lang.String)>'
Cannot find taint-transfer method '<java.util.LinkedHashMap: java.lang.Object put(java.lang.Object,java.lang.Object)>'
Cannot find taint-transfer method '<javax.servlet.http.HttpServletRequest: java.lang.String getParameter(java.lang.String)>'
Cannot find taint-transfer method '<javax.servlet.ServletRequest: java.lang.String getParameter(java.lang.String)>'
Cannot find taint-transfer method '<javax.servlet.http.HttpServletRequest: java.lang.String[] getParameterValues(java.lang.String)>'
Cannot find taint-transfer method '<javax.servlet.http.HttpServletRequest: java.lang.String getHeader(java.lang.String)>'
Cannot find taint-transfer method '<javax.servlet.http.HttpServletRequest: java.lang.String getQueryString()>'
Cannot find taint-transfer method '<javax.servlet.http.HttpServletRequest: java.lang.String getRequestURI()>'
Cannot find taint-transfer method '<javax.servlet.http.HttpServletRequest: java.lang.StringBuffer getRequestURL()>'
Cannot find taint-transfer method '<javax.servlet.http.HttpServletRequest: java.lang.String getRemoteAddr()>'
Cannot find taint-transfer method '<javax.servlet.http.HttpServletRequest: java.lang.Object getAttribute(java.lang.String)>'
Cannot find taint-transfer method '<org.apache.shiro.subject.Subject: java.lang.Object getPrincipal()>'
Cannot find taint-transfer method '<org.apache.shiro.subject.Subject: org.apache.shiro.subject.PrincipalCollection getPrincipals()>'
Cannot find taint-transfer method '<org.apache.shiro.subject.PrincipalCollection: java.lang.Object getPrimaryPrincipal()>'
Cannot find taint-transfer method '<org.apache.shiro.subject.PrincipalCollection: java.util.Collection fromRealm(java.lang.String)>'
Cannot find taint-transfer method '<org.springframework.security.core.context.SecurityContext: org.springframework.security.core.Authentication getAuthentication()>'
Cannot find taint-transfer method '<org.springframework.security.core.Authentication: java.lang.Object getPrincipal()>'
Cannot find taint-transfer method '<org.springframework.security.core.Authentication: java.lang.Object getDetails()>'
Cannot find taint-transfer method '<org.springframework.security.core.Authentication: java.lang.String getName()>'
Cannot find taint-transfer method '<org.springframework.security.core.Authentication: java.util.Collection getAuthorities()>'
Cannot find taint-transfer method '<org.springframework.security.core.userdetails.UserDetails: java.lang.String getUsername()>'
Cannot find taint-transfer method '<org.springframework.security.core.GrantedAuthority: java.lang.String getAuthority()>'
Cannot find taint-transfer method '<javax.servlet.http.HttpSession: java.lang.Object getAttribute(java.lang.String)>'
Cannot find taint-transfer method '<javax.servlet.http.HttpSession: java.lang.Object getValue(java.lang.String)>'
Cannot find taint-transfer method '<javax.servlet.http.HttpSession: void setAttribute(java.lang.String,java.lang.Object)>'
Cannot find taint-transfer method '<java.lang.InheritableThreadLocal: java.lang.Object get()>'
TaintConfig:
sources:
  - { kind: "param", method: "<org.jeecg.modules.demo.test.controller.JoaDemoController: org.jeecg.common.api.vo.Result queryPageList(org.jeecg.modules.demo.test.entity.JoaDemo,java.lang.Integer,java.lang.Integer,javax.servlet.http.HttpServletRequest)>", index: "1", type: "java.lang.Integer" }
  - { kind: "param", method: "<org.jeecg.modules.demo.test.controller.JoaDemoController: org.jeecg.common.api.vo.Result queryPageList(org.jeecg.modules.demo.test.entity.JoaDemo,java.lang.Integer,java.lang.Integer,javax.servlet.http.HttpServletRequest)>", index: "2", type: "java.lang.Integer" }
  - { kind: "param", method: "<org.jeecg.modules.demo.test.controller.JoaDemoController: org.jeecg.common.api.vo.Result add(org.jeecg.modules.demo.test.entity.JoaDemo)>", index: "0", type: "org.jeecg.modules.demo.test.entity.JoaDemo" }
  - { kind: "param", method: "<org.jeecg.modules.demo.test.controller.JoaDemoController: org.jeecg.common.api.vo.Result edit(org.jeecg.modules.demo.test.entity.JoaDemo)>", index: "0", type: "org.jeecg.modules.demo.test.entity.JoaDemo" }
  - { kind: "param", method: "<org.jeecg.modules.demo.test.controller.JoaDemoController: org.jeecg.common.api.vo.Result delete(java.lang.String)>", index: "0", type: "java.lang.String" }
  - { kind: "param", method: "<org.jeecg.modules.demo.test.controller.JoaDemoController: org.jeecg.common.api.vo.Result deleteBatch(java.lang.String)>", index: "0", type: "java.lang.String" }
  - { kind: "param", method: "<org.jeecg.modules.demo.test.controller.JoaDemoController: org.jeecg.common.api.vo.Result queryById(java.lang.String)>", index: "0", type: "java.lang.String" }
  - { kind: "param", method: "<org.jeecg.modules.demo.test.controller.JeecgOrderTabMainController: org.jeecg.common.api.vo.Result respondePagedData(org.jeecg.modules.demo.test.entity.JeecgOrderMain,java.lang.Integer,java.lang.Integer,javax.servlet.http.HttpServletRequest)>", index: "1", type: "java.lang.Integer" }
  - { kind: "param", method: "<org.jeecg.modules.demo.test.controller.JeecgOrderTabMainController: org.jeecg.common.api.vo.Result respondePagedData(org.jeecg.modules.demo.test.entity.JeecgOrderMain,java.lang.Integer,java.lang.Integer,javax.servlet.http.HttpServletRequest)>", index: "2", type: "java.lang.Integer" }
  - { kind: "param", method: "<org.jeecg.modules.demo.test.controller.JeecgOrderTabMainController: org.jeecg.common.api.vo.Result add(org.jeecg.modules.demo.test.vo.JeecgOrderMainPage)>", index: "0", type: "org.jeecg.modules.demo.test.vo.JeecgOrderMainPage" }
  - { kind: "param", method: "<org.jeecg.modules.demo.test.controller.JeecgOrderTabMainController: org.jeecg.common.api.vo.Result edit(org.jeecg.modules.demo.test.vo.JeecgOrderMainPage)>", index: "0", type: "org.jeecg.modules.demo.test.vo.JeecgOrderMainPage" }
  - { kind: "param", method: "<org.jeecg.modules.demo.test.controller.JeecgOrderTabMainController: org.jeecg.common.api.vo.Result delete(java.lang.String)>", index: "0", type: "java.lang.String" }
  - { kind: "param", method: "<org.jeecg.modules.demo.test.controller.JeecgOrderTabMainController: org.jeecg.common.api.vo.Result deleteBatch(java.lang.String)>", index: "0", type: "java.lang.String" }
  - { kind: "param", method: "<org.jeecg.modules.demo.test.controller.JeecgOrderTabMainController: org.jeecg.common.api.vo.Result queryById(java.lang.String)>", index: "0", type: "java.lang.String" }
  - { kind: "param", method: "<org.jeecg.modules.demo.test.controller.JeecgOrderTabMainController: org.jeecg.common.api.vo.Result queryOrderCustomerListByMainId(org.jeecg.modules.demo.test.entity.JeecgOrderCustomer,java.lang.Integer,java.lang.Integer,javax.servlet.http.HttpServletRequest)>", index: "1", type: "java.lang.Integer" }
  - { kind: "param", method: "<org.jeecg.modules.demo.test.controller.JeecgOrderTabMainController: org.jeecg.common.api.vo.Result queryOrderCustomerListByMainId(org.jeecg.modules.demo.test.entity.JeecgOrderCustomer,java.lang.Integer,java.lang.Integer,javax.servlet.http.HttpServletRequest)>", index: "2", type: "java.lang.Integer" }
  - { kind: "param", method: "<org.jeecg.modules.demo.test.controller.JeecgOrderTabMainController: org.jeecg.common.api.vo.Result queryOrderTicketListByMainId(org.jeecg.modules.demo.test.entity.JeecgOrderTicket,java.lang.Integer,java.lang.Integer,javax.servlet.http.HttpServletRequest)>", index: "1", type: "java.lang.Integer" }
  - { kind: "param", method: "<org.jeecg.modules.demo.test.controller.JeecgOrderTabMainController: org.jeecg.common.api.vo.Result queryOrderTicketListByMainId(org.jeecg.modules.demo.test.entity.JeecgOrderTicket,java.lang.Integer,java.lang.Integer,javax.servlet.http.HttpServletRequest)>", index: "2", type: "java.lang.Integer" }
  - { kind: "param", method: "<org.jeecg.modules.demo.test.controller.JeecgOrderTabMainController: org.jeecg.common.api.vo.Result addCustomer(org.jeecg.modules.demo.test.entity.JeecgOrderCustomer)>", index: "0", type: "org.jeecg.modules.demo.test.entity.JeecgOrderCustomer" }
  - { kind: "param", method: "<org.jeecg.modules.demo.test.controller.JeecgOrderTabMainController: org.jeecg.common.api.vo.Result editCustomer(org.jeecg.modules.demo.test.entity.JeecgOrderCustomer)>", index: "0", type: "org.jeecg.modules.demo.test.entity.JeecgOrderCustomer" }
  - { kind: "param", method: "<org.jeecg.modules.demo.test.controller.JeecgOrderTabMainController: org.jeecg.common.api.vo.Result deleteCustomer(java.lang.String)>", index: "0", type: "java.lang.String" }
  - { kind: "param", method: "<org.jeecg.modules.demo.test.controller.JeecgOrderTabMainController: org.jeecg.common.api.vo.Result deleteBatchCustomer(java.lang.String)>", index: "0", type: "java.lang.String" }
  - { kind: "param", method: "<org.jeecg.modules.demo.test.controller.JeecgOrderTabMainController: org.jeecg.common.api.vo.Result addTicket(org.jeecg.modules.demo.test.entity.JeecgOrderTicket)>", index: "0", type: "org.jeecg.modules.demo.test.entity.JeecgOrderTicket" }
  - { kind: "param", method: "<org.jeecg.modules.demo.test.controller.JeecgOrderTabMainController: org.jeecg.common.api.vo.Result editTicket(org.jeecg.modules.demo.test.entity.JeecgOrderTicket)>", index: "0", type: "org.jeecg.modules.demo.test.entity.JeecgOrderTicket" }
  - { kind: "param", method: "<org.jeecg.modules.demo.test.controller.JeecgOrderTabMainController: org.jeecg.common.api.vo.Result deleteTicket(java.lang.String)>", index: "0", type: "java.lang.String" }
  - { kind: "param", method: "<org.jeecg.modules.demo.test.controller.JeecgOrderTabMainController: org.jeecg.common.api.vo.Result deleteBatchTicket(java.lang.String)>", index: "0", type: "java.lang.String" }
  - { kind: "param", method: "<org.jeecg.modules.demo.test.controller.JeecgOrderMainController: org.jeecg.common.api.vo.Result queryPageList(org.jeecg.modules.demo.test.entity.JeecgOrderMain,java.lang.Integer,java.lang.Integer,javax.servlet.http.HttpServletRequest)>", index: "1", type: "java.lang.Integer" }
  - { kind: "param", method: "<org.jeecg.modules.demo.test.controller.JeecgOrderMainController: org.jeecg.common.api.vo.Result queryPageList(org.jeecg.modules.demo.test.entity.JeecgOrderMain,java.lang.Integer,java.lang.Integer,javax.servlet.http.HttpServletRequest)>", index: "2", type: "java.lang.Integer" }
  - { kind: "param", method: "<org.jeecg.modules.demo.test.controller.JeecgOrderMainController: org.jeecg.common.api.vo.Result add(org.jeecg.modules.demo.test.vo.JeecgOrderMainPage)>", index: "0", type: "org.jeecg.modules.demo.test.vo.JeecgOrderMainPage" }
  - { kind: "param", method: "<org.jeecg.modules.demo.test.controller.JeecgOrderMainController: org.jeecg.common.api.vo.Result eidt(org.jeecg.modules.demo.test.vo.JeecgOrderMainPage)>", index: "0", type: "org.jeecg.modules.demo.test.vo.JeecgOrderMainPage" }
  - { kind: "param", method: "<org.jeecg.modules.demo.test.controller.JeecgOrderMainController: org.jeecg.common.api.vo.Result delete(java.lang.String)>", index: "0", type: "java.lang.String" }
  - { kind: "param", method: "<org.jeecg.modules.demo.test.controller.JeecgOrderMainController: org.jeecg.common.api.vo.Result deleteBatch(java.lang.String)>", index: "0", type: "java.lang.String" }
  - { kind: "param", method: "<org.jeecg.modules.demo.test.controller.JeecgOrderMainController: org.jeecg.common.api.vo.Result queryById(java.lang.String)>", index: "0", type: "java.lang.String" }
  - { kind: "param", method: "<org.jeecg.modules.demo.test.controller.JeecgOrderMainController: org.jeecg.common.api.vo.Result queryOrderCustomerListByMainId(java.lang.String)>", index: "0", type: "java.lang.String" }
  - { kind: "param", method: "<org.jeecg.modules.demo.test.controller.JeecgOrderMainController: org.jeecg.common.api.vo.Result queryOrderTicketListByMainId(java.lang.String)>", index: "0", type: "java.lang.String" }
  - { kind: "param", method: "<org.jeecg.modules.demo.test.controller.JeecgDemoController: org.jeecg.common.api.vo.Result list(org.jeecg.modules.demo.test.entity.JeecgDemo,java.lang.Integer,java.lang.Integer,javax.servlet.http.HttpServletRequest)>", index: "1", type: "java.lang.Integer" }
  - { kind: "param", method: "<org.jeecg.modules.demo.test.controller.JeecgDemoController: org.jeecg.common.api.vo.Result list(org.jeecg.modules.demo.test.entity.JeecgDemo,java.lang.Integer,java.lang.Integer,javax.servlet.http.HttpServletRequest)>", index: "2", type: "java.lang.Integer" }
  - { kind: "param", method: "<org.jeecg.modules.demo.test.controller.JeecgDemoController: org.jeecg.common.api.vo.Result add(org.jeecg.modules.demo.test.entity.JeecgDemo)>", index: "0", type: "org.jeecg.modules.demo.test.entity.JeecgDemo" }
  - { kind: "param", method: "<org.jeecg.modules.demo.test.controller.JeecgDemoController: org.jeecg.common.api.vo.Result edit(org.jeecg.modules.demo.test.entity.JeecgDemo)>", index: "0", type: "org.jeecg.modules.demo.test.entity.JeecgDemo" }
  - { kind: "param", method: "<org.jeecg.modules.demo.test.controller.JeecgDemoController: org.jeecg.common.api.vo.Result delete(java.lang.String)>", index: "0", type: "java.lang.String" }
  - { kind: "param", method: "<org.jeecg.modules.demo.test.controller.JeecgDemoController: org.jeecg.common.api.vo.Result deleteBatch(java.lang.String)>", index: "0", type: "java.lang.String" }
  - { kind: "param", method: "<org.jeecg.modules.demo.test.controller.JeecgDemoController: org.jeecg.common.api.vo.Result queryById(java.lang.String)>", index: "0", type: "java.lang.String" }
  - { kind: "param", method: "<org.jeecg.modules.demo.test.controller.JeecgDemoController: org.jeecg.modules.demo.test.entity.JeecgDemo redisGetJeecgDemo(java.lang.String)>", index: "0", type: "java.lang.String" }
  - { kind: "param", method: "<org.jeecg.modules.demo.test.controller.JeecgDemoController: org.jeecg.common.api.vo.Result testOnlineAdd(com.alibaba.fastjson.JSONObject)>", index: "0", type: "com.alibaba.fastjson.JSONObject" }
  - { kind: "param", method: "<org.jeecg.modules.demo.test.controller.JeecgDemoController: org.jeecg.common.api.vo.Result loadMpPermissonList(java.lang.Integer,java.lang.Integer,javax.servlet.http.HttpServletRequest)>", index: "0", type: "java.lang.Integer" }
  - { kind: "param", method: "<org.jeecg.modules.demo.test.controller.JeecgDemoController: org.jeecg.common.api.vo.Result loadMpPermissonList(java.lang.Integer,java.lang.Integer,javax.servlet.http.HttpServletRequest)>", index: "1", type: "java.lang.Integer" }
  - { kind: "param", method: "<org.jeecg.modules.demo.test.controller.JeecgDemoController: org.jeecg.common.api.vo.Result loadSqlPermissonList(org.jeecg.modules.demo.test.entity.JeecgDemo,java.lang.Integer,java.lang.Integer,javax.servlet.http.HttpServletRequest)>", index: "1", type: "java.lang.Integer" }
  - { kind: "param", method: "<org.jeecg.modules.demo.test.controller.JeecgDemoController: org.jeecg.common.api.vo.Result loadSqlPermissonList(org.jeecg.modules.demo.test.entity.JeecgDemo,java.lang.Integer,java.lang.Integer,javax.servlet.http.HttpServletRequest)>", index: "2", type: "java.lang.Integer" }
  - { kind: "param", method: "<org.jeecg.modules.demo.mock.vxe.controller.VxeMockController: org.jeecg.common.api.vo.Result mockChange1(java.lang.String,java.lang.String)>", index: "0", type: "java.lang.String" }
  - { kind: "param", method: "<org.jeecg.modules.demo.mock.vxe.controller.VxeMockController: org.jeecg.common.api.vo.Result mockChange1(java.lang.String,java.lang.String)>", index: "1", type: "java.lang.String" }
  - { kind: "param", method: "<org.jeecg.modules.demo.mock.vxe.controller.VxeMockController: org.jeecg.common.api.vo.Result mockChange2(java.lang.String,java.lang.String)>", index: "0", type: "java.lang.String" }
  - { kind: "param", method: "<org.jeecg.modules.demo.mock.vxe.controller.VxeMockController: org.jeecg.common.api.vo.Result mockChange2(java.lang.String,java.lang.String)>", index: "1", type: "java.lang.String" }
  - { kind: "param", method: "<org.jeecg.modules.demo.mock.vxe.controller.VxeMockController: org.jeecg.common.api.vo.Result mockChange3(java.lang.String,java.lang.String)>", index: "0", type: "java.lang.String" }
  - { kind: "param", method: "<org.jeecg.modules.demo.mock.vxe.controller.VxeMockController: org.jeecg.common.api.vo.Result mockChange3(java.lang.String,java.lang.String)>", index: "1", type: "java.lang.String" }
  - { kind: "param", method: "<org.jeecg.modules.demo.mock.vxe.controller.VxeMockController: org.jeecg.common.api.vo.Result mockChange4(java.lang.String)>", index: "0", type: "java.lang.String" }
  - { kind: "param", method: "<org.jeecg.modules.demo.mock.vxe.controller.VxeMockController: org.jeecg.common.api.vo.Result mockImmediateSaveRow(com.alibaba.fastjson.JSONObject)>", index: "0", type: "com.alibaba.fastjson.JSONObject" }
  - { kind: "param", method: "<org.jeecg.modules.demo.mock.vxe.controller.VxeMockController: org.jeecg.common.api.vo.Result mockImmediateSaveAll(com.alibaba.fastjson.JSONArray)>", index: "0", type: "com.alibaba.fastjson.JSONArray" }
  - { kind: "param", method: "<org.jeecg.modules.demo.mock.vxe.controller.VxeMockController: org.jeecg.common.api.vo.Result getMockData(java.lang.Integer,java.lang.Integer,java.lang.String)>", index: "0", type: "java.lang.Integer" }
  - { kind: "param", method: "<org.jeecg.modules.demo.mock.vxe.controller.VxeMockController: org.jeecg.common.api.vo.Result getMockData(java.lang.Integer,java.lang.Integer,java.lang.String)>", index: "1", type: "java.lang.Integer" }
  - { kind: "param", method: "<org.jeecg.modules.demo.mock.vxe.controller.VxeMockController: org.jeecg.common.api.vo.Result getMockData(java.lang.Integer,java.lang.Integer,java.lang.String)>", index: "2", type: "java.lang.String" }
  - { kind: "param", method: "<org.jeecg.modules.demo.mock.vxe.controller.VxeMockController: org.jeecg.common.api.vo.Result getMockDdjhData(org.jeecg.modules.demo.mock.vxe.entity.MockEntity,java.lang.Integer,java.lang.Integer,java.lang.String,java.lang.String,java.lang.String,java.lang.String,javax.servlet.http.HttpServletRequest)>", index: "1", type: "java.lang.Integer" }
  - { kind: "param", method: "<org.jeecg.modules.demo.mock.vxe.controller.VxeMockController: org.jeecg.common.api.vo.Result getMockDdjhData(org.jeecg.modules.demo.mock.vxe.entity.MockEntity,java.lang.Integer,java.lang.Integer,java.lang.String,java.lang.String,java.lang.String,java.lang.String,javax.servlet.http.HttpServletRequest)>", index: "2", type: "java.lang.Integer" }
  - { kind: "param", method: "<org.jeecg.modules.demo.mock.vxe.controller.VxeMockController: org.jeecg.common.api.vo.Result getMockDdjhData(org.jeecg.modules.demo.mock.vxe.entity.MockEntity,java.lang.Integer,java.lang.Integer,java.lang.String,java.lang.String,java.lang.String,java.lang.String,javax.servlet.http.HttpServletRequest)>", index: "3", type: "java.lang.String" }
  - { kind: "param", method: "<org.jeecg.modules.demo.mock.vxe.controller.VxeMockController: org.jeecg.common.api.vo.Result getMockDdjhData(org.jeecg.modules.demo.mock.vxe.entity.MockEntity,java.lang.Integer,java.lang.Integer,java.lang.String,java.lang.String,java.lang.String,java.lang.String,javax.servlet.http.HttpServletRequest)>", index: "4", type: "java.lang.String" }
  - { kind: "param", method: "<org.jeecg.modules.demo.mock.vxe.controller.VxeMockController: org.jeecg.common.api.vo.Result getMockDdjhData(org.jeecg.modules.demo.mock.vxe.entity.MockEntity,java.lang.Integer,java.lang.Integer,java.lang.String,java.lang.String,java.lang.String,java.lang.String,javax.servlet.http.HttpServletRequest)>", index: "5", type: "java.lang.String" }
  - { kind: "param", method: "<org.jeecg.modules.demo.mock.vxe.controller.VxeMockController: org.jeecg.common.api.vo.Result getMockDdjhData(org.jeecg.modules.demo.mock.vxe.entity.MockEntity,java.lang.Integer,java.lang.Integer,java.lang.String,java.lang.String,java.lang.String,java.lang.String,javax.servlet.http.HttpServletRequest)>", index: "6", type: "java.lang.String" }
  - { kind: "param", method: "<org.jeecg.modules.demo.mock.MockController: java.lang.String getJsonData(java.lang.String)>", index: "0", type: "java.lang.String" }
  - { kind: "param", method: "<org.jeecg.modules.demo.cloud.provider.JcloudDemoProvider: org.jeecg.common.api.vo.Result getMessage(java.lang.String)>", index: "0", type: "java.lang.String" }
  - { kind: "param", method: "<org.jeecg.modules.dlglong.controller.DlMockController: org.jeecg.common.api.vo.Result mockChange1(java.lang.String,java.lang.String)>", index: "0", type: "java.lang.String" }
  - { kind: "param", method: "<org.jeecg.modules.dlglong.controller.DlMockController: org.jeecg.common.api.vo.Result mockChange1(java.lang.String,java.lang.String)>", index: "1", type: "java.lang.String" }
  - { kind: "param", method: "<org.jeecg.modules.dlglong.controller.DlMockController: org.jeecg.common.api.vo.Result mockChange2(java.lang.String,java.lang.String)>", index: "0", type: "java.lang.String" }
  - { kind: "param", method: "<org.jeecg.modules.dlglong.controller.DlMockController: org.jeecg.common.api.vo.Result mockChange2(java.lang.String,java.lang.String)>", index: "1", type: "java.lang.String" }
  - { kind: "param", method: "<org.jeecg.modules.dlglong.controller.DlMockController: org.jeecg.common.api.vo.Result mockChange3(java.lang.String,java.lang.String)>", index: "0", type: "java.lang.String" }
  - { kind: "param", method: "<org.jeecg.modules.dlglong.controller.DlMockController: org.jeecg.common.api.vo.Result mockChange3(java.lang.String,java.lang.String)>", index: "1", type: "java.lang.String" }
  - { kind: "param", method: "<org.jeecg.modules.dlglong.controller.DlMockController: org.jeecg.common.api.vo.Result mockChange4(java.lang.String)>", index: "0", type: "java.lang.String" }
  - { kind: "param", method: "<org.jeecg.modules.dlglong.controller.DlMockController: org.jeecg.common.api.vo.Result mockImmediateSaveRow(com.alibaba.fastjson.JSONObject)>", index: "0", type: "com.alibaba.fastjson.JSONObject" }
  - { kind: "param", method: "<org.jeecg.modules.dlglong.controller.DlMockController: org.jeecg.common.api.vo.Result mockImmediateSaveAll(com.alibaba.fastjson.JSONArray)>", index: "0", type: "com.alibaba.fastjson.JSONArray" }
  - { kind: "param", method: "<org.jeecg.modules.dlglong.controller.DlMockController: org.jeecg.common.api.vo.Result getMockData(java.lang.Integer,java.lang.Integer,java.lang.String)>", index: "0", type: "java.lang.Integer" }
  - { kind: "param", method: "<org.jeecg.modules.dlglong.controller.DlMockController: org.jeecg.common.api.vo.Result getMockData(java.lang.Integer,java.lang.Integer,java.lang.String)>", index: "1", type: "java.lang.Integer" }
  - { kind: "param", method: "<org.jeecg.modules.dlglong.controller.DlMockController: org.jeecg.common.api.vo.Result getMockData(java.lang.Integer,java.lang.Integer,java.lang.String)>", index: "2", type: "java.lang.String" }
  - { kind: "param", method: "<org.jeecg.modules.dlglong.controller.DlMockController: org.jeecg.common.api.vo.Result getMockDdjhData(org.jeecg.modules.dlglong.entity.MockEntity,java.lang.Integer,java.lang.Integer,java.lang.String,java.lang.String,java.lang.String,java.lang.String,javax.servlet.http.HttpServletRequest)>", index: "1", type: "java.lang.Integer" }
  - { kind: "param", method: "<org.jeecg.modules.dlglong.controller.DlMockController: org.jeecg.common.api.vo.Result getMockDdjhData(org.jeecg.modules.dlglong.entity.MockEntity,java.lang.Integer,java.lang.Integer,java.lang.String,java.lang.String,java.lang.String,java.lang.String,javax.servlet.http.HttpServletRequest)>", index: "2", type: "java.lang.Integer" }
  - { kind: "param", method: "<org.jeecg.modules.dlglong.controller.DlMockController: org.jeecg.common.api.vo.Result getMockDdjhData(org.jeecg.modules.dlglong.entity.MockEntity,java.lang.Integer,java.lang.Integer,java.lang.String,java.lang.String,java.lang.String,java.lang.String,javax.servlet.http.HttpServletRequest)>", index: "3", type: "java.lang.String" }
  - { kind: "param", method: "<org.jeecg.modules.dlglong.controller.DlMockController: org.jeecg.common.api.vo.Result getMockDdjhData(org.jeecg.modules.dlglong.entity.MockEntity,java.lang.Integer,java.lang.Integer,java.lang.String,java.lang.String,java.lang.String,java.lang.String,javax.servlet.http.HttpServletRequest)>", index: "4", type: "java.lang.String" }
  - { kind: "param", method: "<org.jeecg.modules.dlglong.controller.DlMockController: org.jeecg.common.api.vo.Result getMockDdjhData(org.jeecg.modules.dlglong.entity.MockEntity,java.lang.Integer,java.lang.Integer,java.lang.String,java.lang.String,java.lang.String,java.lang.String,javax.servlet.http.HttpServletRequest)>", index: "5", type: "java.lang.String" }
  - { kind: "param", method: "<org.jeecg.modules.dlglong.controller.DlMockController: org.jeecg.common.api.vo.Result getMockDdjhData(org.jeecg.modules.dlglong.entity.MockEntity,java.lang.Integer,java.lang.Integer,java.lang.String,java.lang.String,java.lang.String,java.lang.String,javax.servlet.http.HttpServletRequest)>", index: "6", type: "java.lang.String" }
  - { kind: "param", method: "<org.jeecg.modules.cas.controller.CasClientController: java.lang.Object validateLogin(java.lang.String,java.lang.String,javax.servlet.http.HttpServletRequest,javax.servlet.http.HttpServletResponse)>", index: "0", type: "java.lang.String" }
  - { kind: "param", method: "<org.jeecg.modules.cas.controller.CasClientController: java.lang.Object validateLogin(java.lang.String,java.lang.String,javax.servlet.http.HttpServletRequest,javax.servlet.http.HttpServletResponse)>", index: "1", type: "java.lang.String" }
  - { kind: "param", method: "<org.jeecg.modules.message.websocket.TestSocketController: org.jeecg.common.api.vo.Result sendAll(com.alibaba.fastjson.JSONObject)>", index: "0", type: "com.alibaba.fastjson.JSONObject" }
  - { kind: "param", method: "<org.jeecg.modules.message.websocket.TestSocketController: org.jeecg.common.api.vo.Result sendUser(com.alibaba.fastjson.JSONObject)>", index: "0", type: "com.alibaba.fastjson.JSONObject" }
  - { kind: "param", method: "<org.jeecg.modules.message.controller.SysMessageTemplateController: org.jeecg.common.api.vo.Result queryPageList(org.jeecg.modules.message.entity.SysMessageTemplate,java.lang.Integer,java.lang.Integer,javax.servlet.http.HttpServletRequest)>", index: "1", type: "java.lang.Integer" }
  - { kind: "param", method: "<org.jeecg.modules.message.controller.SysMessageTemplateController: org.jeecg.common.api.vo.Result queryPageList(org.jeecg.modules.message.entity.SysMessageTemplate,java.lang.Integer,java.lang.Integer,javax.servlet.http.HttpServletRequest)>", index: "2", type: "java.lang.Integer" }
  - { kind: "param", method: "<org.jeecg.modules.message.controller.SysMessageTemplateController: org.jeecg.common.api.vo.Result add(org.jeecg.modules.message.entity.SysMessageTemplate)>", index: "0", type: "org.jeecg.modules.message.entity.SysMessageTemplate" }
  - { kind: "param", method: "<org.jeecg.modules.message.controller.SysMessageTemplateController: org.jeecg.common.api.vo.Result edit(org.jeecg.modules.message.entity.SysMessageTemplate)>", index: "0", type: "org.jeecg.modules.message.entity.SysMessageTemplate" }
  - { kind: "param", method: "<org.jeecg.modules.message.controller.SysMessageTemplateController: org.jeecg.common.api.vo.Result delete(java.lang.String)>", index: "0", type: "java.lang.String" }
  - { kind: "param", method: "<org.jeecg.modules.message.controller.SysMessageTemplateController: org.jeecg.common.api.vo.Result deleteBatch(java.lang.String)>", index: "0", type: "java.lang.String" }
  - { kind: "param", method: "<org.jeecg.modules.message.controller.SysMessageTemplateController: org.jeecg.common.api.vo.Result queryById(java.lang.String)>", index: "0", type: "java.lang.String" }
  - { kind: "param", method: "<org.jeecg.modules.message.controller.SysMessageTemplateController: org.jeecg.common.api.vo.Result sendMessage(org.jeecg.modules.message.entity.MsgParams)>", index: "0", type: "org.jeecg.modules.message.entity.MsgParams" }
  - { kind: "param", method: "<org.jeecg.modules.message.controller.SysMessageController: org.jeecg.common.api.vo.Result queryPageList(org.jeecg.modules.message.entity.SysMessage,java.lang.Integer,java.lang.Integer,javax.servlet.http.HttpServletRequest)>", index: "1", type: "java.lang.Integer" }
  - { kind: "param", method: "<org.jeecg.modules.message.controller.SysMessageController: org.jeecg.common.api.vo.Result queryPageList(org.jeecg.modules.message.entity.SysMessage,java.lang.Integer,java.lang.Integer,javax.servlet.http.HttpServletRequest)>", index: "2", type: "java.lang.Integer" }
  - { kind: "param", method: "<org.jeecg.modules.message.controller.SysMessageController: org.jeecg.common.api.vo.Result add(org.jeecg.modules.message.entity.SysMessage)>", index: "0", type: "org.jeecg.modules.message.entity.SysMessage" }
  - { kind: "param", method: "<org.jeecg.modules.message.controller.SysMessageController: org.jeecg.common.api.vo.Result edit(org.jeecg.modules.message.entity.SysMessage)>", index: "0", type: "org.jeecg.modules.message.entity.SysMessage" }
  - { kind: "param", method: "<org.jeecg.modules.message.controller.SysMessageController: org.jeecg.common.api.vo.Result delete(java.lang.String)>", index: "0", type: "java.lang.String" }
  - { kind: "param", method: "<org.jeecg.modules.message.controller.SysMessageController: org.jeecg.common.api.vo.Result deleteBatch(java.lang.String)>", index: "0", type: "java.lang.String" }
  - { kind: "param", method: "<org.jeecg.modules.message.controller.SysMessageController: org.jeecg.common.api.vo.Result queryById(java.lang.String)>", index: "0", type: "java.lang.String" }
  - { kind: "param", method: "<org.jeecg.modules.system.controller.SysCheckRuleController: org.jeecg.common.api.vo.Result queryPageList(org.jeecg.modules.system.entity.SysCheckRule,java.lang.Integer,java.lang.Integer,javax.servlet.http.HttpServletRequest)>", index: "1", type: "java.lang.Integer" }
  - { kind: "param", method: "<org.jeecg.modules.system.controller.SysCheckRuleController: org.jeecg.common.api.vo.Result queryPageList(org.jeecg.modules.system.entity.SysCheckRule,java.lang.Integer,java.lang.Integer,javax.servlet.http.HttpServletRequest)>", index: "2", type: "java.lang.Integer" }
  - { kind: "param", method: "<org.jeecg.modules.system.controller.SysCheckRuleController: org.jeecg.common.api.vo.Result checkByCode(java.lang.String,java.lang.String)>", index: "0", type: "java.lang.String" }
  - { kind: "param", method: "<org.jeecg.modules.system.controller.SysCheckRuleController: org.jeecg.common.api.vo.Result checkByCode(java.lang.String,java.lang.String)>", index: "1", type: "java.lang.String" }
  - { kind: "param", method: "<org.jeecg.modules.system.controller.SysCheckRuleController: org.jeecg.common.api.vo.Result add(org.jeecg.modules.system.entity.SysCheckRule)>", index: "0", type: "org.jeecg.modules.system.entity.SysCheckRule" }
  - { kind: "param", method: "<org.jeecg.modules.system.controller.SysCheckRuleController: org.jeecg.common.api.vo.Result edit(org.jeecg.modules.system.entity.SysCheckRule)>", index: "0", type: "org.jeecg.modules.system.entity.SysCheckRule" }
  - { kind: "param", method: "<org.jeecg.modules.system.controller.SysCheckRuleController: org.jeecg.common.api.vo.Result delete(java.lang.String)>", index: "0", type: "java.lang.String" }
  - { kind: "param", method: "<org.jeecg.modules.system.controller.SysCheckRuleController: org.jeecg.common.api.vo.Result deleteBatch(java.lang.String)>", index: "0", type: "java.lang.String" }
  - { kind: "param", method: "<org.jeecg.modules.system.controller.SysCheckRuleController: org.jeecg.common.api.vo.Result queryById(java.lang.String)>", index: "0", type: "java.lang.String" }
  - { kind: "param", method: "<org.jeecg.modules.system.controller.SysFillRuleController: org.jeecg.common.api.vo.Result queryPageList(org.jeecg.modules.system.entity.SysFillRule,java.lang.Integer,java.lang.Integer,javax.servlet.http.HttpServletRequest)>", index: "1", type: "java.lang.Integer" }
  - { kind: "param", method: "<org.jeecg.modules.system.controller.SysFillRuleController: org.jeecg.common.api.vo.Result queryPageList(org.jeecg.modules.system.entity.SysFillRule,java.lang.Integer,java.lang.Integer,javax.servlet.http.HttpServletRequest)>", index: "2", type: "java.lang.Integer" }
  - { kind: "param", method: "<org.jeecg.modules.system.controller.SysFillRuleController: org.jeecg.common.api.vo.Result testFillRule(java.lang.String)>", index: "0", type: "java.lang.String" }
  - { kind: "param", method: "<org.jeecg.modules.system.controller.SysFillRuleController: org.jeecg.common.api.vo.Result add(org.jeecg.modules.system.entity.SysFillRule)>", index: "0", type: "org.jeecg.modules.system.entity.SysFillRule" }
  - { kind: "param", method: "<org.jeecg.modules.system.controller.SysFillRuleController: org.jeecg.common.api.vo.Result edit(org.jeecg.modules.system.entity.SysFillRule)>", index: "0", type: "org.jeecg.modules.system.entity.SysFillRule" }
  - { kind: "param", method: "<org.jeecg.modules.system.controller.SysFillRuleController: org.jeecg.common.api.vo.Result delete(java.lang.String)>", index: "0", type: "java.lang.String" }
  - { kind: "param", method: "<org.jeecg.modules.system.controller.SysFillRuleController: org.jeecg.common.api.vo.Result deleteBatch(java.lang.String)>", index: "0", type: "java.lang.String" }
  - { kind: "param", method: "<org.jeecg.modules.system.controller.SysFillRuleController: org.jeecg.common.api.vo.Result queryById(java.lang.String)>", index: "0", type: "java.lang.String" }
  - { kind: "param", method: "<org.jeecg.modules.system.controller.SysFillRuleController: org.jeecg.common.api.vo.Result executeByRuleCode(java.lang.String,com.alibaba.fastjson.JSONObject)>", index: "0", type: "java.lang.String" }
  - { kind: "param", method: "<org.jeecg.modules.system.controller.SysFillRuleController: org.jeecg.common.api.vo.Result executeByRuleCode(java.lang.String,com.alibaba.fastjson.JSONObject)>", index: "1", type: "com.alibaba.fastjson.JSONObject" }
  - { kind: "param", method: "<org.jeecg.modules.system.controller.SysFillRuleController: org.jeecg.common.api.vo.Result executeByRuleCodeBatch(com.alibaba.fastjson.JSONObject)>", index: "0", type: "com.alibaba.fastjson.JSONObject" }
  - { kind: "param", method: "<org.jeecg.modules.system.controller.SysRoleController: org.jeecg.common.api.vo.Result queryPageList(org.jeecg.modules.system.entity.SysRole,java.lang.Integer,java.lang.Integer,javax.servlet.http.HttpServletRequest)>", index: "1", type: "java.lang.Integer" }
  - { kind: "param", method: "<org.jeecg.modules.system.controller.SysRoleController: org.jeecg.common.api.vo.Result queryPageList(org.jeecg.modules.system.entity.SysRole,java.lang.Integer,java.lang.Integer,javax.servlet.http.HttpServletRequest)>", index: "2", type: "java.lang.Integer" }
  - { kind: "param", method: "<org.jeecg.modules.system.controller.SysRoleController: org.jeecg.common.api.vo.Result add(org.jeecg.modules.system.entity.SysRole)>", index: "0", type: "org.jeecg.modules.system.entity.SysRole" }
  - { kind: "param", method: "<org.jeecg.modules.system.controller.SysRoleController: org.jeecg.common.api.vo.Result edit(org.jeecg.modules.system.entity.SysRole)>", index: "0", type: "org.jeecg.modules.system.entity.SysRole" }
  - { kind: "param", method: "<org.jeecg.modules.system.controller.SysRoleController: org.jeecg.common.api.vo.Result delete(java.lang.String)>", index: "0", type: "java.lang.String" }
  - { kind: "param", method: "<org.jeecg.modules.system.controller.SysRoleController: org.jeecg.common.api.vo.Result deleteBatch(java.lang.String)>", index: "0", type: "java.lang.String" }
  - { kind: "param", method: "<org.jeecg.modules.system.controller.SysRoleController: org.jeecg.common.api.vo.Result queryById(java.lang.String)>", index: "0", type: "java.lang.String" }
  - { kind: "param", method: "<org.jeecg.modules.system.controller.SysRoleController: org.jeecg.common.api.vo.Result loadDatarule(java.lang.String,java.lang.String)>", index: "0", type: "java.lang.String" }
  - { kind: "param", method: "<org.jeecg.modules.system.controller.SysRoleController: org.jeecg.common.api.vo.Result loadDatarule(java.lang.String,java.lang.String)>", index: "1", type: "java.lang.String" }
  - { kind: "param", method: "<org.jeecg.modules.system.controller.SysRoleController: org.jeecg.common.api.vo.Result saveDatarule(com.alibaba.fastjson.JSONObject)>", index: "0", type: "com.alibaba.fastjson.JSONObject" }
  - { kind: "param", method: "<org.jeecg.modules.system.controller.SysAnnouncementSendController: org.jeecg.common.api.vo.Result queryPageList(org.jeecg.modules.system.entity.SysAnnouncementSend,java.lang.Integer,java.lang.Integer,javax.servlet.http.HttpServletRequest)>", index: "1", type: "java.lang.Integer" }
  - { kind: "param", method: "<org.jeecg.modules.system.controller.SysAnnouncementSendController: org.jeecg.common.api.vo.Result queryPageList(org.jeecg.modules.system.entity.SysAnnouncementSend,java.lang.Integer,java.lang.Integer,javax.servlet.http.HttpServletRequest)>", index: "2", type: "java.lang.Integer" }
  - { kind: "param", method: "<org.jeecg.modules.system.controller.SysAnnouncementSendController: org.jeecg.common.api.vo.Result add(org.jeecg.modules.system.entity.SysAnnouncementSend)>", index: "0", type: "org.jeecg.modules.system.entity.SysAnnouncementSend" }
  - { kind: "param", method: "<org.jeecg.modules.system.controller.SysAnnouncementSendController: org.jeecg.common.api.vo.Result eidt(org.jeecg.modules.system.entity.SysAnnouncementSend)>", index: "0", type: "org.jeecg.modules.system.entity.SysAnnouncementSend" }
  - { kind: "param", method: "<org.jeecg.modules.system.controller.SysAnnouncementSendController: org.jeecg.common.api.vo.Result delete(java.lang.String)>", index: "0", type: "java.lang.String" }
  - { kind: "param", method: "<org.jeecg.modules.system.controller.SysAnnouncementSendController: org.jeecg.common.api.vo.Result deleteBatch(java.lang.String)>", index: "0", type: "java.lang.String" }
  - { kind: "param", method: "<org.jeecg.modules.system.controller.SysAnnouncementSendController: org.jeecg.common.api.vo.Result queryById(java.lang.String)>", index: "0", type: "java.lang.String" }
  - { kind: "param", method: "<org.jeecg.modules.system.controller.SysAnnouncementSendController: org.jeecg.common.api.vo.Result editById(com.alibaba.fastjson.JSONObject)>", index: "0", type: "com.alibaba.fastjson.JSONObject" }
  - { kind: "param", method: "<org.jeecg.modules.system.controller.SysAnnouncementSendController: org.jeecg.common.api.vo.Result getMyAnnouncementSend(org.jeecg.modules.system.model.AnnouncementSendModel,java.lang.Integer,java.lang.Integer)>", index: "1", type: "java.lang.Integer" }
  - { kind: "param", method: "<org.jeecg.modules.system.controller.SysAnnouncementSendController: org.jeecg.common.api.vo.Result getMyAnnouncementSend(org.jeecg.modules.system.model.AnnouncementSendModel,java.lang.Integer,java.lang.Integer)>", index: "2", type: "java.lang.Integer" }
  - { kind: "param", method: "<org.jeecg.modules.system.controller.CommonController: org.jeecg.common.api.vo.Result transitRESTful(java.lang.String,javax.servlet.http.HttpServletRequest)>", index: "0", type: "java.lang.String" }
  - { kind: "param", method: "<org.jeecg.modules.system.controller.SysDictController: org.jeecg.common.api.vo.Result queryPageList(org.jeecg.modules.system.entity.SysDict,java.lang.Integer,java.lang.Integer,javax.servlet.http.HttpServletRequest)>", index: "1", type: "java.lang.Integer" }
  - { kind: "param", method: "<org.jeecg.modules.system.controller.SysDictController: org.jeecg.common.api.vo.Result queryPageList(org.jeecg.modules.system.entity.SysDict,java.lang.Integer,java.lang.Integer,javax.servlet.http.HttpServletRequest)>", index: "2", type: "java.lang.Integer" }
  - { kind: "param", method: "<org.jeecg.modules.system.controller.SysDictController: org.jeecg.common.api.vo.Result treeList(org.jeecg.modules.system.entity.SysDict,java.lang.Integer,java.lang.Integer,javax.servlet.http.HttpServletRequest)>", index: "1", type: "java.lang.Integer" }
  - { kind: "param", method: "<org.jeecg.modules.system.controller.SysDictController: org.jeecg.common.api.vo.Result treeList(org.jeecg.modules.system.entity.SysDict,java.lang.Integer,java.lang.Integer,javax.servlet.http.HttpServletRequest)>", index: "2", type: "java.lang.Integer" }
  - { kind: "param", method: "<org.jeecg.modules.system.controller.SysDictController: org.jeecg.common.api.vo.Result getDictText(java.lang.String,java.lang.String)>", index: "0", type: "java.lang.String" }
  - { kind: "param", method: "<org.jeecg.modules.system.controller.SysDictController: org.jeecg.common.api.vo.Result getDictText(java.lang.String,java.lang.String)>", index: "1", type: "java.lang.String" }
  - { kind: "param", method: "<org.jeecg.modules.system.controller.SysDictController: org.jeecg.common.api.vo.Result getDictItems(java.lang.String,java.lang.String,javax.servlet.http.HttpServletRequest)>", index: "0", type: "java.lang.String" }
  - { kind: "param", method: "<org.jeecg.modules.system.controller.SysDictController: org.jeecg.common.api.vo.Result getDictItems(java.lang.String,java.lang.String,javax.servlet.http.HttpServletRequest)>", index: "1", type: "java.lang.String" }
  - { kind: "param", method: "<org.jeecg.modules.system.controller.SysDictController: org.jeecg.common.api.vo.Result loadDict(java.lang.String,java.lang.String,java.lang.String,java.lang.Integer)>", index: "0", type: "java.lang.String" }
  - { kind: "param", method: "<org.jeecg.modules.system.controller.SysDictController: org.jeecg.common.api.vo.Result loadDict(java.lang.String,java.lang.String,java.lang.String,java.lang.Integer)>", index: "1", type: "java.lang.String" }
  - { kind: "param", method: "<org.jeecg.modules.system.controller.SysDictController: org.jeecg.common.api.vo.Result loadDict(java.lang.String,java.lang.String,java.lang.String,java.lang.Integer)>", index: "2", type: "java.lang.String" }
  - { kind: "param", method: "<org.jeecg.modules.system.controller.SysDictController: org.jeecg.common.api.vo.Result loadDict(java.lang.String,java.lang.String,java.lang.String,java.lang.Integer)>", index: "3", type: "java.lang.Integer" }
  - { kind: "param", method: "<org.jeecg.modules.system.controller.SysDictController: org.jeecg.common.api.vo.Result loadDictOrderByValue(java.lang.String,java.lang.String,java.lang.String,java.lang.Integer)>", index: "0", type: "java.lang.String" }
  - { kind: "param", method: "<org.jeecg.modules.system.controller.SysDictController: org.jeecg.common.api.vo.Result loadDictOrderByValue(java.lang.String,java.lang.String,java.lang.String,java.lang.Integer)>", index: "1", type: "java.lang.String" }
  - { kind: "param", method: "<org.jeecg.modules.system.controller.SysDictController: org.jeecg.common.api.vo.Result loadDictOrderByValue(java.lang.String,java.lang.String,java.lang.String,java.lang.Integer)>", index: "2", type: "java.lang.String" }
  - { kind: "param", method: "<org.jeecg.modules.system.controller.SysDictController: org.jeecg.common.api.vo.Result loadDictOrderByValue(java.lang.String,java.lang.String,java.lang.String,java.lang.Integer)>", index: "3", type: "java.lang.Integer" }
  - { kind: "param", method: "<org.jeecg.modules.system.controller.SysDictController: org.jeecg.common.api.vo.Result loadDictItem(java.lang.String,java.lang.String,java.lang.String,boolean,javax.servlet.http.HttpServletRequest)>", index: "0", type: "java.lang.String" }
  - { kind: "param", method: "<org.jeecg.modules.system.controller.SysDictController: org.jeecg.common.api.vo.Result loadDictItem(java.lang.String,java.lang.String,java.lang.String,boolean,javax.servlet.http.HttpServletRequest)>", index: "1", type: "java.lang.String" }
  - { kind: "param", method: "<org.jeecg.modules.system.controller.SysDictController: org.jeecg.common.api.vo.Result loadDictItem(java.lang.String,java.lang.String,java.lang.String,boolean,javax.servlet.http.HttpServletRequest)>", index: "2", type: "java.lang.String" }
  - { kind: "param", method: "<org.jeecg.modules.system.controller.SysDictController: org.jeecg.common.api.vo.Result loadDictItem(java.lang.String,java.lang.String,java.lang.String,boolean,javax.servlet.http.HttpServletRequest)>", index: "3", type: "boolean" }
  - { kind: "param", method: "<org.jeecg.modules.system.controller.SysDictController: org.jeecg.common.api.vo.Result loadTreeData(java.lang.String,java.lang.String,java.lang.String,java.lang.String,java.lang.String,java.lang.String,java.lang.String,java.lang.String,javax.servlet.http.HttpServletRequest)>", index: "0", type: "java.lang.String" }
  - { kind: "param", method: "<org.jeecg.modules.system.controller.SysDictController: org.jeecg.common.api.vo.Result loadTreeData(java.lang.String,java.lang.String,java.lang.String,java.lang.String,java.lang.String,java.lang.String,java.lang.String,java.lang.String,javax.servlet.http.HttpServletRequest)>", index: "1", type: "java.lang.String" }
  - { kind: "param", method: "<org.jeecg.modules.system.controller.SysDictController: org.jeecg.common.api.vo.Result loadTreeData(java.lang.String,java.lang.String,java.lang.String,java.lang.String,java.lang.String,java.lang.String,java.lang.String,java.lang.String,javax.servlet.http.HttpServletRequest)>", index: "2", type: "java.lang.String" }
  - { kind: "param", method: "<org.jeecg.modules.system.controller.SysDictController: org.jeecg.common.api.vo.Result loadTreeData(java.lang.String,java.lang.String,java.lang.String,java.lang.String,java.lang.String,java.lang.String,java.lang.String,java.lang.String,javax.servlet.http.HttpServletRequest)>", index: "3", type: "java.lang.String" }
  - { kind: "param", method: "<org.jeecg.modules.system.controller.SysDictController: org.jeecg.common.api.vo.Result loadTreeData(java.lang.String,java.lang.String,java.lang.String,java.lang.String,java.lang.String,java.lang.String,java.lang.String,java.lang.String,javax.servlet.http.HttpServletRequest)>", index: "4", type: "java.lang.String" }
  - { kind: "param", method: "<org.jeecg.modules.system.controller.SysDictController: org.jeecg.common.api.vo.Result loadTreeData(java.lang.String,java.lang.String,java.lang.String,java.lang.String,java.lang.String,java.lang.String,java.lang.String,java.lang.String,javax.servlet.http.HttpServletRequest)>", index: "5", type: "java.lang.String" }
  - { kind: "param", method: "<org.jeecg.modules.system.controller.SysDictController: org.jeecg.common.api.vo.Result loadTreeData(java.lang.String,java.lang.String,java.lang.String,java.lang.String,java.lang.String,java.lang.String,java.lang.String,java.lang.String,javax.servlet.http.HttpServletRequest)>", index: "6", type: "java.lang.String" }
  - { kind: "param", method: "<org.jeecg.modules.system.controller.SysDictController: org.jeecg.common.api.vo.Result loadTreeData(java.lang.String,java.lang.String,java.lang.String,java.lang.String,java.lang.String,java.lang.String,java.lang.String,java.lang.String,javax.servlet.http.HttpServletRequest)>", index: "7", type: "java.lang.String" }
  - { kind: "param", method: "<org.jeecg.modules.system.controller.SysDictController: org.jeecg.common.api.vo.Result queryTableData(org.jeecg.common.system.vo.DictQuery,java.lang.Integer,java.lang.Integer,java.lang.String,javax.servlet.http.HttpServletRequest)>", index: "1", type: "java.lang.Integer" }
  - { kind: "param", method: "<org.jeecg.modules.system.controller.SysDictController: org.jeecg.common.api.vo.Result queryTableData(org.jeecg.common.system.vo.DictQuery,java.lang.Integer,java.lang.Integer,java.lang.String,javax.servlet.http.HttpServletRequest)>", index: "2", type: "java.lang.Integer" }
  - { kind: "param", method: "<org.jeecg.modules.system.controller.SysDictController: org.jeecg.common.api.vo.Result queryTableData(org.jeecg.common.system.vo.DictQuery,java.lang.Integer,java.lang.Integer,java.lang.String,javax.servlet.http.HttpServletRequest)>", index: "3", type: "java.lang.String" }
  - { kind: "param", method: "<org.jeecg.modules.system.controller.SysDictController: org.jeecg.common.api.vo.Result add(org.jeecg.modules.system.entity.SysDict)>", index: "0", type: "org.jeecg.modules.system.entity.SysDict" }
  - { kind: "param", method: "<org.jeecg.modules.system.controller.SysDictController: org.jeecg.common.api.vo.Result edit(org.jeecg.modules.system.entity.SysDict)>", index: "0", type: "org.jeecg.modules.system.entity.SysDict" }
  - { kind: "param", method: "<org.jeecg.modules.system.controller.SysDictController: org.jeecg.common.api.vo.Result delete(java.lang.String)>", index: "0", type: "java.lang.String" }
  - { kind: "param", method: "<org.jeecg.modules.system.controller.SysDictController: org.jeecg.common.api.vo.Result deleteBatch(java.lang.String)>", index: "0", type: "java.lang.String" }
  - { kind: "param", method: "<org.jeecg.modules.system.controller.SysDictController: org.jeecg.common.api.vo.Result deletePhysic(java.lang.String)>", index: "0", type: "java.lang.String" }
  - { kind: "param", method: "<org.jeecg.modules.system.controller.SysDictController: org.jeecg.common.api.vo.Result back(java.lang.String)>", index: "0", type: "java.lang.String" }
  - { kind: "param", method: "<org.jeecg.modules.system.controller.SysCategoryController: org.jeecg.common.api.vo.Result queryPageList(org.jeecg.modules.system.entity.SysCategory,java.lang.Integer,java.lang.Integer,javax.servlet.http.HttpServletRequest)>", index: "1", type: "java.lang.Integer" }
  - { kind: "param", method: "<org.jeecg.modules.system.controller.SysCategoryController: org.jeecg.common.api.vo.Result queryPageList(org.jeecg.modules.system.entity.SysCategory,java.lang.Integer,java.lang.Integer,javax.servlet.http.HttpServletRequest)>", index: "2", type: "java.lang.Integer" }
  - { kind: "param", method: "<org.jeecg.modules.system.controller.SysCategoryController: org.jeecg.common.api.vo.Result add(org.jeecg.modules.system.entity.SysCategory)>", index: "0", type: "org.jeecg.modules.system.entity.SysCategory" }
  - { kind: "param", method: "<org.jeecg.modules.system.controller.SysCategoryController: org.jeecg.common.api.vo.Result edit(org.jeecg.modules.system.entity.SysCategory)>", index: "0", type: "org.jeecg.modules.system.entity.SysCategory" }
  - { kind: "param", method: "<org.jeecg.modules.system.controller.SysCategoryController: org.jeecg.common.api.vo.Result delete(java.lang.String)>", index: "0", type: "java.lang.String" }
  - { kind: "param", method: "<org.jeecg.modules.system.controller.SysCategoryController: org.jeecg.common.api.vo.Result deleteBatch(java.lang.String)>", index: "0", type: "java.lang.String" }
  - { kind: "param", method: "<org.jeecg.modules.system.controller.SysCategoryController: org.jeecg.common.api.vo.Result queryById(java.lang.String)>", index: "0", type: "java.lang.String" }
  - { kind: "param", method: "<org.jeecg.modules.system.controller.SysCategoryController: org.jeecg.common.api.vo.Result loadOne(java.lang.String,java.lang.String)>", index: "0", type: "java.lang.String" }
  - { kind: "param", method: "<org.jeecg.modules.system.controller.SysCategoryController: org.jeecg.common.api.vo.Result loadOne(java.lang.String,java.lang.String)>", index: "1", type: "java.lang.String" }
  - { kind: "param", method: "<org.jeecg.modules.system.controller.SysCategoryController: org.jeecg.common.api.vo.Result loadTreeChildren(java.lang.String)>", index: "0", type: "java.lang.String" }
  - { kind: "param", method: "<org.jeecg.modules.system.controller.SysCategoryController: org.jeecg.common.api.vo.Result loadTreeRoot(java.lang.Boolean,java.lang.String)>", index: "0", type: "java.lang.Boolean" }
  - { kind: "param", method: "<org.jeecg.modules.system.controller.SysCategoryController: org.jeecg.common.api.vo.Result loadTreeRoot(java.lang.Boolean,java.lang.String)>", index: "1", type: "java.lang.String" }
  - { kind: "param", method: "<org.jeecg.modules.system.controller.SysCategoryController: org.jeecg.common.api.vo.Result checkCode(java.lang.String,java.lang.String)>", index: "0", type: "java.lang.String" }
  - { kind: "param", method: "<org.jeecg.modules.system.controller.SysCategoryController: org.jeecg.common.api.vo.Result checkCode(java.lang.String,java.lang.String)>", index: "1", type: "java.lang.String" }
  - { kind: "param", method: "<org.jeecg.modules.system.controller.SysCategoryController: org.jeecg.common.api.vo.Result loadDict(java.lang.String,java.lang.String,java.lang.String)>", index: "0", type: "java.lang.String" }
  - { kind: "param", method: "<org.jeecg.modules.system.controller.SysCategoryController: org.jeecg.common.api.vo.Result loadDict(java.lang.String,java.lang.String,java.lang.String)>", index: "1", type: "java.lang.String" }
  - { kind: "param", method: "<org.jeecg.modules.system.controller.SysCategoryController: org.jeecg.common.api.vo.Result loadDict(java.lang.String,java.lang.String,java.lang.String)>", index: "2", type: "java.lang.String" }
  - { kind: "param", method: "<org.jeecg.modules.system.controller.SysCategoryController: org.jeecg.common.api.vo.Result loadDictItem(java.lang.String,boolean)>", index: "0", type: "java.lang.String" }
  - { kind: "param", method: "<org.jeecg.modules.system.controller.SysCategoryController: org.jeecg.common.api.vo.Result loadDictItem(java.lang.String,boolean)>", index: "1", type: "boolean" }
  - { kind: "param", method: "<org.jeecg.modules.system.controller.SysCategoryController: org.jeecg.common.api.vo.Result loadAllData(java.lang.String)>", index: "0", type: "java.lang.String" }
  - { kind: "param", method: "<org.jeecg.modules.system.controller.SysCategoryController: org.jeecg.common.api.vo.Result getChildListBatch(java.lang.String)>", index: "0", type: "java.lang.String" }
  - { kind: "param", method: "<org.jeecg.modules.system.controller.SysUserOnlineController: org.jeecg.common.api.vo.Result list(java.lang.String,java.lang.Integer,java.lang.Integer)>", index: "0", type: "java.lang.String" }
  - { kind: "param", method: "<org.jeecg.modules.system.controller.SysUserOnlineController: org.jeecg.common.api.vo.Result list(java.lang.String,java.lang.Integer,java.lang.Integer)>", index: "1", type: "java.lang.Integer" }
  - { kind: "param", method: "<org.jeecg.modules.system.controller.SysUserOnlineController: org.jeecg.common.api.vo.Result list(java.lang.String,java.lang.Integer,java.lang.Integer)>", index: "2", type: "java.lang.Integer" }
  - { kind: "param", method: "<org.jeecg.modules.system.controller.SysUserOnlineController: org.jeecg.common.api.vo.Result forceLogout(org.jeecg.modules.system.vo.SysUserOnlineVO)>", index: "0", type: "org.jeecg.modules.system.vo.SysUserOnlineVO" }
  - { kind: "param", method: "<org.jeecg.modules.system.controller.LoginController: org.jeecg.common.api.vo.Result login(org.jeecg.modules.system.model.SysLoginModel)>", index: "0", type: "org.jeecg.modules.system.model.SysLoginModel" }
  - { kind: "param", method: "<org.jeecg.modules.system.controller.LoginController: org.jeecg.common.api.vo.Result selectDepart(org.jeecg.modules.system.entity.SysUser)>", index: "0", type: "org.jeecg.modules.system.entity.SysUser" }
  - { kind: "param", method: "<org.jeecg.modules.system.controller.LoginController: org.jeecg.common.api.vo.Result sms(com.alibaba.fastjson.JSONObject)>", index: "0", type: "com.alibaba.fastjson.JSONObject" }
  - { kind: "param", method: "<org.jeecg.modules.system.controller.LoginController: org.jeecg.common.api.vo.Result phoneLogin(com.alibaba.fastjson.JSONObject)>", index: "0", type: "com.alibaba.fastjson.JSONObject" }
  - { kind: "param", method: "<org.jeecg.modules.system.controller.LoginController: org.jeecg.common.api.vo.Result randomImage(javax.servlet.http.HttpServletResponse,java.lang.String)>", index: "1", type: "java.lang.String" }
  - { kind: "param", method: "<org.jeecg.modules.system.controller.LoginController: org.jeecg.common.api.vo.Result mLogin(org.jeecg.modules.system.model.SysLoginModel)>", index: "0", type: "org.jeecg.modules.system.model.SysLoginModel" }
  - { kind: "param", method: "<org.jeecg.modules.system.controller.LoginController: org.jeecg.common.api.vo.Result checkCaptcha(org.jeecg.modules.system.model.SysLoginModel)>", index: "0", type: "org.jeecg.modules.system.model.SysLoginModel" }
  - { kind: "param", method: "<org.jeecg.modules.system.controller.SysDepartController: org.jeecg.common.api.vo.Result queryDepartTreeSync(java.lang.String)>", index: "0", type: "java.lang.String" }
  - { kind: "param", method: "<org.jeecg.modules.system.controller.SysDepartController: org.jeecg.common.api.vo.Result queryParentIds(java.lang.String,java.lang.String)>", index: "0", type: "java.lang.String" }
  - { kind: "param", method: "<org.jeecg.modules.system.controller.SysDepartController: org.jeecg.common.api.vo.Result queryParentIds(java.lang.String,java.lang.String)>", index: "1", type: "java.lang.String" }
  - { kind: "param", method: "<org.jeecg.modules.system.controller.SysDepartController: org.jeecg.common.api.vo.Result add(org.jeecg.modules.system.entity.SysDepart,javax.servlet.http.HttpServletRequest)>", index: "0", type: "org.jeecg.modules.system.entity.SysDepart" }
  - { kind: "param", method: "<org.jeecg.modules.system.controller.SysDepartController: org.jeecg.common.api.vo.Result edit(org.jeecg.modules.system.entity.SysDepart,javax.servlet.http.HttpServletRequest)>", index: "0", type: "org.jeecg.modules.system.entity.SysDepart" }
  - { kind: "param", method: "<org.jeecg.modules.system.controller.SysDepartController: org.jeecg.common.api.vo.Result delete(java.lang.String)>", index: "0", type: "java.lang.String" }
  - { kind: "param", method: "<org.jeecg.modules.system.controller.SysDepartController: org.jeecg.common.api.vo.Result deleteBatch(java.lang.String)>", index: "0", type: "java.lang.String" }
  - { kind: "param", method: "<org.jeecg.modules.system.controller.SysDepartController: org.jeecg.common.api.vo.Result searchBy(java.lang.String,java.lang.String)>", index: "0", type: "java.lang.String" }
  - { kind: "param", method: "<org.jeecg.modules.system.controller.SysDepartController: org.jeecg.common.api.vo.Result searchBy(java.lang.String,java.lang.String)>", index: "1", type: "java.lang.String" }
  - { kind: "param", method: "<org.jeecg.modules.system.controller.SysDepartController: org.jeecg.common.api.vo.Result listAll(java.lang.String)>", index: "0", type: "java.lang.String" }
  - { kind: "param", method: "<org.jeecg.modules.system.controller.SysDepartController: org.jeecg.common.api.vo.Result queryTreeByKeyWord(java.lang.String)>", index: "0", type: "java.lang.String" }
  - { kind: "param", method: "<org.jeecg.modules.system.controller.SysDepartController: org.jeecg.common.api.vo.Result getDepartName(java.lang.String)>", index: "0", type: "java.lang.String" }
  - { kind: "param", method: "<org.jeecg.modules.system.controller.SysDepartController: org.jeecg.common.api.vo.Result getUsersByDepartId(java.lang.String)>", index: "0", type: "java.lang.String" }
  - { kind: "param", method: "<org.jeecg.modules.system.controller.ThirdLoginController: void render(java.lang.String,javax.servlet.http.HttpServletResponse)>", index: "0", type: "java.lang.String" }
  - { kind: "param", method: "<org.jeecg.modules.system.controller.ThirdLoginController: java.lang.String loginThird(java.lang.String,me.zhyd.oauth.model.AuthCallback,org.springframework.ui.ModelMap)>", index: "0", type: "java.lang.String" }
  - { kind: "param", method: "<org.jeecg.modules.system.controller.ThirdLoginController: org.jeecg.common.api.vo.Result thirdUserCreate(org.jeecg.modules.system.model.ThirdLoginModel)>", index: "0", type: "org.jeecg.modules.system.model.ThirdLoginModel" }
  - { kind: "param", method: "<org.jeecg.modules.system.controller.ThirdLoginController: org.jeecg.common.api.vo.Result checkPassword(com.alibaba.fastjson.JSONObject)>", index: "0", type: "com.alibaba.fastjson.JSONObject" }
  - { kind: "param", method: "<org.jeecg.modules.system.controller.ThirdLoginController: org.jeecg.common.api.vo.Result getThirdLoginUser(java.lang.String,java.lang.String)>", index: "0", type: "java.lang.String" }
  - { kind: "param", method: "<org.jeecg.modules.system.controller.ThirdLoginController: org.jeecg.common.api.vo.Result getThirdLoginUser(java.lang.String,java.lang.String)>", index: "1", type: "java.lang.String" }
  - { kind: "param", method: "<org.jeecg.modules.system.controller.ThirdLoginController: org.jeecg.common.api.vo.Result bindingThirdPhone(com.alibaba.fastjson.JSONObject)>", index: "0", type: "com.alibaba.fastjson.JSONObject" }
  - { kind: "param", method: "<org.jeecg.modules.system.controller.ThirdLoginController: java.lang.String oauth2LoginCallback(java.lang.String,java.lang.String,javax.servlet.http.HttpServletResponse)>", index: "0", type: "java.lang.String" }
  - { kind: "param", method: "<org.jeecg.modules.system.controller.ThirdLoginController: java.lang.String oauth2LoginCallback(java.lang.String,java.lang.String,javax.servlet.http.HttpServletResponse)>", index: "1", type: "java.lang.String" }
  - { kind: "param", method: "<org.jeecg.modules.system.controller.ThirdLoginController: java.lang.String oauth2LoginCallback(java.lang.String,java.lang.String,java.lang.String,java.lang.String,javax.servlet.http.HttpServletResponse)>", index: "0", type: "java.lang.String" }
  - { kind: "param", method: "<org.jeecg.modules.system.controller.ThirdLoginController: java.lang.String oauth2LoginCallback(java.lang.String,java.lang.String,java.lang.String,java.lang.String,javax.servlet.http.HttpServletResponse)>", index: "1", type: "java.lang.String" }
  - { kind: "param", method: "<org.jeecg.modules.system.controller.ThirdLoginController: java.lang.String oauth2LoginCallback(java.lang.String,java.lang.String,java.lang.String,java.lang.String,javax.servlet.http.HttpServletResponse)>", index: "2", type: "java.lang.String" }
  - { kind: "param", method: "<org.jeecg.modules.system.controller.ThirdLoginController: java.lang.String oauth2LoginCallback(java.lang.String,java.lang.String,java.lang.String,java.lang.String,javax.servlet.http.HttpServletResponse)>", index: "3", type: "java.lang.String" }
  - { kind: "param", method: "<org.jeecg.modules.system.controller.SysDepartRoleController: org.jeecg.common.api.vo.Result queryPageList(org.jeecg.modules.system.entity.SysDepartRole,java.lang.Integer,java.lang.Integer,java.lang.String,javax.servlet.http.HttpServletRequest)>", index: "1", type: "java.lang.Integer" }
  - { kind: "param", method: "<org.jeecg.modules.system.controller.SysDepartRoleController: org.jeecg.common.api.vo.Result queryPageList(org.jeecg.modules.system.entity.SysDepartRole,java.lang.Integer,java.lang.Integer,java.lang.String,javax.servlet.http.HttpServletRequest)>", index: "2", type: "java.lang.Integer" }
  - { kind: "param", method: "<org.jeecg.modules.system.controller.SysDepartRoleController: org.jeecg.common.api.vo.Result queryPageList(org.jeecg.modules.system.entity.SysDepartRole,java.lang.Integer,java.lang.Integer,java.lang.String,javax.servlet.http.HttpServletRequest)>", index: "3", type: "java.lang.String" }
  - { kind: "param", method: "<org.jeecg.modules.system.controller.SysDepartRoleController: org.jeecg.common.api.vo.Result add(org.jeecg.modules.system.entity.SysDepartRole)>", index: "0", type: "org.jeecg.modules.system.entity.SysDepartRole" }
  - { kind: "param", method: "<org.jeecg.modules.system.controller.SysDepartRoleController: org.jeecg.common.api.vo.Result edit(org.jeecg.modules.system.entity.SysDepartRole)>", index: "0", type: "org.jeecg.modules.system.entity.SysDepartRole" }
  - { kind: "param", method: "<org.jeecg.modules.system.controller.SysDepartRoleController: org.jeecg.common.api.vo.Result delete(java.lang.String)>", index: "0", type: "java.lang.String" }
  - { kind: "param", method: "<org.jeecg.modules.system.controller.SysDepartRoleController: org.jeecg.common.api.vo.Result deleteBatch(java.lang.String)>", index: "0", type: "java.lang.String" }
  - { kind: "param", method: "<org.jeecg.modules.system.controller.SysDepartRoleController: org.jeecg.common.api.vo.Result queryById(java.lang.String)>", index: "0", type: "java.lang.String" }
  - { kind: "param", method: "<org.jeecg.modules.system.controller.SysDepartRoleController: org.jeecg.common.api.vo.Result getDeptRoleList(java.lang.String,java.lang.String)>", index: "0", type: "java.lang.String" }
  - { kind: "param", method: "<org.jeecg.modules.system.controller.SysDepartRoleController: org.jeecg.common.api.vo.Result getDeptRoleList(java.lang.String,java.lang.String)>", index: "1", type: "java.lang.String" }
  - { kind: "param", method: "<org.jeecg.modules.system.controller.SysDepartRoleController: org.jeecg.common.api.vo.Result deptRoleAdd(com.alibaba.fastjson.JSONObject)>", index: "0", type: "com.alibaba.fastjson.JSONObject" }
  - { kind: "param", method: "<org.jeecg.modules.system.controller.SysDepartRoleController: org.jeecg.common.api.vo.Result getDeptRoleByUserId(java.lang.String,java.lang.String)>", index: "0", type: "java.lang.String" }
  - { kind: "param", method: "<org.jeecg.modules.system.controller.SysDepartRoleController: org.jeecg.common.api.vo.Result getDeptRoleByUserId(java.lang.String,java.lang.String)>", index: "1", type: "java.lang.String" }
  - { kind: "param", method: "<org.jeecg.modules.system.controller.SysDepartRoleController: org.jeecg.common.api.vo.Result loadDatarule(java.lang.String,java.lang.String,java.lang.String)>", index: "0", type: "java.lang.String" }
  - { kind: "param", method: "<org.jeecg.modules.system.controller.SysDepartRoleController: org.jeecg.common.api.vo.Result loadDatarule(java.lang.String,java.lang.String,java.lang.String)>", index: "1", type: "java.lang.String" }
  - { kind: "param", method: "<org.jeecg.modules.system.controller.SysDepartRoleController: org.jeecg.common.api.vo.Result loadDatarule(java.lang.String,java.lang.String,java.lang.String)>", index: "2", type: "java.lang.String" }
  - { kind: "param", method: "<org.jeecg.modules.system.controller.SysDepartRoleController: org.jeecg.common.api.vo.Result saveDatarule(com.alibaba.fastjson.JSONObject)>", index: "0", type: "com.alibaba.fastjson.JSONObject" }
  - { kind: "param", method: "<org.jeecg.modules.system.controller.SysTenantController: org.jeecg.common.api.vo.Result queryPageList(org.jeecg.modules.system.entity.SysTenant,java.lang.Integer,java.lang.Integer,javax.servlet.http.HttpServletRequest)>", index: "1", type: "java.lang.Integer" }
  - { kind: "param", method: "<org.jeecg.modules.system.controller.SysTenantController: org.jeecg.common.api.vo.Result queryPageList(org.jeecg.modules.system.entity.SysTenant,java.lang.Integer,java.lang.Integer,javax.servlet.http.HttpServletRequest)>", index: "2", type: "java.lang.Integer" }
  - { kind: "param", method: "<org.jeecg.modules.system.controller.SysTenantController: org.jeecg.common.api.vo.Result add(org.jeecg.modules.system.entity.SysTenant)>", index: "0", type: "org.jeecg.modules.system.entity.SysTenant" }
  - { kind: "param", method: "<org.jeecg.modules.system.controller.SysTenantController: org.jeecg.common.api.vo.Result edit(org.jeecg.modules.system.entity.SysTenant)>", index: "0", type: "org.jeecg.modules.system.entity.SysTenant" }
  - { kind: "param", method: "<org.jeecg.modules.system.controller.SysTenantController: org.jeecg.common.api.vo.Result delete(java.lang.String)>", index: "0", type: "java.lang.String" }
  - { kind: "param", method: "<org.jeecg.modules.system.controller.SysTenantController: org.jeecg.common.api.vo.Result deleteBatch(java.lang.String)>", index: "0", type: "java.lang.String" }
  - { kind: "param", method: "<org.jeecg.modules.system.controller.SysTenantController: org.jeecg.common.api.vo.Result queryById(java.lang.String)>", index: "0", type: "java.lang.String" }
  - { kind: "param", method: "<org.jeecg.modules.system.controller.SysTenantController: org.jeecg.common.api.vo.Result queryList(java.lang.String)>", index: "0", type: "java.lang.String" }
  - { kind: "param", method: "<org.jeecg.modules.system.controller.SysDictItemController: org.jeecg.common.api.vo.Result queryPageList(org.jeecg.modules.system.entity.SysDictItem,java.lang.Integer,java.lang.Integer,javax.servlet.http.HttpServletRequest)>", index: "1", type: "java.lang.Integer" }
  - { kind: "param", method: "<org.jeecg.modules.system.controller.SysDictItemController: org.jeecg.common.api.vo.Result queryPageList(org.jeecg.modules.system.entity.SysDictItem,java.lang.Integer,java.lang.Integer,javax.servlet.http.HttpServletRequest)>", index: "2", type: "java.lang.Integer" }
  - { kind: "param", method: "<org.jeecg.modules.system.controller.SysDictItemController: org.jeecg.common.api.vo.Result add(org.jeecg.modules.system.entity.SysDictItem)>", index: "0", type: "org.jeecg.modules.system.entity.SysDictItem" }
  - { kind: "param", method: "<org.jeecg.modules.system.controller.SysDictItemController: org.jeecg.common.api.vo.Result edit(org.jeecg.modules.system.entity.SysDictItem)>", index: "0", type: "org.jeecg.modules.system.entity.SysDictItem" }
  - { kind: "param", method: "<org.jeecg.modules.system.controller.SysDictItemController: org.jeecg.common.api.vo.Result delete(java.lang.String)>", index: "0", type: "java.lang.String" }
  - { kind: "param", method: "<org.jeecg.modules.system.controller.SysDictItemController: org.jeecg.common.api.vo.Result deleteBatch(java.lang.String)>", index: "0", type: "java.lang.String" }
  - { kind: "param", method: "<org.jeecg.modules.system.controller.SysPermissionController: org.jeecg.common.api.vo.Result getSystemSubmenu(java.lang.String)>", index: "0", type: "java.lang.String" }
  - { kind: "param", method: "<org.jeecg.modules.system.controller.SysPermissionController: org.jeecg.common.api.vo.Result getSystemSubmenuBatch(java.lang.String)>", index: "0", type: "java.lang.String" }
  - { kind: "param", method: "<org.jeecg.modules.system.controller.SysPermissionController: org.jeecg.common.api.vo.Result add(org.jeecg.modules.system.entity.SysPermission)>", index: "0", type: "org.jeecg.modules.system.entity.SysPermission" }
  - { kind: "param", method: "<org.jeecg.modules.system.controller.SysPermissionController: org.jeecg.common.api.vo.Result edit(org.jeecg.modules.system.entity.SysPermission)>", index: "0", type: "org.jeecg.modules.system.entity.SysPermission" }
  - { kind: "param", method: "<org.jeecg.modules.system.controller.SysPermissionController: org.jeecg.common.api.vo.Result delete(java.lang.String)>", index: "0", type: "java.lang.String" }
  - { kind: "param", method: "<org.jeecg.modules.system.controller.SysPermissionController: org.jeecg.common.api.vo.Result deleteBatch(java.lang.String)>", index: "0", type: "java.lang.String" }
  - { kind: "param", method: "<org.jeecg.modules.system.controller.SysPermissionController: org.jeecg.common.api.vo.Result queryAsync(java.lang.String)>", index: "0", type: "java.lang.String" }
  - { kind: "param", method: "<org.jeecg.modules.system.controller.SysPermissionController: org.jeecg.common.api.vo.Result queryRolePermission(java.lang.String)>", index: "0", type: "java.lang.String" }
  - { kind: "param", method: "<org.jeecg.modules.system.controller.SysPermissionController: org.jeecg.common.api.vo.Result saveRolePermission(com.alibaba.fastjson.JSONObject)>", index: "0", type: "com.alibaba.fastjson.JSONObject" }
  - { kind: "param", method: "<org.jeecg.modules.system.controller.SysPermissionController: org.jeecg.common.api.vo.Result addPermissionRule(org.jeecg.modules.system.entity.SysPermissionDataRule)>", index: "0", type: "org.jeecg.modules.system.entity.SysPermissionDataRule" }
  - { kind: "param", method: "<org.jeecg.modules.system.controller.SysPermissionController: org.jeecg.common.api.vo.Result editPermissionRule(org.jeecg.modules.system.entity.SysPermissionDataRule)>", index: "0", type: "org.jeecg.modules.system.entity.SysPermissionDataRule" }
  - { kind: "param", method: "<org.jeecg.modules.system.controller.SysPermissionController: org.jeecg.common.api.vo.Result deletePermissionRule(java.lang.String)>", index: "0", type: "java.lang.String" }
  - { kind: "param", method: "<org.jeecg.modules.system.controller.SysPermissionController: org.jeecg.common.api.vo.Result queryDepartPermission(java.lang.String)>", index: "0", type: "java.lang.String" }
  - { kind: "param", method: "<org.jeecg.modules.system.controller.SysPermissionController: org.jeecg.common.api.vo.Result saveDepartPermission(com.alibaba.fastjson.JSONObject)>", index: "0", type: "com.alibaba.fastjson.JSONObject" }
  - { kind: "param", method: "<org.jeecg.modules.system.controller.SysUserController: org.jeecg.common.api.vo.Result queryPageList(org.jeecg.modules.system.entity.SysUser,java.lang.Integer,java.lang.Integer,javax.servlet.http.HttpServletRequest)>", index: "1", type: "java.lang.Integer" }
  - { kind: "param", method: "<org.jeecg.modules.system.controller.SysUserController: org.jeecg.common.api.vo.Result queryPageList(org.jeecg.modules.system.entity.SysUser,java.lang.Integer,java.lang.Integer,javax.servlet.http.HttpServletRequest)>", index: "2", type: "java.lang.Integer" }
  - { kind: "param", method: "<org.jeecg.modules.system.controller.SysUserController: org.jeecg.common.api.vo.Result add(com.alibaba.fastjson.JSONObject)>", index: "0", type: "com.alibaba.fastjson.JSONObject" }
  - { kind: "param", method: "<org.jeecg.modules.system.controller.SysUserController: org.jeecg.common.api.vo.Result edit(com.alibaba.fastjson.JSONObject)>", index: "0", type: "com.alibaba.fastjson.JSONObject" }
  - { kind: "param", method: "<org.jeecg.modules.system.controller.SysUserController: org.jeecg.common.api.vo.Result delete(java.lang.String)>", index: "0", type: "java.lang.String" }
  - { kind: "param", method: "<org.jeecg.modules.system.controller.SysUserController: org.jeecg.common.api.vo.Result deleteBatch(java.lang.String)>", index: "0", type: "java.lang.String" }
  - { kind: "param", method: "<org.jeecg.modules.system.controller.SysUserController: org.jeecg.common.api.vo.Result frozenBatch(com.alibaba.fastjson.JSONObject)>", index: "0", type: "com.alibaba.fastjson.JSONObject" }
  - { kind: "param", method: "<org.jeecg.modules.system.controller.SysUserController: org.jeecg.common.api.vo.Result queryById(java.lang.String)>", index: "0", type: "java.lang.String" }
  - { kind: "param", method: "<org.jeecg.modules.system.controller.SysUserController: org.jeecg.common.api.vo.Result queryUserRole(java.lang.String)>", index: "0", type: "java.lang.String" }
  - { kind: "param", method: "<org.jeecg.modules.system.controller.SysUserController: org.jeecg.common.api.vo.Result changePassword(org.jeecg.modules.system.entity.SysUser)>", index: "0", type: "org.jeecg.modules.system.entity.SysUser" }
  - { kind: "param", method: "<org.jeecg.modules.system.controller.SysUserController: org.jeecg.common.api.vo.Result getUserDepartsList(java.lang.String)>", index: "0", type: "java.lang.String" }
  - { kind: "param", method: "<org.jeecg.modules.system.controller.SysUserController: org.jeecg.common.api.vo.Result queryUserByDepId(java.lang.String,java.lang.String)>", index: "0", type: "java.lang.String" }
  - { kind: "param", method: "<org.jeecg.modules.system.controller.SysUserController: org.jeecg.common.api.vo.Result queryUserByDepId(java.lang.String,java.lang.String)>", index: "1", type: "java.lang.String" }
  - { kind: "param", method: "<org.jeecg.modules.system.controller.SysUserController: org.jeecg.common.api.vo.Result queryUserComponentData(java.lang.Integer,java.lang.Integer,java.lang.String,java.lang.String,java.lang.String)>", index: "0", type: "java.lang.Integer" }
  - { kind: "param", method: "<org.jeecg.modules.system.controller.SysUserController: org.jeecg.common.api.vo.Result queryUserComponentData(java.lang.Integer,java.lang.Integer,java.lang.String,java.lang.String,java.lang.String)>", index: "1", type: "java.lang.Integer" }
  - { kind: "param", method: "<org.jeecg.modules.system.controller.SysUserController: org.jeecg.common.api.vo.Result queryUserComponentData(java.lang.Integer,java.lang.Integer,java.lang.String,java.lang.String,java.lang.String)>", index: "2", type: "java.lang.String" }
  - { kind: "param", method: "<org.jeecg.modules.system.controller.SysUserController: org.jeecg.common.api.vo.Result queryUserComponentData(java.lang.Integer,java.lang.Integer,java.lang.String,java.lang.String,java.lang.String)>", index: "3", type: "java.lang.String" }
  - { kind: "param", method: "<org.jeecg.modules.system.controller.SysUserController: org.jeecg.common.api.vo.Result queryUserComponentData(java.lang.Integer,java.lang.Integer,java.lang.String,java.lang.String,java.lang.String)>", index: "4", type: "java.lang.String" }
  - { kind: "param", method: "<org.jeecg.modules.system.controller.SysUserController: org.jeecg.common.api.vo.Result queryByIds(java.lang.String)>", index: "0", type: "java.lang.String" }
  - { kind: "param", method: "<org.jeecg.modules.system.controller.SysUserController: org.jeecg.common.api.vo.Result updatePassword(com.alibaba.fastjson.JSONObject)>", index: "0", type: "com.alibaba.fastjson.JSONObject" }
  - { kind: "param", method: "<org.jeecg.modules.system.controller.SysUserController: org.jeecg.common.api.vo.Result userRoleList(java.lang.Integer,java.lang.Integer,javax.servlet.http.HttpServletRequest)>", index: "0", type: "java.lang.Integer" }
  - { kind: "param", method: "<org.jeecg.modules.system.controller.SysUserController: org.jeecg.common.api.vo.Result userRoleList(java.lang.Integer,java.lang.Integer,javax.servlet.http.HttpServletRequest)>", index: "1", type: "java.lang.Integer" }
  - { kind: "param", method: "<org.jeecg.modules.system.controller.SysUserController: org.jeecg.common.api.vo.Result addSysUserRole(org.jeecg.modules.system.vo.SysUserRoleVO)>", index: "0", type: "org.jeecg.modules.system.vo.SysUserRoleVO" }
  - { kind: "param", method: "<org.jeecg.modules.system.controller.SysUserController: org.jeecg.common.api.vo.Result deleteUserRole(java.lang.String,java.lang.String)>", index: "0", type: "java.lang.String" }
  - { kind: "param", method: "<org.jeecg.modules.system.controller.SysUserController: org.jeecg.common.api.vo.Result deleteUserRole(java.lang.String,java.lang.String)>", index: "1", type: "java.lang.String" }
  - { kind: "param", method: "<org.jeecg.modules.system.controller.SysUserController: org.jeecg.common.api.vo.Result deleteUserRoleBatch(java.lang.String,java.lang.String)>", index: "0", type: "java.lang.String" }
  - { kind: "param", method: "<org.jeecg.modules.system.controller.SysUserController: org.jeecg.common.api.vo.Result deleteUserRoleBatch(java.lang.String,java.lang.String)>", index: "1", type: "java.lang.String" }
  - { kind: "param", method: "<org.jeecg.modules.system.controller.SysUserController: org.jeecg.common.api.vo.Result departUserList(java.lang.Integer,java.lang.Integer,javax.servlet.http.HttpServletRequest)>", index: "0", type: "java.lang.Integer" }
  - { kind: "param", method: "<org.jeecg.modules.system.controller.SysUserController: org.jeecg.common.api.vo.Result departUserList(java.lang.Integer,java.lang.Integer,javax.servlet.http.HttpServletRequest)>", index: "1", type: "java.lang.Integer" }
  - { kind: "param", method: "<org.jeecg.modules.system.controller.SysUserController: org.jeecg.common.api.vo.Result queryByDepartId(java.lang.Integer,java.lang.Integer,java.lang.String,org.jeecg.modules.system.entity.SysUser)>", index: "0", type: "java.lang.Integer" }
  - { kind: "param", method: "<org.jeecg.modules.system.controller.SysUserController: org.jeecg.common.api.vo.Result queryByDepartId(java.lang.Integer,java.lang.Integer,java.lang.String,org.jeecg.modules.system.entity.SysUser)>", index: "1", type: "java.lang.Integer" }
  - { kind: "param", method: "<org.jeecg.modules.system.controller.SysUserController: org.jeecg.common.api.vo.Result queryByDepartId(java.lang.Integer,java.lang.Integer,java.lang.String,org.jeecg.modules.system.entity.SysUser)>", index: "2", type: "java.lang.String" }
  - { kind: "param", method: "<org.jeecg.modules.system.controller.SysUserController: org.jeecg.common.api.vo.Result queryByOrgCodeForAddressList(java.lang.Integer,java.lang.Integer,java.lang.String,org.jeecg.modules.system.entity.SysUser)>", index: "0", type: "java.lang.Integer" }
  - { kind: "param", method: "<org.jeecg.modules.system.controller.SysUserController: org.jeecg.common.api.vo.Result queryByOrgCodeForAddressList(java.lang.Integer,java.lang.Integer,java.lang.String,org.jeecg.modules.system.entity.SysUser)>", index: "1", type: "java.lang.Integer" }
  - { kind: "param", method: "<org.jeecg.modules.system.controller.SysUserController: org.jeecg.common.api.vo.Result queryByOrgCodeForAddressList(java.lang.Integer,java.lang.Integer,java.lang.String,org.jeecg.modules.system.entity.SysUser)>", index: "2", type: "java.lang.String" }
  - { kind: "param", method: "<org.jeecg.modules.system.controller.SysUserController: org.jeecg.common.api.vo.Result editSysDepartWithUser(org.jeecg.modules.system.vo.SysDepartUsersVO)>", index: "0", type: "org.jeecg.modules.system.vo.SysDepartUsersVO" }
  - { kind: "param", method: "<org.jeecg.modules.system.controller.SysUserController: org.jeecg.common.api.vo.Result deleteUserInDepart(java.lang.String,java.lang.String)>", index: "0", type: "java.lang.String" }
  - { kind: "param", method: "<org.jeecg.modules.system.controller.SysUserController: org.jeecg.common.api.vo.Result deleteUserInDepart(java.lang.String,java.lang.String)>", index: "1", type: "java.lang.String" }
  - { kind: "param", method: "<org.jeecg.modules.system.controller.SysUserController: org.jeecg.common.api.vo.Result deleteUserInDepartBatch(java.lang.String,java.lang.String)>", index: "0", type: "java.lang.String" }
  - { kind: "param", method: "<org.jeecg.modules.system.controller.SysUserController: org.jeecg.common.api.vo.Result deleteUserInDepartBatch(java.lang.String,java.lang.String)>", index: "1", type: "java.lang.String" }
  - { kind: "param", method: "<org.jeecg.modules.system.controller.SysUserController: org.jeecg.common.api.vo.Result userRegister(com.alibaba.fastjson.JSONObject,org.jeecg.modules.system.entity.SysUser)>", index: "0", type: "com.alibaba.fastjson.JSONObject" }
  - { kind: "param", method: "<org.jeecg.modules.system.controller.SysUserController: org.jeecg.common.api.vo.Result phoneVerification(com.alibaba.fastjson.JSONObject)>", index: "0", type: "com.alibaba.fastjson.JSONObject" }
  - { kind: "param", method: "<org.jeecg.modules.system.controller.SysUserController: org.jeecg.common.api.vo.Result passwordChange(java.lang.String,java.lang.String,java.lang.String,java.lang.String)>", index: "0", type: "java.lang.String" }
  - { kind: "param", method: "<org.jeecg.modules.system.controller.SysUserController: org.jeecg.common.api.vo.Result passwordChange(java.lang.String,java.lang.String,java.lang.String,java.lang.String)>", index: "1", type: "java.lang.String" }
  - { kind: "param", method: "<org.jeecg.modules.system.controller.SysUserController: org.jeecg.common.api.vo.Result passwordChange(java.lang.String,java.lang.String,java.lang.String,java.lang.String)>", index: "2", type: "java.lang.String" }
  - { kind: "param", method: "<org.jeecg.modules.system.controller.SysUserController: org.jeecg.common.api.vo.Result passwordChange(java.lang.String,java.lang.String,java.lang.String,java.lang.String)>", index: "3", type: "java.lang.String" }
  - { kind: "param", method: "<org.jeecg.modules.system.controller.SysUserController: org.jeecg.common.api.vo.Result getUserSectionInfoByToken(javax.servlet.http.HttpServletRequest,java.lang.String)>", index: "1", type: "java.lang.String" }
  - { kind: "param", method: "<org.jeecg.modules.system.controller.SysUserController: org.jeecg.common.api.vo.Result appUserList(java.lang.String,java.lang.String,java.lang.Integer,java.lang.Integer,java.lang.String)>", index: "0", type: "java.lang.String" }
  - { kind: "param", method: "<org.jeecg.modules.system.controller.SysUserController: org.jeecg.common.api.vo.Result appUserList(java.lang.String,java.lang.String,java.lang.Integer,java.lang.Integer,java.lang.String)>", index: "1", type: "java.lang.String" }
  - { kind: "param", method: "<org.jeecg.modules.system.controller.SysUserController: org.jeecg.common.api.vo.Result appUserList(java.lang.String,java.lang.String,java.lang.Integer,java.lang.Integer,java.lang.String)>", index: "2", type: "java.lang.Integer" }
  - { kind: "param", method: "<org.jeecg.modules.system.controller.SysUserController: org.jeecg.common.api.vo.Result appUserList(java.lang.String,java.lang.String,java.lang.Integer,java.lang.Integer,java.lang.String)>", index: "3", type: "java.lang.Integer" }
  - { kind: "param", method: "<org.jeecg.modules.system.controller.SysUserController: org.jeecg.common.api.vo.Result appUserList(java.lang.String,java.lang.String,java.lang.Integer,java.lang.Integer,java.lang.String)>", index: "4", type: "java.lang.String" }
  - { kind: "param", method: "<org.jeecg.modules.system.controller.SysUserController: org.jeecg.common.api.vo.Result putRecycleBin(com.alibaba.fastjson.JSONObject,javax.servlet.http.HttpServletRequest)>", index: "0", type: "com.alibaba.fastjson.JSONObject" }
  - { kind: "param", method: "<org.jeecg.modules.system.controller.SysUserController: org.jeecg.common.api.vo.Result deleteRecycleBin(java.lang.String)>", index: "0", type: "java.lang.String" }
  - { kind: "param", method: "<org.jeecg.modules.system.controller.SysUserController: org.jeecg.common.api.vo.Result appEdit(javax.servlet.http.HttpServletRequest,com.alibaba.fastjson.JSONObject)>", index: "1", type: "com.alibaba.fastjson.JSONObject" }
  - { kind: "param", method: "<org.jeecg.modules.system.controller.SysUserController: org.jeecg.common.api.vo.Result saveClientId(javax.servlet.http.HttpServletRequest,java.lang.String)>", index: "1", type: "java.lang.String" }
  - { kind: "param", method: "<org.jeecg.modules.system.controller.SysUserController: org.jeecg.common.api.vo.Result queryChildrenByUsername(java.lang.String)>", index: "0", type: "java.lang.String" }
  - { kind: "param", method: "<org.jeecg.modules.system.controller.SysUserController: org.jeecg.common.api.vo.Result appQueryByDepartId(java.lang.String)>", index: "0", type: "java.lang.String" }
  - { kind: "param", method: "<org.jeecg.modules.system.controller.SysUserController: org.jeecg.common.api.vo.Result appQueryUser(java.lang.String)>", index: "0", type: "java.lang.String" }
  - { kind: "param", method: "<org.jeecg.modules.system.controller.SysUserController: org.jeecg.common.api.vo.Result changMobile(com.alibaba.fastjson.JSONObject,javax.servlet.http.HttpServletRequest)>", index: "0", type: "com.alibaba.fastjson.JSONObject" }
  - { kind: "param", method: "<org.jeecg.modules.system.controller.SysDataLogController: org.jeecg.common.api.vo.Result queryPageList(org.jeecg.modules.system.entity.SysDataLog,java.lang.Integer,java.lang.Integer,javax.servlet.http.HttpServletRequest)>", index: "1", type: "java.lang.Integer" }
  - { kind: "param", method: "<org.jeecg.modules.system.controller.SysDataLogController: org.jeecg.common.api.vo.Result queryPageList(org.jeecg.modules.system.entity.SysDataLog,java.lang.Integer,java.lang.Integer,javax.servlet.http.HttpServletRequest)>", index: "2", type: "java.lang.Integer" }
  - { kind: "param", method: "<org.jeecg.modules.system.controller.SysGatewayRouteController: org.jeecg.common.api.vo.Result updateAll(com.alibaba.fastjson.JSONObject)>", index: "0", type: "com.alibaba.fastjson.JSONObject" }
  - { kind: "param", method: "<org.jeecg.modules.system.controller.SysGatewayRouteController: org.jeecg.common.api.vo.Result delete(java.lang.String)>", index: "0", type: "java.lang.String" }
  - { kind: "param", method: "<org.jeecg.modules.system.controller.SysLogController: org.jeecg.common.api.vo.Result queryPageList(org.jeecg.modules.system.entity.SysLog,java.lang.Integer,java.lang.Integer,javax.servlet.http.HttpServletRequest)>", index: "1", type: "java.lang.Integer" }
  - { kind: "param", method: "<org.jeecg.modules.system.controller.SysLogController: org.jeecg.common.api.vo.Result queryPageList(org.jeecg.modules.system.entity.SysLog,java.lang.Integer,java.lang.Integer,javax.servlet.http.HttpServletRequest)>", index: "2", type: "java.lang.Integer" }
  - { kind: "param", method: "<org.jeecg.modules.system.controller.SysLogController: org.jeecg.common.api.vo.Result delete(java.lang.String)>", index: "0", type: "java.lang.String" }
  - { kind: "param", method: "<org.jeecg.modules.system.controller.SysLogController: org.jeecg.common.api.vo.Result deleteBatch(java.lang.String)>", index: "0", type: "java.lang.String" }
  - { kind: "param", method: "<org.jeecg.modules.system.controller.SysDataSourceController: org.jeecg.common.api.vo.Result queryPageList(org.jeecg.modules.system.entity.SysDataSource,java.lang.Integer,java.lang.Integer,javax.servlet.http.HttpServletRequest)>", index: "1", type: "java.lang.Integer" }
  - { kind: "param", method: "<org.jeecg.modules.system.controller.SysDataSourceController: org.jeecg.common.api.vo.Result queryPageList(org.jeecg.modules.system.entity.SysDataSource,java.lang.Integer,java.lang.Integer,javax.servlet.http.HttpServletRequest)>", index: "2", type: "java.lang.Integer" }
  - { kind: "param", method: "<org.jeecg.modules.system.controller.SysDataSourceController: org.jeecg.common.api.vo.Result add(org.jeecg.modules.system.entity.SysDataSource)>", index: "0", type: "org.jeecg.modules.system.entity.SysDataSource" }
  - { kind: "param", method: "<org.jeecg.modules.system.controller.SysDataSourceController: org.jeecg.common.api.vo.Result edit(org.jeecg.modules.system.entity.SysDataSource)>", index: "0", type: "org.jeecg.modules.system.entity.SysDataSource" }
  - { kind: "param", method: "<org.jeecg.modules.system.controller.SysDataSourceController: org.jeecg.common.api.vo.Result delete(java.lang.String)>", index: "0", type: "java.lang.String" }
  - { kind: "param", method: "<org.jeecg.modules.system.controller.SysDataSourceController: org.jeecg.common.api.vo.Result deleteBatch(java.lang.String)>", index: "0", type: "java.lang.String" }
  - { kind: "param", method: "<org.jeecg.modules.system.controller.SysDataSourceController: org.jeecg.common.api.vo.Result queryById(java.lang.String)>", index: "0", type: "java.lang.String" }
  - { kind: "param", method: "<org.jeecg.modules.system.controller.SysUserAgentController: org.jeecg.common.api.vo.Result queryPageList(org.jeecg.modules.system.entity.SysUserAgent,java.lang.Integer,java.lang.Integer,javax.servlet.http.HttpServletRequest)>", index: "1", type: "java.lang.Integer" }
  - { kind: "param", method: "<org.jeecg.modules.system.controller.SysUserAgentController: org.jeecg.common.api.vo.Result queryPageList(org.jeecg.modules.system.entity.SysUserAgent,java.lang.Integer,java.lang.Integer,javax.servlet.http.HttpServletRequest)>", index: "2", type: "java.lang.Integer" }
  - { kind: "param", method: "<org.jeecg.modules.system.controller.SysUserAgentController: org.jeecg.common.api.vo.Result add(org.jeecg.modules.system.entity.SysUserAgent)>", index: "0", type: "org.jeecg.modules.system.entity.SysUserAgent" }
  - { kind: "param", method: "<org.jeecg.modules.system.controller.SysUserAgentController: org.jeecg.common.api.vo.Result edit(org.jeecg.modules.system.entity.SysUserAgent)>", index: "0", type: "org.jeecg.modules.system.entity.SysUserAgent" }
  - { kind: "param", method: "<org.jeecg.modules.system.controller.SysUserAgentController: org.jeecg.common.api.vo.Result delete(java.lang.String)>", index: "0", type: "java.lang.String" }
  - { kind: "param", method: "<org.jeecg.modules.system.controller.SysUserAgentController: org.jeecg.common.api.vo.Result deleteBatch(java.lang.String)>", index: "0", type: "java.lang.String" }
  - { kind: "param", method: "<org.jeecg.modules.system.controller.SysUserAgentController: org.jeecg.common.api.vo.Result queryById(java.lang.String)>", index: "0", type: "java.lang.String" }
  - { kind: "param", method: "<org.jeecg.modules.system.controller.SysUserAgentController: org.jeecg.common.api.vo.Result queryByUserName(java.lang.String)>", index: "0", type: "java.lang.String" }
  - { kind: "param", method: "<org.jeecg.modules.system.controller.SysPositionController: org.jeecg.common.api.vo.Result queryPageList(org.jeecg.modules.system.entity.SysPosition,java.lang.Integer,java.lang.Integer,javax.servlet.http.HttpServletRequest)>", index: "1", type: "java.lang.Integer" }
  - { kind: "param", method: "<org.jeecg.modules.system.controller.SysPositionController: org.jeecg.common.api.vo.Result queryPageList(org.jeecg.modules.system.entity.SysPosition,java.lang.Integer,java.lang.Integer,javax.servlet.http.HttpServletRequest)>", index: "2", type: "java.lang.Integer" }
  - { kind: "param", method: "<org.jeecg.modules.system.controller.SysPositionController: org.jeecg.common.api.vo.Result add(org.jeecg.modules.system.entity.SysPosition)>", index: "0", type: "org.jeecg.modules.system.entity.SysPosition" }
  - { kind: "param", method: "<org.jeecg.modules.system.controller.SysPositionController: org.jeecg.common.api.vo.Result edit(org.jeecg.modules.system.entity.SysPosition)>", index: "0", type: "org.jeecg.modules.system.entity.SysPosition" }
  - { kind: "param", method: "<org.jeecg.modules.system.controller.SysPositionController: org.jeecg.common.api.vo.Result delete(java.lang.String)>", index: "0", type: "java.lang.String" }
  - { kind: "param", method: "<org.jeecg.modules.system.controller.SysPositionController: org.jeecg.common.api.vo.Result deleteBatch(java.lang.String)>", index: "0", type: "java.lang.String" }
  - { kind: "param", method: "<org.jeecg.modules.system.controller.SysPositionController: org.jeecg.common.api.vo.Result queryById(java.lang.String)>", index: "0", type: "java.lang.String" }
  - { kind: "param", method: "<org.jeecg.modules.system.controller.SysPositionController: org.jeecg.common.api.vo.Result queryByCode(java.lang.String)>", index: "0", type: "java.lang.String" }
  - { kind: "param", method: "<org.jeecg.modules.system.controller.SysDepartPermissionController: org.jeecg.common.api.vo.Result queryPageList(org.jeecg.modules.system.entity.SysDepartPermission,java.lang.Integer,java.lang.Integer,javax.servlet.http.HttpServletRequest)>", index: "1", type: "java.lang.Integer" }
  - { kind: "param", method: "<org.jeecg.modules.system.controller.SysDepartPermissionController: org.jeecg.common.api.vo.Result queryPageList(org.jeecg.modules.system.entity.SysDepartPermission,java.lang.Integer,java.lang.Integer,javax.servlet.http.HttpServletRequest)>", index: "2", type: "java.lang.Integer" }
  - { kind: "param", method: "<org.jeecg.modules.system.controller.SysDepartPermissionController: org.jeecg.common.api.vo.Result add(org.jeecg.modules.system.entity.SysDepartPermission)>", index: "0", type: "org.jeecg.modules.system.entity.SysDepartPermission" }
  - { kind: "param", method: "<org.jeecg.modules.system.controller.SysDepartPermissionController: org.jeecg.common.api.vo.Result edit(org.jeecg.modules.system.entity.SysDepartPermission)>", index: "0", type: "org.jeecg.modules.system.entity.SysDepartPermission" }
  - { kind: "param", method: "<org.jeecg.modules.system.controller.SysDepartPermissionController: org.jeecg.common.api.vo.Result delete(java.lang.String)>", index: "0", type: "java.lang.String" }
  - { kind: "param", method: "<org.jeecg.modules.system.controller.SysDepartPermissionController: org.jeecg.common.api.vo.Result deleteBatch(java.lang.String)>", index: "0", type: "java.lang.String" }
  - { kind: "param", method: "<org.jeecg.modules.system.controller.SysDepartPermissionController: org.jeecg.common.api.vo.Result queryById(java.lang.String)>", index: "0", type: "java.lang.String" }
  - { kind: "param", method: "<org.jeecg.modules.system.controller.SysDepartPermissionController: org.jeecg.common.api.vo.Result loadDatarule(java.lang.String,java.lang.String)>", index: "0", type: "java.lang.String" }
  - { kind: "param", method: "<org.jeecg.modules.system.controller.SysDepartPermissionController: org.jeecg.common.api.vo.Result loadDatarule(java.lang.String,java.lang.String)>", index: "1", type: "java.lang.String" }
  - { kind: "param", method: "<org.jeecg.modules.system.controller.SysDepartPermissionController: org.jeecg.common.api.vo.Result saveDatarule(com.alibaba.fastjson.JSONObject)>", index: "0", type: "com.alibaba.fastjson.JSONObject" }
  - { kind: "param", method: "<org.jeecg.modules.system.controller.SysDepartPermissionController: org.jeecg.common.api.vo.Result queryDeptRolePermission(java.lang.String)>", index: "0", type: "java.lang.String" }
  - { kind: "param", method: "<org.jeecg.modules.system.controller.SysDepartPermissionController: org.jeecg.common.api.vo.Result saveDeptRolePermission(com.alibaba.fastjson.JSONObject)>", index: "0", type: "com.alibaba.fastjson.JSONObject" }
  - { kind: "param", method: "<org.jeecg.modules.system.controller.SysDepartPermissionController: org.jeecg.common.api.vo.Result queryTreeListForDeptRole(java.lang.String,javax.servlet.http.HttpServletRequest)>", index: "0", type: "java.lang.String" }
  - { kind: "param", method: "<org.jeecg.modules.system.controller.SysAnnouncementController: org.jeecg.common.api.vo.Result queryPageList(org.jeecg.modules.system.entity.SysAnnouncement,java.lang.Integer,java.lang.Integer,javax.servlet.http.HttpServletRequest)>", index: "1", type: "java.lang.Integer" }
  - { kind: "param", method: "<org.jeecg.modules.system.controller.SysAnnouncementController: org.jeecg.common.api.vo.Result queryPageList(org.jeecg.modules.system.entity.SysAnnouncement,java.lang.Integer,java.lang.Integer,javax.servlet.http.HttpServletRequest)>", index: "2", type: "java.lang.Integer" }
  - { kind: "param", method: "<org.jeecg.modules.system.controller.SysAnnouncementController: org.jeecg.common.api.vo.Result add(org.jeecg.modules.system.entity.SysAnnouncement)>", index: "0", type: "org.jeecg.modules.system.entity.SysAnnouncement" }
  - { kind: "param", method: "<org.jeecg.modules.system.controller.SysAnnouncementController: org.jeecg.common.api.vo.Result eidt(org.jeecg.modules.system.entity.SysAnnouncement)>", index: "0", type: "org.jeecg.modules.system.entity.SysAnnouncement" }
  - { kind: "param", method: "<org.jeecg.modules.system.controller.SysAnnouncementController: org.jeecg.common.api.vo.Result delete(java.lang.String)>", index: "0", type: "java.lang.String" }
  - { kind: "param", method: "<org.jeecg.modules.system.controller.SysAnnouncementController: org.jeecg.common.api.vo.Result deleteBatch(java.lang.String)>", index: "0", type: "java.lang.String" }
  - { kind: "param", method: "<org.jeecg.modules.system.controller.SysAnnouncementController: org.jeecg.common.api.vo.Result queryById(java.lang.String)>", index: "0", type: "java.lang.String" }
  - { kind: "param", method: "<org.jeecg.modules.system.controller.SysAnnouncementController: org.jeecg.common.api.vo.Result doReleaseData(java.lang.String,javax.servlet.http.HttpServletRequest)>", index: "0", type: "java.lang.String" }
  - { kind: "param", method: "<org.jeecg.modules.system.controller.SysAnnouncementController: org.jeecg.common.api.vo.Result doReovkeData(java.lang.String,javax.servlet.http.HttpServletRequest)>", index: "0", type: "java.lang.String" }
  - { kind: "param", method: "<org.jeecg.modules.system.controller.SysAnnouncementController: org.jeecg.common.api.vo.Result syncNotic(java.lang.String,javax.servlet.http.HttpServletRequest)>", index: "0", type: "java.lang.String" }
  - { kind: "param", method: "<org.jeecg.modules.system.controller.SysAnnouncementController: org.springframework.web.servlet.ModelAndView showContent(org.springframework.web.servlet.ModelAndView,java.lang.String,javax.servlet.http.HttpServletRequest)>", index: "1", type: "java.lang.String" }
  - { kind: "param", method: "<org.jeecg.modules.system.controller.ThirdAppController: org.jeecg.common.api.vo.Result syncWechatEnterpriseUserToApp(java.lang.String)>", index: "0", type: "java.lang.String" }
  - { kind: "param", method: "<org.jeecg.modules.system.controller.ThirdAppController: org.jeecg.common.api.vo.Result syncWechatEnterpriseUserToLocal(java.lang.String)>", index: "0", type: "java.lang.String" }
  - { kind: "param", method: "<org.jeecg.modules.system.controller.ThirdAppController: org.jeecg.common.api.vo.Result syncWechatEnterpriseDepartToApp(java.lang.String)>", index: "0", type: "java.lang.String" }
  - { kind: "param", method: "<org.jeecg.modules.system.controller.ThirdAppController: org.jeecg.common.api.vo.Result syncWechatEnterpriseDepartToLocal(java.lang.String)>", index: "0", type: "java.lang.String" }
  - { kind: "param", method: "<org.jeecg.modules.system.controller.ThirdAppController: org.jeecg.common.api.vo.Result syncDingtalkDepartToApp(java.lang.String)>", index: "0", type: "java.lang.String" }
  - { kind: "param", method: "<org.jeecg.modules.system.controller.ThirdAppController: org.jeecg.common.api.vo.Result syncDingtalkDepartToLocal(java.lang.String)>", index: "0", type: "java.lang.String" }
  - { kind: "param", method: "<org.jeecg.modules.system.controller.ThirdAppController: org.jeecg.common.api.vo.Result syncDingtalkUserToApp(java.lang.String)>", index: "0", type: "java.lang.String" }
  - { kind: "param", method: "<org.jeecg.modules.system.controller.ThirdAppController: org.jeecg.common.api.vo.Result syncDingtalkUserToLocal(java.lang.String)>", index: "0", type: "java.lang.String" }
  - { kind: "param", method: "<org.jeecg.modules.system.controller.ThirdAppController: org.jeecg.common.api.vo.Result sendMessageTest(com.alibaba.fastjson.JSONObject,javax.servlet.http.HttpServletRequest)>", index: "0", type: "com.alibaba.fastjson.JSONObject" }
  - { kind: "param", method: "<org.jeecg.modules.system.controller.ThirdAppController: org.jeecg.common.api.vo.Result recallMessageTest(com.alibaba.fastjson.JSONObject)>", index: "0", type: "com.alibaba.fastjson.JSONObject" }
  - { kind: "param", method: "<org.jeecg.modules.oss.controller.OSSFileController: org.jeecg.common.api.vo.Result queryPageList(org.jeecg.modules.oss.entity.OSSFile,java.lang.Integer,java.lang.Integer,javax.servlet.http.HttpServletRequest)>", index: "1", type: "java.lang.Integer" }
  - { kind: "param", method: "<org.jeecg.modules.oss.controller.OSSFileController: org.jeecg.common.api.vo.Result queryPageList(org.jeecg.modules.oss.entity.OSSFile,java.lang.Integer,java.lang.Integer,javax.servlet.http.HttpServletRequest)>", index: "2", type: "java.lang.Integer" }
  - { kind: "param", method: "<org.jeecg.modules.oss.controller.OSSFileController: org.jeecg.common.api.vo.Result upload(org.springframework.web.multipart.MultipartFile)>", index: "0", type: "org.springframework.web.multipart.MultipartFile" }
  - { kind: "param", method: "<org.jeecg.modules.oss.controller.OSSFileController: org.jeecg.common.api.vo.Result delete(java.lang.String)>", index: "0", type: "java.lang.String" }
  - { kind: "param", method: "<org.jeecg.modules.oss.controller.OSSFileController: org.jeecg.common.api.vo.Result queryById(java.lang.String)>", index: "0", type: "java.lang.String" }
  - { kind: "param", method: "<org.jeecg.modules.api.controller.SystemAPIController: void sendSysAnnouncement(org.jeecg.common.api.dto.message.MessageDTO)>", index: "0", type: "org.jeecg.common.api.dto.message.MessageDTO" }
  - { kind: "param", method: "<org.jeecg.modules.api.controller.SystemAPIController: void sendBusAnnouncement(org.jeecg.common.api.dto.message.BusMessageDTO)>", index: "0", type: "org.jeecg.common.api.dto.message.BusMessageDTO" }
  - { kind: "param", method: "<org.jeecg.modules.api.controller.SystemAPIController: void sendTemplateAnnouncement(org.jeecg.common.api.dto.message.TemplateMessageDTO)>", index: "0", type: "org.jeecg.common.api.dto.message.TemplateMessageDTO" }
  - { kind: "param", method: "<org.jeecg.modules.api.controller.SystemAPIController: void sendBusTemplateAnnouncement(org.jeecg.common.api.dto.message.BusTemplateMessageDTO)>", index: "0", type: "org.jeecg.common.api.dto.message.BusTemplateMessageDTO" }
  - { kind: "param", method: "<org.jeecg.modules.api.controller.SystemAPIController: java.lang.String parseTemplateByCode(org.jeecg.common.api.dto.message.TemplateDTO)>", index: "0", type: "org.jeecg.common.api.dto.message.TemplateDTO" }
  - { kind: "param", method: "<org.jeecg.modules.api.controller.SystemAPIController: void updateSysAnnounReadFlag(java.lang.String,java.lang.String)>", index: "0", type: "java.lang.String" }
  - { kind: "param", method: "<org.jeecg.modules.api.controller.SystemAPIController: void updateSysAnnounReadFlag(java.lang.String,java.lang.String)>", index: "1", type: "java.lang.String" }
  - { kind: "param", method: "<org.jeecg.modules.api.controller.SystemAPIController: org.jeecg.common.system.vo.LoginUser getUserByName(java.lang.String)>", index: "0", type: "java.lang.String" }
  - { kind: "param", method: "<org.jeecg.modules.api.controller.SystemAPIController: org.jeecg.common.system.vo.LoginUser getUserById(java.lang.String)>", index: "0", type: "java.lang.String" }
  - { kind: "param", method: "<org.jeecg.modules.api.controller.SystemAPIController: java.util.List getRolesByUsername(java.lang.String)>", index: "0", type: "java.lang.String" }
  - { kind: "param", method: "<org.jeecg.modules.api.controller.SystemAPIController: java.util.List getDepartIdsByUsername(java.lang.String)>", index: "0", type: "java.lang.String" }
  - { kind: "param", method: "<org.jeecg.modules.api.controller.SystemAPIController: java.util.List getDepartNamesByUsername(java.lang.String)>", index: "0", type: "java.lang.String" }
  - { kind: "param", method: "<org.jeecg.modules.api.controller.SystemAPIController: java.util.List queryDictItemsByCode(java.lang.String)>", index: "0", type: "java.lang.String" }
  - { kind: "param", method: "<org.jeecg.modules.api.controller.SystemAPIController: java.util.List queryEnableDictItemsByCode(java.lang.String)>", index: "0", type: "java.lang.String" }
  - { kind: "param", method: "<org.jeecg.modules.api.controller.SystemAPIController: java.util.List queryAllRole(java.lang.String[])>", index: "0", type: "java.lang.String[]" }
  - { kind: "param", method: "<org.jeecg.modules.api.controller.SystemAPIController: java.util.List getRoleIdsByUsername(java.lang.String)>", index: "0", type: "java.lang.String" }
  - { kind: "param", method: "<org.jeecg.modules.api.controller.SystemAPIController: java.lang.String getDepartIdsByOrgCode(java.lang.String)>", index: "0", type: "java.lang.String" }
  - { kind: "param", method: "<org.jeecg.modules.api.controller.SystemAPIController: org.jeecg.common.system.vo.DynamicDataSourceModel getDynamicDbSourceById(java.lang.String)>", index: "0", type: "java.lang.String" }
  - { kind: "param", method: "<org.jeecg.modules.api.controller.SystemAPIController: java.util.List getDeptHeadByDepId(java.lang.String)>", index: "0", type: "java.lang.String" }
  - { kind: "param", method: "<org.jeecg.modules.api.controller.SystemAPIController: org.jeecg.common.system.vo.DictModel getParentDepartId(java.lang.String)>", index: "0", type: "java.lang.String" }
  - { kind: "param", method: "<org.jeecg.modules.api.controller.SystemAPIController: org.jeecg.common.system.vo.DynamicDataSourceModel getDynamicDbSourceByCode(java.lang.String)>", index: "0", type: "java.lang.String" }
  - { kind: "param", method: "<org.jeecg.modules.api.controller.SystemAPIController: java.util.List queryAllUserByIds(java.lang.String[])>", index: "0", type: "java.lang.String[]" }
  - { kind: "param", method: "<org.jeecg.modules.api.controller.SystemAPIController: com.alibaba.fastjson.JSONObject queryAllUser(java.lang.String,java.lang.Integer,int)>", index: "0", type: "java.lang.String" }
  - { kind: "param", method: "<org.jeecg.modules.api.controller.SystemAPIController: com.alibaba.fastjson.JSONObject queryAllUser(java.lang.String,java.lang.Integer,int)>", index: "1", type: "java.lang.Integer" }
  - { kind: "param", method: "<org.jeecg.modules.api.controller.SystemAPIController: com.alibaba.fastjson.JSONObject queryAllUser(java.lang.String,java.lang.Integer,int)>", index: "2", type: "int" }
  - { kind: "param", method: "<org.jeecg.modules.api.controller.SystemAPIController: void meetingSignWebsocket(java.lang.String)>", index: "0", type: "java.lang.String" }
  - { kind: "param", method: "<org.jeecg.modules.api.controller.SystemAPIController: java.util.List queryUserByNames(java.lang.String[])>", index: "0", type: "java.lang.String[]" }
  - { kind: "param", method: "<org.jeecg.modules.api.controller.SystemAPIController: java.util.Set getUserRoleSet(java.lang.String)>", index: "0", type: "java.lang.String" }
  - { kind: "param", method: "<org.jeecg.modules.api.controller.SystemAPIController: java.util.Set getUserPermissionSet(java.lang.String)>", index: "0", type: "java.lang.String" }
  - { kind: "param", method: "<org.jeecg.modules.api.controller.SystemAPIController: boolean hasOnlineAuth(org.jeecg.common.api.dto.OnlineAuthDTO)>", index: "0", type: "org.jeecg.common.api.dto.OnlineAuthDTO" }
  - { kind: "param", method: "<org.jeecg.modules.api.controller.SystemAPIController: java.util.Set queryUserRoles(java.lang.String)>", index: "0", type: "java.lang.String" }
  - { kind: "param", method: "<org.jeecg.modules.api.controller.SystemAPIController: java.util.Set queryUserAuths(java.lang.String)>", index: "0", type: "java.lang.String" }
  - { kind: "param", method: "<org.jeecg.modules.api.controller.SystemAPIController: org.jeecg.common.system.vo.SysDepartModel selectAllById(java.lang.String)>", index: "0", type: "java.lang.String" }
  - { kind: "param", method: "<org.jeecg.modules.api.controller.SystemAPIController: java.util.List queryDeptUsersByUserId(java.lang.String)>", index: "0", type: "java.lang.String" }
  - { kind: "param", method: "<org.jeecg.modules.api.controller.SystemAPIController: java.util.List queryPermissionDataRule(java.lang.String,java.lang.String,java.lang.String)>", index: "0", type: "java.lang.String" }
  - { kind: "param", method: "<org.jeecg.modules.api.controller.SystemAPIController: java.util.List queryPermissionDataRule(java.lang.String,java.lang.String,java.lang.String)>", index: "1", type: "java.lang.String" }
  - { kind: "param", method: "<org.jeecg.modules.api.controller.SystemAPIController: java.util.List queryPermissionDataRule(java.lang.String,java.lang.String,java.lang.String)>", index: "2", type: "java.lang.String" }
  - { kind: "param", method: "<org.jeecg.modules.api.controller.SystemAPIController: org.jeecg.common.system.vo.SysUserCacheInfo getCacheUser(java.lang.String)>", index: "0", type: "java.lang.String" }
  - { kind: "param", method: "<org.jeecg.modules.api.controller.SystemAPIController: java.lang.String translateDict(java.lang.String,java.lang.String)>", index: "0", type: "java.lang.String" }
  - { kind: "param", method: "<org.jeecg.modules.api.controller.SystemAPIController: java.lang.String translateDict(java.lang.String,java.lang.String)>", index: "1", type: "java.lang.String" }
  - { kind: "param", method: "<org.jeecg.modules.api.controller.SystemAPIController: java.util.List queryUsersByUsernames(java.lang.String)>", index: "0", type: "java.lang.String" }
  - { kind: "param", method: "<org.jeecg.modules.api.controller.SystemAPIController: java.util.List queryUsersByIds(java.lang.String)>", index: "0", type: "java.lang.String" }
  - { kind: "param", method: "<org.jeecg.modules.api.controller.SystemAPIController: java.util.List queryDepartsByOrgcodes(java.lang.String)>", index: "0", type: "java.lang.String" }
  - { kind: "param", method: "<org.jeecg.modules.api.controller.SystemAPIController: java.util.List queryDepartsByIds(java.lang.String)>", index: "0", type: "java.lang.String" }
  - { kind: "param", method: "<org.jeecg.modules.api.controller.SystemAPIController: void sendEmailMsg(java.lang.String,java.lang.String,java.lang.String)>", index: "0", type: "java.lang.String" }
  - { kind: "param", method: "<org.jeecg.modules.api.controller.SystemAPIController: void sendEmailMsg(java.lang.String,java.lang.String,java.lang.String)>", index: "1", type: "java.lang.String" }
  - { kind: "param", method: "<org.jeecg.modules.api.controller.SystemAPIController: void sendEmailMsg(java.lang.String,java.lang.String,java.lang.String)>", index: "2", type: "java.lang.String" }
  - { kind: "param", method: "<org.jeecg.modules.api.controller.SystemAPIController: java.util.List getDeptUserByOrgCode(java.lang.String)>", index: "0", type: "java.lang.String" }
  - { kind: "param", method: "<org.jeecg.modules.api.controller.SystemAPIController: java.util.List loadCategoryDictItem(java.lang.String)>", index: "0", type: "java.lang.String" }
  - { kind: "param", method: "<org.jeecg.modules.api.controller.SystemAPIController: java.util.List loadDictItem(java.lang.String,java.lang.String)>", index: "0", type: "java.lang.String" }
  - { kind: "param", method: "<org.jeecg.modules.api.controller.SystemAPIController: java.util.List loadDictItem(java.lang.String,java.lang.String)>", index: "1", type: "java.lang.String" }
  - { kind: "param", method: "<org.jeecg.modules.api.controller.SystemAPIController: java.util.List getDictItems(java.lang.String)>", index: "0", type: "java.lang.String" }
  - { kind: "param", method: "<org.jeecg.modules.api.controller.SystemAPIController: java.util.Map getManyDictItems(java.util.List)>", index: "0", type: "java.util.List" }
  - { kind: "param", method: "<org.jeecg.modules.api.controller.SystemAPIController: java.util.List loadDictItemByKeyword(java.lang.String,java.lang.String,java.lang.Integer)>", index: "0", type: "java.lang.String" }
  - { kind: "param", method: "<org.jeecg.modules.api.controller.SystemAPIController: java.util.List loadDictItemByKeyword(java.lang.String,java.lang.String,java.lang.Integer)>", index: "1", type: "java.lang.String" }
  - { kind: "param", method: "<org.jeecg.modules.api.controller.SystemAPIController: java.util.List loadDictItemByKeyword(java.lang.String,java.lang.String,java.lang.Integer)>", index: "2", type: "java.lang.Integer" }
  - { kind: "param", method: "<org.jeecg.modules.api.controller.SystemAPIController: java.util.Map translateManyDict(java.lang.String,java.lang.String)>", index: "0", type: "java.lang.String" }
  - { kind: "param", method: "<org.jeecg.modules.api.controller.SystemAPIController: java.util.Map translateManyDict(java.lang.String,java.lang.String)>", index: "1", type: "java.lang.String" }
  - { kind: "param", method: "<org.jeecg.modules.api.controller.SystemAPIController: java.util.List queryTableDictItemsByCode(java.lang.String,java.lang.String,java.lang.String)>", index: "0", type: "java.lang.String" }
  - { kind: "param", method: "<org.jeecg.modules.api.controller.SystemAPIController: java.util.List queryTableDictItemsByCode(java.lang.String,java.lang.String,java.lang.String)>", index: "1", type: "java.lang.String" }
  - { kind: "param", method: "<org.jeecg.modules.api.controller.SystemAPIController: java.util.List queryTableDictItemsByCode(java.lang.String,java.lang.String,java.lang.String)>", index: "2", type: "java.lang.String" }
  - { kind: "param", method: "<org.jeecg.modules.api.controller.SystemAPIController: java.util.List queryFilterTableDictInfo(java.lang.String,java.lang.String,java.lang.String,java.lang.String)>", index: "0", type: "java.lang.String" }
  - { kind: "param", method: "<org.jeecg.modules.api.controller.SystemAPIController: java.util.List queryFilterTableDictInfo(java.lang.String,java.lang.String,java.lang.String,java.lang.String)>", index: "1", type: "java.lang.String" }
  - { kind: "param", method: "<org.jeecg.modules.api.controller.SystemAPIController: java.util.List queryFilterTableDictInfo(java.lang.String,java.lang.String,java.lang.String,java.lang.String)>", index: "2", type: "java.lang.String" }
  - { kind: "param", method: "<org.jeecg.modules.api.controller.SystemAPIController: java.util.List queryFilterTableDictInfo(java.lang.String,java.lang.String,java.lang.String,java.lang.String)>", index: "3", type: "java.lang.String" }
  - { kind: "param", method: "<org.jeecg.modules.api.controller.SystemAPIController: java.util.List queryTableDictByKeys(java.lang.String,java.lang.String,java.lang.String,java.lang.String[])>", index: "0", type: "java.lang.String" }
  - { kind: "param", method: "<org.jeecg.modules.api.controller.SystemAPIController: java.util.List queryTableDictByKeys(java.lang.String,java.lang.String,java.lang.String,java.lang.String[])>", index: "1", type: "java.lang.String" }
  - { kind: "param", method: "<org.jeecg.modules.api.controller.SystemAPIController: java.util.List queryTableDictByKeys(java.lang.String,java.lang.String,java.lang.String,java.lang.String[])>", index: "2", type: "java.lang.String" }
  - { kind: "param", method: "<org.jeecg.modules.api.controller.SystemAPIController: java.util.List queryTableDictByKeys(java.lang.String,java.lang.String,java.lang.String,java.lang.String[])>", index: "3", type: "java.lang.String[]" }
  - { kind: "param", method: "<org.jeecg.modules.api.controller.SystemAPIController: java.lang.String translateDictFromTable(java.lang.String,java.lang.String,java.lang.String,java.lang.String)>", index: "0", type: "java.lang.String" }
  - { kind: "param", method: "<org.jeecg.modules.api.controller.SystemAPIController: java.lang.String translateDictFromTable(java.lang.String,java.lang.String,java.lang.String,java.lang.String)>", index: "1", type: "java.lang.String" }
  - { kind: "param", method: "<org.jeecg.modules.api.controller.SystemAPIController: java.lang.String translateDictFromTable(java.lang.String,java.lang.String,java.lang.String,java.lang.String)>", index: "2", type: "java.lang.String" }
  - { kind: "param", method: "<org.jeecg.modules.api.controller.SystemAPIController: java.lang.String translateDictFromTable(java.lang.String,java.lang.String,java.lang.String,java.lang.String)>", index: "3", type: "java.lang.String" }
  - { kind: "param", method: "<org.jeecg.modules.api.controller.SystemAPIController: java.util.List translateDictFromTableByKeys(java.lang.String,java.lang.String,java.lang.String,java.lang.String)>", index: "0", type: "java.lang.String" }
  - { kind: "param", method: "<org.jeecg.modules.api.controller.SystemAPIController: java.util.List translateDictFromTableByKeys(java.lang.String,java.lang.String,java.lang.String,java.lang.String)>", index: "1", type: "java.lang.String" }
  - { kind: "param", method: "<org.jeecg.modules.api.controller.SystemAPIController: java.util.List translateDictFromTableByKeys(java.lang.String,java.lang.String,java.lang.String,java.lang.String)>", index: "2", type: "java.lang.String" }
  - { kind: "param", method: "<org.jeecg.modules.api.controller.SystemAPIController: java.util.List translateDictFromTableByKeys(java.lang.String,java.lang.String,java.lang.String,java.lang.String)>", index: "3", type: "java.lang.String" }
  - { kind: "param", method: "<org.jeecg.modules.ngalain.controller.NgAlainController: java.lang.Object getDictItems(java.lang.String)>", index: "0", type: "java.lang.String" }
  - { kind: "param", method: "<org.jeecg.modules.ngalain.controller.NgAlainController: java.lang.Object getDictItemsByTable(java.lang.String,java.lang.String,java.lang.String)>", index: "0", type: "java.lang.String" }
  - { kind: "param", method: "<org.jeecg.modules.ngalain.controller.NgAlainController: java.lang.Object getDictItemsByTable(java.lang.String,java.lang.String,java.lang.String)>", index: "1", type: "java.lang.String" }
  - { kind: "param", method: "<org.jeecg.modules.ngalain.controller.NgAlainController: java.lang.Object getDictItemsByTable(java.lang.String,java.lang.String,java.lang.String)>", index: "2", type: "java.lang.String" }
  - { kind: "param", method: "<org.jeecg.modules.quartz.controller.QuartzJobController: org.jeecg.common.api.vo.Result queryPageList(org.jeecg.modules.quartz.entity.QuartzJob,java.lang.Integer,java.lang.Integer,javax.servlet.http.HttpServletRequest)>", index: "1", type: "java.lang.Integer" }
  - { kind: "param", method: "<org.jeecg.modules.quartz.controller.QuartzJobController: org.jeecg.common.api.vo.Result queryPageList(org.jeecg.modules.quartz.entity.QuartzJob,java.lang.Integer,java.lang.Integer,javax.servlet.http.HttpServletRequest)>", index: "2", type: "java.lang.Integer" }
  - { kind: "param", method: "<org.jeecg.modules.quartz.controller.QuartzJobController: org.jeecg.common.api.vo.Result add(org.jeecg.modules.quartz.entity.QuartzJob)>", index: "0", type: "org.jeecg.modules.quartz.entity.QuartzJob" }
  - { kind: "param", method: "<org.jeecg.modules.quartz.controller.QuartzJobController: org.jeecg.common.api.vo.Result eidt(org.jeecg.modules.quartz.entity.QuartzJob)>", index: "0", type: "org.jeecg.modules.quartz.entity.QuartzJob" }
  - { kind: "param", method: "<org.jeecg.modules.quartz.controller.QuartzJobController: org.jeecg.common.api.vo.Result delete(java.lang.String)>", index: "0", type: "java.lang.String" }
  - { kind: "param", method: "<org.jeecg.modules.quartz.controller.QuartzJobController: org.jeecg.common.api.vo.Result deleteBatch(java.lang.String)>", index: "0", type: "java.lang.String" }
  - { kind: "param", method: "<org.jeecg.modules.quartz.controller.QuartzJobController: org.jeecg.common.api.vo.Result pauseJob(java.lang.String)>", index: "0", type: "java.lang.String" }
  - { kind: "param", method: "<org.jeecg.modules.quartz.controller.QuartzJobController: org.jeecg.common.api.vo.Result resumeJob(java.lang.String)>", index: "0", type: "java.lang.String" }
  - { kind: "param", method: "<org.jeecg.modules.quartz.controller.QuartzJobController: org.jeecg.common.api.vo.Result queryById(java.lang.String)>", index: "0", type: "java.lang.String" }
  - { kind: "param", method: "<org.jeecg.modules.quartz.controller.QuartzJobController: org.jeecg.common.api.vo.Result execute(java.lang.String)>", index: "0", type: "java.lang.String" }
  - { kind: "call", method: "<java.security.Principal: java.lang.String getName()>", index: "result", type: "java.lang.String" }
  - { kind: "call", method: "<java.lang.ThreadLocal: java.lang.Object get()>", index: "result", type: "java.lang.Object" }

sinks:
  - { method: "<org.jeecg.modules.base.mapper.BaseCommonMapper: void saveLog(org.jeecg.common.api.dto.LogDTO)>", index: "0" }
  - { method: "<org.jeecg.modules.demo.test.mapper.JeecgDemoMapper: java.util.List getDemoByName(java.lang.String)>", index: "0" }
  - { method: "<org.jeecg.modules.demo.test.mapper.JeecgDemoMapper: java.util.List queryAllAuth(java.lang.String)>", index: "0" }
  - { method: "<org.jeecg.modules.system.mapper.SysPermissionMapper: java.util.List queryListByParentId(java.lang.String)>", index: "0" }
  - { method: "<org.jeecg.modules.system.mapper.SysPermissionMapper: java.util.List queryByUser(java.lang.String)>", index: "0" }
  - { method: "<org.jeecg.modules.system.mapper.SysUserMapper: void deleteBathRoleUserRelation(java.lang.String[])>", index: "0" }
  - { method: "<org.jeecg.modules.system.mapper.SysUserMapper: void deleteBathRolePermissionRelation(java.lang.String[])>", index: "0" }
  - { method: "<org.jeecg.modules.system.mapper.SysUserMapper: int updateNullByEmptyString(java.lang.String)>", index: "0" }
  - { method: "<org.jeecg.modules.system.mapper.SysUserMapper: int deleteLogicDeleted(java.lang.String)>", index: "0" }
  - { method: "<org.jeecg.modules.system.mapper.SysUserMapper: org.jeecg.modules.system.entity.SysUser getUserByName(java.lang.String)>", index: "0" }
  - { method: "<org.jeecg.modules.system.mapper.SysUserMapper: java.util.List getDepNamesByUserIds(java.util.List)>", index: "0" }
  - { method: "<org.jeecg.modules.system.mapper.SysUserMapper: org.jeecg.modules.system.entity.SysUser getUserByPhone(java.lang.String)>", index: "0" }
  - { method: "<org.jeecg.modules.system.mapper.SysUserMapper: org.jeecg.modules.system.entity.SysUser getUserByEmail(java.lang.String)>", index: "0" }
  - { method: "<org.jeecg.modules.system.mapper.SysUserMapper: java.util.List selectLogicDeleted(com.baomidou.mybatisplus.core.conditions.Wrapper)>", index: "0" }
  - { method: "<org.jeecg.modules.system.mapper.SysDictMapper: java.util.List queryDictItemsByCode(java.lang.String)>", index: "0" }
  - { method: "<org.jeecg.modules.system.mapper.SysDictMapper: java.util.List queryEnableDictItemsByCode(java.lang.String)>", index: "0" }
  - { method: "<org.jeecg.modules.system.mapper.SysDictMapper: java.util.List queryDictItemsByCodeList(java.util.List)>", index: "0" }
  - { method: "<org.jeecg.modules.system.mapper.SysDictMapper: java.lang.Long duplicateCheckCountSql(org.jeecg.modules.system.model.DuplicateCheckVo)>", index: "0" }
  - { method: "<org.jeecg.modules.system.mapper.SysDictMapper: java.lang.Long duplicateCheckCountSqlNoDataId(org.jeecg.modules.system.model.DuplicateCheckVo)>", index: "0" }
  - { method: "<org.jeecg.modules.system.mapper.SysDepartMapper: java.util.List queryUserDeparts(java.lang.String)>", index: "0" }
  - { method: "<org.jeecg.modules.system.mapper.SysDepartMapper: java.util.List queryDepartsByUsername(java.lang.String)>", index: "0" }
  - { method: "<org.jeecg.modules.system.mapper.SysDepartMapper: java.util.List getSubDepIdsByDepId(java.lang.String)>", index: "0" }
  - { method: "<org.jeecg.modules.system.mapper.SysDepartMapper: java.util.List getSubDepIdsByOrgCodes(java.lang.String[])>", index: "0" }
  - { method: "<org.jeecg.modules.system.mapper.SysDepartMapper: java.util.List queryTreeListByPid(java.lang.String)>", index: "0" }
  - { method: "<org.jeecg.modules.system.mapper.SysDepartMapper: org.jeecg.modules.system.entity.SysDepart queryCompByOrgCode(java.lang.String)>", index: "0" }
  - { method: "<org.jeecg.modules.system.mapper.SysAnnouncementSendMapper: java.util.List queryByUserId(java.lang.String)>", index: "0" }
  - { method: "<org.jeecg.modules.system.mapper.SysUserDepartMapper: java.util.List getUserDepartByUid(java.lang.String)>", index: "0" }
  - { method: "<org.jeecg.modules.quartz.mapper.QuartzJobMapper: java.util.List findByJobClassName(java.lang.String)>", index: "0" }
  - { method: "<java.sql.Statement: java.sql.ResultSet executeQuery(java.lang.String)>", index: "0" }
  - { method: "<java.sql.Statement: int executeUpdate(java.lang.String)>", index: "0" }
  - { method: "<java.sql.Statement: boolean execute(java.lang.String)>", index: "0" }
  - { method: "<java.sql.Statement: void addBatch(java.lang.String)>", index: "0" }
  - { method: "<java.sql.Connection: java.sql.PreparedStatement prepareStatement(java.lang.String)>", index: "0" }
  - { method: "<java.sql.Connection: java.sql.CallableStatement prepareCall(java.lang.String)>", index: "0" }
  - { method: "<java.lang.Runtime: java.lang.Process exec(java.lang.String)>", index: "0" }
  - { method: "<java.lang.Runtime: java.lang.Process exec(java.lang.String[])>", index: "0" }
  - { method: "<java.lang.Runtime: java.lang.Process exec(java.lang.String,java.lang.String[])>", index: "0" }
  - { method: "<java.lang.Runtime: java.lang.Process exec(java.lang.String,java.lang.String[],java.io.File)>", index: "0" }
  - { method: "<java.lang.ProcessBuilder: void <init>(java.lang.String[])>", index: "0" }
  - { method: "<java.lang.ProcessBuilder: void <init>(java.util.List)>", index: "0" }
  - { method: "<java.lang.ProcessBuilder: java.lang.ProcessBuilder command(java.lang.String[])>", index: "0" }
  - { method: "<java.lang.ProcessBuilder: java.lang.ProcessBuilder command(java.util.List)>", index: "0" }
  - { method: "<java.io.File: void <init>(java.lang.String)>", index: "0" }
  - { method: "<java.io.File: void <init>(java.lang.String,java.lang.String)>", index: "0" }
  - { method: "<java.io.File: void <init>(java.lang.String,java.lang.String)>", index: "1" }
  - { method: "<java.io.FileInputStream: void <init>(java.lang.String)>", index: "0" }
  - { method: "<java.io.FileOutputStream: void <init>(java.lang.String)>", index: "0" }
  - { method: "<java.io.FileReader: void <init>(java.lang.String)>", index: "0" }
  - { method: "<java.io.FileWriter: void <init>(java.lang.String)>", index: "0" }
  - { method: "<java.nio.file.Paths: java.nio.file.Path get(java.lang.String,java.lang.String[])>", index: "0" }
  - { method: "<java.nio.file.Path: java.nio.file.Path resolve(java.lang.String)>", index: "0" }
  - { method: "<java.nio.file.Files: java.util.List readAllLines(java.nio.file.Path)>", index: "0" }
  - { method: "<java.nio.file.Files: byte[] readAllBytes(java.nio.file.Path)>", index: "0" }
  - { method: "<java.nio.file.Files: java.nio.file.Path write(java.nio.file.Path,byte[],java.nio.file.OpenOption[])>", index: "0" }
  - { method: "<java.io.PrintWriter: void print(java.lang.String)>", index: "0" }
  - { method: "<java.io.PrintWriter: void println(java.lang.String)>", index: "0" }
  - { method: "<java.io.PrintWriter: void write(java.lang.String)>", index: "0" }
  - { method: "<java.net.URL: void <init>(java.lang.String)>", index: "0" }
  - { method: "<java.net.URI: void <init>(java.lang.String)>", index: "0" }
  - { method: "<java.net.URI: java.net.URI create(java.lang.String)>", index: "0" }
  - { method: "<javax.xml.parsers.DocumentBuilder: org.w3c.dom.Document parse(java.io.InputStream)>", index: "0" }
  - { method: "<javax.xml.parsers.DocumentBuilder: org.w3c.dom.Document parse(java.lang.String)>", index: "0" }
  - { method: "<javax.xml.parsers.SAXParser: void parse(java.io.InputStream,org.xml.sax.helpers.DefaultHandler)>", index: "0" }
  - { method: "<org.xml.sax.XMLReader: void parse(org.xml.sax.InputSource)>", index: "0" }
  - { method: "<java.io.ObjectInputStream: void <init>(java.io.InputStream)>", index: "0" }
  - { method: "<java.lang.Class: java.lang.Class forName(java.lang.String)>", index: "0" }
  - { method: "<java.lang.ClassLoader: java.lang.Class loadClass(java.lang.String)>", index: "0" }
  - { method: "<java.lang.reflect.Method: java.lang.Object invoke(java.lang.Object,java.lang.Object[])>", index: "1" }

transfers:
  - { method: "<java.lang.String: java.lang.String concat(java.lang.String)>", from: "base", to: "result", type: "java.lang.String" }
  - { method: "<java.lang.String: java.lang.String concat(java.lang.String)>", from: "0", to: "result", type: "java.lang.String" }
  - { method: "<java.lang.String: java.lang.String substring(int)>", from: "base", to: "result", type: "java.lang.String" }
  - { method: "<java.lang.String: java.lang.String substring(int,int)>", from: "base", to: "result", type: "java.lang.String" }
  - { method: "<java.lang.String: java.lang.String replace(char,char)>", from: "base", to: "result", type: "java.lang.String" }
  - { method: "<java.lang.String: java.lang.String replace(java.lang.CharSequence,java.lang.CharSequence)>", from: "base", to: "result", type: "java.lang.String" }
  - { method: "<java.lang.String: java.lang.String replaceAll(java.lang.String,java.lang.String)>", from: "base", to: "result", type: "java.lang.String" }
  - { method: "<java.lang.String: java.lang.String replaceFirst(java.lang.String,java.lang.String)>", from: "base", to: "result", type: "java.lang.String" }
  - { method: "<java.lang.String: java.lang.String trim()>", from: "base", to: "result", type: "java.lang.String" }
  - { method: "<java.lang.String: java.lang.String strip()>", from: "base", to: "result", type: "java.lang.String" }
  - { method: "<java.lang.String: java.lang.String stripLeading()>", from: "base", to: "result", type: "java.lang.String" }
  - { method: "<java.lang.String: java.lang.String stripTrailing()>", from: "base", to: "result", type: "java.lang.String" }
  - { method: "<java.lang.String: java.lang.String toLowerCase()>", from: "base", to: "result", type: "java.lang.String" }
  - { method: "<java.lang.String: java.lang.String toLowerCase(java.util.Locale)>", from: "base", to: "result", type: "java.lang.String" }
  - { method: "<java.lang.String: java.lang.String toUpperCase()>", from: "base", to: "result", type: "java.lang.String" }
  - { method: "<java.lang.String: java.lang.String toUpperCase(java.util.Locale)>", from: "base", to: "result", type: "java.lang.String" }
  - { method: "<java.lang.String: java.lang.String intern()>", from: "base", to: "result", type: "java.lang.String" }
  - { method: "<java.lang.String: java.lang.String valueOf(java.lang.Object)>", from: "0", to: "result", type: "java.lang.String" }
  - { method: "<java.lang.String: java.lang.String valueOf(char[])>", from: "0", to: "result", type: "java.lang.String" }
  - { method: "<java.lang.String: java.lang.String format(java.lang.String,java.lang.Object[])>", from: "0", to: "result", type: "java.lang.String" }
  - { method: "<java.lang.String: java.lang.String format(java.util.Locale,java.lang.String,java.lang.Object[])>", from: "1", to: "result", type: "java.lang.String" }
  - { method: "<java.lang.String: java.lang.String join(java.lang.CharSequence,java.lang.CharSequence[])>", from: "1", to: "result", type: "java.lang.String" }
  - { method: "<java.lang.String: java.lang.String join(java.lang.CharSequence,java.lang.Iterable)>", from: "1", to: "result", type: "java.lang.String" }
  - { method: "<java.lang.String: char[] toCharArray()>", from: "base", to: "result", type: "char[]" }
  - { method: "<java.lang.StringBuilder: java.lang.StringBuilder append(java.lang.String)>", from: "0", to: "base", type: "java.lang.StringBuilder" }
  - { method: "<java.lang.StringBuilder: java.lang.StringBuilder append(java.lang.Object)>", from: "0", to: "base", type: "java.lang.StringBuilder" }
  - { method: "<java.lang.StringBuilder: java.lang.StringBuilder append(java.lang.CharSequence)>", from: "0", to: "base", type: "java.lang.StringBuilder" }
  - { method: "<java.lang.StringBuilder: java.lang.StringBuilder append(char[])>", from: "0", to: "base", type: "java.lang.StringBuilder" }
  - { method: "<java.lang.StringBuilder: java.lang.StringBuilder append(boolean)>", from: "0", to: "base", type: "java.lang.StringBuilder" }
  - { method: "<java.lang.StringBuilder: java.lang.StringBuilder append(int)>", from: "0", to: "base", type: "java.lang.StringBuilder" }
  - { method: "<java.lang.StringBuilder: java.lang.StringBuilder append(long)>", from: "0", to: "base", type: "java.lang.StringBuilder" }
  - { method: "<java.lang.StringBuilder: java.lang.StringBuilder append(java.lang.String)>", from: "base", to: "result", type: "java.lang.StringBuilder" }
  - { method: "<java.lang.StringBuilder: java.lang.StringBuilder append(java.lang.Object)>", from: "base", to: "result", type: "java.lang.StringBuilder" }
  - { method: "<java.lang.StringBuilder: java.lang.StringBuilder append(java.lang.CharSequence)>", from: "base", to: "result", type: "java.lang.StringBuilder" }
  - { method: "<java.lang.StringBuilder: java.lang.String toString()>", from: "base", to: "result", type: "java.lang.String" }
  - { method: "<java.lang.StringBuilder: java.lang.StringBuilder insert(int,java.lang.String)>", from: "1", to: "base", type: "java.lang.StringBuilder" }
  - { method: "<java.lang.StringBuilder: java.lang.StringBuilder insert(int,java.lang.Object)>", from: "1", to: "base", type: "java.lang.StringBuilder" }
  - { method: "<java.lang.StringBuilder: java.lang.StringBuilder insert(int,java.lang.CharSequence)>", from: "1", to: "base", type: "java.lang.StringBuilder" }
  - { method: "<java.lang.StringBuffer: java.lang.StringBuffer append(java.lang.String)>", from: "0", to: "base", type: "java.lang.StringBuffer" }
  - { method: "<java.lang.StringBuffer: java.lang.StringBuffer append(java.lang.Object)>", from: "0", to: "base", type: "java.lang.StringBuffer" }
  - { method: "<java.lang.StringBuffer: java.lang.StringBuffer append(java.lang.String)>", from: "base", to: "result", type: "java.lang.StringBuffer" }
  - { method: "<java.lang.StringBuffer: java.lang.StringBuffer append(java.lang.Object)>", from: "base", to: "result", type: "java.lang.StringBuffer" }
  - { method: "<java.lang.StringBuffer: java.lang.String toString()>", from: "base", to: "result", type: "java.lang.String" }
  - { method: "<java.util.Map: java.lang.Object get(java.lang.Object)>", from: "base", to: "result", type: "java.lang.Object" }
  - { method: "<java.util.HashMap: java.lang.Object get(java.lang.Object)>", from: "base", to: "result", type: "java.lang.Object" }
  - { method: "<java.util.LinkedHashMap: java.lang.Object get(java.lang.Object)>", from: "base", to: "result", type: "java.lang.Object" }
  - { method: "<java.util.TreeMap: java.lang.Object get(java.lang.Object)>", from: "base", to: "result", type: "java.lang.Object" }
  - { method: "<java.util.concurrent.ConcurrentHashMap: java.lang.Object get(java.lang.Object)>", from: "base", to: "result", type: "java.lang.Object" }
  - { method: "<java.util.Map: java.lang.Object put(java.lang.Object,java.lang.Object)>", from: "1", to: "base", type: "java.util.Map" }
  - { method: "<java.util.HashMap: java.lang.Object put(java.lang.Object,java.lang.Object)>", from: "1", to: "base", type: "java.util.HashMap" }
  - { method: "<java.util.Map: void putAll(java.util.Map)>", from: "0", to: "base", type: "java.util.Map" }
  - { method: "<java.util.Map: java.util.Collection values()>", from: "base", to: "result", type: "java.util.Collection" }
  - { method: "<java.util.Map: java.util.Set entrySet()>", from: "base", to: "result", type: "java.util.Set" }
  - { method: "<java.util.Map$Entry: java.lang.Object getValue()>", from: "base", to: "result", type: "java.lang.Object" }
  - { method: "<java.util.Map$Entry: java.lang.Object getKey()>", from: "base", to: "result", type: "java.lang.Object" }
  - { method: "<java.util.List: java.lang.Object get(int)>", from: "base", to: "result", type: "java.lang.Object" }
  - { method: "<java.util.ArrayList: java.lang.Object get(int)>", from: "base", to: "result", type: "java.lang.Object" }
  - { method: "<java.util.LinkedList: java.lang.Object get(int)>", from: "base", to: "result", type: "java.lang.Object" }
  - { method: "<java.util.List: boolean add(java.lang.Object)>", from: "0", to: "base", type: "java.util.List" }
  - { method: "<java.util.ArrayList: boolean add(java.lang.Object)>", from: "0", to: "base", type: "java.util.ArrayList" }
  - { method: "<java.util.LinkedList: boolean add(java.lang.Object)>", from: "0", to: "base", type: "java.util.LinkedList" }
  - { method: "<java.util.Collection: boolean add(java.lang.Object)>", from: "0", to: "base", type: "java.util.Collection" }
  - { method: "<java.util.Iterator: java.lang.Object next()>", from: "base", to: "result", type: "java.lang.Object" }
  - { method: "<java.util.ListIterator: java.lang.Object next()>", from: "base", to: "result", type: "java.lang.Object" }
  - { method: "<java.util.Optional: java.lang.Object get()>", from: "base", to: "result", type: "java.lang.Object" }
  - { method: "<java.util.Optional: java.lang.Object orElse(java.lang.Object)>", from: "base", to: "result", type: "java.lang.Object" }
  - { method: "<java.util.Optional: java.lang.Object orElseGet(java.util.function.Supplier)>", from: "base", to: "result", type: "java.lang.Object" }
  - { method: "<java.util.Optional: java.util.Optional of(java.lang.Object)>", from: "0", to: "result", type: "java.util.Optional" }
  - { method: "<java.util.Optional: java.util.Optional ofNullable(java.lang.Object)>", from: "0", to: "result", type: "java.util.Optional" }
  - { method: "<java.lang.Object: java.lang.String toString()>", from: "base", to: "result", type: "java.lang.String" }
  - { method: "<java.lang.ThreadLocal: java.lang.Object get()>", from: "base", to: "result", type: "java.lang.Object" }

Initializing global bean mock objects for beans...
Initialized 143 global bean objects.
Concrete class not found for type: javax.servlet.http.HttpServletResponseWrapper
Concrete class not found for type: javax.servlet.http.HttpServletResponseWrapper
Concrete class not found for type: javax.servlet.http.HttpServletResponseWrapper
>>> AOP Match Found! Method: [<org.jeecg.modules.demo.test.controller.JeecgDemoController: org.jeecg.common.api.vo.Result list(org.jeecg.modules.demo.test.entity.JeecgDemo,java.lang.Integer,java.lang.Integer,javax.servlet.http.HttpServletRequest)>], Aspect: [org.jeecg.common.aspect.PermissionDataAspect]
>>> AOP Match Found! Method: [<org.jeecg.modules.demo.test.controller.JeecgDemoController: org.jeecg.common.api.vo.Result add(org.jeecg.modules.demo.test.entity.JeecgDemo)>], Aspect: [org.jeecg.common.aspect.AutoLogAspect]
>>> AOP Match Found! Method: [<org.jeecg.modules.demo.test.controller.JeecgDemoController: org.jeecg.common.api.vo.Result edit(org.jeecg.modules.demo.test.entity.JeecgDemo)>], Aspect: [org.jeecg.common.aspect.AutoLogAspect]
>>> AOP Match Found! Method: [<org.jeecg.modules.demo.test.controller.JeecgDemoController: org.jeecg.common.api.vo.Result delete(java.lang.String)>], Aspect: [org.jeecg.common.aspect.AutoLogAspect]
>>> AOP Match Found! Method: [<org.jeecg.modules.demo.test.controller.JeecgDemoController: org.springframework.web.servlet.ModelAndView exportXls(javax.servlet.http.HttpServletRequest,org.jeecg.modules.demo.test.entity.JeecgDemo)>], Aspect: [org.jeecg.common.aspect.PermissionDataAspect]
Concrete class not found for type: javax.servlet.http.HttpServletResponseWrapper
Added entry point (Empty): <org.jeecg.modules.demo.test.controller.JeecgDemoController: void redisSet()>
Added entry point (Empty): <org.jeecg.modules.demo.test.controller.JeecgDemoController: java.lang.String redisGet()>
Added entry point (Empty): <org.jeecg.modules.demo.test.controller.JeecgDemoController: void redisSetObj()>
Added entry point (Empty): <org.jeecg.modules.demo.test.controller.JeecgDemoController: java.lang.Object redisGetObj()>
>>> AOP Match Found! Method: [<org.jeecg.modules.demo.test.controller.JeecgDemoController: org.jeecg.common.api.vo.Result loadMpPermissonList(java.lang.Integer,java.lang.Integer,javax.servlet.http.HttpServletRequest)>], Aspect: [org.jeecg.common.aspect.PermissionDataAspect]
>>> AOP Match Found! Method: [<org.jeecg.modules.demo.test.controller.JeecgDemoController: org.jeecg.common.api.vo.Result loadSqlPermissonList(org.jeecg.modules.demo.test.entity.JeecgDemo,java.lang.Integer,java.lang.Integer,javax.servlet.http.HttpServletRequest)>], Aspect: [org.jeecg.common.aspect.PermissionDataAspect]
Added entry point (Empty): <org.jeecg.modules.demo.mock.MockController: java.lang.String user()>
Added entry point (Empty): <org.jeecg.modules.demo.mock.MockController: java.lang.String userInfo()>
Added entry point (Empty): <org.jeecg.modules.demo.mock.MockController: java.lang.String role()>
Added entry point (Empty): <org.jeecg.modules.demo.mock.MockController: java.lang.String service()>
Added entry point (Empty): <org.jeecg.modules.demo.mock.MockController: java.lang.String permission()>
Added entry point (Empty): <org.jeecg.modules.demo.mock.MockController: java.lang.String permission_no_page()>
Added entry point (Empty): <org.jeecg.modules.demo.mock.MockController: java.lang.String area()>
Added entry point (Empty): <org.jeecg.modules.demo.mock.MockController: java.lang.String getYearCountInfo()>
Added entry point (Empty): <org.jeecg.modules.demo.mock.MockController: java.lang.String getMonthCountInfo()>
Added entry point (Empty): <org.jeecg.modules.demo.mock.MockController: java.lang.String getCntrNoCountInfo()>
Added entry point (Empty): <org.jeecg.modules.demo.mock.MockController: java.lang.String getCabinetCountInfo()>
Added entry point (Empty): <org.jeecg.modules.demo.mock.MockController: java.lang.String getTubiao()>
Concrete class not found for type: javax.servlet.http.HttpServletResponseWrapper
Added entry point (Empty): <org.jeecg.modules.demo.mock.MockController: java.lang.String projects()>
Added entry point (Empty): <org.jeecg.modules.demo.mock.MockController: java.lang.String activity()>
Added entry point (Empty): <org.jeecg.modules.demo.mock.MockController: java.lang.String teams()>
Added entry point (Empty): <org.jeecg.modules.demo.mock.MockController: java.lang.String radar()>
Added entry point (Empty): <org.jeecg.modules.demo.mock.MockController: java.lang.String taskProcess()>
Added entry point (Empty): <org.jeecg.modules.demo.mock.MockController: java.lang.String getUserInfo()>
Concrete class not found for type: javax.servlet.http.HttpServletResponseWrapper
Added entry point (Empty): <org.jeecg.modules.monitor.controller.ActuatorRedisController: org.jeecg.common.api.vo.Result getRedisInfo()>
Added entry point (Empty): <org.jeecg.modules.monitor.controller.ActuatorRedisController: java.util.Map getKeysSize()>
Added entry point (Empty): <org.jeecg.modules.monitor.controller.ActuatorRedisController: java.util.Map getKeysSizeReport()>
Added entry point (Empty): <org.jeecg.modules.monitor.controller.ActuatorRedisController: java.util.Map memoryForReport()>
Added entry point (Empty): <org.jeecg.modules.monitor.controller.ActuatorRedisController: java.util.Map infoForReport()>
Added entry point (Empty): <org.jeecg.modules.monitor.controller.ActuatorRedisController: java.util.Map getMemoryInfo()>
Concrete class not found for type: javax.servlet.http.HttpServletResponseWrapper
Concrete class not found for type: javax.servlet.http.HttpServletResponseWrapper
Concrete class not found for type: javax.servlet.http.HttpServletResponseWrapper
>>> AOP Match Found! Method: [<org.jeecg.modules.system.controller.SysCheckRuleController: org.jeecg.common.api.vo.Result queryPageList(org.jeecg.modules.system.entity.SysCheckRule,java.lang.Integer,java.lang.Integer,javax.servlet.http.HttpServletRequest)>], Aspect: [org.jeecg.common.aspect.AutoLogAspect]
>>> AOP Match Found! Method: [<org.jeecg.modules.system.controller.SysCheckRuleController: org.jeecg.common.api.vo.Result checkByCode(java.lang.String,java.lang.String)>], Aspect: [org.jeecg.common.aspect.AutoLogAspect]
>>> AOP Match Found! Method: [<org.jeecg.modules.system.controller.SysCheckRuleController: org.jeecg.common.api.vo.Result add(org.jeecg.modules.system.entity.SysCheckRule)>], Aspect: [org.jeecg.common.aspect.AutoLogAspect]
>>> AOP Match Found! Method: [<org.jeecg.modules.system.controller.SysCheckRuleController: org.jeecg.common.api.vo.Result edit(org.jeecg.modules.system.entity.SysCheckRule)>], Aspect: [org.jeecg.common.aspect.AutoLogAspect]
>>> AOP Match Found! Method: [<org.jeecg.modules.system.controller.SysCheckRuleController: org.jeecg.common.api.vo.Result delete(java.lang.String)>], Aspect: [org.jeecg.common.aspect.AutoLogAspect]
>>> AOP Match Found! Method: [<org.jeecg.modules.system.controller.SysCheckRuleController: org.jeecg.common.api.vo.Result deleteBatch(java.lang.String)>], Aspect: [org.jeecg.common.aspect.AutoLogAspect]
>>> AOP Match Found! Method: [<org.jeecg.modules.system.controller.SysCheckRuleController: org.jeecg.common.api.vo.Result queryById(java.lang.String)>], Aspect: [org.jeecg.common.aspect.AutoLogAspect]
Concrete class not found for type: javax.servlet.http.HttpServletResponseWrapper
>>> AOP Match Found! Method: [<org.jeecg.modules.system.controller.SysFillRuleController: org.jeecg.common.api.vo.Result queryPageList(org.jeecg.modules.system.entity.SysFillRule,java.lang.Integer,java.lang.Integer,javax.servlet.http.HttpServletRequest)>], Aspect: [org.jeecg.common.aspect.AutoLogAspect]
>>> AOP Match Found! Method: [<org.jeecg.modules.system.controller.SysFillRuleController: org.jeecg.common.api.vo.Result add(org.jeecg.modules.system.entity.SysFillRule)>], Aspect: [org.jeecg.common.aspect.AutoLogAspect]
>>> AOP Match Found! Method: [<org.jeecg.modules.system.controller.SysFillRuleController: org.jeecg.common.api.vo.Result edit(org.jeecg.modules.system.entity.SysFillRule)>], Aspect: [org.jeecg.common.aspect.AutoLogAspect]
>>> AOP Match Found! Method: [<org.jeecg.modules.system.controller.SysFillRuleController: org.jeecg.common.api.vo.Result delete(java.lang.String)>], Aspect: [org.jeecg.common.aspect.AutoLogAspect]
>>> AOP Match Found! Method: [<org.jeecg.modules.system.controller.SysFillRuleController: org.jeecg.common.api.vo.Result deleteBatch(java.lang.String)>], Aspect: [org.jeecg.common.aspect.AutoLogAspect]
>>> AOP Match Found! Method: [<org.jeecg.modules.system.controller.SysFillRuleController: org.jeecg.common.api.vo.Result queryById(java.lang.String)>], Aspect: [org.jeecg.common.aspect.AutoLogAspect]
Concrete class not found for type: javax.servlet.http.HttpServletResponseWrapper
Added entry point (Empty): <org.jeecg.modules.system.controller.SysRoleController: org.jeecg.common.api.vo.Result queryall()>
Concrete class not found for type: javax.servlet.http.HttpServletResponseWrapper
Added entry point (Empty): <org.jeecg.modules.system.controller.SysAnnouncementSendController: org.jeecg.common.api.vo.Result readAll()>
Added entry point (Empty): <org.jeecg.modules.system.controller.CommonController: org.jeecg.common.api.vo.Result noauth()>
Concrete class not found for type: javax.servlet.http.HttpServletResponseWrapper
Concrete class not found for type: javax.servlet.http.HttpServletResponseWrapper
Added entry point (Empty): <org.jeecg.modules.system.controller.SysDictController: org.jeecg.common.api.vo.Result refleshCache()>
Concrete class not found for type: javax.servlet.http.HttpServletResponseWrapper
Added entry point (Empty): <org.jeecg.modules.system.controller.SysDictController: org.jeecg.common.api.vo.Result deleteList()>
Concrete class not found for type: javax.servlet.http.HttpServletResponseWrapper
Concrete class not found for type: javax.servlet.http.HttpServletResponseWrapper
Added entry point (Empty): <org.jeecg.modules.system.controller.LoginController: org.jeecg.common.api.vo.Result loginfo()>
Added entry point (Empty): <org.jeecg.modules.system.controller.LoginController: org.jeecg.common.api.vo.Result visitInfo()>
Added entry point (Empty): <org.jeecg.modules.system.controller.LoginController: org.jeecg.common.api.vo.Result getEncryptedString()>
Concrete class not found for type: javax.servlet.http.HttpServletResponseWrapper
Added entry point (Empty): <org.jeecg.modules.system.controller.SysDepartController: org.jeecg.common.api.vo.Result queryMyDeptTreeList()>
Added entry point (Empty): <org.jeecg.modules.system.controller.SysDepartController: org.jeecg.common.api.vo.Result queryTreeList()>
Added entry point (Empty): <org.jeecg.modules.system.controller.SysDepartController: org.jeecg.common.api.vo.Result queryIdTree()>
Concrete class not found for type: javax.servlet.http.HttpServletResponseWrapper
No bean found for concrete class: com.xkcoding.justauth.AuthRequestFactory
Concrete class not found for type: javax.servlet.http.HttpServletResponseWrapper
No bean found for concrete class: com.xkcoding.justauth.AuthRequestFactory
No bean found for concrete class: org.jeecg.config.thirdapp.ThirdAppConfig
Concrete class not found for type: javax.servlet.http.HttpServletResponseWrapper
Concrete class not found for type: javax.servlet.http.HttpServletResponseWrapper
>>> AOP Match Found! Method: [<org.jeecg.modules.system.controller.SysDepartRoleController: org.jeecg.common.api.vo.Result delete(java.lang.String)>], Aspect: [org.jeecg.common.aspect.AutoLogAspect]
>>> AOP Match Found! Method: [<org.jeecg.modules.system.controller.SysDepartRoleController: org.jeecg.common.api.vo.Result deleteBatch(java.lang.String)>], Aspect: [org.jeecg.common.aspect.AutoLogAspect]
Concrete class not found for type: javax.servlet.http.HttpServletResponseWrapper
>>> AOP Match Found! Method: [<org.jeecg.modules.system.controller.SysTenantController: org.jeecg.common.api.vo.Result queryPageList(org.jeecg.modules.system.entity.SysTenant,java.lang.Integer,java.lang.Integer,javax.servlet.http.HttpServletRequest)>], Aspect: [org.jeecg.common.aspect.PermissionDataAspect]
Added entry point (Empty): <org.jeecg.modules.system.controller.SysPermissionController: org.jeecg.common.api.vo.Result list()>
Added entry point (Empty): <org.jeecg.modules.system.controller.SysPermissionController: org.jeecg.common.api.vo.Result getSystemMenuList()>
Added entry point (Empty): <org.jeecg.modules.system.controller.SysPermissionController: org.jeecg.common.api.vo.Result getUserPermissionByToken()>
Added entry point (Empty): <org.jeecg.modules.system.controller.SysPermissionController: org.jeecg.common.api.vo.Result queryTreeList()>
>>> AOP Match Found! Method: [<org.jeecg.modules.system.controller.SysUserController: org.jeecg.common.api.vo.Result queryPageList(org.jeecg.modules.system.entity.SysUser,java.lang.Integer,java.lang.Integer,javax.servlet.http.HttpServletRequest)>], Aspect: [org.jeecg.common.aspect.PermissionDataAspect]
Added entry point (Empty): <org.jeecg.modules.system.controller.SysUserController: org.jeecg.common.api.vo.Result generateUserId()>
Concrete class not found for type: javax.servlet.http.HttpServletResponseWrapper
Added entry point (Empty): <org.jeecg.modules.system.controller.SysUserController: org.jeecg.common.api.vo.Result getCurrentUserDeparts()>
Added entry point (Empty): <org.jeecg.modules.system.controller.SysUserController: org.jeecg.common.api.vo.Result getRecycleBin()>
Added entry point (Empty): <org.jeecg.modules.system.controller.SysGatewayRouteController: org.jeecg.common.api.vo.Result clearRedis()>
>>> AOP Match Found! Method: [<org.jeecg.modules.system.controller.SysDataSourceController: org.jeecg.common.api.vo.Result queryPageList(org.jeecg.modules.system.entity.SysDataSource,java.lang.Integer,java.lang.Integer,javax.servlet.http.HttpServletRequest)>], Aspect: [org.jeecg.common.aspect.AutoLogAspect]
>>> AOP Match Found! Method: [<org.jeecg.modules.system.controller.SysDataSourceController: org.jeecg.common.api.vo.Result add(org.jeecg.modules.system.entity.SysDataSource)>], Aspect: [org.jeecg.common.aspect.AutoLogAspect]
>>> AOP Match Found! Method: [<org.jeecg.modules.system.controller.SysDataSourceController: org.jeecg.common.api.vo.Result edit(org.jeecg.modules.system.entity.SysDataSource)>], Aspect: [org.jeecg.common.aspect.AutoLogAspect]
>>> AOP Match Found! Method: [<org.jeecg.modules.system.controller.SysDataSourceController: org.jeecg.common.api.vo.Result delete(java.lang.String)>], Aspect: [org.jeecg.common.aspect.AutoLogAspect]
>>> AOP Match Found! Method: [<org.jeecg.modules.system.controller.SysDataSourceController: org.jeecg.common.api.vo.Result deleteBatch(java.lang.String)>], Aspect: [org.jeecg.common.aspect.AutoLogAspect]
>>> AOP Match Found! Method: [<org.jeecg.modules.system.controller.SysDataSourceController: org.jeecg.common.api.vo.Result queryById(java.lang.String)>], Aspect: [org.jeecg.common.aspect.AutoLogAspect]
Concrete class not found for type: javax.servlet.http.HttpServletResponseWrapper
Concrete class not found for type: javax.servlet.http.HttpServletResponseWrapper
>>> AOP Match Found! Method: [<org.jeecg.modules.system.controller.SysPositionController: org.jeecg.common.api.vo.Result queryPageList(org.jeecg.modules.system.entity.SysPosition,java.lang.Integer,java.lang.Integer,javax.servlet.http.HttpServletRequest)>], Aspect: [org.jeecg.common.aspect.AutoLogAspect]
>>> AOP Match Found! Method: [<org.jeecg.modules.system.controller.SysPositionController: org.jeecg.common.api.vo.Result add(org.jeecg.modules.system.entity.SysPosition)>], Aspect: [org.jeecg.common.aspect.AutoLogAspect]
>>> AOP Match Found! Method: [<org.jeecg.modules.system.controller.SysPositionController: org.jeecg.common.api.vo.Result edit(org.jeecg.modules.system.entity.SysPosition)>], Aspect: [org.jeecg.common.aspect.AutoLogAspect]
>>> AOP Match Found! Method: [<org.jeecg.modules.system.controller.SysPositionController: org.jeecg.common.api.vo.Result delete(java.lang.String)>], Aspect: [org.jeecg.common.aspect.AutoLogAspect]
>>> AOP Match Found! Method: [<org.jeecg.modules.system.controller.SysPositionController: org.jeecg.common.api.vo.Result deleteBatch(java.lang.String)>], Aspect: [org.jeecg.common.aspect.AutoLogAspect]
>>> AOP Match Found! Method: [<org.jeecg.modules.system.controller.SysPositionController: org.jeecg.common.api.vo.Result queryById(java.lang.String)>], Aspect: [org.jeecg.common.aspect.AutoLogAspect]
Concrete class not found for type: javax.servlet.http.HttpServletResponseWrapper
Concrete class not found for type: javax.servlet.http.HttpServletResponseWrapper
>>> AOP Match Found! Method: [<org.jeecg.modules.system.controller.SysPositionController: org.jeecg.common.api.vo.Result queryByCode(java.lang.String)>], Aspect: [org.jeecg.common.aspect.AutoLogAspect]
Concrete class not found for type: javax.servlet.http.HttpServletResponseWrapper
Added entry point (Empty): <org.jeecg.modules.system.controller.SysAnnouncementController: org.jeecg.common.api.vo.Result listByUser()>
Concrete class not found for type: javax.servlet.http.HttpServletResponseWrapper
No bean found for concrete class: org.jeecg.config.thirdapp.ThirdAppConfig
Added entry point (Empty): <org.jeecg.modules.system.controller.ThirdAppController: org.jeecg.common.api.vo.Result getEnabledType()>
No bean found for concrete class: org.jeecg.config.thirdapp.ThirdAppConfig
No bean found for concrete class: org.jeecg.config.thirdapp.ThirdAppConfig
No bean found for concrete class: org.jeecg.config.thirdapp.ThirdAppConfig
No bean found for concrete class: org.jeecg.config.thirdapp.ThirdAppConfig
No bean found for concrete class: org.jeecg.config.thirdapp.ThirdAppConfig
No bean found for concrete class: org.jeecg.config.thirdapp.ThirdAppConfig
No bean found for concrete class: org.jeecg.config.thirdapp.ThirdAppConfig
No bean found for concrete class: org.jeecg.config.thirdapp.ThirdAppConfig
No bean found for concrete class: org.jeecg.config.thirdapp.ThirdAppConfig
No bean found for concrete class: org.jeecg.config.thirdapp.ThirdAppConfig
Concrete class not found for type: org.springframework.web.multipart.support.StandardMultipartFile
Added entry point (Empty): <org.jeecg.modules.api.controller.SystemAPIController: java.util.List queryAllDict()>
Added entry point (Empty): <org.jeecg.modules.api.controller.SystemAPIController: java.util.List queryAllDSysCategory()>
Added entry point (Empty): <org.jeecg.modules.api.controller.SystemAPIController: java.util.List queryAllDepartBackDictModel()>
Added entry point (Empty): <org.jeecg.modules.api.controller.SystemAPIController: java.util.List getAllSysDepart()>
Added entry point (Empty): <org.jeecg.modules.api.controller.SystemAPIController: java.util.List queryAllUserBackCombo()>
Concrete class not found for type: javax.servlet.http.HttpServletResponseWrapper
Initializing global aspect mock objects...
No bean found for concrete class: org.springframework.data.redis.connection.RedisConnectionFactory
No bean found for concrete class: org.springframework.data.redis.connection.RedisConnectionFactory
No bean found for concrete class: org.springframework.data.redis.connection.RedisConnectionFactory
No bean found for concrete class: org.jeecg.common.modules.redis.client.JeecgRedisClient
No bean found for concrete class: org.jeecg.common.modules.redis.client.JeecgRedisClient
No bean found for concrete class: org.jeecg.config.thirdapp.ThirdAppConfig
No bean found for concrete class: org.jeecg.config.thirdapp.ThirdAppConfig
No bean found for concrete class: org.jeecg.config.thirdapp.ThirdAppConfig
No bean found for concrete class: org.jeecg.config.thirdapp.ThirdAppConfig
No bean found for concrete class: org.jeecg.config.thirdapp.ThirdAppConfig
No bean found for concrete class: org.jeecg.config.thirdapp.ThirdAppConfig
No bean found for concrete class: org.quartz.Scheduler
No bean found for concrete class: org.quartz.Scheduler
No bean found for concrete class: org.jeecg.config.thirdapp.ThirdAppConfig
No bean found for concrete class: org.jeecg.config.thirdapp.ThirdAppConfig
No bean found for concrete class: org.jeecg.config.thirdapp.ThirdAppConfig
No bean found for concrete class: org.jeecg.config.thirdapp.ThirdAppConfig
No bean found for concrete class: org.jeecg.config.thirdapp.ThirdAppConfig
No bean found for concrete class: org.quartz.Scheduler
No bean found for concrete class: org.quartz.Scheduler
[Pointer analysis] elapsed time: 0.17s
Detected 4 taint flow(s):
TaintFlow{<org.jeecg.modules.api.controller.SystemAPIController: java.util.Set queryUserAuths(java.lang.String)>/0 -> <org.jeecg.modules.system.service.impl.SysUserServiceImpl: java.util.Set getUserPermissionsSet(java.lang.String)>[3@L184] $r4 = invokeinterface $r3.queryByUser(username)/0}
TaintFlow{<org.jeecg.modules.ngalain.controller.NgAlainController: java.lang.Object getDictItems(java.lang.String)>/0 -> <org.jeecg.modules.system.service.impl.SysDictServiceImpl: java.util.List queryDictItemsByCode(java.lang.String)>[4@L58] $r4 = invokeinterface $r3.queryDictItemsByCode(code)/0}
TaintFlow{<org.jeecg.modules.system.controller.SysDictController: org.jeecg.common.api.vo.Result getDictItems(java.lang.String,java.lang.String,javax.servlet.http.HttpServletRequest)>/0 -> <org.jeecg.modules.system.service.impl.SysDictServiceImpl: java.util.List queryDictItemsByCode(java.lang.String)>[4@L58] $r4 = invokeinterface $r3.queryDictItemsByCode(code)/0}
TaintFlow{<org.jeecg.modules.system.controller.SysPermissionController: org.jeecg.common.api.vo.Result queryAsync(java.lang.String)>/0 -> <org.jeecg.modules.system.service.impl.SysPermissionServiceImpl: java.util.List queryListByParentId(java.lang.String)>[1@L60] $r3 = invokeinterface $r2.queryListByParentId(parentId)/0}
TFGDumper starts ...
Source nodes:
VarNode{<org.jeecg.modules.dlglong.controller.DlMockController: org.jeecg.common.api.vo.Result mockChange4(java.lang.String)>/status}
VarNode{<org.jeecg.modules.api.controller.SystemAPIController: boolean hasOnlineAuth(org.jeecg.common.api.dto.OnlineAuthDTO)>/onlineAuthDTO}
VarNode{<org.jeecg.modules.system.controller.SysDictItemController: org.jeecg.common.api.vo.Result add(org.jeecg.modules.system.entity.SysDictItem)>/sysDictItem}
VarNode{<org.jeecg.modules.system.controller.SysUserController: org.jeecg.common.api.vo.Result changePassword(org.jeecg.modules.system.entity.SysUser)>/sysUser}
VarNode{<org.jeecg.modules.api.controller.SystemAPIController: java.lang.String translateDict(java.lang.String,java.lang.String)>/key}
VarNode{<org.jeecg.modules.system.controller.SysPermissionController: org.jeecg.common.api.vo.Result add(org.jeecg.modules.system.entity.SysPermission)>/permission}
VarNode{<org.jeecg.modules.system.controller.SysFillRuleController: org.jeecg.common.api.vo.Result executeByRuleCode(java.lang.String,com.alibaba.fastjson.JSONObject)>/formData}
VarNode{<org.jeecg.modules.api.controller.SystemAPIController: java.lang.String translateDictFromTable(java.lang.String,java.lang.String,java.lang.String,java.lang.String)>/table}
VarNode{<org.jeecg.common.system.query.QueryGenerator: void addRuleToQueryWrapper(org.jeecg.common.system.vo.SysPermissionDataRuleModel,java.lang.String,java.lang.Class,com.baomidou.mybatisplus.core.conditions.query.QueryWrapper)>/$r16}
VarNode{<org.jeecg.modules.system.controller.SysPositionController: org.jeecg.common.api.vo.Result delete(java.lang.String)>/id}
VarNode{<org.jeecg.modules.api.controller.SystemAPIController: java.util.List translateDictFromTableByKeys(java.lang.String,java.lang.String,java.lang.String,java.lang.String)>/text}
VarNode{<org.jeecg.modules.message.websocket.TestSocketController: org.jeecg.common.api.vo.Result sendUser(com.alibaba.fastjson.JSONObject)>/jsonObject}
VarNode{<org.jeecg.modules.ngalain.controller.NgAlainController: java.lang.Object getDictItemsByTable(java.lang.String,java.lang.String,java.lang.String)>/key}
VarNode{<org.jeecg.modules.demo.test.controller.JoaDemoController: org.jeecg.common.api.vo.Result delete(java.lang.String)>/id}
VarNode{<org.jeecg.modules.quartz.controller.QuartzJobController: org.jeecg.common.api.vo.Result pauseJob(java.lang.String)>/id}
VarNode{<org.jeecg.modules.system.controller.SysUserController: org.jeecg.common.api.vo.Result queryUserByDepId(java.lang.String,java.lang.String)>/id}
VarNode{<org.jeecg.modules.demo.mock.vxe.controller.VxeMockController: org.jeecg.common.api.vo.Result mockChange1(java.lang.String,java.lang.String)>/id}
VarNode{<org.jeecg.modules.system.controller.SysUserOnlineController: org.jeecg.common.api.vo.Result forceLogout(org.jeecg.modules.system.vo.SysUserOnlineVO)>/online}
VarNode{<org.jeecg.modules.system.controller.SysDepartPermissionController: org.jeecg.common.api.vo.Result edit(org.jeecg.modules.system.entity.SysDepartPermission)>/sysDepartPermission}
VarNode{<org.jeecg.modules.system.controller.SysFillRuleController: org.jeecg.common.api.vo.Result delete(java.lang.String)>/id}
VarNode{<org.jeecg.modules.system.controller.SysDictController: org.jeecg.common.api.vo.Result queryPageList(org.jeecg.modules.system.entity.SysDict,java.lang.Integer,java.lang.Integer,javax.servlet.http.HttpServletRequest)>/pageSize}
VarNode{<org.jeecg.modules.demo.test.controller.JeecgOrderMainController: org.jeecg.common.api.vo.Result queryPageList(org.jeecg.modules.demo.test.entity.JeecgOrderMain,java.lang.Integer,java.lang.Integer,javax.servlet.http.HttpServletRequest)>/pageSize}
VarNode{<org.jeecg.modules.system.controller.LoginController: org.jeecg.common.api.vo.Result login(org.jeecg.modules.system.model.SysLoginModel)>/sysLoginModel}
VarNode{<org.jeecg.modules.system.controller.SysUserController: org.jeecg.common.api.vo.Result queryUserComponentData(java.lang.Integer,java.lang.Integer,java.lang.String,java.lang.String,java.lang.String)>/departId}
VarNode{<org.jeecg.modules.system.controller.SysUserController: org.jeecg.common.api.vo.Result appUserList(java.lang.String,java.lang.String,java.lang.Integer,java.lang.Integer,java.lang.String)>/syncFlow}
VarNode{<org.jeecg.modules.api.controller.SystemAPIController: java.util.List getDeptHeadByDepId(java.lang.String)>/deptId}
VarNode{<org.jeecg.modules.quartz.controller.QuartzJobController: org.jeecg.common.api.vo.Result queryById(java.lang.String)>/id}
VarNode{<org.jeecg.modules.system.controller.SysAnnouncementSendController: org.jeecg.common.api.vo.Result getMyAnnouncementSend(org.jeecg.modules.system.model.AnnouncementSendModel,java.lang.Integer,java.lang.Integer)>/pageSize}
VarNode{<org.jeecg.modules.demo.test.controller.JeecgOrderTabMainController: org.jeecg.common.api.vo.Result deleteBatch(java.lang.String)>/ids}
VarNode{<org.jeecg.modules.api.controller.SystemAPIController: java.util.List queryFilterTableDictInfo(java.lang.String,java.lang.String,java.lang.String,java.lang.String)>/code}
VarNode{<org.jeecg.modules.system.controller.SysCheckRuleController: org.jeecg.common.api.vo.Result deleteBatch(java.lang.String)>/ids}
VarNode{<org.jeecg.modules.demo.test.controller.JeecgDemoController: org.jeecg.modules.demo.test.entity.JeecgDemo redisGetJeecgDemo(java.lang.String)>/id}
VarNode{<org.jeecg.modules.system.controller.SysDepartPermissionController: org.jeecg.common.api.vo.Result queryTreeListForDeptRole(java.lang.String,javax.servlet.http.HttpServletRequest)>/departId}
VarNode{<org.jeecg.modules.system.controller.SysPermissionController: org.jeecg.common.api.vo.Result deletePermissionRule(java.lang.String)>/id}
VarNode{<org.jeecg.modules.system.controller.SysDictController: org.jeecg.common.api.vo.Result getDictText(java.lang.String,java.lang.String)>/key}
VarNode{<org.jeecg.modules.api.controller.SystemAPIController: void updateSysAnnounReadFlag(java.lang.String,java.lang.String)>/busId}
VarNode{<org.jeecg.modules.system.controller.SysCheckRuleController: org.jeecg.common.api.vo.Result add(org.jeecg.modules.system.entity.SysCheckRule)>/sysCheckRule}
VarNode{<org.jeecg.modules.api.controller.SystemAPIController: java.util.Set getUserPermissionSet(java.lang.String)>/username}
VarNode{<org.jeecg.modules.api.controller.SystemAPIController: java.util.List queryDictItemsByCode(java.lang.String)>/code}
VarNode{<org.jeecg.modules.system.controller.ThirdLoginController: java.lang.String oauth2LoginCallback(java.lang.String,java.lang.String,java.lang.String,java.lang.String,javax.servlet.http.HttpServletResponse)>/state}
VarNode{<org.jeecg.modules.system.controller.SysDepartPermissionController: org.jeecg.common.api.vo.Result queryById(java.lang.String)>/id}
VarNode{<org.jeecg.modules.system.controller.ThirdAppController: org.jeecg.common.api.vo.Result syncDingtalkDepartToLocal(java.lang.String)>/ids}
VarNode{<org.jeecg.modules.demo.test.controller.JeecgDemoController: org.jeecg.common.api.vo.Result delete(java.lang.String)>/id}
VarNode{<org.jeecg.modules.system.controller.SysAnnouncementController: org.jeecg.common.api.vo.Result add(org.jeecg.modules.system.entity.SysAnnouncement)>/sysAnnouncement}
VarNode{<org.jeecg.modules.system.controller.SysUserController: org.jeecg.common.api.vo.Result saveClientId(javax.servlet.http.HttpServletRequest,java.lang.String)>/clientId}
VarNode{<org.jeecg.modules.message.controller.SysMessageController: org.jeecg.common.api.vo.Result queryById(java.lang.String)>/id}
VarNode{<org.jeecg.modules.system.controller.SysUserController: org.jeecg.common.api.vo.Result deleteBatch(java.lang.String)>/ids}
VarNode{<org.jeecg.modules.system.controller.SysCheckRuleController: org.jeecg.common.api.vo.Result checkByCode(java.lang.String,java.lang.String)>/ruleCode}
VarNode{<org.jeecg.modules.system.controller.SysDictController: org.jeecg.common.api.vo.Result loadTreeData(java.lang.String,java.lang.String,java.lang.String,java.lang.String,java.lang.String,java.lang.String,java.lang.String,java.lang.String,javax.servlet.http.HttpServletRequest)>/sign}
VarNode{<org.jeecg.modules.system.controller.SysDictController: org.jeecg.common.api.vo.Result getDictItems(java.lang.String,java.lang.String,javax.servlet.http.HttpServletRequest)>/dictCode}
VarNode{<org.jeecg.modules.quartz.controller.QuartzJobController: org.jeecg.common.api.vo.Result execute(java.lang.String)>/id}
VarNode{<org.jeecg.modules.api.controller.SystemAPIController: java.util.List queryTableDictItemsByCode(java.lang.String,java.lang.String,java.lang.String)>/table}
VarNode{<org.jeecg.modules.api.controller.SystemAPIController: java.util.List loadDictItem(java.lang.String,java.lang.String)>/keys}
VarNode{<org.jeecg.modules.demo.test.controller.JeecgDemoController: org.jeecg.common.api.vo.Result loadSqlPermissonList(org.jeecg.modules.demo.test.entity.JeecgDemo,java.lang.Integer,java.lang.Integer,javax.servlet.http.HttpServletRequest)>/pageSize}
VarNode{<org.jeecg.modules.system.controller.SysDictController: org.jeecg.common.api.vo.Result add(org.jeecg.modules.system.entity.SysDict)>/sysDict}
VarNode{<org.jeecg.modules.system.controller.SysUserController: org.jeecg.common.api.vo.Result appUserList(java.lang.String,java.lang.String,java.lang.Integer,java.lang.Integer,java.lang.String)>/pageNo}
VarNode{<org.jeecg.modules.system.controller.LoginController: org.jeecg.common.api.vo.Result checkCaptcha(org.jeecg.modules.system.model.SysLoginModel)>/sysLoginModel}
VarNode{<org.jeecg.modules.system.controller.ThirdAppController: org.jeecg.common.api.vo.Result syncDingtalkDepartToApp(java.lang.String)>/ids}
VarNode{<org.jeecg.modules.api.controller.SystemAPIController: org.jeecg.common.system.vo.SysUserCacheInfo getCacheUser(java.lang.String)>/username}
VarNode{<org.jeecg.modules.system.controller.SysDepartRoleController: org.jeecg.common.api.vo.Result loadDatarule(java.lang.String,java.lang.String,java.lang.String)>/permissionId}
VarNode{<org.jeecg.modules.system.controller.SysUserController: org.jeecg.common.api.vo.Result queryUserComponentData(java.lang.Integer,java.lang.Integer,java.lang.String,java.lang.String,java.lang.String)>/username}
VarNode{<org.jeecg.modules.demo.mock.vxe.controller.VxeMockController: org.jeecg.common.api.vo.Result getMockDdjhData(org.jeecg.modules.demo.mock.vxe.entity.MockEntity,java.lang.Integer,java.lang.Integer,java.lang.String,java.lang.String,java.lang.String,java.lang.String,javax.servlet.http.HttpServletRequest)>/parentId}
VarNode{<org.jeecg.modules.system.controller.LoginController: org.jeecg.common.api.vo.Result phoneLogin(com.alibaba.fastjson.JSONObject)>/jsonObject}
VarNode{<org.jeecg.modules.demo.mock.vxe.controller.VxeMockController: org.jeecg.common.api.vo.Result mockChange3(java.lang.String,java.lang.String)>/id}
VarNode{<org.jeecg.modules.system.controller.SysCategoryController: org.jeecg.common.api.vo.Result loadDict(java.lang.String,java.lang.String,java.lang.String)>/condition}
VarNode{<org.jeecg.modules.system.controller.SysDictItemController: org.jeecg.common.api.vo.Result edit(org.jeecg.modules.system.entity.SysDictItem)>/sysDictItem}
VarNode{<org.jeecg.modules.system.controller.SysRoleController: org.jeecg.common.api.vo.Result queryPageList(org.jeecg.modules.system.entity.SysRole,java.lang.Integer,java.lang.Integer,javax.servlet.http.HttpServletRequest)>/pageSize}
VarNode{<org.jeecg.modules.system.controller.SysDictController: org.jeecg.common.api.vo.Result loadDictItem(java.lang.String,java.lang.String,java.lang.String,boolean,javax.servlet.http.HttpServletRequest)>/sign}
VarNode{<org.jeecg.modules.system.controller.ThirdAppController: org.jeecg.common.api.vo.Result syncDingtalkUserToApp(java.lang.String)>/ids}
VarNode{<org.jeecg.modules.system.controller.SysDictController: org.jeecg.common.api.vo.Result deletePhysic(java.lang.String)>/id}
VarNode{<org.jeecg.modules.demo.test.controller.JeecgOrderTabMainController: org.jeecg.common.api.vo.Result queryOrderTicketListByMainId(org.jeecg.modules.demo.test.entity.JeecgOrderTicket,java.lang.Integer,java.lang.Integer,javax.servlet.http.HttpServletRequest)>/pageSize}
VarNode{<org.jeecg.modules.demo.test.controller.JeecgOrderTabMainController: org.jeecg.common.api.vo.Result add(org.jeecg.modules.demo.test.vo.JeecgOrderMainPage)>/jeecgOrderMainPage}
VarNode{<org.jeecg.modules.system.controller.ThirdLoginController: org.jeecg.common.api.vo.Result thirdUserCreate(org.jeecg.modules.system.model.ThirdLoginModel)>/model}
VarNode{<org.jeecg.modules.system.controller.SysLogController: org.jeecg.common.api.vo.Result queryPageList(org.jeecg.modules.system.entity.SysLog,java.lang.Integer,java.lang.Integer,javax.servlet.http.HttpServletRequest)>/pageNo}
VarNode{<org.jeecg.modules.system.controller.SysUserController: org.jeecg.common.api.vo.Result queryUserComponentData(java.lang.Integer,java.lang.Integer,java.lang.String,java.lang.String,java.lang.String)>/pageNo}
VarNode{<org.jeecg.modules.oss.controller.OSSFileController: org.jeecg.common.api.vo.Result delete(java.lang.String)>/id}
VarNode{<org.jeecg.modules.api.controller.SystemAPIController: com.alibaba.fastjson.JSONObject queryAllUser(java.lang.String,java.lang.Integer,int)>/pageNo}
VarNode{<org.jeecg.modules.system.controller.SysCategoryController: org.jeecg.common.api.vo.Result checkCode(java.lang.String,java.lang.String)>/code}
VarNode{<org.jeecg.modules.system.controller.SysAnnouncementSendController: org.jeecg.common.api.vo.Result queryPageList(org.jeecg.modules.system.entity.SysAnnouncementSend,java.lang.Integer,java.lang.Integer,javax.servlet.http.HttpServletRequest)>/pageSize}
VarNode{<org.jeecg.modules.system.controller.SysUserController: org.jeecg.common.api.vo.Result changMobile(com.alibaba.fastjson.JSONObject,javax.servlet.http.HttpServletRequest)>/json}
VarNode{<org.jeecg.modules.system.controller.SysDepartRoleController: org.jeecg.common.api.vo.Result loadDatarule(java.lang.String,java.lang.String,java.lang.String)>/departId}
VarNode{<org.jeecg.modules.system.controller.SysUserController: org.jeecg.common.api.vo.Result passwordChange(java.lang.String,java.lang.String,java.lang.String,java.lang.String)>/smscode}
VarNode{<org.jeecg.modules.quartz.controller.QuartzJobController: org.jeecg.common.api.vo.Result delete(java.lang.String)>/id}
VarNode{<org.jeecg.modules.dlglong.controller.DlMockController: org.jeecg.common.api.vo.Result mockChange2(java.lang.String,java.lang.String)>/id}
VarNode{<org.jeecg.modules.system.controller.SysUserAgentController: org.jeecg.common.api.vo.Result queryPageList(org.jeecg.modules.system.entity.SysUserAgent,java.lang.Integer,java.lang.Integer,javax.servlet.http.HttpServletRequest)>/pageSize}
VarNode{<org.jeecg.modules.system.controller.SysUserController: org.jeecg.common.api.vo.Result appQueryUser(java.lang.String)>/keyword}
VarNode{<org.jeecg.modules.system.controller.SysCategoryController: org.jeecg.common.api.vo.Result loadDict(java.lang.String,java.lang.String,java.lang.String)>/pid}
VarNode{<org.jeecg.modules.system.controller.SysDepartController: org.jeecg.common.api.vo.Result queryDepartTreeSync(java.lang.String)>/parentId}
VarNode{<org.jeecg.modules.system.controller.SysDepartController: org.jeecg.common.api.vo.Result queryTreeByKeyWord(java.lang.String)>/keyWord}
VarNode{<org.jeecg.modules.system.controller.SysAnnouncementSendController: org.jeecg.common.api.vo.Result eidt(org.jeecg.modules.system.entity.SysAnnouncementSend)>/sysAnnouncementSend}
VarNode{<org.jeecg.modules.message.controller.SysMessageController: org.jeecg.common.api.vo.Result add(org.jeecg.modules.message.entity.SysMessage)>/sysMessage}
VarNode{<org.jeecg.modules.ngalain.controller.NgAlainController: java.lang.Object getDictItems(java.lang.String)>/dictCode}
VarNode{<org.jeecg.modules.api.controller.SystemAPIController: java.util.List queryUsersByIds(java.lang.String)>/ids}
VarNode{<org.jeecg.modules.api.controller.SystemAPIController: java.lang.String parseTemplateByCode(org.jeecg.common.api.dto.message.TemplateDTO)>/templateDTO}
VarNode{<org.jeecg.modules.demo.test.controller.JeecgOrderTabMainController: org.jeecg.common.api.vo.Result editCustomer(org.jeecg.modules.demo.test.entity.JeecgOrderCustomer)>/jeecgOrderCustomer}
VarNode{<org.jeecg.modules.system.controller.SysAnnouncementController: org.jeecg.common.api.vo.Result deleteBatch(java.lang.String)>/ids}
VarNode{<org.jeecg.modules.system.controller.SysDepartPermissionController: org.jeecg.common.api.vo.Result queryPageList(org.jeecg.modules.system.entity.SysDepartPermission,java.lang.Integer,java.lang.Integer,javax.servlet.http.HttpServletRequest)>/pageNo}
VarNode{<org.jeecg.modules.system.controller.SysPermissionController: org.jeecg.common.api.vo.Result queryDepartPermission(java.lang.String)>/departId}
VarNode{<org.jeecg.modules.api.controller.SystemAPIController: java.util.Set queryUserRoles(java.lang.String)>/username}
VarNode{<org.jeecg.modules.demo.mock.vxe.controller.VxeMockController: org.jeecg.common.api.vo.Result getMockDdjhData(org.jeecg.modules.demo.mock.vxe.entity.MockEntity,java.lang.Integer,java.lang.Integer,java.lang.String,java.lang.String,java.lang.String,java.lang.String,javax.servlet.http.HttpServletRequest)>/pageNo}
VarNode{<org.jeecg.modules.system.controller.SysUserController: org.jeecg.common.api.vo.Result addSysUserRole(org.jeecg.modules.system.vo.SysUserRoleVO)>/sysUserRoleVO}
VarNode{<org.jeecg.modules.api.controller.SystemAPIController: java.util.List loadCategoryDictItem(java.lang.String)>/ids}
VarNode{<org.jeecg.modules.system.controller.SysFillRuleController: org.jeecg.common.api.vo.Result edit(org.jeecg.modules.system.entity.SysFillRule)>/sysFillRule}
VarNode{<org.jeecg.modules.demo.mock.vxe.controller.VxeMockController: org.jeecg.common.api.vo.Result mockChange2(java.lang.String,java.lang.String)>/id}
VarNode{<org.jeecg.modules.system.controller.SysUserOnlineController: org.jeecg.common.api.vo.Result list(java.lang.String,java.lang.Integer,java.lang.Integer)>/pageSize}
VarNode{<org.jeecg.modules.system.controller.SysUserController: org.jeecg.common.api.vo.Result userRoleList(java.lang.Integer,java.lang.Integer,javax.servlet.http.HttpServletRequest)>/pageSize}
VarNode{<org.jeecg.modules.demo.mock.vxe.controller.VxeMockController: org.jeecg.common.api.vo.Result mockChange3(java.lang.String,java.lang.String)>/progress}
VarNode{<org.jeecg.modules.system.controller.SysAnnouncementSendController: org.jeecg.common.api.vo.Result getMyAnnouncementSend(org.jeecg.modules.system.model.AnnouncementSendModel,java.lang.Integer,java.lang.Integer)>/pageNo}
VarNode{<org.jeecg.modules.system.controller.SysDictController: org.jeecg.common.api.vo.Result loadTreeData(java.lang.String,java.lang.String,java.lang.String,java.lang.String,java.lang.String,java.lang.String,java.lang.String,java.lang.String,javax.servlet.http.HttpServletRequest)>/code}
VarNode{<org.jeecg.modules.demo.test.controller.JeecgOrderMainController: org.jeecg.common.api.vo.Result delete(java.lang.String)>/id}
VarNode{<org.jeecg.modules.api.controller.SystemAPIController: java.util.List queryTableDictItemsByCode(java.lang.String,java.lang.String,java.lang.String)>/code}
VarNode{<org.jeecg.modules.api.controller.SystemAPIController: java.util.List queryAllUserByIds(java.lang.String[])>/userIds}
VarNode{<org.jeecg.modules.demo.test.controller.JeecgOrderTabMainController: org.jeecg.common.api.vo.Result deleteCustomer(java.lang.String)>/id}
VarNode{<org.jeecg.modules.message.controller.SysMessageController: org.jeecg.common.api.vo.Result edit(org.jeecg.modules.message.entity.SysMessage)>/sysMessage}
VarNode{<org.jeecg.modules.system.controller.ThirdLoginController: java.lang.String oauth2LoginCallback(java.lang.String,java.lang.String,javax.servlet.http.HttpServletResponse)>/state}
VarNode{<org.jeecg.modules.system.controller.SysPermissionController: org.jeecg.common.api.vo.Result deleteBatch(java.lang.String)>/ids}
VarNode{<org.jeecg.modules.demo.mock.vxe.controller.VxeMockController: org.jeecg.common.api.vo.Result getMockData(java.lang.Integer,java.lang.Integer,java.lang.String)>/pageNo}
VarNode{<org.jeecg.modules.demo.mock.vxe.controller.VxeMockController: org.jeecg.common.api.vo.Result mockChange4(java.lang.String)>/status}
VarNode{<org.jeecg.modules.api.controller.SystemAPIController: java.util.List queryTableDictByKeys(java.lang.String,java.lang.String,java.lang.String,java.lang.String[])>/text}
VarNode{<org.jeecg.modules.system.controller.SysPermissionController: org.jeecg.common.api.vo.Result addPermissionRule(org.jeecg.modules.system.entity.SysPermissionDataRule)>/sysPermissionDataRule}
VarNode{<org.jeecg.modules.system.controller.SysDepartRoleController: org.jeecg.common.api.vo.Result edit(org.jeecg.modules.system.entity.SysDepartRole)>/sysDepartRole}
VarNode{<org.jeecg.modules.quartz.controller.QuartzJobController: org.jeecg.common.api.vo.Result queryPageList(org.jeecg.modules.quartz.entity.QuartzJob,java.lang.Integer,java.lang.Integer,javax.servlet.http.HttpServletRequest)>/pageSize}
VarNode{<org.jeecg.modules.system.controller.ThirdLoginController: java.lang.String oauth2LoginCallback(java.lang.String,java.lang.String,java.lang.String,java.lang.String,javax.servlet.http.HttpServletResponse)>/authCode}
VarNode{<org.jeecg.modules.demo.test.controller.JoaDemoController: org.jeecg.common.api.vo.Result queryPageList(org.jeecg.modules.demo.test.entity.JoaDemo,java.lang.Integer,java.lang.Integer,javax.servlet.http.HttpServletRequest)>/pageSize}
VarNode{<org.jeecg.modules.system.controller.ThirdLoginController: java.lang.String loginThird(java.lang.String,me.zhyd.oauth.model.AuthCallback,org.springframework.ui.ModelMap)>/source}
VarNode{<org.jeecg.modules.demo.test.controller.JeecgOrderTabMainController: org.jeecg.common.api.vo.Result deleteBatchCustomer(java.lang.String)>/ids}
VarNode{<org.jeecg.modules.system.controller.LoginController: org.jeecg.common.api.vo.Result selectDepart(org.jeecg.modules.system.entity.SysUser)>/user}
VarNode{<org.jeecg.modules.system.controller.SysPositionController: org.jeecg.common.api.vo.Result queryByCode(java.lang.String)>/code}
VarNode{<org.jeecg.modules.demo.test.controller.JeecgDemoController: org.jeecg.common.api.vo.Result add(org.jeecg.modules.demo.test.entity.JeecgDemo)>/jeecgDemo}
VarNode{<org.jeecg.modules.system.controller.ThirdAppController: org.jeecg.common.api.vo.Result sendMessageTest(com.alibaba.fastjson.JSONObject,javax.servlet.http.HttpServletRequest)>/params}
VarNode{<org.jeecg.modules.system.controller.SysDepartPermissionController: org.jeecg.common.api.vo.Result loadDatarule(java.lang.String,java.lang.String)>/permissionId}
VarNode{<org.jeecg.modules.system.controller.SysCheckRuleController: org.jeecg.common.api.vo.Result queryPageList(org.jeecg.modules.system.entity.SysCheckRule,java.lang.Integer,java.lang.Integer,javax.servlet.http.HttpServletRequest)>/pageNo}
VarNode{<org.jeecg.modules.system.controller.SysCategoryController: org.jeecg.common.api.vo.Result queryPageList(org.jeecg.modules.system.entity.SysCategory,java.lang.Integer,java.lang.Integer,javax.servlet.http.HttpServletRequest)>/pageNo}
VarNode{<org.jeecg.modules.api.controller.SystemAPIController: java.util.List getDictItems(java.lang.String)>/dictCode}
VarNode{<org.jeecg.modules.quartz.controller.QuartzJobController: org.jeecg.common.api.vo.Result queryPageList(org.jeecg.modules.quartz.entity.QuartzJob,java.lang.Integer,java.lang.Integer,javax.servlet.http.HttpServletRequest)>/pageNo}
VarNode{<org.jeecg.modules.demo.mock.vxe.controller.VxeMockController: org.jeecg.common.api.vo.Result mockChange2(java.lang.String,java.lang.String)>/tug_status}
VarNode{<org.jeecg.modules.system.controller.SysUserController: org.jeecg.common.api.vo.Result passwordChange(java.lang.String,java.lang.String,java.lang.String,java.lang.String)>/username}
VarNode{<org.jeecg.modules.api.controller.SystemAPIController: org.jeecg.common.system.vo.DynamicDataSourceModel getDynamicDbSourceById(java.lang.String)>/dbSourceId}
VarNode{<org.jeecg.modules.system.controller.SysDictController: org.jeecg.common.api.vo.Result queryTableData(org.jeecg.common.system.vo.DictQuery,java.lang.Integer,java.lang.Integer,java.lang.String,javax.servlet.http.HttpServletRequest)>/sign}
VarNode{<org.jeecg.modules.system.controller.SysDataSourceController: org.jeecg.common.api.vo.Result edit(org.jeecg.modules.system.entity.SysDataSource)>/sysDataSource}
VarNode{<org.jeecg.modules.system.controller.SysDictController: org.jeecg.common.api.vo.Result loadDict(java.lang.String,java.lang.String,java.lang.String,java.lang.Integer)>/dictCode}
VarNode{<org.jeecg.modules.message.controller.SysMessageController: org.jeecg.common.api.vo.Result deleteBatch(java.lang.String)>/ids}
VarNode{<org.jeecg.modules.system.controller.SysPositionController: org.jeecg.common.api.vo.Result deleteBatch(java.lang.String)>/ids}
VarNode{<org.jeecg.modules.system.controller.SysDepartController: org.jeecg.common.api.vo.Result getDepartName(java.lang.String)>/orgCode}
VarNode{<org.jeecg.modules.system.controller.SysFillRuleController: org.jeecg.common.api.vo.Result testFillRule(java.lang.String)>/ruleCode}
VarNode{<org.jeecg.modules.system.controller.SysPermissionController: org.jeecg.common.api.vo.Result edit(org.jeecg.modules.system.entity.SysPermission)>/permission}
VarNode{<org.jeecg.modules.system.controller.SysUserController: org.jeecg.common.api.vo.Result queryUserComponentData(java.lang.Integer,java.lang.Integer,java.lang.String,java.lang.String,java.lang.String)>/realname}
VarNode{<org.jeecg.modules.quartz.controller.QuartzJobController: org.jeecg.common.api.vo.Result deleteBatch(java.lang.String)>/ids}
VarNode{<org.jeecg.modules.system.controller.SysUserController: org.jeecg.common.api.vo.Result deleteUserRole(java.lang.String,java.lang.String)>/userId}
VarNode{<org.jeecg.modules.demo.mock.vxe.controller.VxeMockController: org.jeecg.common.api.vo.Result getMockDdjhData(org.jeecg.modules.demo.mock.vxe.entity.MockEntity,java.lang.Integer,java.lang.Integer,java.lang.String,java.lang.String,java.lang.String,java.lang.String,javax.servlet.http.HttpServletRequest)>/pageSize}
VarNode{<org.jeecg.modules.system.controller.SysUserController: org.jeecg.common.api.vo.Result queryById(java.lang.String)>/id}
VarNode{<org.jeecg.modules.api.controller.SystemAPIController: java.util.List queryUsersByUsernames(java.lang.String)>/usernames}
VarNode{<org.jeecg.modules.system.controller.SysUserController: org.jeecg.common.api.vo.Result edit(com.alibaba.fastjson.JSONObject)>/jsonObject}
VarNode{<org.jeecg.modules.system.controller.SysCategoryController: org.jeecg.common.api.vo.Result loadTreeRoot(java.lang.Boolean,java.lang.String)>/pcode}
VarNode{<org.jeecg.modules.api.controller.SystemAPIController: void sendBusAnnouncement(org.jeecg.common.api.dto.message.BusMessageDTO)>/message}
VarNode{<org.jeecg.modules.api.controller.SystemAPIController: java.util.List loadDictItemByKeyword(java.lang.String,java.lang.String,java.lang.Integer)>/dictCode}
VarNode{<org.jeecg.modules.api.controller.SystemAPIController: void meetingSignWebsocket(java.lang.String)>/userId}
VarNode{<org.jeecg.modules.system.controller.SysUserController: org.jeecg.common.api.vo.Result passwordChange(java.lang.String,java.lang.String,java.lang.String,java.lang.String)>/phone}
VarNode{<org.jeecg.modules.quartz.controller.QuartzJobController: org.jeecg.common.api.vo.Result add(org.jeecg.modules.quartz.entity.QuartzJob)>/quartzJob}
VarNode{<org.jeecg.modules.api.controller.SystemAPIController: java.util.List getDepartNamesByUsername(java.lang.String)>/username}
VarNode{<org.jeecg.modules.system.controller.SysRoleController: org.jeecg.common.api.vo.Result saveDatarule(com.alibaba.fastjson.JSONObject)>/jsonObject}
VarNode{<org.jeecg.modules.system.controller.SysTenantController: org.jeecg.common.api.vo.Result deleteBatch(java.lang.String)>/ids}
VarNode{<org.jeecg.modules.system.controller.SysUserController: org.jeecg.common.api.vo.Result deleteUserInDepart(java.lang.String,java.lang.String)>/depId}
VarNode{<org.jeecg.modules.system.controller.SysFillRuleController: org.jeecg.common.api.vo.Result queryById(java.lang.String)>/id}
VarNode{<org.jeecg.modules.system.controller.SysUserController: org.jeecg.common.api.vo.Result getUserDepartsList(java.lang.String)>/userId}
VarNode{<org.jeecg.modules.dlglong.controller.DlMockController: org.jeecg.common.api.vo.Result getMockData(java.lang.Integer,java.lang.Integer,java.lang.String)>/pageNo}
VarNode{<org.jeecg.modules.api.controller.SystemAPIController: java.util.List queryFilterTableDictInfo(java.lang.String,java.lang.String,java.lang.String,java.lang.String)>/filterSql}
VarNode{<org.jeecg.modules.system.controller.SysRoleController: org.jeecg.common.api.vo.Result loadDatarule(java.lang.String,java.lang.String)>/roleId}
VarNode{<org.jeecg.modules.demo.test.controller.JeecgOrderTabMainController: org.jeecg.common.api.vo.Result delete(java.lang.String)>/id}
VarNode{<org.jeecg.modules.ngalain.controller.NgAlainController: java.lang.Object getDictItemsByTable(java.lang.String,java.lang.String,java.lang.String)>/value}
VarNode{<org.jeecg.modules.system.controller.SysDictController: org.jeecg.common.api.vo.Result loadDictOrderByValue(java.lang.String,java.lang.String,java.lang.String,java.lang.Integer)>/keyword}
VarNode{<org.jeecg.modules.dlglong.controller.DlMockController: org.jeecg.common.api.vo.Result getMockDdjhData(org.jeecg.modules.dlglong.entity.MockEntity,java.lang.Integer,java.lang.Integer,java.lang.String,java.lang.String,java.lang.String,java.lang.String,javax.servlet.http.HttpServletRequest)>/superQueryMatchType}
VarNode{<org.jeecg.modules.system.controller.SysRoleController: org.jeecg.common.api.vo.Result delete(java.lang.String)>/id}
VarNode{<org.jeecg.modules.system.controller.SysRoleController: org.jeecg.common.api.vo.Result deleteBatch(java.lang.String)>/ids}
VarNode{<org.jeecg.modules.system.controller.SysDepartRoleController: org.jeecg.common.api.vo.Result delete(java.lang.String)>/id}
VarNode{<org.jeecg.modules.message.controller.SysMessageTemplateController: org.jeecg.common.api.vo.Result queryPageList(org.jeecg.modules.message.entity.SysMessageTemplate,java.lang.Integer,java.lang.Integer,javax.servlet.http.HttpServletRequest)>/pageSize}
VarNode{<org.jeecg.modules.system.controller.SysPositionController: org.jeecg.common.api.vo.Result queryById(java.lang.String)>/id}
VarNode{<org.jeecg.modules.system.controller.SysUserController: org.jeecg.common.api.vo.Result deleteUserInDepart(java.lang.String,java.lang.String)>/userId}
VarNode{<org.jeecg.modules.message.controller.SysMessageTemplateController: org.jeecg.common.api.vo.Result sendMessage(org.jeecg.modules.message.entity.MsgParams)>/msgParams}
VarNode{<org.jeecg.modules.system.controller.SysRoleController: org.jeecg.common.api.vo.Result loadDatarule(java.lang.String,java.lang.String)>/permissionId}
VarNode{<org.jeecg.modules.system.controller.SysDictController: org.jeecg.common.api.vo.Result loadDictItem(java.lang.String,java.lang.String,java.lang.String,boolean,javax.servlet.http.HttpServletRequest)>/keys}
VarNode{<org.jeecg.modules.demo.mock.MockController: java.lang.String getJsonData(java.lang.String)>/filename}
VarNode{<org.jeecg.modules.system.controller.SysFillRuleController: org.jeecg.common.api.vo.Result queryPageList(org.jeecg.modules.system.entity.SysFillRule,java.lang.Integer,java.lang.Integer,javax.servlet.http.HttpServletRequest)>/pageSize}
VarNode{<org.jeecg.modules.system.controller.SysDepartRoleController: org.jeecg.common.api.vo.Result getDeptRoleList(java.lang.String,java.lang.String)>/userId}
VarNode{<org.jeecg.modules.demo.test.controller.JeecgOrderTabMainController: org.jeecg.common.api.vo.Result respondePagedData(org.jeecg.modules.demo.test.entity.JeecgOrderMain,java.lang.Integer,java.lang.Integer,javax.servlet.http.HttpServletRequest)>/pageSize}
VarNode{<org.jeecg.modules.api.controller.SystemAPIController: java.util.List queryUserByNames(java.lang.String[])>/userNames}
VarNode{<org.jeecg.modules.system.controller.LoginController: org.jeecg.common.api.vo.Result randomImage(javax.servlet.http.HttpServletResponse,java.lang.String)>/key}
VarNode{<org.jeecg.modules.system.controller.ThirdAppController: org.jeecg.common.api.vo.Result syncWechatEnterpriseUserToLocal(java.lang.String)>/ids}
VarNode{<org.jeecg.modules.system.controller.SysDepartController: org.jeecg.common.api.vo.Result listAll(java.lang.String)>/id}
VarNode{<org.jeecg.modules.message.controller.SysMessageTemplateController: org.jeecg.common.api.vo.Result edit(org.jeecg.modules.message.entity.SysMessageTemplate)>/sysMessageTemplate}
VarNode{<org.jeecg.modules.cas.controller.CasClientController: java.lang.Object validateLogin(java.lang.String,java.lang.String,javax.servlet.http.HttpServletRequest,javax.servlet.http.HttpServletResponse)>/ticket}
VarNode{<org.jeecg.modules.api.controller.SystemAPIController: java.util.List queryTableDictByKeys(java.lang.String,java.lang.String,java.lang.String,java.lang.String[])>/table}
VarNode{<org.jeecg.modules.system.controller.SysLogController: org.jeecg.common.api.vo.Result deleteBatch(java.lang.String)>/ids}
VarNode{<org.jeecg.modules.system.controller.SysUserAgentController: org.jeecg.common.api.vo.Result deleteBatch(java.lang.String)>/ids}
VarNode{<org.jeecg.modules.system.controller.SysUserController: org.jeecg.common.api.vo.Result queryByOrgCodeForAddressList(java.lang.Integer,java.lang.Integer,java.lang.String,org.jeecg.modules.system.entity.SysUser)>/pageNo}
VarNode{<org.jeecg.modules.system.controller.SysDictController: org.jeecg.common.api.vo.Result treeList(org.jeecg.modules.system.entity.SysDict,java.lang.Integer,java.lang.Integer,javax.servlet.http.HttpServletRequest)>/pageSize}
VarNode{<org.jeecg.modules.demo.test.controller.JeecgOrderMainController: org.jeecg.common.api.vo.Result add(org.jeecg.modules.demo.test.vo.JeecgOrderMainPage)>/jeecgOrderMainPage}
VarNode{<org.jeecg.modules.dlglong.controller.DlMockController: org.jeecg.common.api.vo.Result mockImmediateSaveAll(com.alibaba.fastjson.JSONArray)>/tableData}
VarNode{<org.jeecg.modules.api.controller.SystemAPIController: java.util.List translateDictFromTableByKeys(java.lang.String,java.lang.String,java.lang.String,java.lang.String)>/code}
VarNode{<org.jeecg.modules.system.controller.SysUserAgentController: org.jeecg.common.api.vo.Result edit(org.jeecg.modules.system.entity.SysUserAgent)>/sysUserAgent}
VarNode{<org.jeecg.modules.system.controller.SysUserController: org.jeecg.common.api.vo.Result queryUserByDepId(java.lang.String,java.lang.String)>/realname}
VarNode{<org.jeecg.modules.demo.test.controller.JoaDemoController: org.jeecg.common.api.vo.Result queryById(java.lang.String)>/id}
VarNode{<org.jeecg.modules.system.controller.SysUserController: org.jeecg.common.api.vo.Result deleteUserInDepartBatch(java.lang.String,java.lang.String)>/depId}
VarNode{<org.jeecg.modules.system.controller.SysUserController: org.jeecg.common.api.vo.Result add(com.alibaba.fastjson.JSONObject)>/jsonObject}
VarNode{<org.jeecg.modules.ngalain.controller.NgAlainController: java.lang.Object getDictItemsByTable(java.lang.String,java.lang.String,java.lang.String)>/table}
VarNode{<org.jeecg.modules.system.controller.SysDictController: org.jeecg.common.api.vo.Result treeList(org.jeecg.modules.system.entity.SysDict,java.lang.Integer,java.lang.Integer,javax.servlet.http.HttpServletRequest)>/pageNo}
VarNode{<org.jeecg.modules.api.controller.SystemAPIController: org.jeecg.common.system.vo.SysDepartModel selectAllById(java.lang.String)>/id}
VarNode{<org.jeecg.modules.system.controller.SysCategoryController: org.jeecg.common.api.vo.Result deleteBatch(java.lang.String)>/ids}
VarNode{<org.jeecg.modules.api.controller.SystemAPIController: java.util.List getDepartIdsByUsername(java.lang.String)>/username}
VarNode{<org.jeecg.modules.system.controller.SysUserController: org.jeecg.common.api.vo.Result deleteUserInDepartBatch(java.lang.String,java.lang.String)>/userIds}
VarNode{<org.jeecg.modules.api.controller.SystemAPIController: org.jeecg.common.system.vo.DictModel getParentDepartId(java.lang.String)>/departId}
VarNode{<org.jeecg.modules.system.controller.SysFillRuleController: org.jeecg.common.api.vo.Result add(org.jeecg.modules.system.entity.SysFillRule)>/sysFillRule}
VarNode{<org.jeecg.modules.system.controller.SysCheckRuleController: org.jeecg.common.api.vo.Result queryPageList(org.jeecg.modules.system.entity.SysCheckRule,java.lang.Integer,java.lang.Integer,javax.servlet.http.HttpServletRequest)>/pageSize}
VarNode{<org.jeecg.modules.system.controller.LoginController: org.jeecg.common.api.vo.Result sms(com.alibaba.fastjson.JSONObject)>/jsonObject}
VarNode{<org.jeecg.modules.system.controller.SysDictItemController: org.jeecg.common.api.vo.Result queryPageList(org.jeecg.modules.system.entity.SysDictItem,java.lang.Integer,java.lang.Integer,javax.servlet.http.HttpServletRequest)>/pageNo}
VarNode{<org.jeecg.modules.system.controller.SysDataSourceController: org.jeecg.common.api.vo.Result queryPageList(org.jeecg.modules.system.entity.SysDataSource,java.lang.Integer,java.lang.Integer,javax.servlet.http.HttpServletRequest)>/pageSize}
VarNode{<org.jeecg.modules.demo.test.controller.JeecgDemoController: org.jeecg.common.api.vo.Result edit(org.jeecg.modules.demo.test.entity.JeecgDemo)>/jeecgDemo}
VarNode{<org.jeecg.modules.api.controller.SystemAPIController: java.util.List queryDepartsByIds(java.lang.String)>/ids}
VarNode{<org.jeecg.modules.system.controller.SysAnnouncementSendController: org.jeecg.common.api.vo.Result queryById(java.lang.String)>/id}
VarNode{<org.jeecg.modules.system.controller.SysCategoryController: org.jeecg.common.api.vo.Result loadOne(java.lang.String,java.lang.String)>/val}
VarNode{<org.jeecg.modules.system.controller.SysDepartRoleController: org.jeecg.common.api.vo.Result queryPageList(org.jeecg.modules.system.entity.SysDepartRole,java.lang.Integer,java.lang.Integer,java.lang.String,javax.servlet.http.HttpServletRequest)>/deptId}
VarNode{<org.jeecg.modules.dlglong.controller.DlMockController: org.jeecg.common.api.vo.Result getMockDdjhData(org.jeecg.modules.dlglong.entity.MockEntity,java.lang.Integer,java.lang.Integer,java.lang.String,java.lang.String,java.lang.String,java.lang.String,javax.servlet.http.HttpServletRequest)>/pageNo}
VarNode{<org.jeecg.modules.system.controller.SysCategoryController: org.jeecg.common.api.vo.Result delete(java.lang.String)>/id}
VarNode{<org.jeecg.modules.system.controller.SysDepartPermissionController: org.jeecg.common.api.vo.Result deleteBatch(java.lang.String)>/ids}
VarNode{<org.jeecg.modules.dlglong.controller.DlMockController: org.jeecg.common.api.vo.Result getMockData(java.lang.Integer,java.lang.Integer,java.lang.String)>/pageSize}
VarNode{<org.jeecg.modules.api.controller.SystemAPIController: java.util.List loadDictItemByKeyword(java.lang.String,java.lang.String,java.lang.Integer)>/keyword}
VarNode{<org.jeecg.modules.system.controller.SysCategoryController: org.jeecg.common.api.vo.Result queryById(java.lang.String)>/id}
VarNode{<org.jeecg.modules.system.controller.ThirdLoginController: org.jeecg.common.api.vo.Result checkPassword(com.alibaba.fastjson.JSONObject)>/json}
VarNode{<org.jeecg.modules.demo.test.controller.JeecgOrderMainController: org.jeecg.common.api.vo.Result eidt(org.jeecg.modules.demo.test.vo.JeecgOrderMainPage)>/jeecgOrderMainPage}
VarNode{<org.jeecg.modules.system.controller.ThirdAppController: org.jeecg.common.api.vo.Result recallMessageTest(com.alibaba.fastjson.JSONObject)>/params}
VarNode{<org.jeecg.modules.system.controller.SysRoleController: org.jeecg.common.api.vo.Result edit(org.jeecg.modules.system.entity.SysRole)>/role}
VarNode{<org.jeecg.modules.system.controller.SysDepartPermissionController: org.jeecg.common.api.vo.Result loadDatarule(java.lang.String,java.lang.String)>/departId}
VarNode{<org.jeecg.modules.system.service.impl.SysThirdAccountServiceImpl: org.jeecg.modules.system.entity.SysUser createUser(java.lang.String,java.lang.String)>/$r22}
VarNode{<org.jeecg.modules.system.controller.SysUserController: org.jeecg.common.api.vo.Result queryPageList(org.jeecg.modules.system.entity.SysUser,java.lang.Integer,java.lang.Integer,javax.servlet.http.HttpServletRequest)>/pageNo}
VarNode{<org.jeecg.modules.api.controller.SystemAPIController: void sendBusTemplateAnnouncement(org.jeecg.common.api.dto.message.BusTemplateMessageDTO)>/message}
VarNode{<org.jeecg.modules.api.controller.SystemAPIController: void sendTemplateAnnouncement(org.jeecg.common.api.dto.message.TemplateMessageDTO)>/message}
VarNode{<org.jeecg.modules.system.controller.SysFillRuleController: org.jeecg.common.api.vo.Result executeByRuleCode(java.lang.String,com.alibaba.fastjson.JSONObject)>/ruleCode}
VarNode{<org.jeecg.modules.system.controller.SysLogController: org.jeecg.common.api.vo.Result queryPageList(org.jeecg.modules.system.entity.SysLog,java.lang.Integer,java.lang.Integer,javax.servlet.http.HttpServletRequest)>/pageSize}
VarNode{<org.jeecg.modules.system.controller.SysFillRuleController: org.jeecg.common.api.vo.Result deleteBatch(java.lang.String)>/ids}
VarNode{<org.jeecg.modules.dlglong.controller.DlMockController: org.jeecg.common.api.vo.Result mockImmediateSaveRow(com.alibaba.fastjson.JSONObject)>/rowData}
VarNode{<org.jeecg.modules.system.controller.SysDepartPermissionController: org.jeecg.common.api.vo.Result saveDatarule(com.alibaba.fastjson.JSONObject)>/jsonObject}
VarNode{<org.jeecg.modules.demo.mock.vxe.controller.VxeMockController: org.jeecg.common.api.vo.Result getMockData(java.lang.Integer,java.lang.Integer,java.lang.String)>/parentId}
VarNode{<org.jeecg.modules.system.controller.SysCategoryController: org.jeecg.common.api.vo.Result add(org.jeecg.modules.system.entity.SysCategory)>/sysCategory}
VarNode{<org.jeecg.modules.demo.mock.vxe.controller.VxeMockController: org.jeecg.common.api.vo.Result mockImmediateSaveAll(com.alibaba.fastjson.JSONArray)>/tableData}
VarNode{<org.jeecg.modules.system.controller.SysDictController: org.jeecg.common.api.vo.Result back(java.lang.String)>/id}
VarNode{<org.jeecg.modules.system.controller.SysCategoryController: org.jeecg.common.api.vo.Result checkCode(java.lang.String,java.lang.String)>/pid}
VarNode{<org.jeecg.modules.dlglong.controller.DlMockController: org.jeecg.common.api.vo.Result mockChange3(java.lang.String,java.lang.String)>/progress}
VarNode{<org.jeecg.modules.api.controller.SystemAPIController: java.util.List queryFilterTableDictInfo(java.lang.String,java.lang.String,java.lang.String,java.lang.String)>/text}
VarNode{<org.jeecg.modules.system.controller.SysUserController: org.jeecg.common.api.vo.Result queryUserRole(java.lang.String)>/userid}
VarNode{<org.jeecg.modules.api.controller.SystemAPIController: java.lang.String translateDictFromTable(java.lang.String,java.lang.String,java.lang.String,java.lang.String)>/text}
VarNode{<org.jeecg.modules.dlglong.controller.DlMockController: org.jeecg.common.api.vo.Result mockChange3(java.lang.String,java.lang.String)>/id}
VarNode{<org.jeecg.modules.system.controller.SysTenantController: org.jeecg.common.api.vo.Result delete(java.lang.String)>/id}
VarNode{<org.jeecg.modules.system.controller.SysAnnouncementSendController: org.jeecg.common.api.vo.Result add(org.jeecg.modules.system.entity.SysAnnouncementSend)>/sysAnnouncementSend}
VarNode{<org.jeecg.modules.demo.test.controller.JeecgOrderMainController: org.jeecg.common.api.vo.Result queryOrderTicketListByMainId(java.lang.String)>/id}
VarNode{<org.jeecg.modules.system.controller.SysDepartController: org.jeecg.common.api.vo.Result add(org.jeecg.modules.system.entity.SysDepart,javax.servlet.http.HttpServletRequest)>/sysDepart}
VarNode{<org.jeecg.modules.message.controller.SysMessageTemplateController: org.jeecg.common.api.vo.Result add(org.jeecg.modules.message.entity.SysMessageTemplate)>/sysMessageTemplate}
VarNode{<org.jeecg.modules.system.controller.SysAnnouncementController: org.jeecg.common.api.vo.Result delete(java.lang.String)>/id}
VarNode{<org.jeecg.modules.system.controller.SysDataLogController: org.jeecg.common.api.vo.Result queryPageList(org.jeecg.modules.system.entity.SysDataLog,java.lang.Integer,java.lang.Integer,javax.servlet.http.HttpServletRequest)>/pageSize}
VarNode{<org.jeecg.modules.system.controller.SysDepartPermissionController: org.jeecg.common.api.vo.Result saveDeptRolePermission(com.alibaba.fastjson.JSONObject)>/json}
VarNode{<org.jeecg.modules.system.controller.SysTenantController: org.jeecg.common.api.vo.Result edit(org.jeecg.modules.system.entity.SysTenant)>/tenant}
VarNode{<org.jeecg.modules.system.controller.SysDataSourceController: org.jeecg.common.api.vo.Result queryById(java.lang.String)>/id}
VarNode{<org.jeecg.modules.dlglong.controller.DlMockController: org.jeecg.common.api.vo.Result getMockDdjhData(org.jeecg.modules.dlglong.entity.MockEntity,java.lang.Integer,java.lang.Integer,java.lang.String,java.lang.String,java.lang.String,java.lang.String,javax.servlet.http.HttpServletRequest)>/parentId}
VarNode{<org.jeecg.modules.system.controller.SysCategoryController: org.jeecg.common.api.vo.Result loadTreeChildren(java.lang.String)>/pid}
VarNode{<org.jeecg.modules.demo.test.controller.JeecgDemoController: org.jeecg.common.api.vo.Result list(org.jeecg.modules.demo.test.entity.JeecgDemo,java.lang.Integer,java.lang.Integer,javax.servlet.http.HttpServletRequest)>/pageSize}
VarNode{<org.jeecg.common.system.query.QueryGenerator: void addRuleToQueryWrapper(org.jeecg.common.system.vo.SysPermissionDataRuleModel,java.lang.String,java.lang.Class,com.baomidou.mybatisplus.core.conditions.query.QueryWrapper)>/$r12}
VarNode{<org.jeecg.modules.system.controller.ThirdLoginController: java.lang.String oauth2LoginCallback(java.lang.String,java.lang.String,javax.servlet.http.HttpServletResponse)>/source}
VarNode{<org.jeecg.modules.demo.test.controller.JoaDemoController: org.jeecg.common.api.vo.Result deleteBatch(java.lang.String)>/ids}
VarNode{<org.jeecg.modules.system.controller.SysDepartController: org.jeecg.common.api.vo.Result queryParentIds(java.lang.String,java.lang.String)>/orgCode}
VarNode{<org.jeecg.modules.cas.controller.CasClientController: java.lang.Object validateLogin(java.lang.String,java.lang.String,javax.servlet.http.HttpServletRequest,javax.servlet.http.HttpServletResponse)>/service}
VarNode{<org.jeecg.modules.system.controller.SysDepartController: org.jeecg.common.api.vo.Result queryParentIds(java.lang.String,java.lang.String)>/departId}
VarNode{<org.jeecg.common.system.query.QueryGenerator: java.text.SimpleDateFormat getTime()>/$r1}
VarNode{<org.jeecg.modules.demo.test.controller.JeecgOrderTabMainController: org.jeecg.common.api.vo.Result respondePagedData(org.jeecg.modules.demo.test.entity.JeecgOrderMain,java.lang.Integer,java.lang.Integer,javax.servlet.http.HttpServletRequest)>/pageNo}
VarNode{<org.jeecg.modules.api.controller.SystemAPIController: com.alibaba.fastjson.JSONObject queryAllUser(java.lang.String,java.lang.Integer,int)>/pageSize}
VarNode{<org.jeecg.modules.system.controller.SysDataLogController: org.jeecg.common.api.vo.Result queryPageList(org.jeecg.modules.system.entity.SysDataLog,java.lang.Integer,java.lang.Integer,javax.servlet.http.HttpServletRequest)>/pageNo}
VarNode{<org.jeecg.modules.system.controller.SysPermissionController: org.jeecg.common.api.vo.Result editPermissionRule(org.jeecg.modules.system.entity.SysPermissionDataRule)>/sysPermissionDataRule}
VarNode{<org.jeecg.modules.demo.test.controller.JeecgOrderTabMainController: org.jeecg.common.api.vo.Result addCustomer(org.jeecg.modules.demo.test.entity.JeecgOrderCustomer)>/jeecgOrderCustomer}
VarNode{<org.jeecg.modules.api.controller.SystemAPIController: void sendEmailMsg(java.lang.String,java.lang.String,java.lang.String)>/content}
VarNode{<org.jeecg.modules.api.controller.SystemAPIController: java.util.List translateDictFromTableByKeys(java.lang.String,java.lang.String,java.lang.String,java.lang.String)>/keys}
VarNode{<org.jeecg.modules.demo.test.controller.JeecgDemoController: org.jeecg.common.api.vo.Result list(org.jeecg.modules.demo.test.entity.JeecgDemo,java.lang.Integer,java.lang.Integer,javax.servlet.http.HttpServletRequest)>/pageNo}
VarNode{<org.jeecg.modules.system.controller.SysTenantController: org.jeecg.common.api.vo.Result add(org.jeecg.modules.system.entity.SysTenant)>/sysTenant}
VarNode{<org.jeecg.modules.system.controller.SysDepartRoleController: org.jeecg.common.api.vo.Result add(org.jeecg.modules.system.entity.SysDepartRole)>/sysDepartRole}
VarNode{<org.jeecg.modules.system.controller.SysCheckRuleController: org.jeecg.common.api.vo.Result queryById(java.lang.String)>/id}
VarNode{<org.jeecg.modules.system.controller.SysAnnouncementController: org.jeecg.common.api.vo.Result eidt(org.jeecg.modules.system.entity.SysAnnouncement)>/sysAnnouncement}
VarNode{<org.jeecg.modules.demo.test.controller.JeecgOrderTabMainController: org.jeecg.common.api.vo.Result queryOrderTicketListByMainId(org.jeecg.modules.demo.test.entity.JeecgOrderTicket,java.lang.Integer,java.lang.Integer,javax.servlet.http.HttpServletRequest)>/pageNo}
VarNode{<org.jeecg.modules.api.controller.SystemAPIController: java.util.Set queryUserAuths(java.lang.String)>/username}
VarNode{<org.jeecg.modules.system.controller.SysDepartRoleController: org.jeecg.common.api.vo.Result getDeptRoleByUserId(java.lang.String,java.lang.String)>/userId}
VarNode{<org.jeecg.modules.system.controller.SysUserController: org.jeecg.common.api.vo.Result appEdit(javax.servlet.http.HttpServletRequest,com.alibaba.fastjson.JSONObject)>/jsonObject}
VarNode{<org.jeecg.modules.api.controller.SystemAPIController: org.jeecg.common.system.vo.LoginUser getUserById(java.lang.String)>/id}
VarNode{<org.jeecg.modules.system.controller.SysDataSourceController: org.jeecg.common.api.vo.Result delete(java.lang.String)>/id}
VarNode{<org.jeecg.modules.system.controller.SysDictController: org.jeecg.common.api.vo.Result loadDictOrderByValue(java.lang.String,java.lang.String,java.lang.String,java.lang.Integer)>/sign}
VarNode{<org.jeecg.modules.system.controller.SysUserController: org.jeecg.common.api.vo.Result deleteUserRoleBatch(java.lang.String,java.lang.String)>/userIds}
VarNode{<org.jeecg.modules.dlglong.controller.DlMockController: org.jeecg.common.api.vo.Result getMockDdjhData(org.jeecg.modules.dlglong.entity.MockEntity,java.lang.Integer,java.lang.Integer,java.lang.String,java.lang.String,java.lang.String,java.lang.String,javax.servlet.http.HttpServletRequest)>/superQueryParams}
VarNode{<org.jeecg.modules.oss.controller.OSSFileController: org.jeecg.common.api.vo.Result queryPageList(org.jeecg.modules.oss.entity.OSSFile,java.lang.Integer,java.lang.Integer,javax.servlet.http.HttpServletRequest)>/pageSize}
VarNode{<org.jeecg.common.util.DateUtils: java.lang.String formatDate()>/$r1}
VarNode{<org.jeecg.modules.api.controller.SystemAPIController: java.util.List loadDictItem(java.lang.String,java.lang.String)>/dictCode}
VarNode{<org.jeecg.modules.system.controller.SysLogController: org.jeecg.common.api.vo.Result delete(java.lang.String)>/id}
VarNode{<org.jeecg.modules.api.controller.SystemAPIController: java.util.Map translateManyDict(java.lang.String,java.lang.String)>/dictCodes}
VarNode{<org.jeecg.modules.api.controller.SystemAPIController: java.util.List queryDepartsByOrgcodes(java.lang.String)>/orgCodes}
VarNode{<org.jeecg.modules.system.controller.SysUserController: org.jeecg.common.api.vo.Result putRecycleBin(com.alibaba.fastjson.JSONObject,javax.servlet.http.HttpServletRequest)>/jsonObject}
VarNode{<org.jeecg.modules.system.controller.SysDictController: org.jeecg.common.api.vo.Result deleteBatch(java.lang.String)>/ids}
VarNode{<org.jeecg.modules.system.controller.SysDictController: org.jeecg.common.api.vo.Result getDictItems(java.lang.String,java.lang.String,javax.servlet.http.HttpServletRequest)>/sign}
VarNode{<org.jeecg.modules.system.controller.SysUserController: org.jeecg.common.api.vo.Result departUserList(java.lang.Integer,java.lang.Integer,javax.servlet.http.HttpServletRequest)>/pageSize}
VarNode{<org.jeecg.modules.system.controller.SysUserController: org.jeecg.common.api.vo.Result passwordChange(java.lang.String,java.lang.String,java.lang.String,java.lang.String)>/password}
VarNode{<org.jeecg.modules.system.controller.SysDictController: org.jeecg.common.api.vo.Result loadTreeData(java.lang.String,java.lang.String,java.lang.String,java.lang.String,java.lang.String,java.lang.String,java.lang.String,java.lang.String,javax.servlet.http.HttpServletRequest)>/pid}
VarNode{<org.jeecg.modules.system.controller.SysCategoryController: org.jeecg.common.api.vo.Result loadDictItem(java.lang.String,boolean)>/delNotExist}
VarNode{<org.jeecg.modules.system.controller.SysCategoryController: org.jeecg.common.api.vo.Result queryPageList(org.jeecg.modules.system.entity.SysCategory,java.lang.Integer,java.lang.Integer,javax.servlet.http.HttpServletRequest)>/pageSize}
VarNode{<org.jeecg.modules.system.controller.SysDictItemController: org.jeecg.common.api.vo.Result delete(java.lang.String)>/id}
VarNode{<org.jeecg.modules.system.controller.SysPositionController: org.jeecg.common.api.vo.Result add(org.jeecg.modules.system.entity.SysPosition)>/sysPosition}
VarNode{<org.jeecg.modules.system.controller.ThirdAppController: org.jeecg.common.api.vo.Result syncWechatEnterpriseDepartToApp(java.lang.String)>/ids}
VarNode{<org.jeecg.modules.system.controller.SysUserController: org.jeecg.common.api.vo.Result delete(java.lang.String)>/id}
VarNode{<org.jeecg.modules.system.controller.SysDepartController: org.jeecg.common.api.vo.Result getUsersByDepartId(java.lang.String)>/id}
VarNode{<org.jeecg.modules.api.controller.SystemAPIController: java.util.List queryPermissionDataRule(java.lang.String,java.lang.String,java.lang.String)>/component}
VarNode{<org.jeecg.modules.system.controller.SysUserController: org.jeecg.common.api.vo.Result queryUserComponentData(java.lang.Integer,java.lang.Integer,java.lang.String,java.lang.String,java.lang.String)>/pageSize}
VarNode{<org.jeecg.modules.system.controller.SysDepartRoleController: org.jeecg.common.api.vo.Result queryById(java.lang.String)>/id}
VarNode{<org.jeecg.modules.demo.cloud.provider.JcloudDemoProvider: org.jeecg.common.api.vo.Result getMessage(java.lang.String)>/name}
VarNode{<org.jeecg.modules.system.controller.SysAnnouncementController: org.jeecg.common.api.vo.Result queryById(java.lang.String)>/id}
VarNode{<org.jeecg.modules.demo.test.controller.JeecgOrderTabMainController: org.jeecg.common.api.vo.Result deleteTicket(java.lang.String)>/id}
VarNode{<org.jeecg.modules.api.controller.SystemAPIController: java.util.List queryAllRole(java.lang.String[])>/roleIds}
VarNode{<org.jeecg.modules.system.controller.SysDictController: org.jeecg.common.api.vo.Result loadDictOrderByValue(java.lang.String,java.lang.String,java.lang.String,java.lang.Integer)>/pageSize}
VarNode{<org.jeecg.modules.system.controller.SysUserController: org.jeecg.common.api.vo.Result appUserList(java.lang.String,java.lang.String,java.lang.Integer,java.lang.Integer,java.lang.String)>/username}
VarNode{<org.jeecg.modules.system.controller.SysCategoryController: org.jeecg.common.api.vo.Result getChildListBatch(java.lang.String)>/parentIds}
VarNode{<org.jeecg.modules.api.controller.SystemAPIController: java.util.List queryTableDictByKeys(java.lang.String,java.lang.String,java.lang.String,java.lang.String[])>/code}
VarNode{<org.jeecg.modules.system.controller.SysUserController: org.jeecg.common.api.vo.Result queryByDepartId(java.lang.Integer,java.lang.Integer,java.lang.String,org.jeecg.modules.system.entity.SysUser)>/pageSize}
VarNode{<org.jeecg.modules.system.controller.SysPermissionController: org.jeecg.common.api.vo.Result getSystemSubmenuBatch(java.lang.String)>/parentIds}
VarNode{<org.jeecg.modules.demo.test.controller.JeecgDemoController: org.jeecg.common.api.vo.Result deleteBatch(java.lang.String)>/ids}
VarNode{<org.jeecg.modules.system.controller.SysDictController: org.jeecg.common.api.vo.Result loadDict(java.lang.String,java.lang.String,java.lang.String,java.lang.Integer)>/keyword}
VarNode{<org.jeecg.modules.system.controller.ThirdLoginController: org.jeecg.common.api.vo.Result getThirdLoginUser(java.lang.String,java.lang.String)>/thirdType}
VarNode{<org.jeecg.modules.system.controller.SysUserAgentController: org.jeecg.common.api.vo.Result queryPageList(org.jeecg.modules.system.entity.SysUserAgent,java.lang.Integer,java.lang.Integer,javax.servlet.http.HttpServletRequest)>/pageNo}
VarNode{<org.jeecg.modules.oss.controller.OSSFileController: org.jeecg.common.api.vo.Result queryPageList(org.jeecg.modules.oss.entity.OSSFile,java.lang.Integer,java.lang.Integer,javax.servlet.http.HttpServletRequest)>/pageNo}
VarNode{<org.jeecg.modules.system.controller.SysDictController: org.jeecg.common.api.vo.Result loadTreeData(java.lang.String,java.lang.String,java.lang.String,java.lang.String,java.lang.String,java.lang.String,java.lang.String,java.lang.String,javax.servlet.http.HttpServletRequest)>/pidField}
VarNode{<org.jeecg.modules.system.controller.SysUserController: org.jeecg.common.api.vo.Result deleteUserRole(java.lang.String,java.lang.String)>/roleId}
VarNode{<org.jeecg.modules.demo.mock.vxe.controller.VxeMockController: org.jeecg.common.api.vo.Result getMockData(java.lang.Integer,java.lang.Integer,java.lang.String)>/pageSize}
VarNode{<org.jeecg.common.util.DateUtils: java.lang.String now()>/$r1}
VarNode{<org.jeecg.modules.system.controller.SysDepartRoleController: org.jeecg.common.api.vo.Result getDeptRoleList(java.lang.String,java.lang.String)>/departId}
VarNode{<org.jeecg.modules.system.controller.SysCategoryController: org.jeecg.common.api.vo.Result loadAllData(java.lang.String)>/code}
VarNode{<org.jeecg.modules.system.controller.SysDictController: org.jeecg.common.api.vo.Result getDictText(java.lang.String,java.lang.String)>/dictCode}
VarNode{<org.jeecg.modules.system.controller.SysUserController: org.jeecg.common.api.vo.Result queryByDepartId(java.lang.Integer,java.lang.Integer,java.lang.String,org.jeecg.modules.system.entity.SysUser)>/pageNo}
VarNode{<org.jeecg.modules.system.controller.SysUserAgentController: org.jeecg.common.api.vo.Result add(org.jeecg.modules.system.entity.SysUserAgent)>/sysUserAgent}
VarNode{<org.jeecg.modules.system.controller.SysDataSourceController: org.jeecg.common.api.vo.Result deleteBatch(java.lang.String)>/ids}
VarNode{<org.jeecg.modules.api.controller.SystemAPIController: java.util.List translateDictFromTableByKeys(java.lang.String,java.lang.String,java.lang.String,java.lang.String)>/table}
VarNode{<org.jeecg.modules.api.controller.SystemAPIController: java.lang.String translateDictFromTable(java.lang.String,java.lang.String,java.lang.String,java.lang.String)>/key}
VarNode{<org.jeecg.modules.dlglong.controller.DlMockController: org.jeecg.common.api.vo.Result getMockData(java.lang.Integer,java.lang.Integer,java.lang.String)>/parentId}
VarNode{<org.jeecg.modules.system.controller.SysDictController: org.jeecg.common.api.vo.Result loadDictOrderByValue(java.lang.String,java.lang.String,java.lang.String,java.lang.Integer)>/dictCode}
VarNode{<org.jeecg.modules.system.controller.SysAnnouncementController: org.jeecg.common.api.vo.Result doReovkeData(java.lang.String,javax.servlet.http.HttpServletRequest)>/id}
VarNode{<org.jeecg.modules.system.controller.SysPermissionController: org.jeecg.common.api.vo.Result saveRolePermission(com.alibaba.fastjson.JSONObject)>/json}
VarNode{<org.jeecg.modules.system.controller.SysUserController: org.jeecg.common.api.vo.Result queryByOrgCodeForAddressList(java.lang.Integer,java.lang.Integer,java.lang.String,org.jeecg.modules.system.entity.SysUser)>/orgCode}
VarNode{<org.jeecg.modules.quartz.controller.QuartzJobController: org.jeecg.common.api.vo.Result resumeJob(java.lang.String)>/id}
VarNode{<org.jeecg.modules.demo.test.controller.JeecgDemoController: org.jeecg.common.api.vo.Result testOnlineAdd(com.alibaba.fastjson.JSONObject)>/json}
VarNode{<org.jeecg.modules.system.controller.SysDictController: org.jeecg.common.api.vo.Result loadDictItem(java.lang.String,java.lang.String,java.lang.String,boolean,javax.servlet.http.HttpServletRequest)>/dictCode}
VarNode{<org.jeecg.modules.system.controller.SysDictController: org.jeecg.common.api.vo.Result queryTableData(org.jeecg.common.system.vo.DictQuery,java.lang.Integer,java.lang.Integer,java.lang.String,javax.servlet.http.HttpServletRequest)>/pageSize}
VarNode{<org.jeecg.modules.api.controller.SystemAPIController: void sendEmailMsg(java.lang.String,java.lang.String,java.lang.String)>/title}
VarNode{<org.jeecg.modules.demo.test.controller.JoaDemoController: org.jeecg.common.api.vo.Result queryPageList(org.jeecg.modules.demo.test.entity.JoaDemo,java.lang.Integer,java.lang.Integer,javax.servlet.http.HttpServletRequest)>/pageNo}
VarNode{<org.jeecg.modules.message.controller.SysMessageController: org.jeecg.common.api.vo.Result queryPageList(org.jeecg.modules.message.entity.SysMessage,java.lang.Integer,java.lang.Integer,javax.servlet.http.HttpServletRequest)>/pageSize}
VarNode{<org.jeecg.modules.system.controller.SysUserAgentController: org.jeecg.common.api.vo.Result queryById(java.lang.String)>/id}
VarNode{<org.jeecg.modules.system.controller.SysDictController: org.jeecg.common.api.vo.Result loadDict(java.lang.String,java.lang.String,java.lang.String,java.lang.Integer)>/pageSize}
VarNode{<org.jeecg.modules.api.controller.SystemAPIController: java.util.List getDeptUserByOrgCode(java.lang.String)>/orgCode}
VarNode{<org.jeecg.modules.system.controller.SysCategoryController: org.jeecg.common.api.vo.Result edit(org.jeecg.modules.system.entity.SysCategory)>/sysCategory}
VarNode{<org.jeecg.modules.system.controller.SysUserController: org.jeecg.common.api.vo.Result userRoleList(java.lang.Integer,java.lang.Integer,javax.servlet.http.HttpServletRequest)>/pageNo}
VarNode{<org.jeecg.modules.api.controller.SystemAPIController: java.util.Map getManyDictItems(java.util.List)>/dictCodeList}
VarNode{<org.jeecg.modules.demo.mock.vxe.controller.VxeMockController: org.jeecg.common.api.vo.Result mockChange1(java.lang.String,java.lang.String)>/status}
VarNode{<org.jeecg.modules.api.controller.SystemAPIController: java.util.Map translateManyDict(java.lang.String,java.lang.String)>/keys}
VarNode{<org.jeecg.modules.api.controller.SystemAPIController: java.util.List queryDeptUsersByUserId(java.lang.String)>/userId}
VarNode{<org.jeecg.modules.demo.test.controller.JeecgOrderTabMainController: org.jeecg.common.api.vo.Result queryOrderCustomerListByMainId(org.jeecg.modules.demo.test.entity.JeecgOrderCustomer,java.lang.Integer,java.lang.Integer,javax.servlet.http.HttpServletRequest)>/pageSize}
VarNode{<org.jeecg.modules.system.controller.SysDictController: org.jeecg.common.api.vo.Result delete(java.lang.String)>/id}
VarNode{<org.jeecg.modules.demo.test.controller.JeecgDemoController: org.jeecg.common.api.vo.Result loadMpPermissonList(java.lang.Integer,java.lang.Integer,javax.servlet.http.HttpServletRequest)>/pageNo}
VarNode{<org.jeecg.modules.system.controller.SysDepartController: org.jeecg.common.api.vo.Result delete(java.lang.String)>/id}
VarNode{<org.jeecg.modules.system.controller.SysUserController: org.jeecg.common.api.vo.Result deleteUserRoleBatch(java.lang.String,java.lang.String)>/roleId}
VarNode{<org.jeecg.modules.demo.test.controller.JeecgOrderTabMainController: org.jeecg.common.api.vo.Result queryOrderCustomerListByMainId(org.jeecg.modules.demo.test.entity.JeecgOrderCustomer,java.lang.Integer,java.lang.Integer,javax.servlet.http.HttpServletRequest)>/pageNo}
VarNode{<org.jeecg.modules.system.controller.ThirdAppController: org.jeecg.common.api.vo.Result syncWechatEnterpriseDepartToLocal(java.lang.String)>/ids}
VarNode{<org.jeecg.modules.demo.test.controller.JeecgOrderTabMainController: org.jeecg.common.api.vo.Result editTicket(org.jeecg.modules.demo.test.entity.JeecgOrderTicket)>/jeecgOrderTicket}
VarNode{<org.jeecg.modules.system.controller.SysUserController: org.jeecg.common.api.vo.Result userRegister(com.alibaba.fastjson.JSONObject,org.jeecg.modules.system.entity.SysUser)>/jsonObject}
VarNode{<org.jeecg.modules.api.controller.SystemAPIController: java.util.Set getUserRoleSet(java.lang.String)>/username}
VarNode{<org.jeecg.modules.system.controller.SysDepartPermissionController: org.jeecg.common.api.vo.Result delete(java.lang.String)>/id}
VarNode{<org.jeecg.modules.api.controller.SystemAPIController: void sendSysAnnouncement(org.jeecg.common.api.dto.message.MessageDTO)>/message}
VarNode{<org.jeecg.modules.system.controller.SysDictController: org.jeecg.common.api.vo.Result queryPageList(org.jeecg.modules.system.entity.SysDict,java.lang.Integer,java.lang.Integer,javax.servlet.http.HttpServletRequest)>/pageNo}
VarNode{<org.jeecg.modules.system.controller.SysAnnouncementSendController: org.jeecg.common.api.vo.Result deleteBatch(java.lang.String)>/ids}
VarNode{<org.jeecg.modules.message.controller.SysMessageTemplateController: org.jeecg.common.api.vo.Result queryPageList(org.jeecg.modules.message.entity.SysMessageTemplate,java.lang.Integer,java.lang.Integer,javax.servlet.http.HttpServletRequest)>/pageNo}
VarNode{<org.jeecg.modules.system.controller.SysPositionController: org.jeecg.common.api.vo.Result queryPageList(org.jeecg.modules.system.entity.SysPosition,java.lang.Integer,java.lang.Integer,javax.servlet.http.HttpServletRequest)>/pageSize}
VarNode{<org.jeecg.modules.system.controller.SysDepartRoleController: org.jeecg.common.api.vo.Result loadDatarule(java.lang.String,java.lang.String,java.lang.String)>/roleId}
VarNode{<org.jeecg.modules.system.controller.SysRoleController: org.jeecg.common.api.vo.Result queryById(java.lang.String)>/id}
VarNode{<org.jeecg.modules.system.controller.CommonController: org.jeecg.common.api.vo.Result transitRESTful(java.lang.String,javax.servlet.http.HttpServletRequest)>/url}
VarNode{<org.jeecg.modules.system.controller.SysAnnouncementSendController: org.jeecg.common.api.vo.Result delete(java.lang.String)>/id}
VarNode{<org.jeecg.modules.system.controller.SysPermissionController: org.jeecg.common.api.vo.Result queryRolePermission(java.lang.String)>/roleId}
VarNode{<org.jeecg.modules.demo.mock.vxe.controller.VxeMockController: org.jeecg.common.api.vo.Result getMockDdjhData(org.jeecg.modules.demo.mock.vxe.entity.MockEntity,java.lang.Integer,java.lang.Integer,java.lang.String,java.lang.String,java.lang.String,java.lang.String,javax.servlet.http.HttpServletRequest)>/status}
VarNode{<org.jeecg.modules.system.controller.SysDictController: org.jeecg.common.api.vo.Result loadTreeData(java.lang.String,java.lang.String,java.lang.String,java.lang.String,java.lang.String,java.lang.String,java.lang.String,java.lang.String,javax.servlet.http.HttpServletRequest)>/tbname}
VarNode{<org.jeecg.modules.oss.controller.OSSFileController: org.jeecg.common.api.vo.Result queryById(java.lang.String)>/id}
VarNode{<org.jeecg.modules.demo.test.controller.JeecgDemoController: org.jeecg.common.api.vo.Result loadSqlPermissonList(org.jeecg.modules.demo.test.entity.JeecgDemo,java.lang.Integer,java.lang.Integer,javax.servlet.http.HttpServletRequest)>/pageNo}
VarNode{<org.jeecg.modules.system.controller.SysTenantController: org.jeecg.common.api.vo.Result queryPageList(org.jeecg.modules.system.entity.SysTenant,java.lang.Integer,java.lang.Integer,javax.servlet.http.HttpServletRequest)>/pageNo}
VarNode{<org.jeecg.modules.api.controller.SystemAPIController: java.util.List queryPermissionDataRule(java.lang.String,java.lang.String,java.lang.String)>/requestPath}
VarNode{<org.jeecg.modules.system.controller.SysUserController: org.jeecg.common.api.vo.Result queryByOrgCodeForAddressList(java.lang.Integer,java.lang.Integer,java.lang.String,org.jeecg.modules.system.entity.SysUser)>/pageSize}
VarNode{<org.jeecg.modules.demo.test.controller.JeecgDemoController: org.jeecg.common.api.vo.Result queryById(java.lang.String)>/id}
VarNode{<org.jeecg.modules.demo.test.controller.JoaDemoController: org.jeecg.common.api.vo.Result edit(org.jeecg.modules.demo.test.entity.JoaDemo)>/joaDemo}
VarNode{<org.jeecg.modules.api.controller.SystemAPIController: java.util.List queryEnableDictItemsByCode(java.lang.String)>/code}
VarNode{<org.jeecg.modules.demo.mock.vxe.controller.VxeMockController: org.jeecg.common.api.vo.Result getMockDdjhData(org.jeecg.modules.demo.mock.vxe.entity.MockEntity,java.lang.Integer,java.lang.Integer,java.lang.String,java.lang.String,java.lang.String,java.lang.String,javax.servlet.http.HttpServletRequest)>/superQueryParams}
VarNode{<org.jeecg.modules.system.controller.SysUserController: org.jeecg.common.api.vo.Result deleteRecycleBin(java.lang.String)>/userIds}
VarNode{<org.jeecg.modules.system.controller.SysUserOnlineController: org.jeecg.common.api.vo.Result list(java.lang.String,java.lang.Integer,java.lang.Integer)>/pageNo}
VarNode{<org.jeecg.modules.demo.mock.vxe.controller.VxeMockController: org.jeecg.common.api.vo.Result mockImmediateSaveRow(com.alibaba.fastjson.JSONObject)>/rowData}
VarNode{<org.jeecg.modules.system.controller.SysUserController: org.jeecg.common.api.vo.Result queryByDepartId(java.lang.Integer,java.lang.Integer,java.lang.String,org.jeecg.modules.system.entity.SysUser)>/orgCode}
VarNode{<org.jeecg.modules.system.controller.SysDictController: org.jeecg.common.api.vo.Result loadTreeData(java.lang.String,java.lang.String,java.lang.String,java.lang.String,java.lang.String,java.lang.String,java.lang.String,java.lang.String,javax.servlet.http.HttpServletRequest)>/condition}
VarNode{<org.jeecg.modules.api.controller.SystemAPIController: com.alibaba.fastjson.JSONObject queryAllUser(java.lang.String,java.lang.Integer,int)>/userIds}
VarNode{<org.jeecg.modules.system.controller.SysUserController: org.jeecg.common.api.vo.Result appUserList(java.lang.String,java.lang.String,java.lang.Integer,java.lang.Integer,java.lang.String)>/pageSize}
VarNode{<org.jeecg.modules.system.controller.SysUserAgentController: org.jeecg.common.api.vo.Result delete(java.lang.String)>/id}
VarNode{<org.jeecg.modules.system.controller.SysAnnouncementController: org.jeecg.common.api.vo.Result syncNotic(java.lang.String,javax.servlet.http.HttpServletRequest)>/anntId}
VarNode{<org.jeecg.modules.system.controller.SysDepartRoleController: org.jeecg.common.api.vo.Result deleteBatch(java.lang.String)>/ids}
VarNode{<org.jeecg.modules.api.controller.SystemAPIController: java.util.List queryTableDictByKeys(java.lang.String,java.lang.String,java.lang.String,java.lang.String[])>/keyArray}
VarNode{<org.jeecg.modules.api.controller.SystemAPIController: java.util.List loadDictItemByKeyword(java.lang.String,java.lang.String,java.lang.Integer)>/pageSize}
VarNode{<org.jeecg.modules.system.controller.SysAnnouncementController: org.jeecg.common.api.vo.Result queryPageList(org.jeecg.modules.system.entity.SysAnnouncement,java.lang.Integer,java.lang.Integer,javax.servlet.http.HttpServletRequest)>/pageSize}
VarNode{<org.jeecg.modules.system.controller.SysDepartController: org.jeecg.common.api.vo.Result deleteBatch(java.lang.String)>/ids}
VarNode{<org.jeecg.modules.system.controller.SysDepartRoleController: org.jeecg.common.api.vo.Result saveDatarule(com.alibaba.fastjson.JSONObject)>/jsonObject}
VarNode{<org.jeecg.modules.api.controller.SystemAPIController: java.lang.String getDepartIdsByOrgCode(java.lang.String)>/orgCode}
VarNode{<org.jeecg.modules.system.controller.SysDictController: org.jeecg.common.api.vo.Result loadTreeData(java.lang.String,java.lang.String,java.lang.String,java.lang.String,java.lang.String,java.lang.String,java.lang.String,java.lang.String,javax.servlet.http.HttpServletRequest)>/text}
VarNode{<org.jeecg.modules.demo.test.controller.JeecgOrderTabMainController: org.jeecg.common.api.vo.Result addTicket(org.jeecg.modules.demo.test.entity.JeecgOrderTicket)>/jeecgOrderTicket}
VarNode{<org.jeecg.modules.dlglong.controller.DlMockController: org.jeecg.common.api.vo.Result mockChange1(java.lang.String,java.lang.String)>/id}
VarNode{<org.jeecg.modules.system.controller.SysDepartPermissionController: org.jeecg.common.api.vo.Result queryDeptRolePermission(java.lang.String)>/roleId}
VarNode{<org.jeecg.modules.api.controller.SystemAPIController: java.util.List queryTableDictItemsByCode(java.lang.String,java.lang.String,java.lang.String)>/text}
VarNode{<org.jeecg.modules.api.controller.SystemAPIController: java.lang.String translateDict(java.lang.String,java.lang.String)>/code}
VarNode{<org.jeecg.modules.system.controller.SysDepartRoleController: org.jeecg.common.api.vo.Result queryPageList(org.jeecg.modules.system.entity.SysDepartRole,java.lang.Integer,java.lang.Integer,java.lang.String,javax.servlet.http.HttpServletRequest)>/pageNo}
VarNode{<org.jeecg.modules.system.controller.SysPermissionController: org.jeecg.common.api.vo.Result queryAsync(java.lang.String)>/parentId}
VarNode{<org.jeecg.modules.system.controller.SysPositionController: org.jeecg.common.api.vo.Result edit(org.jeecg.modules.system.entity.SysPosition)>/sysPosition}
VarNode{<org.jeecg.modules.demo.test.controller.JeecgOrderMainController: org.jeecg.common.api.vo.Result queryPageList(org.jeecg.modules.demo.test.entity.JeecgOrderMain,java.lang.Integer,java.lang.Integer,javax.servlet.http.HttpServletRequest)>/pageNo}
VarNode{<org.jeecg.modules.demo.test.controller.JeecgOrderMainController: org.jeecg.common.api.vo.Result deleteBatch(java.lang.String)>/ids}
VarNode{<org.jeecg.modules.system.controller.SysDepartRoleController: org.jeecg.common.api.vo.Result getDeptRoleByUserId(java.lang.String,java.lang.String)>/departId}
VarNode{<org.jeecg.modules.system.controller.SysDepartRoleController: org.jeecg.common.api.vo.Result deptRoleAdd(com.alibaba.fastjson.JSONObject)>/json}
VarNode{<org.jeecg.modules.system.controller.SysUserController: org.jeecg.common.api.vo.Result frozenBatch(com.alibaba.fastjson.JSONObject)>/jsonObject}
VarNode{<org.jeecg.modules.system.controller.SysUserController: org.jeecg.common.api.vo.Result appUserList(java.lang.String,java.lang.String,java.lang.Integer,java.lang.Integer,java.lang.String)>/keyword}
VarNode{<org.jeecg.modules.quartz.service.impl.QuartzJobServiceImpl: void execute(org.jeecg.modules.quartz.entity.QuartzJob)>/$r5}
VarNode{<org.jeecg.modules.system.controller.SysCategoryController: org.jeecg.common.api.vo.Result loadDictItem(java.lang.String,boolean)>/ids}
VarNode{<org.jeecg.modules.system.controller.ThirdAppController: org.jeecg.common.api.vo.Result syncDingtalkUserToLocal(java.lang.String)>/ids}
VarNode{<org.jeecg.modules.dlglong.controller.DlMockController: org.jeecg.common.api.vo.Result getMockDdjhData(org.jeecg.modules.dlglong.entity.MockEntity,java.lang.Integer,java.lang.Integer,java.lang.String,java.lang.String,java.lang.String,java.lang.String,javax.servlet.http.HttpServletRequest)>/pageSize}
VarNode{<org.jeecg.modules.system.controller.SysCheckRuleController: org.jeecg.common.api.vo.Result edit(org.jeecg.modules.system.entity.SysCheckRule)>/sysCheckRule}
VarNode{<org.jeecg.modules.message.websocket.TestSocketController: org.jeecg.common.api.vo.Result sendAll(com.alibaba.fastjson.JSONObject)>/jsonObject}
VarNode{<org.jeecg.modules.api.controller.SystemAPIController: java.util.List queryPermissionDataRule(java.lang.String,java.lang.String,java.lang.String)>/username}
VarNode{<org.jeecg.modules.system.controller.SysTenantController: org.jeecg.common.api.vo.Result queryPageList(org.jeecg.modules.system.entity.SysTenant,java.lang.Integer,java.lang.Integer,javax.servlet.http.HttpServletRequest)>/pageSize}
VarNode{<org.jeecg.modules.system.controller.SysAnnouncementController: org.springframework.web.servlet.ModelAndView showContent(org.springframework.web.servlet.ModelAndView,java.lang.String,javax.servlet.http.HttpServletRequest)>/id}
VarNode{<org.jeecg.modules.system.controller.SysDictItemController: org.jeecg.common.api.vo.Result queryPageList(org.jeecg.modules.system.entity.SysDictItem,java.lang.Integer,java.lang.Integer,javax.servlet.http.HttpServletRequest)>/pageSize}
VarNode{<org.jeecg.modules.system.controller.SysPermissionController: org.jeecg.common.api.vo.Result delete(java.lang.String)>/id}
VarNode{<org.jeecg.modules.system.controller.SysTenantController: org.jeecg.common.api.vo.Result queryById(java.lang.String)>/id}
VarNode{<org.jeecg.modules.system.controller.SysFillRuleController: org.jeecg.common.api.vo.Result executeByRuleCodeBatch(com.alibaba.fastjson.JSONObject)>/ruleData}
VarNode{<org.jeecg.modules.system.controller.SysCategoryController: org.jeecg.common.api.vo.Result loadDict(java.lang.String,java.lang.String,java.lang.String)>/pcode}
VarNode{<org.jeecg.modules.system.controller.SysFillRuleController: org.jeecg.common.api.vo.Result queryPageList(org.jeecg.modules.system.entity.SysFillRule,java.lang.Integer,java.lang.Integer,javax.servlet.http.HttpServletRequest)>/pageNo}
VarNode{<org.jeecg.modules.system.controller.SysDepartController: org.jeecg.common.api.vo.Result searchBy(java.lang.String,java.lang.String)>/myDeptSearch}
VarNode{<org.jeecg.modules.system.controller.SysAnnouncementSendController: org.jeecg.common.api.vo.Result queryPageList(org.jeecg.modules.system.entity.SysAnnouncementSend,java.lang.Integer,java.lang.Integer,javax.servlet.http.HttpServletRequest)>/pageNo}
VarNode{<org.jeecg.modules.dlglong.controller.DlMockController: org.jeecg.common.api.vo.Result mockChange2(java.lang.String,java.lang.String)>/tug_status}
VarNode{<org.jeecg.modules.demo.test.controller.JeecgOrderMainController: org.jeecg.common.api.vo.Result queryOrderCustomerListByMainId(java.lang.String)>/id}
VarNode{<org.jeecg.modules.dlglong.controller.DlMockController: org.jeecg.common.api.vo.Result mockChange1(java.lang.String,java.lang.String)>/status}
VarNode{<org.jeecg.modules.message.controller.SysMessageTemplateController: org.jeecg.common.api.vo.Result deleteBatch(java.lang.String)>/ids}
VarNode{<org.jeecg.modules.demo.test.controller.JeecgOrderTabMainController: org.jeecg.common.api.vo.Result edit(org.jeecg.modules.demo.test.vo.JeecgOrderMainPage)>/jeecgOrderMainPage}
VarNode{<org.jeecg.modules.system.controller.SysUserController: org.jeecg.common.api.vo.Result phoneVerification(com.alibaba.fastjson.JSONObject)>/jsonObject}
VarNode{<org.jeecg.modules.system.controller.SysUserController: org.jeecg.common.api.vo.Result departUserList(java.lang.Integer,java.lang.Integer,javax.servlet.http.HttpServletRequest)>/pageNo}
VarNode{<org.jeecg.modules.system.controller.SysUserController: org.jeecg.common.api.vo.Result queryChildrenByUsername(java.lang.String)>/userId}
VarNode{<org.jeecg.modules.quartz.controller.QuartzJobController: org.jeecg.common.api.vo.Result eidt(org.jeecg.modules.quartz.entity.QuartzJob)>/quartzJob}
VarNode{<org.jeecg.modules.message.controller.SysMessageTemplateController: org.jeecg.common.api.vo.Result delete(java.lang.String)>/id}
VarNode{<org.jeecg.modules.system.controller.SysPermissionController: org.jeecg.common.api.vo.Result getSystemSubmenu(java.lang.String)>/parentId}
VarNode{<org.jeecg.modules.system.controller.SysDataSourceController: org.jeecg.common.api.vo.Result queryPageList(org.jeecg.modules.system.entity.SysDataSource,java.lang.Integer,java.lang.Integer,javax.servlet.http.HttpServletRequest)>/pageNo}
VarNode{<org.jeecg.modules.demo.test.controller.JoaDemoController: org.jeecg.common.api.vo.Result add(org.jeecg.modules.demo.test.entity.JoaDemo)>/joaDemo}
VarNode{<org.jeecg.modules.system.controller.SysGatewayRouteController: org.jeecg.common.api.vo.Result delete(java.lang.String)>/id}
VarNode{<org.jeecg.modules.api.controller.SystemAPIController: void updateSysAnnounReadFlag(java.lang.String,java.lang.String)>/busType}
VarNode{<org.jeecg.modules.demo.mock.vxe.controller.VxeMockController: org.jeecg.common.api.vo.Result getMockDdjhData(org.jeecg.modules.demo.mock.vxe.entity.MockEntity,java.lang.Integer,java.lang.Integer,java.lang.String,java.lang.String,java.lang.String,java.lang.String,javax.servlet.http.HttpServletRequest)>/superQueryMatchType}
VarNode{<org.jeecg.modules.api.controller.SystemAPIController: org.jeecg.common.system.vo.LoginUser getUserByName(java.lang.String)>/username}
VarNode{<org.jeecg.modules.system.controller.SysDictController: org.jeecg.common.api.vo.Result queryTableData(org.jeecg.common.system.vo.DictQuery,java.lang.Integer,java.lang.Integer,java.lang.String,javax.servlet.http.HttpServletRequest)>/pageNo}
VarNode{<org.jeecg.modules.system.controller.SysDictController: org.jeecg.common.api.vo.Result loadDict(java.lang.String,java.lang.String,java.lang.String,java.lang.Integer)>/sign}
VarNode{<org.jeecg.modules.api.controller.SystemAPIController: java.util.List queryFilterTableDictInfo(java.lang.String,java.lang.String,java.lang.String,java.lang.String)>/table}
VarNode{<org.jeecg.modules.system.controller.SysCheckRuleController: org.jeecg.common.api.vo.Result checkByCode(java.lang.String,java.lang.String)>/value}
VarNode{<org.jeecg.modules.system.controller.SysTenantController: org.jeecg.common.api.vo.Result queryList(java.lang.String)>/ids}
VarNode{<org.jeecg.modules.system.controller.SysAnnouncementController: org.jeecg.common.api.vo.Result doReleaseData(java.lang.String,javax.servlet.http.HttpServletRequest)>/id}
VarNode{<org.jeecg.modules.system.controller.SysCheckRuleController: org.jeecg.common.api.vo.Result delete(java.lang.String)>/id}
VarNode{<org.jeecg.modules.demo.test.controller.JeecgOrderTabMainController: org.jeecg.common.api.vo.Result deleteBatchTicket(java.lang.String)>/ids}
VarNode{<org.jeecg.modules.demo.test.controller.JeecgOrderMainController: org.jeecg.common.api.vo.Result queryById(java.lang.String)>/id}
VarNode{<org.jeecg.modules.system.controller.SysUserOnlineController: org.jeecg.common.api.vo.Result list(java.lang.String,java.lang.Integer,java.lang.Integer)>/username}
VarNode{<org.jeecg.modules.api.controller.SystemAPIController: java.util.List getRoleIdsByUsername(java.lang.String)>/username}
VarNode{<org.jeecg.modules.system.controller.SysDepartController: org.jeecg.common.api.vo.Result searchBy(java.lang.String,java.lang.String)>/keyWord}
VarNode{<org.jeecg.modules.system.controller.SysCategoryController: org.jeecg.common.api.vo.Result loadTreeRoot(java.lang.Boolean,java.lang.String)>/async}
VarNode{<org.jeecg.modules.system.controller.LoginController: org.jeecg.common.api.vo.Result mLogin(org.jeecg.modules.system.model.SysLoginModel)>/sysLoginModel}
VarNode{<org.jeecg.modules.message.controller.SysMessageController: org.jeecg.common.api.vo.Result delete(java.lang.String)>/id}
VarNode{<org.jeecg.modules.message.controller.SysMessageTemplateController: org.jeecg.common.api.vo.Result queryById(java.lang.String)>/id}
VarNode{<org.jeecg.modules.system.controller.SysDepartRoleController: org.jeecg.common.api.vo.Result queryPageList(org.jeecg.modules.system.entity.SysDepartRole,java.lang.Integer,java.lang.Integer,java.lang.String,javax.servlet.http.HttpServletRequest)>/pageSize}
VarNode{<org.jeecg.modules.api.controller.SystemAPIController: void sendEmailMsg(java.lang.String,java.lang.String,java.lang.String)>/email}
VarNode{<org.jeecg.modules.dlglong.controller.DlMockController: org.jeecg.common.api.vo.Result getMockDdjhData(org.jeecg.modules.dlglong.entity.MockEntity,java.lang.Integer,java.lang.Integer,java.lang.String,java.lang.String,java.lang.String,java.lang.String,javax.servlet.http.HttpServletRequest)>/status}
VarNode{<org.jeecg.modules.system.controller.SysUserController: org.jeecg.common.api.vo.Result queryPageList(org.jeecg.modules.system.entity.SysUser,java.lang.Integer,java.lang.Integer,javax.servlet.http.HttpServletRequest)>/pageSize}
VarNode{<org.jeecg.modules.system.controller.SysDictController: org.jeecg.common.api.vo.Result loadDictItem(java.lang.String,java.lang.String,java.lang.String,boolean,javax.servlet.http.HttpServletRequest)>/delNotExist}
VarNode{<org.jeecg.modules.api.controller.SystemAPIController: java.util.List getRolesByUsername(java.lang.String)>/username}
VarNode{<org.jeecg.modules.system.controller.SysRoleController: org.jeecg.common.api.vo.Result queryPageList(org.jeecg.modules.system.entity.SysRole,java.lang.Integer,java.lang.Integer,javax.servlet.http.HttpServletRequest)>/pageNo}
VarNode{<org.jeecg.modules.system.controller.SysPositionController: org.jeecg.common.api.vo.Result queryPageList(org.jeecg.modules.system.entity.SysPosition,java.lang.Integer,java.lang.Integer,javax.servlet.http.HttpServletRequest)>/pageNo}
VarNode{<org.jeecg.modules.demo.test.controller.JeecgOrderTabMainController: org.jeecg.common.api.vo.Result queryById(java.lang.String)>/id}
VarNode{<org.jeecg.modules.system.controller.ThirdLoginController: org.jeecg.common.api.vo.Result getThirdLoginUser(java.lang.String,java.lang.String)>/token}
VarNode{<org.jeecg.modules.system.controller.SysUserController: org.jeecg.common.api.vo.Result editSysDepartWithUser(org.jeecg.modules.system.vo.SysDepartUsersVO)>/sysDepartUsersVO}
VarNode{<org.jeecg.modules.system.controller.SysUserController: org.jeecg.common.api.vo.Result updatePassword(com.alibaba.fastjson.JSONObject)>/json}
VarNode{<org.jeecg.modules.system.controller.SysUserController: org.jeecg.common.api.vo.Result queryByIds(java.lang.String)>/userIds}
VarNode{<org.jeecg.modules.message.controller.SysMessageController: org.jeecg.common.api.vo.Result queryPageList(org.jeecg.modules.message.entity.SysMessage,java.lang.Integer,java.lang.Integer,javax.servlet.http.HttpServletRequest)>/pageNo}
VarNode{<org.jeecg.modules.system.controller.SysUserController: org.jeecg.common.api.vo.Result appQueryByDepartId(java.lang.String)>/departId}
VarNode{<org.jeecg.modules.system.controller.SysDepartPermissionController: org.jeecg.common.api.vo.Result queryPageList(org.jeecg.modules.system.entity.SysDepartPermission,java.lang.Integer,java.lang.Integer,javax.servlet.http.HttpServletRequest)>/pageSize}
VarNode{<org.jeecg.modules.system.controller.ThirdLoginController: java.lang.String oauth2LoginCallback(java.lang.String,java.lang.String,java.lang.String,java.lang.String,javax.servlet.http.HttpServletResponse)>/code}
VarNode{<org.jeecg.modules.system.controller.ThirdLoginController: org.jeecg.common.api.vo.Result bindingThirdPhone(com.alibaba.fastjson.JSONObject)>/jsonObject}
VarNode{<org.jeecg.modules.demo.test.controller.JeecgDemoController: org.jeecg.common.api.vo.Result loadMpPermissonList(java.lang.Integer,java.lang.Integer,javax.servlet.http.HttpServletRequest)>/pageSize}
VarNode{<org.jeecg.modules.system.controller.SysAnnouncementSendController: org.jeecg.common.api.vo.Result editById(com.alibaba.fastjson.JSONObject)>/json}
VarNode{<org.jeecg.modules.system.controller.SysDictController: org.jeecg.common.api.vo.Result edit(org.jeecg.modules.system.entity.SysDict)>/sysDict}
VarNode{<org.jeecg.modules.system.controller.SysDictController: org.jeecg.common.api.vo.Result loadTreeData(java.lang.String,java.lang.String,java.lang.String,java.lang.String,java.lang.String,java.lang.String,java.lang.String,java.lang.String,javax.servlet.http.HttpServletRequest)>/hasChildField}
VarNode{<org.jeecg.modules.system.controller.ThirdLoginController: java.lang.String oauth2LoginCallback(java.lang.String,java.lang.String,java.lang.String,java.lang.String,javax.servlet.http.HttpServletResponse)>/source}
VarNode{<org.jeecg.modules.system.controller.SysUserController: org.jeecg.common.api.vo.Result getUserSectionInfoByToken(javax.servlet.http.HttpServletRequest,java.lang.String)>/token}
VarNode{<org.jeecg.modules.system.controller.SysRoleController: org.jeecg.common.api.vo.Result add(org.jeecg.modules.system.entity.SysRole)>/role}
VarNode{<org.jeecg.modules.system.controller.SysUserAgentController: org.jeecg.common.api.vo.Result queryByUserName(java.lang.String)>/userName}
VarNode{<org.jeecg.modules.system.controller.SysCategoryController: org.jeecg.common.api.vo.Result loadOne(java.lang.String,java.lang.String)>/field}
VarNode{<org.jeecg.modules.system.controller.ThirdAppController: org.jeecg.common.api.vo.Result syncWechatEnterpriseUserToApp(java.lang.String)>/ids}
VarNode{<org.jeecg.modules.system.controller.ThirdLoginController: void render(java.lang.String,javax.servlet.http.HttpServletResponse)>/source}
VarNode{<org.jeecg.modules.system.controller.SysAnnouncementController: org.jeecg.common.api.vo.Result queryPageList(org.jeecg.modules.system.entity.SysAnnouncement,java.lang.Integer,java.lang.Integer,javax.servlet.http.HttpServletRequest)>/pageNo}
VarNode{<org.jeecg.modules.system.controller.SysDataSourceController: org.jeecg.common.api.vo.Result add(org.jeecg.modules.system.entity.SysDataSource)>/sysDataSource}
VarNode{<org.jeecg.modules.system.controller.SysGatewayRouteController: org.jeecg.common.api.vo.Result updateAll(com.alibaba.fastjson.JSONObject)>/json}
VarNode{<org.jeecg.modules.system.controller.SysDictItemController: org.jeecg.common.api.vo.Result deleteBatch(java.lang.String)>/ids}
VarNode{<org.jeecg.modules.system.controller.SysPermissionController: org.jeecg.common.api.vo.Result saveDepartPermission(com.alibaba.fastjson.JSONObject)>/json}
VarNode{<org.jeecg.modules.system.controller.SysDepartPermissionController: org.jeecg.common.api.vo.Result add(org.jeecg.modules.system.entity.SysDepartPermission)>/sysDepartPermission}
VarNode{<org.jeecg.modules.api.controller.SystemAPIController: org.jeecg.common.system.vo.DynamicDataSourceModel getDynamicDbSourceByCode(java.lang.String)>/dbSourceCode}
VarNode{<org.jeecg.modules.api.controller.SystemAPIController: java.lang.String translateDictFromTable(java.lang.String,java.lang.String,java.lang.String,java.lang.String)>/code}
VarNode{<org.jeecg.modules.system.controller.SysDepartController: org.jeecg.common.api.vo.Result edit(org.jeecg.modules.system.entity.SysDepart,javax.servlet.http.HttpServletRequest)>/sysDepart}
Sink nodes:
VarNode{<org.jeecg.modules.system.service.impl.SysPermissionServiceImpl: java.util.List queryListByParentId(java.lang.String)>/parentId}
VarNode{<org.jeecg.modules.system.service.impl.SysDictServiceImpl: java.util.List queryDictItemsByCode(java.lang.String)>/code}
VarNode{<org.jeecg.modules.system.service.impl.SysUserServiceImpl: java.util.Set getUserPermissionsSet(java.lang.String)>/username}
Dumping /Users/yuntsy/My/Projects/Java/WebAnalyzer/output/taint-flow-graph.dot
TFGDumper finishes, elapsed time: 0.07s
-------------- Pointer analysis statistics: --------------
#var pointers:                1,2089 (insens) / 1,2089 (sens)
#objects:                     6307 (insens) / 6307 (sens)
#var points-to:               1,1160 (insens) / 1,1163 (sens)
#static field points-to:      141 (sens)
#instance field points-to:    9176 (sens)
#array points-to:             70 (sens)
#reachable methods:           1464 (insens) / 1464 (sens)
#call graph edges:            4650 (insens) / 4650 (sens)
----------------------------------------
pta finishes, elapsed time: 0.48s
cg starts ...
Call graph has 1464 reachable methods and 4650 edges
Dumping call graph to /Users/yuntsy/My/Projects/Java/WebAnalyzer/output/call-graph.dot
Dumping reachable methods to /Users/yuntsy/My/Projects/Java/WebAnalyzer/output/reachable-methods.txt
Dumping call edges to /Users/yuntsy/My/Projects/Java/WebAnalyzer/output/call-edges.txt
cg finishes, elapsed time: 0.13s
Tai-e finishes, elapsed time: 4.86s
