Writing log to /Users/yuntsy/My/Projects/Java/WebAnalyzer/output/tai-e.log
java.version: 17.0.11
java.version.date: 2024-04-16
java.runtime.version: 17.0.11+7-LTS-207
java.vendor: Oracle Corporation
java.vendor.version: null
os.name: Mac OS X
os.version: 26.3
os.arch: aarch64
Tai-e Version: 0.5.1
Manifest does not contain Tai-e commit information
Tai-e Commit: Unknown
Writing analysis plan to /Users/yuntsy/My/Projects/Java/WebAnalyzer/output/tai-e-plan.yml
WorldBuilder starts ...
Warning: main class was not given!
27754 classes with 254135 methods in the world
WorldBuilder finishes, elapsed time: 23.71s
ir-dumper starts ...
Dumping IR in /Users/yuntsy/My/Projects/Java/WebAnalyzer/output/tir
13758 classes in scope (APP) of class analyses
ir-dumper finishes, elapsed time: 12.77s
routerAnalysis starts ...
Router analysis started at: 2026-02-28 21:32:32
Router analysis completed at: 2026-02-28 21:32:32 (Duration: 9ms)
routerAnalysis finishes, elapsed time: 0.01s
beanAnalysis starts ...
beanAnalysis finishes, elapsed time: 0.01s
injectPointsAnalysis starts ...
injectPointsAnalysis finishes, elapsed time: 0.00s
aspectAnalysis starts ...
Starting AOP aspect analysis...
aspectAnalysis finishes, elapsed time: 0.00s
resultAnalysis starts ...
============================================================
                 Spring Analysis Result Summary             
============================================================
Router Methods (Endpoints)     : 319
Spring Beans                   : 175
Aspect Methods (Advice)        : 0
============================================================
resultAnalysis finishes, elapsed time: 0.00s
srfaAnalysis starts ...
SRFA Analysis started at: 2026-02-28 21:32:32
Loaded 29 controller classes from RouterAnalysis
Discovering mapper paths from 16 appClassPath entries
Auto-discovered 34 mapper path(s)
  - /Users/yuntsy/My/Graduate/Data/final/jshERP/jshERP-boot/src/main/resources
  - /Users/yuntsy/My/Graduate/Data/final/jshERP/jshERP-boot/src/main/resources/mapper_xml
  - /var/folders/n9/gm62bg6x77xgx7pk8ttb_v640000gn/T/srfa-mapper-cache/jakarta_servlet-api-4_0_4_1592488715000/META-INF/maven/jakarta.servlet/jakarta.servlet-api
  - /var/folders/n9/gm62bg6x77xgx7pk8ttb_v640000gn/T/srfa-mapper-cache/javax_servlet-api-4_0_1_1532351392000/META-INF/maven/javax.servlet/javax.servlet-api
  - /var/folders/n9/gm62bg6x77xgx7pk8ttb_v640000gn/T/srfa-mapper-cache/spring-web-6_2_1_1733996318000/META-INF
  - /var/folders/n9/gm62bg6x77xgx7pk8ttb_v640000gn/T/srfa-mapper-cache/spring-jdbc-6_2_0_1731602316000/org/springframework/jdbc/support
  - /var/folders/n9/gm62bg6x77xgx7pk8ttb_v640000gn/T/srfa-mapper-cache/jakarta_servlet-api-6_0_0_1720887509497/META-INF/maven/jakarta.servlet/jakarta.servlet-api
  - /var/folders/n9/gm62bg6x77xgx7pk8ttb_v640000gn/T/srfa-mapper-cache/spring-context-6_2_0_1731602337000/org/springframework/remoting/rmi
  - /var/folders/n9/gm62bg6x77xgx7pk8ttb_v640000gn/T/srfa-mapper-cache/mybatis-3_4_6_1520782006000/META-INF/maven/ognl/ognl
  - /var/folders/n9/gm62bg6x77xgx7pk8ttb_v640000gn/T/srfa-mapper-cache/mybatis-3_4_6_1520782006000/META-INF/maven/org.javassist/javassist
  - /var/folders/n9/gm62bg6x77xgx7pk8ttb_v640000gn/T/srfa-mapper-cache/mybatis-3_4_6_1520782006000/META-INF/maven/org.mybatis/mybatis
  - /var/folders/n9/gm62bg6x77xgx7pk8ttb_v640000gn/T/srfa-mapper-cache/tomcat-catalina-10_1_18_1704467231000/org/apache/catalina
  - /var/folders/n9/gm62bg6x77xgx7pk8ttb_v640000gn/T/srfa-mapper-cache/tomcat-catalina-10_1_18_1704467231000/org/apache/catalina/core
  - /var/folders/n9/gm62bg6x77xgx7pk8ttb_v640000gn/T/srfa-mapper-cache/tomcat-catalina-10_1_18_1704467231000/org/apache/catalina/valves
  - /var/folders/n9/gm62bg6x77xgx7pk8ttb_v640000gn/T/srfa-mapper-cache/tomcat-catalina-10_1_18_1704467231000/org/apache/catalina/valves/rewrite
  - /var/folders/n9/gm62bg6x77xgx7pk8ttb_v640000gn/T/srfa-mapper-cache/tomcat-catalina-10_1_18_1704467231000/org/apache/catalina/mbeans
  - /var/folders/n9/gm62bg6x77xgx7pk8ttb_v640000gn/T/srfa-mapper-cache/tomcat-catalina-10_1_18_1704467231000/org/apache/catalina/deploy
  - /var/folders/n9/gm62bg6x77xgx7pk8ttb_v640000gn/T/srfa-mapper-cache/tomcat-catalina-10_1_18_1704467231000/org/apache/catalina/mapper
  - /var/folders/n9/gm62bg6x77xgx7pk8ttb_v640000gn/T/srfa-mapper-cache/tomcat-catalina-10_1_18_1704467231000/org/apache/catalina/webresources
  - /var/folders/n9/gm62bg6x77xgx7pk8ttb_v640000gn/T/srfa-mapper-cache/tomcat-catalina-10_1_18_1704467231000/org/apache/catalina/loader
  - /var/folders/n9/gm62bg6x77xgx7pk8ttb_v640000gn/T/srfa-mapper-cache/tomcat-catalina-10_1_18_1704467231000/org/apache/catalina/users
  - /var/folders/n9/gm62bg6x77xgx7pk8ttb_v640000gn/T/srfa-mapper-cache/tomcat-catalina-10_1_18_1704467231000/org/apache/catalina/connector
  - /var/folders/n9/gm62bg6x77xgx7pk8ttb_v640000gn/T/srfa-mapper-cache/tomcat-catalina-10_1_18_1704467231000/org/apache/catalina/authenticator
  - /var/folders/n9/gm62bg6x77xgx7pk8ttb_v640000gn/T/srfa-mapper-cache/tomcat-catalina-10_1_18_1704467231000/org/apache/catalina/startup
  - /var/folders/n9/gm62bg6x77xgx7pk8ttb_v640000gn/T/srfa-mapper-cache/tomcat-catalina-10_1_18_1704467231000/org/apache/catalina/realm
  - /var/folders/n9/gm62bg6x77xgx7pk8ttb_v640000gn/T/srfa-mapper-cache/tomcat-catalina-10_1_18_1704467231000/org/apache/catalina/session
  - /var/folders/n9/gm62bg6x77xgx7pk8ttb_v640000gn/T/srfa-mapper-cache/mybatis-3_5_15_1702536962000/META-INF/maven/ognl/ognl
  - /var/folders/n9/gm62bg6x77xgx7pk8ttb_v640000gn/T/srfa-mapper-cache/mybatis-3_5_15_1702536962000/META-INF/maven/org.javassist/javassist
  - /var/folders/n9/gm62bg6x77xgx7pk8ttb_v640000gn/T/srfa-mapper-cache/mybatis-3_5_15_1702536962000/META-INF/maven/org.mybatis/mybatis
  - /var/folders/n9/gm62bg6x77xgx7pk8ttb_v640000gn/T/srfa-mapper-cache/shiro-web-1_13_0_1699061658000/META-INF/maven/org.apache.shiro/shiro-web
  - /var/folders/n9/gm62bg6x77xgx7pk8ttb_v640000gn/T/srfa-mapper-cache/shiro-core-1_13_0_1699061656000/META-INF/maven/org.apache.shiro/shiro-core
  - /var/folders/n9/gm62bg6x77xgx7pk8ttb_v640000gn/T/srfa-mapper-cache/quartz-2_3_2_1571857751000
  - /var/folders/n9/gm62bg6x77xgx7pk8ttb_v640000gn/T/srfa-mapper-cache/quartz-2_3_2_1571857751000/org/quartz/impl/jdbcjobstore
  - /var/folders/n9/gm62bg6x77xgx7pk8ttb_v640000gn/T/srfa-mapper-cache/quartz-2_3_2_1571857751000/META-INF/maven/org.quartz-scheduler/quartz
Using 34 mapper search path(s):
  - /Users/yuntsy/My/Graduate/Data/final/jshERP/jshERP-boot/src/main/resources
  - /Users/yuntsy/My/Graduate/Data/final/jshERP/jshERP-boot/src/main/resources/mapper_xml
  - /var/folders/n9/gm62bg6x77xgx7pk8ttb_v640000gn/T/srfa-mapper-cache/jakarta_servlet-api-4_0_4_1592488715000/META-INF/maven/jakarta.servlet/jakarta.servlet-api
  - /var/folders/n9/gm62bg6x77xgx7pk8ttb_v640000gn/T/srfa-mapper-cache/javax_servlet-api-4_0_1_1532351392000/META-INF/maven/javax.servlet/javax.servlet-api
  - /var/folders/n9/gm62bg6x77xgx7pk8ttb_v640000gn/T/srfa-mapper-cache/spring-web-6_2_1_1733996318000/META-INF
  - /var/folders/n9/gm62bg6x77xgx7pk8ttb_v640000gn/T/srfa-mapper-cache/spring-jdbc-6_2_0_1731602316000/org/springframework/jdbc/support
  - /var/folders/n9/gm62bg6x77xgx7pk8ttb_v640000gn/T/srfa-mapper-cache/jakarta_servlet-api-6_0_0_1720887509497/META-INF/maven/jakarta.servlet/jakarta.servlet-api
  - /var/folders/n9/gm62bg6x77xgx7pk8ttb_v640000gn/T/srfa-mapper-cache/spring-context-6_2_0_1731602337000/org/springframework/remoting/rmi
  - /var/folders/n9/gm62bg6x77xgx7pk8ttb_v640000gn/T/srfa-mapper-cache/mybatis-3_4_6_1520782006000/META-INF/maven/ognl/ognl
  - /var/folders/n9/gm62bg6x77xgx7pk8ttb_v640000gn/T/srfa-mapper-cache/mybatis-3_4_6_1520782006000/META-INF/maven/org.javassist/javassist
  - /var/folders/n9/gm62bg6x77xgx7pk8ttb_v640000gn/T/srfa-mapper-cache/mybatis-3_4_6_1520782006000/META-INF/maven/org.mybatis/mybatis
  - /var/folders/n9/gm62bg6x77xgx7pk8ttb_v640000gn/T/srfa-mapper-cache/tomcat-catalina-10_1_18_1704467231000/org/apache/catalina
  - /var/folders/n9/gm62bg6x77xgx7pk8ttb_v640000gn/T/srfa-mapper-cache/tomcat-catalina-10_1_18_1704467231000/org/apache/catalina/core
  - /var/folders/n9/gm62bg6x77xgx7pk8ttb_v640000gn/T/srfa-mapper-cache/tomcat-catalina-10_1_18_1704467231000/org/apache/catalina/valves
  - /var/folders/n9/gm62bg6x77xgx7pk8ttb_v640000gn/T/srfa-mapper-cache/tomcat-catalina-10_1_18_1704467231000/org/apache/catalina/valves/rewrite
  - /var/folders/n9/gm62bg6x77xgx7pk8ttb_v640000gn/T/srfa-mapper-cache/tomcat-catalina-10_1_18_1704467231000/org/apache/catalina/mbeans
  - /var/folders/n9/gm62bg6x77xgx7pk8ttb_v640000gn/T/srfa-mapper-cache/tomcat-catalina-10_1_18_1704467231000/org/apache/catalina/deploy
  - /var/folders/n9/gm62bg6x77xgx7pk8ttb_v640000gn/T/srfa-mapper-cache/tomcat-catalina-10_1_18_1704467231000/org/apache/catalina/mapper
  - /var/folders/n9/gm62bg6x77xgx7pk8ttb_v640000gn/T/srfa-mapper-cache/tomcat-catalina-10_1_18_1704467231000/org/apache/catalina/webresources
  - /var/folders/n9/gm62bg6x77xgx7pk8ttb_v640000gn/T/srfa-mapper-cache/tomcat-catalina-10_1_18_1704467231000/org/apache/catalina/loader
  - /var/folders/n9/gm62bg6x77xgx7pk8ttb_v640000gn/T/srfa-mapper-cache/tomcat-catalina-10_1_18_1704467231000/org/apache/catalina/users
  - /var/folders/n9/gm62bg6x77xgx7pk8ttb_v640000gn/T/srfa-mapper-cache/tomcat-catalina-10_1_18_1704467231000/org/apache/catalina/connector
  - /var/folders/n9/gm62bg6x77xgx7pk8ttb_v640000gn/T/srfa-mapper-cache/tomcat-catalina-10_1_18_1704467231000/org/apache/catalina/authenticator
  - /var/folders/n9/gm62bg6x77xgx7pk8ttb_v640000gn/T/srfa-mapper-cache/tomcat-catalina-10_1_18_1704467231000/org/apache/catalina/startup
  - /var/folders/n9/gm62bg6x77xgx7pk8ttb_v640000gn/T/srfa-mapper-cache/tomcat-catalina-10_1_18_1704467231000/org/apache/catalina/realm
  - /var/folders/n9/gm62bg6x77xgx7pk8ttb_v640000gn/T/srfa-mapper-cache/tomcat-catalina-10_1_18_1704467231000/org/apache/catalina/session
  - /var/folders/n9/gm62bg6x77xgx7pk8ttb_v640000gn/T/srfa-mapper-cache/mybatis-3_5_15_1702536962000/META-INF/maven/ognl/ognl
  - /var/folders/n9/gm62bg6x77xgx7pk8ttb_v640000gn/T/srfa-mapper-cache/mybatis-3_5_15_1702536962000/META-INF/maven/org.javassist/javassist
  - /var/folders/n9/gm62bg6x77xgx7pk8ttb_v640000gn/T/srfa-mapper-cache/mybatis-3_5_15_1702536962000/META-INF/maven/org.mybatis/mybatis
  - /var/folders/n9/gm62bg6x77xgx7pk8ttb_v640000gn/T/srfa-mapper-cache/shiro-web-1_13_0_1699061658000/META-INF/maven/org.apache.shiro/shiro-web
  - /var/folders/n9/gm62bg6x77xgx7pk8ttb_v640000gn/T/srfa-mapper-cache/shiro-core-1_13_0_1699061656000/META-INF/maven/org.apache.shiro/shiro-core
  - /var/folders/n9/gm62bg6x77xgx7pk8ttb_v640000gn/T/srfa-mapper-cache/quartz-2_3_2_1571857751000
  - /var/folders/n9/gm62bg6x77xgx7pk8ttb_v640000gn/T/srfa-mapper-cache/quartz-2_3_2_1571857751000/org/quartz/impl/jdbcjobstore
  - /var/folders/n9/gm62bg6x77xgx7pk8ttb_v640000gn/T/srfa-mapper-cache/quartz-2_3_2_1571857751000/META-INF/maven/org.quartz-scheduler/quartz
Parsed 116 MyBatis mapper files
Parsed 116 MyBatis mapper files
  Mapper namespace: com.jsh.erp.datasource.mappers.MaterialExtendMapperEx
    Operation: id=batchDeleteMaterialExtendByIds, type=update, hasDollar=false
    Operation: id=batchDeleteMaterialExtendByMIds, type=update, hasDollar=false
    Operation: id=specialUpdatePrice, type=update, hasDollar=false
    Operation: id=getDetailList, type=select, hasDollar=false
    Operation: id=getMaxTimeByTenantAndTime, type=select, hasDollar=false
    Operation: id=getListByMId, type=select, hasDollar=false
    Operation: id=getBasicInfoByMid, type=select, hasDollar=false
  Mapper namespace: com.jsh.erp.datasource.mappers.FunctionMapperEx
    Operation: id=batchDeleteFunctionByIds, type=update, hasDollar=false
    Operation: id=selectByConditionFunction, type=select, hasDollar=false
  Mapper namespace: com.jsh.erp.datasource.mappers.MaterialExtendMapper
    Operation: id=insert, type=insert, hasDollar=false
    Operation: id=insertSelective, type=insert, hasDollar=false
    Operation: id=updateByExampleSelective, type=update, hasDollar=false
    Operation: id=updateByExample, type=update, hasDollar=false
    Operation: id=updateByPrimaryKeySelective, type=update, hasDollar=false
    Operation: id=updateByPrimaryKey, type=update, hasDollar=false
    Operation: id=deleteByPrimaryKey, type=delete, hasDollar=false
    Operation: id=selectByExample, type=select, hasDollar=true
      Risky var: ${{orderByClause}}
    Operation: id=selectByPrimaryKey, type=select, hasDollar=false
  Mapper namespace: com.jsh.erp.datasource.mappers.DepotItemMapperEx
    Operation: id=batchInsert, type=insert, hasDollar=false
    Operation: id=batchDeleteDepotItemByDepotHeadIds, type=update, hasDollar=false
    Operation: id=batchDeleteDepotItemByIds, type=update, hasDollar=false
    Operation: id=selectByConditionDepotItem, type=select, hasDollar=false
    Operation: id=countsByDepotItem, type=select, hasDollar=false
    Operation: id=findDetailByDepotIdsAndMaterialIdList, type=select, hasDollar=false
    Operation: id=findDetailByDepotIdsAndMaterialIdCount, type=select, hasDollar=false
    Operation: id=getDetailList, type=select, hasDollar=false
    Operation: id=getBillDetailListByIds, type=select, hasDollar=false
    Operation: id=getInOutStock, type=select, hasDollar=false
    Operation: id=getInOutStockCount, type=select, hasDollar=false
    Operation: id=getListWithBuyOrSale, type=select, hasDollar=false
    Operation: id=getListWithBuyOrSaleCount, type=select, hasDollar=false
    Operation: id=buyOrSaleNumber, type=select, hasDollar=false
    Operation: id=buyOrSalePrice, type=select, hasDollar=false
    Operation: id=buyOrSalePriceTotal, type=select, hasDollar=false
    Operation: id=inOrOutPriceList, type=select, hasDollar=false
    Operation: id=getSkuStockCheckSumByDepotList, type=select, hasDollar=false
    Operation: id=getStockCheckSumByDepotList, type=select, hasDollar=false
    Operation: id=getSkuStockByParamWithDepotList, type=select, hasDollar=false
    Operation: id=getStockByParamWithDepotList, type=select, hasDollar=false
    Operation: id=findDepotItemListBydepotheadId, type=select, hasDollar=false
    Operation: id=getDepotItemListListByDepotIds, type=select, hasDollar=false
    Operation: id=getDepotItemListListByMaterialIds, type=select, hasDollar=false
    Operation: id=findStockWarningCount, type=select, hasDollar=false
    Operation: id=findStockWarningCountTotal, type=select, hasDollar=false
    Operation: id=getFinishNumber, type=select, hasDollar=false
    Operation: id=getRealFinishNumber, type=select, hasDollar=false
    Operation: id=getBatchNumberList, type=select, hasDollar=false
    Operation: id=getCountByMaterialAndDepot, type=select, hasDollar=false
    Operation: id=getLinkBillDetailMaterialSum, type=select, hasDollar=false
    Operation: id=getBatchBillDetailMaterialSum, type=select, hasDollar=false
    Operation: id=getCountByMaterialAndBatchNumber, type=select, hasDollar=false
    Operation: id=getDepotItemByBatchNumber, type=select, hasDollar=false
    Operation: id=getBillItemByParam, type=select, hasDollar=true
      Risky var: ${{barCodes}}
    Operation: id=getCurrentStockByParam, type=select, hasDollar=true
      Risky var: ${{depotId}}
      Risky var: ${{mId}}
    Operation: id=getLastUnitPriceByParam, type=select, hasDollar=false
  Mapper namespace: com.jsh.erp.datasource.mappers.UserBusinessMapperEx
    Operation: id=batchDeleteUserBusinessByIds, type=update, hasDollar=false
    Operation: id=updateValueByTypeAndKeyId, type=update, hasDollar=false
    Operation: id=getBasicDataByKeyIdAndType, type=select, hasDollar=false
    Operation: id=getUBKeyIdByTypeAndOneValue, type=select, hasDollar=false
    Operation: id=getOldListByType, type=select, hasDollar=false
  Mapper namespace: com.jsh.erp.datasource.mappers.DepotItemMapper
    Operation: id=insert, type=insert, hasDollar=false
    Operation: id=insertSelective, type=insert, hasDollar=false
    Operation: id=updateByExampleSelective, type=update, hasDollar=false
    Operation: id=updateByExample, type=update, hasDollar=false
    Operation: id=updateByPrimaryKeySelective, type=update, hasDollar=false
    Operation: id=updateByPrimaryKey, type=update, hasDollar=false
    Operation: id=deleteByPrimaryKey, type=delete, hasDollar=false
    Operation: id=selectByExample, type=select, hasDollar=true
      Risky var: ${{orderByClause}}
    Operation: id=selectByPrimaryKey, type=select, hasDollar=false
  Mapper namespace: com.jsh.erp.datasource.mappers.RoleMapperEx
    Operation: id=batchDeleteRoleByIds, type=update, hasDollar=false
    Operation: id=selectByConditionRole, type=select, hasDollar=false
    Operation: id=getRoleWithoutTenant, type=select, hasDollar=false
  Mapper namespace: com.jsh.erp.datasource.mappers.SerialNumberMapper
    Operation: id=insert, type=insert, hasDollar=false
    Operation: id=insertSelective, type=insert, hasDollar=false
    Operation: id=updateByExampleSelective, type=update, hasDollar=false
    Operation: id=updateByExample, type=update, hasDollar=false
    Operation: id=updateByPrimaryKeySelective, type=update, hasDollar=false
    Operation: id=updateByPrimaryKey, type=update, hasDollar=false
    Operation: id=deleteByPrimaryKey, type=delete, hasDollar=false
    Operation: id=selectByExample, type=select, hasDollar=true
      Risky var: ${{orderByClause}}
    Operation: id=selectByPrimaryKey, type=select, hasDollar=false
  Mapper namespace: com.jsh.erp.datasource.mappers.MaterialInitialStockMapper
    Operation: id=insert, type=insert, hasDollar=false
    Operation: id=insertSelective, type=insert, hasDollar=false
    Operation: id=updateByExampleSelective, type=update, hasDollar=false
    Operation: id=updateByExample, type=update, hasDollar=false
    Operation: id=updateByPrimaryKeySelective, type=update, hasDollar=false
    Operation: id=updateByPrimaryKey, type=update, hasDollar=false
    Operation: id=deleteByPrimaryKey, type=delete, hasDollar=false
    Operation: id=selectByExample, type=select, hasDollar=true
      Risky var: ${{orderByClause}}
    Operation: id=selectByPrimaryKey, type=select, hasDollar=false
  Mapper namespace: com.jsh.erp.datasource.mappers.PersonMapperEx
    Operation: id=batchDeletePersonByIds, type=update, hasDollar=false
    Operation: id=selectByConditionPerson, type=select, hasDollar=false
  Mapper namespace: com.jsh.erp.datasource.mappers.DepotMapperEx
    Operation: id=batchDeleteDepotByIds, type=update, hasDollar=false
    Operation: id=selectByConditionDepot, type=select, hasDollar=false
  Mapper namespace: com.jsh.erp.datasource.mappers.PlatformConfigMapperEx
    Operation: id=selectByConditionPlatformConfig, type=select, hasDollar=false
  Mapper namespace: com.jsh.erp.datasource.mappers.PlatformConfigMapper
    Operation: id=insert, type=insert, hasDollar=false
    Operation: id=insertSelective, type=insert, hasDollar=false
    Operation: id=updateByExampleSelective, type=update, hasDollar=false
    Operation: id=updateByExample, type=update, hasDollar=false
    Operation: id=updateByPrimaryKeySelective, type=update, hasDollar=false
    Operation: id=updateByPrimaryKey, type=update, hasDollar=false
    Operation: id=deleteByPrimaryKey, type=delete, hasDollar=false
    Operation: id=selectByExample, type=select, hasDollar=true
      Risky var: ${{orderByClause}}
    Operation: id=selectByPrimaryKey, type=select, hasDollar=false
  Mapper namespace: com.jsh.erp.datasource.mappers.MaterialPropertyMapperEx
    Operation: id=batchDeleteMaterialPropertyByIds, type=update, hasDollar=false
    Operation: id=updateMaterialPropertyByNativeName, type=update, hasDollar=false
    Operation: id=selectByConditionMaterialProperty, type=select, hasDollar=false
    Operation: id=getCountByNativeName, type=select, hasDollar=false
  Mapper namespace: com.jsh.erp.datasource.mappers.InOutItemMapperEx
    Operation: id=batchDeleteInOutItemByIds, type=update, hasDollar=false
    Operation: id=selectByConditionInOutItem, type=select, hasDollar=false
  Mapper namespace: com.jsh.erp.datasource.mappers.UserBusinessMapper
    Operation: id=insert, type=insert, hasDollar=false
    Operation: id=insertSelective, type=insert, hasDollar=false
    Operation: id=updateByExampleSelective, type=update, hasDollar=false
    Operation: id=updateByExample, type=update, hasDollar=false
    Operation: id=updateByPrimaryKeySelective, type=update, hasDollar=false
    Operation: id=updateByPrimaryKey, type=update, hasDollar=false
    Operation: id=deleteByPrimaryKey, type=delete, hasDollar=false
    Operation: id=selectByExample, type=select, hasDollar=true
      Risky var: ${{orderByClause}}
    Operation: id=selectByPrimaryKey, type=select, hasDollar=false
  Mapper namespace: com.jsh.erp.datasource.mappers.LogMapper
    Operation: id=insert, type=insert, hasDollar=false
    Operation: id=insertSelective, type=insert, hasDollar=false
    Operation: id=updateByExampleSelective, type=update, hasDollar=false
    Operation: id=updateByExample, type=update, hasDollar=false
    Operation: id=updateByPrimaryKeySelective, type=update, hasDollar=false
    Operation: id=updateByPrimaryKey, type=update, hasDollar=false
    Operation: id=deleteByPrimaryKey, type=delete, hasDollar=false
    Operation: id=selectByExample, type=select, hasDollar=true
      Risky var: ${{orderByClause}}
    Operation: id=selectByPrimaryKey, type=select, hasDollar=false
  Mapper namespace: com.jsh.erp.datasource.mappers.MaterialInitialStockMapperEx
    Operation: id=batchInsert, type=insert, hasDollar=false
    Operation: id=batchDeleteByDepots, type=update, hasDollar=false
    Operation: id=getInitialStockMapByIdList, type=select, hasDollar=false
  Mapper namespace: com.jsh.erp.datasource.mappers.AccountHeadMapperEx
    Operation: id=batchDeleteAccountHeadByIds, type=update, hasDollar=false
    Operation: id=selectByConditionAccountHead, type=select, hasDollar=false
    Operation: id=getDetailByNumber, type=select, hasDollar=false
    Operation: id=getAccountHeadListByAccountIds, type=select, hasDollar=false
    Operation: id=getAccountHeadListByOrganIds, type=select, hasDollar=false
    Operation: id=getAccountHeadListByHandsPersonIds, type=select, hasDollar=false
    Operation: id=getFinancialBillPriceByBillIdList, type=select, hasDollar=false
    Operation: id=getFinancialBillNoByBillId, type=select, hasDollar=false
    Operation: id=getFinancialAllPriceByOrganId, type=select, hasDollar=false
  Mapper namespace: com.jsh.erp.datasource.mappers.OrgaUserRelMapperEx
    Operation: id=addOrgaUserRel, type=insert, hasDollar=false
    Operation: id=updateOrgaUserRel, type=update, hasDollar=false
  Mapper namespace: com.jsh.erp.datasource.mappers.SupplierMapper
    Operation: id=insert, type=insert, hasDollar=false
    Operation: id=insertSelective, type=insert, hasDollar=false
    Operation: id=updateByExampleSelective, type=update, hasDollar=false
    Operation: id=updateByExample, type=update, hasDollar=false
    Operation: id=updateByPrimaryKeySelective, type=update, hasDollar=false
    Operation: id=updateByPrimaryKey, type=update, hasDollar=false
    Operation: id=deleteByPrimaryKey, type=delete, hasDollar=false
    Operation: id=selectByExample, type=select, hasDollar=true
      Risky var: ${{orderByClause}}
    Operation: id=selectByPrimaryKey, type=select, hasDollar=false
  Mapper namespace: com.jsh.erp.datasource.mappers.OrganizationMapper
    Operation: id=insert, type=insert, hasDollar=false
    Operation: id=insertSelective, type=insert, hasDollar=false
    Operation: id=updateByExampleSelective, type=update, hasDollar=false
    Operation: id=updateByExample, type=update, hasDollar=false
    Operation: id=updateByPrimaryKeySelective, type=update, hasDollar=false
    Operation: id=updateByPrimaryKey, type=update, hasDollar=false
    Operation: id=deleteByPrimaryKey, type=delete, hasDollar=false
    Operation: id=selectByExample, type=select, hasDollar=true
      Risky var: ${{orderByClause}}
    Operation: id=selectByPrimaryKey, type=select, hasDollar=false
  Mapper namespace: com.jsh.erp.datasource.mappers.MaterialPropertyMapper
    Operation: id=insert, type=insert, hasDollar=false
    Operation: id=insertSelective, type=insert, hasDollar=false
    Operation: id=updateByExampleSelective, type=update, hasDollar=false
    Operation: id=updateByExample, type=update, hasDollar=false
    Operation: id=updateByPrimaryKeySelective, type=update, hasDollar=false
    Operation: id=updateByPrimaryKey, type=update, hasDollar=false
    Operation: id=deleteByPrimaryKey, type=delete, hasDollar=false
    Operation: id=selectByExample, type=select, hasDollar=true
      Risky var: ${{orderByClause}}
    Operation: id=selectByPrimaryKey, type=select, hasDollar=false
  Mapper namespace: com.jsh.erp.datasource.mappers.UserMapperEx
    Operation: id=batDeleteOrUpdateUser, type=update, hasDollar=false
    Operation: id=disableUserByLimit, type=update, hasDollar=false
    Operation: id=updateUserWithWeixinOpenId, type=update, hasDollar=false
    Operation: id=selectByConditionUser, type=select, hasDollar=false
    Operation: id=countsByUser, type=select, hasDollar=false
    Operation: id=getUserListByUserNameOrLoginName, type=select, hasDollar=false
    Operation: id=getNextNodeTree, type=select, hasDollar=false
    Operation: id=getListByOrgaId, type=select, hasDollar=false
    Operation: id=getUserByWeixinOpenId, type=select, hasDollar=false
  Mapper namespace: com.jsh.erp.datasource.mappers.AccountMapperEx
    Operation: id=batchDeleteAccountByIds, type=update, hasDollar=false
    Operation: id=getAccountByParam, type=select, hasDollar=false
    Operation: id=selectByConditionAccount, type=select, hasDollar=false
    Operation: id=getAccountSum, type=select, hasDollar=false
    Operation: id=getAccountSumByHead, type=select, hasDollar=false
    Operation: id=getAccountSumByDetail, type=select, hasDollar=false
    Operation: id=getManyAccountSum, type=select, hasDollar=false
    Operation: id=getAccountSumByParam, type=select, hasDollar=false
    Operation: id=getManyAccountSumByParam, type=select, hasDollar=false
    Operation: id=findAccountInOutList, type=select, hasDollar=false
    Operation: id=findAccountInOutListCount, type=select, hasDollar=false
  Mapper namespace: com.jsh.erp.datasource.mappers.SupplierMapperEx
    Operation: id=batchDeleteSupplierByIds, type=update, hasDollar=false
    Operation: id=selectByConditionSupplier, type=select, hasDollar=false
    Operation: id=findByAll, type=select, hasDollar=false
    Operation: id=getSupplierByNameAndType, type=select, hasDollar=false
    Operation: id=findByTypeAndKey, type=select, hasDollar=false
    Operation: id=getInfoById, type=select, hasDollar=false
    Operation: id=getInfoByName, type=select, hasDollar=false
  Mapper namespace: com.jsh.erp.datasource.mappers.AccountMapper
    Operation: id=insert, type=insert, hasDollar=false
    Operation: id=insertSelective, type=insert, hasDollar=false
    Operation: id=updateByExampleSelective, type=update, hasDollar=false
    Operation: id=updateByExample, type=update, hasDollar=false
    Operation: id=updateByPrimaryKeySelective, type=update, hasDollar=false
    Operation: id=updateByPrimaryKey, type=update, hasDollar=false
    Operation: id=deleteByPrimaryKey, type=delete, hasDollar=false
    Operation: id=selectByExample, type=select, hasDollar=true
      Risky var: ${{orderByClause}}
    Operation: id=selectByPrimaryKey, type=select, hasDollar=false
  Mapper namespace: com.jsh.erp.datasource.mappers.SystemConfigMapperEx
    Operation: id=batchDeleteSystemConfigByIds, type=update, hasDollar=false
    Operation: id=selectByConditionSystemConfig, type=select, hasDollar=false
  Mapper namespace: com.jsh.erp.datasource.mappers.AccountHeadMapper
    Operation: id=insert, type=insert, hasDollar=false
    Operation: id=insertSelective, type=insert, hasDollar=false
    Operation: id=updateByExampleSelective, type=update, hasDollar=false
    Operation: id=updateByExample, type=update, hasDollar=false
    Operation: id=updateByPrimaryKeySelective, type=update, hasDollar=false
    Operation: id=updateByPrimaryKey, type=update, hasDollar=false
    Operation: id=deleteByPrimaryKey, type=delete, hasDollar=false
    Operation: id=selectByExample, type=select, hasDollar=true
      Risky var: ${{orderByClause}}
    Operation: id=selectByPrimaryKey, type=select, hasDollar=false
  Mapper namespace: com.jsh.erp.datasource.mappers.MaterialMapper
    Operation: id=insert, type=insert, hasDollar=false
    Operation: id=insertSelective, type=insert, hasDollar=false
    Operation: id=updateByExampleSelective, type=update, hasDollar=false
    Operation: id=updateByExample, type=update, hasDollar=false
    Operation: id=updateByPrimaryKeySelective, type=update, hasDollar=false
    Operation: id=updateByPrimaryKey, type=update, hasDollar=false
    Operation: id=deleteByPrimaryKey, type=delete, hasDollar=false
    Operation: id=selectByExample, type=select, hasDollar=true
      Risky var: ${{orderByClause}}
    Operation: id=selectByPrimaryKey, type=select, hasDollar=false
  Mapper namespace: com.jsh.erp.datasource.mappers.UserMapper
    Operation: id=insert, type=insert, hasDollar=false
    Operation: id=insertSelective, type=insert, hasDollar=false
    Operation: id=updateByExampleSelective, type=update, hasDollar=false
    Operation: id=updateByExample, type=update, hasDollar=false
    Operation: id=updateByPrimaryKeySelective, type=update, hasDollar=false
    Operation: id=updateByPrimaryKey, type=update, hasDollar=false
    Operation: id=deleteByPrimaryKey, type=delete, hasDollar=false
    Operation: id=selectByExample, type=select, hasDollar=true
      Risky var: ${{orderByClause}}
    Operation: id=selectByPrimaryKey, type=select, hasDollar=false
  Mapper namespace: com.jsh.erp.datasource.mappers.MaterialMapperEx
    Operation: id=insertSelectiveEx, type=insert, hasDollar=false
    Operation: id=batchDeleteMaterialByIds, type=update, hasDollar=false
    Operation: id=setUnitIdToNull, type=update, hasDollar=false
    Operation: id=setExpiryNumToNull, type=update, hasDollar=false
    Operation: id=selectByConditionMaterial, type=select, hasDollar=false
    Operation: id=findUnitList, type=select, hasDollar=false
    Operation: id=findById, type=select, hasDollar=false
    Operation: id=findByIdWithBarCode, type=select, hasDollar=false
    Operation: id=getMaterialByParam, type=select, hasDollar=false
    Operation: id=findBySelectWithBarCode, type=select, hasDollar=false
    Operation: id=findBySelectWithBarCodeCount, type=select, hasDollar=false
    Operation: id=exportExcel, type=select, hasDollar=false
    Operation: id=findByMaterialName, type=select, hasDollar=false
    Operation: id=getMaterialEnableSerialNumberList, type=select, hasDollar=false
    Operation: id=getMaterialEnableSerialNumberCount, type=select, hasDollar=false
    Operation: id=getMaterialListByCategoryIds, type=select, hasDollar=false
    Operation: id=getMaterialListByUnitIds, type=select, hasDollar=false
    Operation: id=getMaterialByMeId, type=select, hasDollar=false
    Operation: id=getMaterialByBarCode, type=select, hasDollar=false
    Operation: id=getMaterialByBarCodeAndWithOutMId, type=select, hasDollar=false
    Operation: id=getInitialStockWithMaterial, type=select, hasDollar=false
    Operation: id=getListWithStock, type=select, hasDollar=true
      Risky var: ${{column}}
      Risky var: ${{order}}
    Operation: id=getListWithStockCount, type=select, hasDollar=false
    Operation: id=getTotalStockAndPrice, type=select, hasDollar=false
    Operation: id=checkIsExist, type=select, hasDollar=false
    Operation: id=getMaterialExtendBySerialNumber, type=select, hasDollar=false
    Operation: id=getMaterialDepotStock, type=select, hasDollar=false
  Mapper namespace: com.jsh.erp.datasource.mappers.MaterialCategoryMapperEx
    Operation: id=addMaterialCategory, type=insert, hasDollar=false
    Operation: id=batchDeleteMaterialCategoryByIds, type=update, hasDollar=false
    Operation: id=editMaterialCategory, type=update, hasDollar=false
    Operation: id=selectByConditionMaterialCategory, type=select, hasDollar=false
    Operation: id=countsByMaterialCategory, type=select, hasDollar=false
    Operation: id=getNextNodeTree, type=select, hasDollar=false
    Operation: id=getNodeTree, type=select, hasDollar=false
    Operation: id=getMaterialCategoryBySerialNo, type=select, hasDollar=false
    Operation: id=getMaterialCategoryListByCategoryIds, type=select, hasDollar=false
    Operation: id=getListByParentId, type=select, hasDollar=false
  Mapper namespace: com.jsh.erp.datasource.mappers.SystemConfigMapper
    Operation: id=insert, type=insert, hasDollar=false
    Operation: id=insertSelective, type=insert, hasDollar=false
    Operation: id=updateByExampleSelective, type=update, hasDollar=false
    Operation: id=updateByExample, type=update, hasDollar=false
    Operation: id=updateByPrimaryKeySelective, type=update, hasDollar=false
    Operation: id=updateByPrimaryKey, type=update, hasDollar=false
    Operation: id=deleteByPrimaryKey, type=delete, hasDollar=false
    Operation: id=selectByExample, type=select, hasDollar=true
      Risky var: ${{orderByClause}}
    Operation: id=selectByPrimaryKey, type=select, hasDollar=false
  Mapper namespace: com.jsh.erp.datasource.mappers.MaterialAttributeMapper
    Operation: id=insert, type=insert, hasDollar=false
    Operation: id=insertSelective, type=insert, hasDollar=false
    Operation: id=updateByExampleSelective, type=update, hasDollar=false
    Operation: id=updateByExample, type=update, hasDollar=false
    Operation: id=updateByPrimaryKeySelective, type=update, hasDollar=false
    Operation: id=updateByPrimaryKey, type=update, hasDollar=false
    Operation: id=deleteByPrimaryKey, type=delete, hasDollar=false
    Operation: id=selectByExample, type=select, hasDollar=true
      Risky var: ${{orderByClause}}
    Operation: id=selectByPrimaryKey, type=select, hasDollar=false
  Mapper namespace: com.jsh.erp.datasource.mappers.LogMapperEx
    Operation: id=insertLogWithUserId, type=insert, hasDollar=false
    Operation: id=selectByConditionLog, type=select, hasDollar=false
    Operation: id=getCountByIpAndDate, type=select, hasDollar=false
  Mapper namespace: com.jsh.erp.datasource.mappers.AccountItemMapper
    Operation: id=insert, type=insert, hasDollar=false
    Operation: id=insertSelective, type=insert, hasDollar=false
    Operation: id=updateByExampleSelective, type=update, hasDollar=false
    Operation: id=updateByExample, type=update, hasDollar=false
    Operation: id=updateByPrimaryKeySelective, type=update, hasDollar=false
    Operation: id=updateByPrimaryKey, type=update, hasDollar=false
    Operation: id=deleteByPrimaryKey, type=delete, hasDollar=false
    Operation: id=selectByExample, type=select, hasDollar=true
      Risky var: ${{orderByClause}}
    Operation: id=selectByPrimaryKey, type=select, hasDollar=false
  Mapper namespace: com.jsh.erp.datasource.mappers.MaterialCurrentStockMapper
    Operation: id=insert, type=insert, hasDollar=false
    Operation: id=insertSelective, type=insert, hasDollar=false
    Operation: id=updateByExampleSelective, type=update, hasDollar=false
    Operation: id=updateByExample, type=update, hasDollar=false
    Operation: id=updateByPrimaryKeySelective, type=update, hasDollar=false
    Operation: id=updateByPrimaryKey, type=update, hasDollar=false
    Operation: id=deleteByPrimaryKey, type=delete, hasDollar=false
    Operation: id=selectByExample, type=select, hasDollar=true
      Risky var: ${{orderByClause}}
    Operation: id=selectByPrimaryKey, type=select, hasDollar=false
  Mapper namespace: com.jsh.erp.datasource.mappers.MsgMapper
    Operation: id=insert, type=insert, hasDollar=false
    Operation: id=insertSelective, type=insert, hasDollar=false
    Operation: id=updateByExampleSelective, type=update, hasDollar=false
    Operation: id=updateByExample, type=update, hasDollar=false
    Operation: id=updateByPrimaryKeySelective, type=update, hasDollar=false
    Operation: id=updateByPrimaryKey, type=update, hasDollar=false
    Operation: id=deleteByPrimaryKey, type=delete, hasDollar=false
    Operation: id=selectByExample, type=select, hasDollar=true
      Risky var: ${{orderByClause}}
    Operation: id=selectByPrimaryKey, type=select, hasDollar=false
  Mapper namespace: com.jsh.erp.datasource.mappers.AccountItemMapperEx
    Operation: id=batchDeleteAccountItemByIds, type=update, hasDollar=false
    Operation: id=batchDeleteAccountItemByHeadIds, type=update, hasDollar=false
    Operation: id=selectByConditionAccountItem, type=select, hasDollar=false
    Operation: id=countsByAccountItem, type=select, hasDollar=false
    Operation: id=getDetailList, type=select, hasDollar=false
    Operation: id=getAccountItemListByAccountIds, type=select, hasDollar=false
    Operation: id=getAccountItemListByHeaderIds, type=select, hasDollar=false
    Operation: id=getAccountItemListByInOutItemIds, type=select, hasDollar=false
    Operation: id=getEachAmountByBillId, type=select, hasDollar=false
    Operation: id=getFinishDebtByOrganId, type=select, hasDollar=false
  Mapper namespace: com.jsh.erp.datasource.mappers.FunctionMapper
    Operation: id=insert, type=insert, hasDollar=false
    Operation: id=insertSelective, type=insert, hasDollar=false
    Operation: id=updateByExampleSelective, type=update, hasDollar=false
    Operation: id=updateByExample, type=update, hasDollar=false
    Operation: id=updateByPrimaryKeySelective, type=update, hasDollar=false
    Operation: id=updateByPrimaryKey, type=update, hasDollar=false
    Operation: id=deleteByPrimaryKey, type=delete, hasDollar=false
    Operation: id=selectByExample, type=select, hasDollar=true
      Risky var: ${{orderByClause}}
    Operation: id=selectByPrimaryKey, type=select, hasDollar=false
  Mapper namespace: com.jsh.erp.datasource.mappers.MsgMapperEx
    Operation: id=batchDeleteMsgByIds, type=update, hasDollar=false
    Operation: id=selectByConditionMsg, type=select, hasDollar=false
    Operation: id=getMsgCountByStatus, type=select, hasDollar=false
  Mapper namespace: com.jsh.erp.datasource.mappers.DepotMapper
    Operation: id=insert, type=insert, hasDollar=false
    Operation: id=insertSelective, type=insert, hasDollar=false
    Operation: id=updateByExampleSelective, type=update, hasDollar=false
    Operation: id=updateByExample, type=update, hasDollar=false
    Operation: id=updateByPrimaryKeySelective, type=update, hasDollar=false
    Operation: id=updateByPrimaryKey, type=update, hasDollar=false
    Operation: id=deleteByPrimaryKey, type=delete, hasDollar=false
    Operation: id=selectByExample, type=select, hasDollar=true
      Risky var: ${{orderByClause}}
    Operation: id=selectByPrimaryKey, type=select, hasDollar=false
  Mapper namespace: com.jsh.erp.datasource.mappers.PersonMapper
    Operation: id=insert, type=insert, hasDollar=false
    Operation: id=insertSelective, type=insert, hasDollar=false
    Operation: id=updateByExampleSelective, type=update, hasDollar=false
    Operation: id=updateByExample, type=update, hasDollar=false
    Operation: id=updateByPrimaryKeySelective, type=update, hasDollar=false
    Operation: id=updateByPrimaryKey, type=update, hasDollar=false
    Operation: id=deleteByPrimaryKey, type=delete, hasDollar=false
    Operation: id=selectByExample, type=select, hasDollar=true
      Risky var: ${{orderByClause}}
    Operation: id=selectByPrimaryKey, type=select, hasDollar=false
  Mapper namespace: com.jsh.erp.datasource.mappers.UnitMapperEx
    Operation: id=batchDeleteUnitByIds, type=update, hasDollar=false
    Operation: id=updateRatioTwoById, type=update, hasDollar=false
    Operation: id=updateRatioThreeById, type=update, hasDollar=false
    Operation: id=selectByConditionUnit, type=select, hasDollar=false
  Mapper namespace: com.jsh.erp.datasource.mappers.MaterialCategoryMapper
    Operation: id=insert, type=insert, hasDollar=false
    Operation: id=insertSelective, type=insert, hasDollar=false
    Operation: id=updateByExampleSelective, type=update, hasDollar=false
    Operation: id=updateByExample, type=update, hasDollar=false
    Operation: id=updateByPrimaryKeySelective, type=update, hasDollar=false
    Operation: id=updateByPrimaryKey, type=update, hasDollar=false
    Operation: id=deleteByPrimaryKey, type=delete, hasDollar=false
    Operation: id=selectByExample, type=select, hasDollar=true
      Risky var: ${{orderByClause}}
    Operation: id=selectByPrimaryKey, type=select, hasDollar=false
  Mapper namespace: com.jsh.erp.datasource.mappers.OrganizationMapperEx
    Operation: id=addOrganization, type=insert, hasDollar=false
    Operation: id=batchDeleteOrganizationByIds, type=update, hasDollar=false
    Operation: id=editOrganization, type=update, hasDollar=false
    Operation: id=getNextNodeTree, type=select, hasDollar=false
    Operation: id=getNodeTree, type=select, hasDollar=false
    Operation: id=getOrganizationByParentIds, type=select, hasDollar=false
    Operation: id=getOrganizationRootByIds, type=select, hasDollar=false
  Mapper namespace: com.jsh.erp.datasource.mappers.SerialNumberMapperEx
    Operation: id=addSerialNumber, type=insert, hasDollar=false
    Operation: id=batAddSerialNumber, type=insert, hasDollar=false
    Operation: id=updateSerialNumber, type=update, hasDollar=false
    Operation: id=sellSerialNumber, type=update, hasDollar=false
    Operation: id=cancelSerialNumber, type=update, hasDollar=false
    Operation: id=findSerialNumberByMaterialId, type=select, hasDollar=false
    Operation: id=getEnableSerialNumberList, type=select, hasDollar=false
    Operation: id=getEnableSerialNumberCount, type=select, hasDollar=false
    Operation: id=getIsNotSellCountByParam, type=select, hasDollar=false
  Mapper namespace: com.jsh.erp.datasource.mappers.OrgaUserRelMapper
    Operation: id=insert, type=insert, hasDollar=false
    Operation: id=insertSelective, type=insert, hasDollar=false
    Operation: id=updateByExampleSelective, type=update, hasDollar=false
    Operation: id=updateByExample, type=update, hasDollar=false
    Operation: id=updateByPrimaryKeySelective, type=update, hasDollar=false
    Operation: id=updateByPrimaryKey, type=update, hasDollar=false
    Operation: id=deleteByPrimaryKey, type=delete, hasDollar=false
    Operation: id=selectByExample, type=select, hasDollar=true
      Risky var: ${{orderByClause}}
    Operation: id=selectByPrimaryKey, type=select, hasDollar=false
  Mapper namespace: com.jsh.erp.datasource.mappers.TenantMapperEx
    Operation: id=selectByConditionTenant, type=select, hasDollar=false
  Mapper namespace: com.jsh.erp.datasource.mappers.UnitMapper
    Operation: id=insert, type=insert, hasDollar=false
    Operation: id=insertSelective, type=insert, hasDollar=false
    Operation: id=updateByExampleSelective, type=update, hasDollar=false
    Operation: id=updateByExample, type=update, hasDollar=false
    Operation: id=updateByPrimaryKeySelective, type=update, hasDollar=false
    Operation: id=updateByPrimaryKey, type=update, hasDollar=false
    Operation: id=deleteByPrimaryKey, type=delete, hasDollar=false
    Operation: id=selectByExample, type=select, hasDollar=true
      Risky var: ${{orderByClause}}
    Operation: id=selectByPrimaryKey, type=select, hasDollar=false
  Mapper namespace: com.jsh.erp.datasource.mappers.TenantMapper
    Operation: id=insert, type=insert, hasDollar=false
    Operation: id=insertSelective, type=insert, hasDollar=false
    Operation: id=updateByExampleSelective, type=update, hasDollar=false
    Operation: id=updateByExample, type=update, hasDollar=false
    Operation: id=updateByPrimaryKeySelective, type=update, hasDollar=false
    Operation: id=updateByPrimaryKey, type=update, hasDollar=false
    Operation: id=deleteByPrimaryKey, type=delete, hasDollar=false
    Operation: id=selectByExample, type=select, hasDollar=true
      Risky var: ${{orderByClause}}
    Operation: id=selectByPrimaryKey, type=select, hasDollar=false
  Mapper namespace: com.jsh.erp.datasource.mappers.MaterialAttributeMapperEx
    Operation: id=batchDeleteMaterialAttributeByIds, type=update, hasDollar=false
    Operation: id=selectByConditionMaterialAttribute, type=select, hasDollar=false
  Mapper namespace: com.jsh.erp.datasource.mappers.InOutItemMapper
    Operation: id=insert, type=insert, hasDollar=false
    Operation: id=insertSelective, type=insert, hasDollar=false
    Operation: id=updateByExampleSelective, type=update, hasDollar=false
    Operation: id=updateByExample, type=update, hasDollar=false
    Operation: id=updateByPrimaryKeySelective, type=update, hasDollar=false
    Operation: id=updateByPrimaryKey, type=update, hasDollar=false
    Operation: id=deleteByPrimaryKey, type=delete, hasDollar=false
    Operation: id=selectByExample, type=select, hasDollar=true
      Risky var: ${{orderByClause}}
    Operation: id=selectByPrimaryKey, type=select, hasDollar=false
  Mapper namespace: com.jsh.erp.datasource.mappers.MaterialCurrentStockMapperEx
    Operation: id=batchInsert, type=insert, hasDollar=false
    Operation: id=updateUnitPriceByMId, type=update, hasDollar=false
    Operation: id=batchDeleteByDepots, type=update, hasDollar=false
    Operation: id=getCurrentStockMapByIdList, type=select, hasDollar=false
    Operation: id=getCurrentUnitPriceByMId, type=select, hasDollar=false
  Mapper namespace: com.jsh.erp.datasource.mappers.DepotHeadMapper
    Operation: id=insert, type=insert, hasDollar=false
    Operation: id=insertSelective, type=insert, hasDollar=false
    Operation: id=updateByExampleSelective, type=update, hasDollar=false
    Operation: id=updateByExample, type=update, hasDollar=false
    Operation: id=updateByPrimaryKeySelective, type=update, hasDollar=false
    Operation: id=updateByPrimaryKey, type=update, hasDollar=false
    Operation: id=deleteByPrimaryKey, type=delete, hasDollar=false
    Operation: id=selectByExample, type=select, hasDollar=true
      Risky var: ${{orderByClause}}
    Operation: id=selectByPrimaryKey, type=select, hasDollar=false
  Mapper namespace: com.jsh.erp.datasource.mappers.RoleMapper
    Operation: id=insert, type=insert, hasDollar=false
    Operation: id=insertSelective, type=insert, hasDollar=false
    Operation: id=updateByExampleSelective, type=update, hasDollar=false
    Operation: id=updateByExample, type=update, hasDollar=false
    Operation: id=updateByPrimaryKeySelective, type=update, hasDollar=false
    Operation: id=updateByPrimaryKey, type=update, hasDollar=false
    Operation: id=deleteByPrimaryKey, type=delete, hasDollar=false
    Operation: id=selectByExample, type=select, hasDollar=true
      Risky var: ${{orderByClause}}
    Operation: id=selectByPrimaryKey, type=select, hasDollar=false
  Mapper namespace: com.jsh.erp.datasource.mappers.DepotHeadMapperEx
    Operation: id=batchDeleteDepotHeadByIds, type=update, hasDollar=false
    Operation: id=setAccountIdToNull, type=update, hasDollar=false
    Operation: id=selectByConditionDepotHead, type=select, hasDollar=false
    Operation: id=findMaterialsListMapByHeaderIdList, type=select, hasDollar=false
    Operation: id=getMaterialCountListByHeaderIdList, type=select, hasDollar=false
    Operation: id=findInOutDetail, type=select, hasDollar=true
      Risky var: ${{column}}
      Risky var: ${{order}}
    Operation: id=findInOutDetailCount, type=select, hasDollar=false
    Operation: id=findInOutDetailStatistic, type=select, hasDollar=false
    Operation: id=findInOutMaterialCount, type=select, hasDollar=true
      Risky var: ${{column}}
      Risky var: ${{order}}
    Operation: id=findInOutMaterialCountTotal, type=select, hasDollar=false
    Operation: id=findInOutMaterialCountStatistic, type=select, hasDollar=false
    Operation: id=findAllocationDetail, type=select, hasDollar=true
      Risky var: ${{column}}
      Risky var: ${{order}}
    Operation: id=findAllocationDetailCount, type=select, hasDollar=false
    Operation: id=findAllocationStatistic, type=select, hasDollar=false
    Operation: id=getStatementAccount, type=select, hasDollar=false
    Operation: id=getStatementAccountCount, type=select, hasDollar=false
    Operation: id=getStatementAccountTotalPay, type=select, hasDollar=false
    Operation: id=getDetailByNumber, type=select, hasDollar=false
    Operation: id=getDepotHeadListByAccountIds, type=select, hasDollar=false
    Operation: id=getDepotHeadListByOrganIds, type=select, hasDollar=false
    Operation: id=getDepotHeadListByCreator, type=select, hasDollar=false
    Operation: id=getBuyAndSaleStatisticsList, type=select, hasDollar=false
    Operation: id=debtList, type=select, hasDollar=false
    Operation: id=debtListCount, type=select, hasDollar=false
    Operation: id=getFinishDepositByNumberList, type=select, hasDollar=false
    Operation: id=getFinishDepositByNumberExceptCurrent, type=select, hasDollar=false
    Operation: id=getSerialNumberBySell, type=select, hasDollar=false
    Operation: id=waitBillList, type=select, hasDollar=false
    Operation: id=waitBillCount, type=select, hasDollar=false
    Operation: id=getBillAllPriceByOrganId, type=select, hasDollar=false
  Mapper namespace: com.jsh.erp.datasource.mappers.MaterialExtendMapperEx
    Operation: id=batchDeleteMaterialExtendByIds, type=update, hasDollar=false
    Operation: id=batchDeleteMaterialExtendByMIds, type=update, hasDollar=false
    Operation: id=specialUpdatePrice, type=update, hasDollar=false
    Operation: id=getDetailList, type=select, hasDollar=false
    Operation: id=getMaxTimeByTenantAndTime, type=select, hasDollar=false
    Operation: id=getListByMId, type=select, hasDollar=false
    Operation: id=getBasicInfoByMid, type=select, hasDollar=false
  Mapper namespace: com.jsh.erp.datasource.mappers.FunctionMapperEx
    Operation: id=batchDeleteFunctionByIds, type=update, hasDollar=false
    Operation: id=selectByConditionFunction, type=select, hasDollar=false
  Mapper namespace: com.jsh.erp.datasource.mappers.MaterialExtendMapper
    Operation: id=insert, type=insert, hasDollar=false
    Operation: id=insertSelective, type=insert, hasDollar=false
    Operation: id=updateByExampleSelective, type=update, hasDollar=false
    Operation: id=updateByExample, type=update, hasDollar=false
    Operation: id=updateByPrimaryKeySelective, type=update, hasDollar=false
    Operation: id=updateByPrimaryKey, type=update, hasDollar=false
    Operation: id=deleteByPrimaryKey, type=delete, hasDollar=false
    Operation: id=selectByExample, type=select, hasDollar=true
      Risky var: ${{orderByClause}}
    Operation: id=selectByPrimaryKey, type=select, hasDollar=false
  Mapper namespace: com.jsh.erp.datasource.mappers.DepotItemMapperEx
    Operation: id=batchInsert, type=insert, hasDollar=false
    Operation: id=batchDeleteDepotItemByDepotHeadIds, type=update, hasDollar=false
    Operation: id=batchDeleteDepotItemByIds, type=update, hasDollar=false
    Operation: id=selectByConditionDepotItem, type=select, hasDollar=false
    Operation: id=countsByDepotItem, type=select, hasDollar=false
    Operation: id=findDetailByDepotIdsAndMaterialIdList, type=select, hasDollar=false
    Operation: id=findDetailByDepotIdsAndMaterialIdCount, type=select, hasDollar=false
    Operation: id=getDetailList, type=select, hasDollar=false
    Operation: id=getBillDetailListByIds, type=select, hasDollar=false
    Operation: id=getInOutStock, type=select, hasDollar=false
    Operation: id=getInOutStockCount, type=select, hasDollar=false
    Operation: id=getListWithBuyOrSale, type=select, hasDollar=false
    Operation: id=getListWithBuyOrSaleCount, type=select, hasDollar=false
    Operation: id=buyOrSaleNumber, type=select, hasDollar=false
    Operation: id=buyOrSalePrice, type=select, hasDollar=false
    Operation: id=buyOrSalePriceTotal, type=select, hasDollar=false
    Operation: id=inOrOutPriceList, type=select, hasDollar=false
    Operation: id=getSkuStockCheckSumByDepotList, type=select, hasDollar=false
    Operation: id=getStockCheckSumByDepotList, type=select, hasDollar=false
    Operation: id=getSkuStockByParamWithDepotList, type=select, hasDollar=false
    Operation: id=getStockByParamWithDepotList, type=select, hasDollar=false
    Operation: id=findDepotItemListBydepotheadId, type=select, hasDollar=false
    Operation: id=getDepotItemListListByDepotIds, type=select, hasDollar=false
    Operation: id=getDepotItemListListByMaterialIds, type=select, hasDollar=false
    Operation: id=findStockWarningCount, type=select, hasDollar=false
    Operation: id=findStockWarningCountTotal, type=select, hasDollar=false
    Operation: id=getFinishNumber, type=select, hasDollar=false
    Operation: id=getRealFinishNumber, type=select, hasDollar=false
    Operation: id=getBatchNumberList, type=select, hasDollar=false
    Operation: id=getCountByMaterialAndDepot, type=select, hasDollar=false
    Operation: id=getLinkBillDetailMaterialSum, type=select, hasDollar=false
    Operation: id=getBatchBillDetailMaterialSum, type=select, hasDollar=false
    Operation: id=getCountByMaterialAndBatchNumber, type=select, hasDollar=false
    Operation: id=getDepotItemByBatchNumber, type=select, hasDollar=false
    Operation: id=getBillItemByParam, type=select, hasDollar=true
      Risky var: ${{barCodes}}
    Operation: id=getCurrentStockByParam, type=select, hasDollar=true
      Risky var: ${{depotId}}
      Risky var: ${{mId}}
    Operation: id=getLastUnitPriceByParam, type=select, hasDollar=false
  Mapper namespace: com.jsh.erp.datasource.mappers.UserBusinessMapperEx
    Operation: id=batchDeleteUserBusinessByIds, type=update, hasDollar=false
    Operation: id=updateValueByTypeAndKeyId, type=update, hasDollar=false
    Operation: id=getBasicDataByKeyIdAndType, type=select, hasDollar=false
    Operation: id=getUBKeyIdByTypeAndOneValue, type=select, hasDollar=false
    Operation: id=getOldListByType, type=select, hasDollar=false
  Mapper namespace: com.jsh.erp.datasource.mappers.DepotItemMapper
    Operation: id=insert, type=insert, hasDollar=false
    Operation: id=insertSelective, type=insert, hasDollar=false
    Operation: id=updateByExampleSelective, type=update, hasDollar=false
    Operation: id=updateByExample, type=update, hasDollar=false
    Operation: id=updateByPrimaryKeySelective, type=update, hasDollar=false
    Operation: id=updateByPrimaryKey, type=update, hasDollar=false
    Operation: id=deleteByPrimaryKey, type=delete, hasDollar=false
    Operation: id=selectByExample, type=select, hasDollar=true
      Risky var: ${{orderByClause}}
    Operation: id=selectByPrimaryKey, type=select, hasDollar=false
  Mapper namespace: com.jsh.erp.datasource.mappers.RoleMapperEx
    Operation: id=batchDeleteRoleByIds, type=update, hasDollar=false
    Operation: id=selectByConditionRole, type=select, hasDollar=false
    Operation: id=getRoleWithoutTenant, type=select, hasDollar=false
  Mapper namespace: com.jsh.erp.datasource.mappers.SerialNumberMapper
    Operation: id=insert, type=insert, hasDollar=false
    Operation: id=insertSelective, type=insert, hasDollar=false
    Operation: id=updateByExampleSelective, type=update, hasDollar=false
    Operation: id=updateByExample, type=update, hasDollar=false
    Operation: id=updateByPrimaryKeySelective, type=update, hasDollar=false
    Operation: id=updateByPrimaryKey, type=update, hasDollar=false
    Operation: id=deleteByPrimaryKey, type=delete, hasDollar=false
    Operation: id=selectByExample, type=select, hasDollar=true
      Risky var: ${{orderByClause}}
    Operation: id=selectByPrimaryKey, type=select, hasDollar=false
  Mapper namespace: com.jsh.erp.datasource.mappers.MaterialInitialStockMapper
    Operation: id=insert, type=insert, hasDollar=false
    Operation: id=insertSelective, type=insert, hasDollar=false
    Operation: id=updateByExampleSelective, type=update, hasDollar=false
    Operation: id=updateByExample, type=update, hasDollar=false
    Operation: id=updateByPrimaryKeySelective, type=update, hasDollar=false
    Operation: id=updateByPrimaryKey, type=update, hasDollar=false
    Operation: id=deleteByPrimaryKey, type=delete, hasDollar=false
    Operation: id=selectByExample, type=select, hasDollar=true
      Risky var: ${{orderByClause}}
    Operation: id=selectByPrimaryKey, type=select, hasDollar=false
  Mapper namespace: com.jsh.erp.datasource.mappers.PersonMapperEx
    Operation: id=batchDeletePersonByIds, type=update, hasDollar=false
    Operation: id=selectByConditionPerson, type=select, hasDollar=false
  Mapper namespace: com.jsh.erp.datasource.mappers.DepotMapperEx
    Operation: id=batchDeleteDepotByIds, type=update, hasDollar=false
    Operation: id=selectByConditionDepot, type=select, hasDollar=false
  Mapper namespace: com.jsh.erp.datasource.mappers.PlatformConfigMapperEx
    Operation: id=selectByConditionPlatformConfig, type=select, hasDollar=false
  Mapper namespace: com.jsh.erp.datasource.mappers.PlatformConfigMapper
    Operation: id=insert, type=insert, hasDollar=false
    Operation: id=insertSelective, type=insert, hasDollar=false
    Operation: id=updateByExampleSelective, type=update, hasDollar=false
    Operation: id=updateByExample, type=update, hasDollar=false
    Operation: id=updateByPrimaryKeySelective, type=update, hasDollar=false
    Operation: id=updateByPrimaryKey, type=update, hasDollar=false
    Operation: id=deleteByPrimaryKey, type=delete, hasDollar=false
    Operation: id=selectByExample, type=select, hasDollar=true
      Risky var: ${{orderByClause}}
    Operation: id=selectByPrimaryKey, type=select, hasDollar=false
  Mapper namespace: com.jsh.erp.datasource.mappers.MaterialPropertyMapperEx
    Operation: id=batchDeleteMaterialPropertyByIds, type=update, hasDollar=false
    Operation: id=updateMaterialPropertyByNativeName, type=update, hasDollar=false
    Operation: id=selectByConditionMaterialProperty, type=select, hasDollar=false
    Operation: id=getCountByNativeName, type=select, hasDollar=false
  Mapper namespace: com.jsh.erp.datasource.mappers.InOutItemMapperEx
    Operation: id=batchDeleteInOutItemByIds, type=update, hasDollar=false
    Operation: id=selectByConditionInOutItem, type=select, hasDollar=false
  Mapper namespace: com.jsh.erp.datasource.mappers.UserBusinessMapper
    Operation: id=insert, type=insert, hasDollar=false
    Operation: id=insertSelective, type=insert, hasDollar=false
    Operation: id=updateByExampleSelective, type=update, hasDollar=false
    Operation: id=updateByExample, type=update, hasDollar=false
    Operation: id=updateByPrimaryKeySelective, type=update, hasDollar=false
    Operation: id=updateByPrimaryKey, type=update, hasDollar=false
    Operation: id=deleteByPrimaryKey, type=delete, hasDollar=false
    Operation: id=selectByExample, type=select, hasDollar=true
      Risky var: ${{orderByClause}}
    Operation: id=selectByPrimaryKey, type=select, hasDollar=false
  Mapper namespace: com.jsh.erp.datasource.mappers.LogMapper
    Operation: id=insert, type=insert, hasDollar=false
    Operation: id=insertSelective, type=insert, hasDollar=false
    Operation: id=updateByExampleSelective, type=update, hasDollar=false
    Operation: id=updateByExample, type=update, hasDollar=false
    Operation: id=updateByPrimaryKeySelective, type=update, hasDollar=false
    Operation: id=updateByPrimaryKey, type=update, hasDollar=false
    Operation: id=deleteByPrimaryKey, type=delete, hasDollar=false
    Operation: id=selectByExample, type=select, hasDollar=true
      Risky var: ${{orderByClause}}
    Operation: id=selectByPrimaryKey, type=select, hasDollar=false
  Mapper namespace: com.jsh.erp.datasource.mappers.MaterialInitialStockMapperEx
    Operation: id=batchInsert, type=insert, hasDollar=false
    Operation: id=batchDeleteByDepots, type=update, hasDollar=false
    Operation: id=getInitialStockMapByIdList, type=select, hasDollar=false
  Mapper namespace: com.jsh.erp.datasource.mappers.AccountHeadMapperEx
    Operation: id=batchDeleteAccountHeadByIds, type=update, hasDollar=false
    Operation: id=selectByConditionAccountHead, type=select, hasDollar=false
    Operation: id=getDetailByNumber, type=select, hasDollar=false
    Operation: id=getAccountHeadListByAccountIds, type=select, hasDollar=false
    Operation: id=getAccountHeadListByOrganIds, type=select, hasDollar=false
    Operation: id=getAccountHeadListByHandsPersonIds, type=select, hasDollar=false
    Operation: id=getFinancialBillPriceByBillIdList, type=select, hasDollar=false
    Operation: id=getFinancialBillNoByBillId, type=select, hasDollar=false
    Operation: id=getFinancialAllPriceByOrganId, type=select, hasDollar=false
  Mapper namespace: com.jsh.erp.datasource.mappers.OrgaUserRelMapperEx
    Operation: id=addOrgaUserRel, type=insert, hasDollar=false
    Operation: id=updateOrgaUserRel, type=update, hasDollar=false
  Mapper namespace: com.jsh.erp.datasource.mappers.SupplierMapper
    Operation: id=insert, type=insert, hasDollar=false
    Operation: id=insertSelective, type=insert, hasDollar=false
    Operation: id=updateByExampleSelective, type=update, hasDollar=false
    Operation: id=updateByExample, type=update, hasDollar=false
    Operation: id=updateByPrimaryKeySelective, type=update, hasDollar=false
    Operation: id=updateByPrimaryKey, type=update, hasDollar=false
    Operation: id=deleteByPrimaryKey, type=delete, hasDollar=false
    Operation: id=selectByExample, type=select, hasDollar=true
      Risky var: ${{orderByClause}}
    Operation: id=selectByPrimaryKey, type=select, hasDollar=false
  Mapper namespace: com.jsh.erp.datasource.mappers.OrganizationMapper
    Operation: id=insert, type=insert, hasDollar=false
    Operation: id=insertSelective, type=insert, hasDollar=false
    Operation: id=updateByExampleSelective, type=update, hasDollar=false
    Operation: id=updateByExample, type=update, hasDollar=false
    Operation: id=updateByPrimaryKeySelective, type=update, hasDollar=false
    Operation: id=updateByPrimaryKey, type=update, hasDollar=false
    Operation: id=deleteByPrimaryKey, type=delete, hasDollar=false
    Operation: id=selectByExample, type=select, hasDollar=true
      Risky var: ${{orderByClause}}
    Operation: id=selectByPrimaryKey, type=select, hasDollar=false
  Mapper namespace: com.jsh.erp.datasource.mappers.MaterialPropertyMapper
    Operation: id=insert, type=insert, hasDollar=false
    Operation: id=insertSelective, type=insert, hasDollar=false
    Operation: id=updateByExampleSelective, type=update, hasDollar=false
    Operation: id=updateByExample, type=update, hasDollar=false
    Operation: id=updateByPrimaryKeySelective, type=update, hasDollar=false
    Operation: id=updateByPrimaryKey, type=update, hasDollar=false
    Operation: id=deleteByPrimaryKey, type=delete, hasDollar=false
    Operation: id=selectByExample, type=select, hasDollar=true
      Risky var: ${{orderByClause}}
    Operation: id=selectByPrimaryKey, type=select, hasDollar=false
  Mapper namespace: com.jsh.erp.datasource.mappers.UserMapperEx
    Operation: id=batDeleteOrUpdateUser, type=update, hasDollar=false
    Operation: id=disableUserByLimit, type=update, hasDollar=false
    Operation: id=updateUserWithWeixinOpenId, type=update, hasDollar=false
    Operation: id=selectByConditionUser, type=select, hasDollar=false
    Operation: id=countsByUser, type=select, hasDollar=false
    Operation: id=getUserListByUserNameOrLoginName, type=select, hasDollar=false
    Operation: id=getNextNodeTree, type=select, hasDollar=false
    Operation: id=getListByOrgaId, type=select, hasDollar=false
    Operation: id=getUserByWeixinOpenId, type=select, hasDollar=false
  Mapper namespace: com.jsh.erp.datasource.mappers.AccountMapperEx
    Operation: id=batchDeleteAccountByIds, type=update, hasDollar=false
    Operation: id=getAccountByParam, type=select, hasDollar=false
    Operation: id=selectByConditionAccount, type=select, hasDollar=false
    Operation: id=getAccountSum, type=select, hasDollar=false
    Operation: id=getAccountSumByHead, type=select, hasDollar=false
    Operation: id=getAccountSumByDetail, type=select, hasDollar=false
    Operation: id=getManyAccountSum, type=select, hasDollar=false
    Operation: id=getAccountSumByParam, type=select, hasDollar=false
    Operation: id=getManyAccountSumByParam, type=select, hasDollar=false
    Operation: id=findAccountInOutList, type=select, hasDollar=false
    Operation: id=findAccountInOutListCount, type=select, hasDollar=false
  Mapper namespace: com.jsh.erp.datasource.mappers.SupplierMapperEx
    Operation: id=batchDeleteSupplierByIds, type=update, hasDollar=false
    Operation: id=selectByConditionSupplier, type=select, hasDollar=false
    Operation: id=findByAll, type=select, hasDollar=false
    Operation: id=getSupplierByNameAndType, type=select, hasDollar=false
    Operation: id=findByTypeAndKey, type=select, hasDollar=false
    Operation: id=getInfoById, type=select, hasDollar=false
    Operation: id=getInfoByName, type=select, hasDollar=false
  Mapper namespace: com.jsh.erp.datasource.mappers.AccountMapper
    Operation: id=insert, type=insert, hasDollar=false
    Operation: id=insertSelective, type=insert, hasDollar=false
    Operation: id=updateByExampleSelective, type=update, hasDollar=false
    Operation: id=updateByExample, type=update, hasDollar=false
    Operation: id=updateByPrimaryKeySelective, type=update, hasDollar=false
    Operation: id=updateByPrimaryKey, type=update, hasDollar=false
    Operation: id=deleteByPrimaryKey, type=delete, hasDollar=false
    Operation: id=selectByExample, type=select, hasDollar=true
      Risky var: ${{orderByClause}}
    Operation: id=selectByPrimaryKey, type=select, hasDollar=false
  Mapper namespace: com.jsh.erp.datasource.mappers.SystemConfigMapperEx
    Operation: id=batchDeleteSystemConfigByIds, type=update, hasDollar=false
    Operation: id=selectByConditionSystemConfig, type=select, hasDollar=false
  Mapper namespace: com.jsh.erp.datasource.mappers.AccountHeadMapper
    Operation: id=insert, type=insert, hasDollar=false
    Operation: id=insertSelective, type=insert, hasDollar=false
    Operation: id=updateByExampleSelective, type=update, hasDollar=false
    Operation: id=updateByExample, type=update, hasDollar=false
    Operation: id=updateByPrimaryKeySelective, type=update, hasDollar=false
    Operation: id=updateByPrimaryKey, type=update, hasDollar=false
    Operation: id=deleteByPrimaryKey, type=delete, hasDollar=false
    Operation: id=selectByExample, type=select, hasDollar=true
      Risky var: ${{orderByClause}}
    Operation: id=selectByPrimaryKey, type=select, hasDollar=false
  Mapper namespace: com.jsh.erp.datasource.mappers.MaterialMapper
    Operation: id=insert, type=insert, hasDollar=false
    Operation: id=insertSelective, type=insert, hasDollar=false
    Operation: id=updateByExampleSelective, type=update, hasDollar=false
    Operation: id=updateByExample, type=update, hasDollar=false
    Operation: id=updateByPrimaryKeySelective, type=update, hasDollar=false
    Operation: id=updateByPrimaryKey, type=update, hasDollar=false
    Operation: id=deleteByPrimaryKey, type=delete, hasDollar=false
    Operation: id=selectByExample, type=select, hasDollar=true
      Risky var: ${{orderByClause}}
    Operation: id=selectByPrimaryKey, type=select, hasDollar=false
  Mapper namespace: com.jsh.erp.datasource.mappers.UserMapper
    Operation: id=insert, type=insert, hasDollar=false
    Operation: id=insertSelective, type=insert, hasDollar=false
    Operation: id=updateByExampleSelective, type=update, hasDollar=false
    Operation: id=updateByExample, type=update, hasDollar=false
    Operation: id=updateByPrimaryKeySelective, type=update, hasDollar=false
    Operation: id=updateByPrimaryKey, type=update, hasDollar=false
    Operation: id=deleteByPrimaryKey, type=delete, hasDollar=false
    Operation: id=selectByExample, type=select, hasDollar=true
      Risky var: ${{orderByClause}}
    Operation: id=selectByPrimaryKey, type=select, hasDollar=false
  Mapper namespace: com.jsh.erp.datasource.mappers.MaterialMapperEx
    Operation: id=insertSelectiveEx, type=insert, hasDollar=false
    Operation: id=batchDeleteMaterialByIds, type=update, hasDollar=false
    Operation: id=setUnitIdToNull, type=update, hasDollar=false
    Operation: id=setExpiryNumToNull, type=update, hasDollar=false
    Operation: id=selectByConditionMaterial, type=select, hasDollar=false
    Operation: id=findUnitList, type=select, hasDollar=false
    Operation: id=findById, type=select, hasDollar=false
    Operation: id=findByIdWithBarCode, type=select, hasDollar=false
    Operation: id=getMaterialByParam, type=select, hasDollar=false
    Operation: id=findBySelectWithBarCode, type=select, hasDollar=false
    Operation: id=findBySelectWithBarCodeCount, type=select, hasDollar=false
    Operation: id=exportExcel, type=select, hasDollar=false
    Operation: id=findByMaterialName, type=select, hasDollar=false
    Operation: id=getMaterialEnableSerialNumberList, type=select, hasDollar=false
    Operation: id=getMaterialEnableSerialNumberCount, type=select, hasDollar=false
    Operation: id=getMaterialListByCategoryIds, type=select, hasDollar=false
    Operation: id=getMaterialListByUnitIds, type=select, hasDollar=false
    Operation: id=getMaterialByMeId, type=select, hasDollar=false
    Operation: id=getMaterialByBarCode, type=select, hasDollar=false
    Operation: id=getMaterialByBarCodeAndWithOutMId, type=select, hasDollar=false
    Operation: id=getInitialStockWithMaterial, type=select, hasDollar=false
    Operation: id=getListWithStock, type=select, hasDollar=true
      Risky var: ${{column}}
      Risky var: ${{order}}
    Operation: id=getListWithStockCount, type=select, hasDollar=false
    Operation: id=getTotalStockAndPrice, type=select, hasDollar=false
    Operation: id=checkIsExist, type=select, hasDollar=false
    Operation: id=getMaterialExtendBySerialNumber, type=select, hasDollar=false
    Operation: id=getMaterialDepotStock, type=select, hasDollar=false
  Mapper namespace: com.jsh.erp.datasource.mappers.MaterialCategoryMapperEx
    Operation: id=addMaterialCategory, type=insert, hasDollar=false
    Operation: id=batchDeleteMaterialCategoryByIds, type=update, hasDollar=false
    Operation: id=editMaterialCategory, type=update, hasDollar=false
    Operation: id=selectByConditionMaterialCategory, type=select, hasDollar=false
    Operation: id=countsByMaterialCategory, type=select, hasDollar=false
    Operation: id=getNextNodeTree, type=select, hasDollar=false
    Operation: id=getNodeTree, type=select, hasDollar=false
    Operation: id=getMaterialCategoryBySerialNo, type=select, hasDollar=false
    Operation: id=getMaterialCategoryListByCategoryIds, type=select, hasDollar=false
    Operation: id=getListByParentId, type=select, hasDollar=false
  Mapper namespace: com.jsh.erp.datasource.mappers.SystemConfigMapper
    Operation: id=insert, type=insert, hasDollar=false
    Operation: id=insertSelective, type=insert, hasDollar=false
    Operation: id=updateByExampleSelective, type=update, hasDollar=false
    Operation: id=updateByExample, type=update, hasDollar=false
    Operation: id=updateByPrimaryKeySelective, type=update, hasDollar=false
    Operation: id=updateByPrimaryKey, type=update, hasDollar=false
    Operation: id=deleteByPrimaryKey, type=delete, hasDollar=false
    Operation: id=selectByExample, type=select, hasDollar=true
      Risky var: ${{orderByClause}}
    Operation: id=selectByPrimaryKey, type=select, hasDollar=false
  Mapper namespace: com.jsh.erp.datasource.mappers.MaterialAttributeMapper
    Operation: id=insert, type=insert, hasDollar=false
    Operation: id=insertSelective, type=insert, hasDollar=false
    Operation: id=updateByExampleSelective, type=update, hasDollar=false
    Operation: id=updateByExample, type=update, hasDollar=false
    Operation: id=updateByPrimaryKeySelective, type=update, hasDollar=false
    Operation: id=updateByPrimaryKey, type=update, hasDollar=false
    Operation: id=deleteByPrimaryKey, type=delete, hasDollar=false
    Operation: id=selectByExample, type=select, hasDollar=true
      Risky var: ${{orderByClause}}
    Operation: id=selectByPrimaryKey, type=select, hasDollar=false
  Mapper namespace: com.jsh.erp.datasource.mappers.LogMapperEx
    Operation: id=insertLogWithUserId, type=insert, hasDollar=false
    Operation: id=selectByConditionLog, type=select, hasDollar=false
    Operation: id=getCountByIpAndDate, type=select, hasDollar=false
  Mapper namespace: com.jsh.erp.datasource.mappers.AccountItemMapper
    Operation: id=insert, type=insert, hasDollar=false
    Operation: id=insertSelective, type=insert, hasDollar=false
    Operation: id=updateByExampleSelective, type=update, hasDollar=false
    Operation: id=updateByExample, type=update, hasDollar=false
    Operation: id=updateByPrimaryKeySelective, type=update, hasDollar=false
    Operation: id=updateByPrimaryKey, type=update, hasDollar=false
    Operation: id=deleteByPrimaryKey, type=delete, hasDollar=false
    Operation: id=selectByExample, type=select, hasDollar=true
      Risky var: ${{orderByClause}}
    Operation: id=selectByPrimaryKey, type=select, hasDollar=false
  Mapper namespace: com.jsh.erp.datasource.mappers.MaterialCurrentStockMapper
    Operation: id=insert, type=insert, hasDollar=false
    Operation: id=insertSelective, type=insert, hasDollar=false
    Operation: id=updateByExampleSelective, type=update, hasDollar=false
    Operation: id=updateByExample, type=update, hasDollar=false
    Operation: id=updateByPrimaryKeySelective, type=update, hasDollar=false
    Operation: id=updateByPrimaryKey, type=update, hasDollar=false
    Operation: id=deleteByPrimaryKey, type=delete, hasDollar=false
    Operation: id=selectByExample, type=select, hasDollar=true
      Risky var: ${{orderByClause}}
    Operation: id=selectByPrimaryKey, type=select, hasDollar=false
  Mapper namespace: com.jsh.erp.datasource.mappers.MsgMapper
    Operation: id=insert, type=insert, hasDollar=false
    Operation: id=insertSelective, type=insert, hasDollar=false
    Operation: id=updateByExampleSelective, type=update, hasDollar=false
    Operation: id=updateByExample, type=update, hasDollar=false
    Operation: id=updateByPrimaryKeySelective, type=update, hasDollar=false
    Operation: id=updateByPrimaryKey, type=update, hasDollar=false
    Operation: id=deleteByPrimaryKey, type=delete, hasDollar=false
    Operation: id=selectByExample, type=select, hasDollar=true
      Risky var: ${{orderByClause}}
    Operation: id=selectByPrimaryKey, type=select, hasDollar=false
  Mapper namespace: com.jsh.erp.datasource.mappers.AccountItemMapperEx
    Operation: id=batchDeleteAccountItemByIds, type=update, hasDollar=false
    Operation: id=batchDeleteAccountItemByHeadIds, type=update, hasDollar=false
    Operation: id=selectByConditionAccountItem, type=select, hasDollar=false
    Operation: id=countsByAccountItem, type=select, hasDollar=false
    Operation: id=getDetailList, type=select, hasDollar=false
    Operation: id=getAccountItemListByAccountIds, type=select, hasDollar=false
    Operation: id=getAccountItemListByHeaderIds, type=select, hasDollar=false
    Operation: id=getAccountItemListByInOutItemIds, type=select, hasDollar=false
    Operation: id=getEachAmountByBillId, type=select, hasDollar=false
    Operation: id=getFinishDebtByOrganId, type=select, hasDollar=false
  Mapper namespace: com.jsh.erp.datasource.mappers.FunctionMapper
    Operation: id=insert, type=insert, hasDollar=false
    Operation: id=insertSelective, type=insert, hasDollar=false
    Operation: id=updateByExampleSelective, type=update, hasDollar=false
    Operation: id=updateByExample, type=update, hasDollar=false
    Operation: id=updateByPrimaryKeySelective, type=update, hasDollar=false
    Operation: id=updateByPrimaryKey, type=update, hasDollar=false
    Operation: id=deleteByPrimaryKey, type=delete, hasDollar=false
    Operation: id=selectByExample, type=select, hasDollar=true
      Risky var: ${{orderByClause}}
    Operation: id=selectByPrimaryKey, type=select, hasDollar=false
  Mapper namespace: com.jsh.erp.datasource.mappers.MsgMapperEx
    Operation: id=batchDeleteMsgByIds, type=update, hasDollar=false
    Operation: id=selectByConditionMsg, type=select, hasDollar=false
    Operation: id=getMsgCountByStatus, type=select, hasDollar=false
  Mapper namespace: com.jsh.erp.datasource.mappers.DepotMapper
    Operation: id=insert, type=insert, hasDollar=false
    Operation: id=insertSelective, type=insert, hasDollar=false
    Operation: id=updateByExampleSelective, type=update, hasDollar=false
    Operation: id=updateByExample, type=update, hasDollar=false
    Operation: id=updateByPrimaryKeySelective, type=update, hasDollar=false
    Operation: id=updateByPrimaryKey, type=update, hasDollar=false
    Operation: id=deleteByPrimaryKey, type=delete, hasDollar=false
    Operation: id=selectByExample, type=select, hasDollar=true
      Risky var: ${{orderByClause}}
    Operation: id=selectByPrimaryKey, type=select, hasDollar=false
  Mapper namespace: com.jsh.erp.datasource.mappers.PersonMapper
    Operation: id=insert, type=insert, hasDollar=false
    Operation: id=insertSelective, type=insert, hasDollar=false
    Operation: id=updateByExampleSelective, type=update, hasDollar=false
    Operation: id=updateByExample, type=update, hasDollar=false
    Operation: id=updateByPrimaryKeySelective, type=update, hasDollar=false
    Operation: id=updateByPrimaryKey, type=update, hasDollar=false
    Operation: id=deleteByPrimaryKey, type=delete, hasDollar=false
    Operation: id=selectByExample, type=select, hasDollar=true
      Risky var: ${{orderByClause}}
    Operation: id=selectByPrimaryKey, type=select, hasDollar=false
  Mapper namespace: com.jsh.erp.datasource.mappers.UnitMapperEx
    Operation: id=batchDeleteUnitByIds, type=update, hasDollar=false
    Operation: id=updateRatioTwoById, type=update, hasDollar=false
    Operation: id=updateRatioThreeById, type=update, hasDollar=false
    Operation: id=selectByConditionUnit, type=select, hasDollar=false
  Mapper namespace: com.jsh.erp.datasource.mappers.MaterialCategoryMapper
    Operation: id=insert, type=insert, hasDollar=false
    Operation: id=insertSelective, type=insert, hasDollar=false
    Operation: id=updateByExampleSelective, type=update, hasDollar=false
    Operation: id=updateByExample, type=update, hasDollar=false
    Operation: id=updateByPrimaryKeySelective, type=update, hasDollar=false
    Operation: id=updateByPrimaryKey, type=update, hasDollar=false
    Operation: id=deleteByPrimaryKey, type=delete, hasDollar=false
    Operation: id=selectByExample, type=select, hasDollar=true
      Risky var: ${{orderByClause}}
    Operation: id=selectByPrimaryKey, type=select, hasDollar=false
  Mapper namespace: com.jsh.erp.datasource.mappers.OrganizationMapperEx
    Operation: id=addOrganization, type=insert, hasDollar=false
    Operation: id=batchDeleteOrganizationByIds, type=update, hasDollar=false
    Operation: id=editOrganization, type=update, hasDollar=false
    Operation: id=getNextNodeTree, type=select, hasDollar=false
    Operation: id=getNodeTree, type=select, hasDollar=false
    Operation: id=getOrganizationByParentIds, type=select, hasDollar=false
    Operation: id=getOrganizationRootByIds, type=select, hasDollar=false
  Mapper namespace: com.jsh.erp.datasource.mappers.SerialNumberMapperEx
    Operation: id=addSerialNumber, type=insert, hasDollar=false
    Operation: id=batAddSerialNumber, type=insert, hasDollar=false
    Operation: id=updateSerialNumber, type=update, hasDollar=false
    Operation: id=sellSerialNumber, type=update, hasDollar=false
    Operation: id=cancelSerialNumber, type=update, hasDollar=false
    Operation: id=findSerialNumberByMaterialId, type=select, hasDollar=false
    Operation: id=getEnableSerialNumberList, type=select, hasDollar=false
    Operation: id=getEnableSerialNumberCount, type=select, hasDollar=false
    Operation: id=getIsNotSellCountByParam, type=select, hasDollar=false
  Mapper namespace: com.jsh.erp.datasource.mappers.OrgaUserRelMapper
    Operation: id=insert, type=insert, hasDollar=false
    Operation: id=insertSelective, type=insert, hasDollar=false
    Operation: id=updateByExampleSelective, type=update, hasDollar=false
    Operation: id=updateByExample, type=update, hasDollar=false
    Operation: id=updateByPrimaryKeySelective, type=update, hasDollar=false
    Operation: id=updateByPrimaryKey, type=update, hasDollar=false
    Operation: id=deleteByPrimaryKey, type=delete, hasDollar=false
    Operation: id=selectByExample, type=select, hasDollar=true
      Risky var: ${{orderByClause}}
    Operation: id=selectByPrimaryKey, type=select, hasDollar=false
  Mapper namespace: com.jsh.erp.datasource.mappers.TenantMapperEx
    Operation: id=selectByConditionTenant, type=select, hasDollar=false
  Mapper namespace: com.jsh.erp.datasource.mappers.UnitMapper
    Operation: id=insert, type=insert, hasDollar=false
    Operation: id=insertSelective, type=insert, hasDollar=false
    Operation: id=updateByExampleSelective, type=update, hasDollar=false
    Operation: id=updateByExample, type=update, hasDollar=false
    Operation: id=updateByPrimaryKeySelective, type=update, hasDollar=false
    Operation: id=updateByPrimaryKey, type=update, hasDollar=false
    Operation: id=deleteByPrimaryKey, type=delete, hasDollar=false
    Operation: id=selectByExample, type=select, hasDollar=true
      Risky var: ${{orderByClause}}
    Operation: id=selectByPrimaryKey, type=select, hasDollar=false
  Mapper namespace: com.jsh.erp.datasource.mappers.TenantMapper
    Operation: id=insert, type=insert, hasDollar=false
    Operation: id=insertSelective, type=insert, hasDollar=false
    Operation: id=updateByExampleSelective, type=update, hasDollar=false
    Operation: id=updateByExample, type=update, hasDollar=false
    Operation: id=updateByPrimaryKeySelective, type=update, hasDollar=false
    Operation: id=updateByPrimaryKey, type=update, hasDollar=false
    Operation: id=deleteByPrimaryKey, type=delete, hasDollar=false
    Operation: id=selectByExample, type=select, hasDollar=true
      Risky var: ${{orderByClause}}
    Operation: id=selectByPrimaryKey, type=select, hasDollar=false
  Mapper namespace: com.jsh.erp.datasource.mappers.MaterialAttributeMapperEx
    Operation: id=batchDeleteMaterialAttributeByIds, type=update, hasDollar=false
    Operation: id=selectByConditionMaterialAttribute, type=select, hasDollar=false
  Mapper namespace: com.jsh.erp.datasource.mappers.InOutItemMapper
    Operation: id=insert, type=insert, hasDollar=false
    Operation: id=insertSelective, type=insert, hasDollar=false
    Operation: id=updateByExampleSelective, type=update, hasDollar=false
    Operation: id=updateByExample, type=update, hasDollar=false
    Operation: id=updateByPrimaryKeySelective, type=update, hasDollar=false
    Operation: id=updateByPrimaryKey, type=update, hasDollar=false
    Operation: id=deleteByPrimaryKey, type=delete, hasDollar=false
    Operation: id=selectByExample, type=select, hasDollar=true
      Risky var: ${{orderByClause}}
    Operation: id=selectByPrimaryKey, type=select, hasDollar=false
  Mapper namespace: com.jsh.erp.datasource.mappers.MaterialCurrentStockMapperEx
    Operation: id=batchInsert, type=insert, hasDollar=false
    Operation: id=updateUnitPriceByMId, type=update, hasDollar=false
    Operation: id=batchDeleteByDepots, type=update, hasDollar=false
    Operation: id=getCurrentStockMapByIdList, type=select, hasDollar=false
    Operation: id=getCurrentUnitPriceByMId, type=select, hasDollar=false
  Mapper namespace: com.jsh.erp.datasource.mappers.DepotHeadMapper
    Operation: id=insert, type=insert, hasDollar=false
    Operation: id=insertSelective, type=insert, hasDollar=false
    Operation: id=updateByExampleSelective, type=update, hasDollar=false
    Operation: id=updateByExample, type=update, hasDollar=false
    Operation: id=updateByPrimaryKeySelective, type=update, hasDollar=false
    Operation: id=updateByPrimaryKey, type=update, hasDollar=false
    Operation: id=deleteByPrimaryKey, type=delete, hasDollar=false
    Operation: id=selectByExample, type=select, hasDollar=true
      Risky var: ${{orderByClause}}
    Operation: id=selectByPrimaryKey, type=select, hasDollar=false
  Mapper namespace: com.jsh.erp.datasource.mappers.RoleMapper
    Operation: id=insert, type=insert, hasDollar=false
    Operation: id=insertSelective, type=insert, hasDollar=false
    Operation: id=updateByExampleSelective, type=update, hasDollar=false
    Operation: id=updateByExample, type=update, hasDollar=false
    Operation: id=updateByPrimaryKeySelective, type=update, hasDollar=false
    Operation: id=updateByPrimaryKey, type=update, hasDollar=false
    Operation: id=deleteByPrimaryKey, type=delete, hasDollar=false
    Operation: id=selectByExample, type=select, hasDollar=true
      Risky var: ${{orderByClause}}
    Operation: id=selectByPrimaryKey, type=select, hasDollar=false
  Mapper namespace: com.jsh.erp.datasource.mappers.DepotHeadMapperEx
    Operation: id=batchDeleteDepotHeadByIds, type=update, hasDollar=false
    Operation: id=setAccountIdToNull, type=update, hasDollar=false
    Operation: id=selectByConditionDepotHead, type=select, hasDollar=false
    Operation: id=findMaterialsListMapByHeaderIdList, type=select, hasDollar=false
    Operation: id=getMaterialCountListByHeaderIdList, type=select, hasDollar=false
    Operation: id=findInOutDetail, type=select, hasDollar=true
      Risky var: ${{column}}
      Risky var: ${{order}}
    Operation: id=findInOutDetailCount, type=select, hasDollar=false
    Operation: id=findInOutDetailStatistic, type=select, hasDollar=false
    Operation: id=findInOutMaterialCount, type=select, hasDollar=true
      Risky var: ${{column}}
      Risky var: ${{order}}
    Operation: id=findInOutMaterialCountTotal, type=select, hasDollar=false
    Operation: id=findInOutMaterialCountStatistic, type=select, hasDollar=false
    Operation: id=findAllocationDetail, type=select, hasDollar=true
      Risky var: ${{column}}
      Risky var: ${{order}}
    Operation: id=findAllocationDetailCount, type=select, hasDollar=false
    Operation: id=findAllocationStatistic, type=select, hasDollar=false
    Operation: id=getStatementAccount, type=select, hasDollar=false
    Operation: id=getStatementAccountCount, type=select, hasDollar=false
    Operation: id=getStatementAccountTotalPay, type=select, hasDollar=false
    Operation: id=getDetailByNumber, type=select, hasDollar=false
    Operation: id=getDepotHeadListByAccountIds, type=select, hasDollar=false
    Operation: id=getDepotHeadListByOrganIds, type=select, hasDollar=false
    Operation: id=getDepotHeadListByCreator, type=select, hasDollar=false
    Operation: id=getBuyAndSaleStatisticsList, type=select, hasDollar=false
    Operation: id=debtList, type=select, hasDollar=false
    Operation: id=debtListCount, type=select, hasDollar=false
    Operation: id=getFinishDepositByNumberList, type=select, hasDollar=false
    Operation: id=getFinishDepositByNumberExceptCurrent, type=select, hasDollar=false
    Operation: id=getSerialNumberBySell, type=select, hasDollar=false
    Operation: id=waitBillList, type=select, hasDollar=false
    Operation: id=waitBillCount, type=select, hasDollar=false
    Operation: id=getBillAllPriceByOrganId, type=select, hasDollar=false
Collected 202 write field names from INSERT/UPDATE operations
Extracted 495 source metadata entries (before filtering)
Resolving 116 mapper namespaces...
  Namespace resolve: com.jsh.erp.datasource.mappers.MaterialExtendMapperEx -> com.jsh.erp.datasource.mappers.MaterialExtendMapperEx
  Namespace resolve: com.jsh.erp.datasource.mappers.FunctionMapperEx -> com.jsh.erp.datasource.mappers.FunctionMapperEx
  Namespace resolve: com.jsh.erp.datasource.mappers.MaterialExtendMapper -> com.jsh.erp.datasource.mappers.MaterialExtendMapper
  Namespace resolve: com.jsh.erp.datasource.mappers.DepotItemMapperEx -> com.jsh.erp.datasource.mappers.DepotItemMapperEx
  Namespace resolve: com.jsh.erp.datasource.mappers.UserBusinessMapperEx -> com.jsh.erp.datasource.mappers.UserBusinessMapperEx
  Namespace resolve: com.jsh.erp.datasource.mappers.DepotItemMapper -> com.jsh.erp.datasource.mappers.DepotItemMapper
  Namespace resolve: com.jsh.erp.datasource.mappers.RoleMapperEx -> com.jsh.erp.datasource.mappers.RoleMapperEx
  Namespace resolve: com.jsh.erp.datasource.mappers.SerialNumberMapper -> com.jsh.erp.datasource.mappers.SerialNumberMapper
  Namespace resolve: com.jsh.erp.datasource.mappers.MaterialInitialStockMapper -> com.jsh.erp.datasource.mappers.MaterialInitialStockMapper
  Namespace resolve: com.jsh.erp.datasource.mappers.PersonMapperEx -> com.jsh.erp.datasource.mappers.PersonMapperEx
  Namespace resolve: com.jsh.erp.datasource.mappers.DepotMapperEx -> com.jsh.erp.datasource.mappers.DepotMapperEx
  Namespace resolve: com.jsh.erp.datasource.mappers.PlatformConfigMapperEx -> com.jsh.erp.datasource.mappers.PlatformConfigMapperEx
  Namespace resolve: com.jsh.erp.datasource.mappers.PlatformConfigMapper -> com.jsh.erp.datasource.mappers.PlatformConfigMapper
  Namespace resolve: com.jsh.erp.datasource.mappers.MaterialPropertyMapperEx -> com.jsh.erp.datasource.mappers.MaterialPropertyMapperEx
  Namespace resolve: com.jsh.erp.datasource.mappers.InOutItemMapperEx -> com.jsh.erp.datasource.mappers.InOutItemMapperEx
  Namespace resolve: com.jsh.erp.datasource.mappers.UserBusinessMapper -> com.jsh.erp.datasource.mappers.UserBusinessMapper
  Namespace resolve: com.jsh.erp.datasource.mappers.LogMapper -> com.jsh.erp.datasource.mappers.LogMapper
  Namespace resolve: com.jsh.erp.datasource.mappers.MaterialInitialStockMapperEx -> com.jsh.erp.datasource.mappers.MaterialInitialStockMapperEx
  Namespace resolve: com.jsh.erp.datasource.mappers.AccountHeadMapperEx -> com.jsh.erp.datasource.mappers.AccountHeadMapperEx
  Namespace resolve: com.jsh.erp.datasource.mappers.OrgaUserRelMapperEx -> com.jsh.erp.datasource.mappers.OrgaUserRelMapperEx
  Namespace resolve: com.jsh.erp.datasource.mappers.SupplierMapper -> com.jsh.erp.datasource.mappers.SupplierMapper
  Namespace resolve: com.jsh.erp.datasource.mappers.OrganizationMapper -> com.jsh.erp.datasource.mappers.OrganizationMapper
  Namespace resolve: com.jsh.erp.datasource.mappers.MaterialPropertyMapper -> com.jsh.erp.datasource.mappers.MaterialPropertyMapper
  Namespace resolve: com.jsh.erp.datasource.mappers.UserMapperEx -> com.jsh.erp.datasource.mappers.UserMapperEx
  Namespace resolve: com.jsh.erp.datasource.mappers.AccountMapperEx -> com.jsh.erp.datasource.mappers.AccountMapperEx
  Namespace resolve: com.jsh.erp.datasource.mappers.SupplierMapperEx -> com.jsh.erp.datasource.mappers.SupplierMapperEx
  Namespace resolve: com.jsh.erp.datasource.mappers.AccountMapper -> com.jsh.erp.datasource.mappers.AccountMapper
  Namespace resolve: com.jsh.erp.datasource.mappers.SystemConfigMapperEx -> com.jsh.erp.datasource.mappers.SystemConfigMapperEx
  Namespace resolve: com.jsh.erp.datasource.mappers.AccountHeadMapper -> com.jsh.erp.datasource.mappers.AccountHeadMapper
  Namespace resolve: com.jsh.erp.datasource.mappers.MaterialMapper -> com.jsh.erp.datasource.mappers.MaterialMapper
  Namespace resolve: com.jsh.erp.datasource.mappers.UserMapper -> com.jsh.erp.datasource.mappers.UserMapper
  Namespace resolve: com.jsh.erp.datasource.mappers.MaterialMapperEx -> com.jsh.erp.datasource.mappers.MaterialMapperEx
  Namespace resolve: com.jsh.erp.datasource.mappers.MaterialCategoryMapperEx -> com.jsh.erp.datasource.mappers.MaterialCategoryMapperEx
  Namespace resolve: com.jsh.erp.datasource.mappers.SystemConfigMapper -> com.jsh.erp.datasource.mappers.SystemConfigMapper
  Namespace resolve: com.jsh.erp.datasource.mappers.MaterialAttributeMapper -> com.jsh.erp.datasource.mappers.MaterialAttributeMapper
  Namespace resolve: com.jsh.erp.datasource.mappers.LogMapperEx -> com.jsh.erp.datasource.mappers.LogMapperEx
  Namespace resolve: com.jsh.erp.datasource.mappers.AccountItemMapper -> com.jsh.erp.datasource.mappers.AccountItemMapper
  Namespace resolve: com.jsh.erp.datasource.mappers.MaterialCurrentStockMapper -> com.jsh.erp.datasource.mappers.MaterialCurrentStockMapper
  Namespace resolve: com.jsh.erp.datasource.mappers.MsgMapper -> com.jsh.erp.datasource.mappers.MsgMapper
  Namespace resolve: com.jsh.erp.datasource.mappers.AccountItemMapperEx -> com.jsh.erp.datasource.mappers.AccountItemMapperEx
  Namespace resolve: com.jsh.erp.datasource.mappers.FunctionMapper -> com.jsh.erp.datasource.mappers.FunctionMapper
  Namespace resolve: com.jsh.erp.datasource.mappers.MsgMapperEx -> com.jsh.erp.datasource.mappers.MsgMapperEx
  Namespace resolve: com.jsh.erp.datasource.mappers.DepotMapper -> com.jsh.erp.datasource.mappers.DepotMapper
  Namespace resolve: com.jsh.erp.datasource.mappers.PersonMapper -> com.jsh.erp.datasource.mappers.PersonMapper
  Namespace resolve: com.jsh.erp.datasource.mappers.UnitMapperEx -> com.jsh.erp.datasource.mappers.UnitMapperEx
  Namespace resolve: com.jsh.erp.datasource.mappers.MaterialCategoryMapper -> com.jsh.erp.datasource.mappers.MaterialCategoryMapper
  Namespace resolve: com.jsh.erp.datasource.mappers.OrganizationMapperEx -> com.jsh.erp.datasource.mappers.OrganizationMapperEx
  Namespace resolve: com.jsh.erp.datasource.mappers.SerialNumberMapperEx -> com.jsh.erp.datasource.mappers.SerialNumberMapperEx
  Namespace resolve: com.jsh.erp.datasource.mappers.OrgaUserRelMapper -> com.jsh.erp.datasource.mappers.OrgaUserRelMapper
  Namespace resolve: com.jsh.erp.datasource.mappers.TenantMapperEx -> com.jsh.erp.datasource.mappers.TenantMapperEx
  Namespace resolve: com.jsh.erp.datasource.mappers.UnitMapper -> com.jsh.erp.datasource.mappers.UnitMapper
  Namespace resolve: com.jsh.erp.datasource.mappers.TenantMapper -> com.jsh.erp.datasource.mappers.TenantMapper
  Namespace resolve: com.jsh.erp.datasource.mappers.MaterialAttributeMapperEx -> com.jsh.erp.datasource.mappers.MaterialAttributeMapperEx
  Namespace resolve: com.jsh.erp.datasource.mappers.InOutItemMapper -> com.jsh.erp.datasource.mappers.InOutItemMapper
  Namespace resolve: com.jsh.erp.datasource.mappers.MaterialCurrentStockMapperEx -> com.jsh.erp.datasource.mappers.MaterialCurrentStockMapperEx
  Namespace resolve: com.jsh.erp.datasource.mappers.DepotHeadMapper -> com.jsh.erp.datasource.mappers.DepotHeadMapper
  Namespace resolve: com.jsh.erp.datasource.mappers.RoleMapper -> com.jsh.erp.datasource.mappers.RoleMapper
  Namespace resolve: com.jsh.erp.datasource.mappers.DepotHeadMapperEx -> com.jsh.erp.datasource.mappers.DepotHeadMapperEx
  Namespace resolve: com.jsh.erp.datasource.mappers.MaterialExtendMapperEx -> com.jsh.erp.datasource.mappers.MaterialExtendMapperEx
  Namespace resolve: com.jsh.erp.datasource.mappers.FunctionMapperEx -> com.jsh.erp.datasource.mappers.FunctionMapperEx
  Namespace resolve: com.jsh.erp.datasource.mappers.MaterialExtendMapper -> com.jsh.erp.datasource.mappers.MaterialExtendMapper
  Namespace resolve: com.jsh.erp.datasource.mappers.DepotItemMapperEx -> com.jsh.erp.datasource.mappers.DepotItemMapperEx
  Namespace resolve: com.jsh.erp.datasource.mappers.UserBusinessMapperEx -> com.jsh.erp.datasource.mappers.UserBusinessMapperEx
  Namespace resolve: com.jsh.erp.datasource.mappers.DepotItemMapper -> com.jsh.erp.datasource.mappers.DepotItemMapper
  Namespace resolve: com.jsh.erp.datasource.mappers.RoleMapperEx -> com.jsh.erp.datasource.mappers.RoleMapperEx
  Namespace resolve: com.jsh.erp.datasource.mappers.SerialNumberMapper -> com.jsh.erp.datasource.mappers.SerialNumberMapper
  Namespace resolve: com.jsh.erp.datasource.mappers.MaterialInitialStockMapper -> com.jsh.erp.datasource.mappers.MaterialInitialStockMapper
  Namespace resolve: com.jsh.erp.datasource.mappers.PersonMapperEx -> com.jsh.erp.datasource.mappers.PersonMapperEx
  Namespace resolve: com.jsh.erp.datasource.mappers.DepotMapperEx -> com.jsh.erp.datasource.mappers.DepotMapperEx
  Namespace resolve: com.jsh.erp.datasource.mappers.PlatformConfigMapperEx -> com.jsh.erp.datasource.mappers.PlatformConfigMapperEx
  Namespace resolve: com.jsh.erp.datasource.mappers.PlatformConfigMapper -> com.jsh.erp.datasource.mappers.PlatformConfigMapper
  Namespace resolve: com.jsh.erp.datasource.mappers.MaterialPropertyMapperEx -> com.jsh.erp.datasource.mappers.MaterialPropertyMapperEx
  Namespace resolve: com.jsh.erp.datasource.mappers.InOutItemMapperEx -> com.jsh.erp.datasource.mappers.InOutItemMapperEx
  Namespace resolve: com.jsh.erp.datasource.mappers.UserBusinessMapper -> com.jsh.erp.datasource.mappers.UserBusinessMapper
  Namespace resolve: com.jsh.erp.datasource.mappers.LogMapper -> com.jsh.erp.datasource.mappers.LogMapper
  Namespace resolve: com.jsh.erp.datasource.mappers.MaterialInitialStockMapperEx -> com.jsh.erp.datasource.mappers.MaterialInitialStockMapperEx
  Namespace resolve: com.jsh.erp.datasource.mappers.AccountHeadMapperEx -> com.jsh.erp.datasource.mappers.AccountHeadMapperEx
  Namespace resolve: com.jsh.erp.datasource.mappers.OrgaUserRelMapperEx -> com.jsh.erp.datasource.mappers.OrgaUserRelMapperEx
  Namespace resolve: com.jsh.erp.datasource.mappers.SupplierMapper -> com.jsh.erp.datasource.mappers.SupplierMapper
  Namespace resolve: com.jsh.erp.datasource.mappers.OrganizationMapper -> com.jsh.erp.datasource.mappers.OrganizationMapper
  Namespace resolve: com.jsh.erp.datasource.mappers.MaterialPropertyMapper -> com.jsh.erp.datasource.mappers.MaterialPropertyMapper
  Namespace resolve: com.jsh.erp.datasource.mappers.UserMapperEx -> com.jsh.erp.datasource.mappers.UserMapperEx
  Namespace resolve: com.jsh.erp.datasource.mappers.AccountMapperEx -> com.jsh.erp.datasource.mappers.AccountMapperEx
  Namespace resolve: com.jsh.erp.datasource.mappers.SupplierMapperEx -> com.jsh.erp.datasource.mappers.SupplierMapperEx
  Namespace resolve: com.jsh.erp.datasource.mappers.AccountMapper -> com.jsh.erp.datasource.mappers.AccountMapper
  Namespace resolve: com.jsh.erp.datasource.mappers.SystemConfigMapperEx -> com.jsh.erp.datasource.mappers.SystemConfigMapperEx
  Namespace resolve: com.jsh.erp.datasource.mappers.AccountHeadMapper -> com.jsh.erp.datasource.mappers.AccountHeadMapper
  Namespace resolve: com.jsh.erp.datasource.mappers.MaterialMapper -> com.jsh.erp.datasource.mappers.MaterialMapper
  Namespace resolve: com.jsh.erp.datasource.mappers.UserMapper -> com.jsh.erp.datasource.mappers.UserMapper
  Namespace resolve: com.jsh.erp.datasource.mappers.MaterialMapperEx -> com.jsh.erp.datasource.mappers.MaterialMapperEx
  Namespace resolve: com.jsh.erp.datasource.mappers.MaterialCategoryMapperEx -> com.jsh.erp.datasource.mappers.MaterialCategoryMapperEx
  Namespace resolve: com.jsh.erp.datasource.mappers.SystemConfigMapper -> com.jsh.erp.datasource.mappers.SystemConfigMapper
  Namespace resolve: com.jsh.erp.datasource.mappers.MaterialAttributeMapper -> com.jsh.erp.datasource.mappers.MaterialAttributeMapper
  Namespace resolve: com.jsh.erp.datasource.mappers.LogMapperEx -> com.jsh.erp.datasource.mappers.LogMapperEx
  Namespace resolve: com.jsh.erp.datasource.mappers.AccountItemMapper -> com.jsh.erp.datasource.mappers.AccountItemMapper
  Namespace resolve: com.jsh.erp.datasource.mappers.MaterialCurrentStockMapper -> com.jsh.erp.datasource.mappers.MaterialCurrentStockMapper
  Namespace resolve: com.jsh.erp.datasource.mappers.MsgMapper -> com.jsh.erp.datasource.mappers.MsgMapper
  Namespace resolve: com.jsh.erp.datasource.mappers.AccountItemMapperEx -> com.jsh.erp.datasource.mappers.AccountItemMapperEx
  Namespace resolve: com.jsh.erp.datasource.mappers.FunctionMapper -> com.jsh.erp.datasource.mappers.FunctionMapper
  Namespace resolve: com.jsh.erp.datasource.mappers.MsgMapperEx -> com.jsh.erp.datasource.mappers.MsgMapperEx
  Namespace resolve: com.jsh.erp.datasource.mappers.DepotMapper -> com.jsh.erp.datasource.mappers.DepotMapper
  Namespace resolve: com.jsh.erp.datasource.mappers.PersonMapper -> com.jsh.erp.datasource.mappers.PersonMapper
  Namespace resolve: com.jsh.erp.datasource.mappers.UnitMapperEx -> com.jsh.erp.datasource.mappers.UnitMapperEx
  Namespace resolve: com.jsh.erp.datasource.mappers.MaterialCategoryMapper -> com.jsh.erp.datasource.mappers.MaterialCategoryMapper
  Namespace resolve: com.jsh.erp.datasource.mappers.OrganizationMapperEx -> com.jsh.erp.datasource.mappers.OrganizationMapperEx
  Namespace resolve: com.jsh.erp.datasource.mappers.SerialNumberMapperEx -> com.jsh.erp.datasource.mappers.SerialNumberMapperEx
  Namespace resolve: com.jsh.erp.datasource.mappers.OrgaUserRelMapper -> com.jsh.erp.datasource.mappers.OrgaUserRelMapper
  Namespace resolve: com.jsh.erp.datasource.mappers.TenantMapperEx -> com.jsh.erp.datasource.mappers.TenantMapperEx
  Namespace resolve: com.jsh.erp.datasource.mappers.UnitMapper -> com.jsh.erp.datasource.mappers.UnitMapper
  Namespace resolve: com.jsh.erp.datasource.mappers.TenantMapper -> com.jsh.erp.datasource.mappers.TenantMapper
  Namespace resolve: com.jsh.erp.datasource.mappers.MaterialAttributeMapperEx -> com.jsh.erp.datasource.mappers.MaterialAttributeMapperEx
  Namespace resolve: com.jsh.erp.datasource.mappers.InOutItemMapper -> com.jsh.erp.datasource.mappers.InOutItemMapper
  Namespace resolve: com.jsh.erp.datasource.mappers.MaterialCurrentStockMapperEx -> com.jsh.erp.datasource.mappers.MaterialCurrentStockMapperEx
  Namespace resolve: com.jsh.erp.datasource.mappers.DepotHeadMapper -> com.jsh.erp.datasource.mappers.DepotHeadMapper
  Namespace resolve: com.jsh.erp.datasource.mappers.RoleMapper -> com.jsh.erp.datasource.mappers.RoleMapper
  Namespace resolve: com.jsh.erp.datasource.mappers.DepotHeadMapperEx -> com.jsh.erp.datasource.mappers.DepotHeadMapperEx
Extracted 298 sink metadata entries (deduplicated, before risk filtering)
Sources: 495 generated, 0 filtered, 0 deduplicated
Sinks: 298 generated (risky), 0 filtered (safe), 0 deduplicated
  Note: 'risky' means uses string concatenation ($), 'safe' means uses prepared statement (#)
Written taint config to: output/taint-config-generated.yml
  Sources: 495 (SRFA param) + framework call sources
  Sinks: 298 (SRFA) + common predefined sinks
  Transfers: standard set included
SRFA Analysis completed at: 2026-02-28 21:32:33 (Duration: 206ms)
srfaAnalysis finishes, elapsed time: 0.21s
pta starts ...
Loading taint config from /Users/yuntsy/My/Projects/Java/WebAnalyzer/output/taint-config-generated.yml
Cannot find source method '<org.springframework.security.core.context.SecurityContextHolder: org.springframework.security.core.context.SecurityContext getContext()>'
Cannot find source method '<org.springframework.security.core.context.SecurityContext: org.springframework.security.core.Authentication getAuthentication()>'
Cannot find source method '<org.springframework.security.core.Authentication: java.lang.Object getPrincipal()>'
Cannot find source method '<org.springframework.security.core.Authentication: java.lang.Object getDetails()>'
Cannot find source method '<org.springframework.security.core.Authentication: java.lang.String getName()>'
Cannot find source method '<org.springframework.security.core.Authentication: java.util.Collection getAuthorities()>'
Cannot find source method '<org.springframework.security.core.userdetails.UserDetails: java.lang.String getUsername()>'
Cannot find source method '<javax.servlet.http.HttpServletRequest: java.lang.String getParameter(java.lang.String)>'
Cannot find source method '<javax.servlet.http.HttpServletRequest: java.lang.Object getAttribute(java.lang.String)>'
Cannot find source method '<java.lang.InheritableThreadLocal: java.lang.Object get()>'
Cannot find sink method '<javax.persistence.EntityManager: javax.persistence.Query createQuery(java.lang.String)>'
Cannot find sink method '<javax.persistence.EntityManager: javax.persistence.Query createNativeQuery(java.lang.String)>'
Cannot find sink method '<javax.persistence.EntityManager: javax.persistence.Query createNativeQuery(java.lang.String,java.lang.Class)>'
Cannot find sink method '<org.hibernate.Session: org.hibernate.Query createQuery(java.lang.String)>'
Cannot find sink method '<org.hibernate.Session: org.hibernate.SQLQuery createSQLQuery(java.lang.String)>'
Cannot find sink method '<javax.servlet.ServletOutputStream: void write(byte[])>'
Cannot find sink method '<javax.servlet.jsp.JspWriter: void print(java.lang.String)>'
Cannot find sink method '<javax.servlet.jsp.JspWriter: void println(java.lang.String)>'
Cannot find sink method '<javax.servlet.jsp.JspWriter: void write(java.lang.String)>'
Cannot find sink method '<org.apache.http.client.HttpClient: org.apache.http.HttpResponse execute(org.apache.http.client.methods.HttpUriRequest)>'
Cannot find sink method '<org.springframework.web.client.RestTemplate: java.lang.Object getForObject(java.lang.String,java.lang.Class)>'
Cannot find sink method '<org.springframework.web.client.RestTemplate: org.springframework.http.ResponseEntity getForEntity(java.lang.String,java.lang.Class)>'
Cannot find sink method '<org.springframework.web.client.RestTemplate: java.lang.Object postForObject(java.lang.String,java.lang.Object,java.lang.Class)>'
Cannot find sink method '<org.springframework.web.client.RestTemplate: org.springframework.http.ResponseEntity exchange(java.lang.String,org.springframework.http.HttpMethod,org.springframework.http.HttpEntity,java.lang.Class)>'
Cannot find sink method '<org.springframework.ldap.core.LdapTemplate: java.util.List search(java.lang.String,java.lang.String,javax.naming.directory.SearchControls,org.springframework.ldap.core.AttributesMapper)>'
Cannot find sink method '<org.springframework.expression.ExpressionParser: org.springframework.expression.Expression parseExpression(java.lang.String)>'
Cannot find sink method '<org.springframework.expression.spel.standard.SpelExpressionParser: org.springframework.expression.Expression parseExpression(java.lang.String)>'
Cannot find sink method '<ognl.Ognl: java.lang.Object parseExpression(java.lang.String)>'
Cannot find sink method '<ognl.Ognl: java.lang.Object getValue(java.lang.String,java.lang.Object)>'
Cannot find sink method '<org.mvel2.MVEL: java.lang.Object eval(java.lang.String)>'
Cannot find sink method '<org.mvel2.MVEL: java.lang.Object eval(java.lang.String,java.lang.Object)>'
Cannot find sink method '<org.apache.commons.jexl3.JexlEngine: org.apache.commons.jexl3.JexlExpression createExpression(java.lang.String)>'
Cannot find sink method '<org.apache.commons.jexl3.JexlEngine: org.apache.commons.jexl3.JexlScript createScript(java.lang.String)>'
Cannot find sink method '<freemarker.template.Template: void <init>(java.lang.String,java.io.Reader)>'
Cannot find sink method '<org.apache.velocity.app.VelocityEngine: boolean evaluate(org.apache.velocity.context.Context,java.io.Writer,java.lang.String,java.lang.String)>'
Cannot find sink method '<com.alibaba.fastjson.JSON: java.lang.Object parse(java.lang.String)>'
Cannot find sink method '<com.alibaba.fastjson.JSON: java.lang.Object parseObject(java.lang.String)>'
Cannot find sink method '<com.alibaba.fastjson.JSON: java.lang.Object parseObject(java.lang.String,java.lang.Class)>'
Cannot find sink method '<com.fasterxml.jackson.databind.ObjectMapper: java.lang.Object readValue(java.lang.String,java.lang.Class)>'
Cannot find sink method '<org.yaml.snakeyaml.Yaml: java.lang.Object load(java.lang.String)>'
Cannot find sink method '<org.yaml.snakeyaml.Yaml: java.lang.Object load(java.io.InputStream)>'
Cannot find sink method '<org.apache.logging.log4j.Logger: void info(java.lang.String)>'
Cannot find sink method '<org.apache.logging.log4j.Logger: void warn(java.lang.String)>'
Cannot find sink method '<org.apache.logging.log4j.Logger: void error(java.lang.String)>'
Cannot find sink method '<org.apache.logging.log4j.Logger: void debug(java.lang.String)>'
Cannot find sink method '<org.apache.logging.log4j.Logger: void fatal(java.lang.String)>'
Cannot find sink method '<org.slf4j.Logger: void info(java.lang.String)>'
Cannot find sink method '<org.slf4j.Logger: void warn(java.lang.String)>'
Cannot find sink method '<org.slf4j.Logger: void error(java.lang.String)>'
Cannot find sink method '<org.slf4j.Logger: void debug(java.lang.String)>'
Cannot find sink method '<javax.servlet.http.HttpServletRequest: javax.servlet.RequestDispatcher getRequestDispatcher(java.lang.String)>'
Cannot find taint-transfer method '<java.util.LinkedHashMap: java.lang.Object put(java.lang.Object,java.lang.Object)>'
Cannot find taint-transfer method '<javax.servlet.http.HttpServletRequest: java.lang.String getParameter(java.lang.String)>'
Cannot find taint-transfer method '<javax.servlet.http.HttpServletRequest: java.lang.String[] getParameterValues(java.lang.String)>'
Cannot find taint-transfer method '<javax.servlet.http.HttpServletRequest: java.lang.String getRemoteAddr()>'
Cannot find taint-transfer method '<javax.servlet.http.HttpServletRequest: java.lang.Object getAttribute(java.lang.String)>'
Cannot find taint-transfer method '<org.springframework.security.core.context.SecurityContext: org.springframework.security.core.Authentication getAuthentication()>'
Cannot find taint-transfer method '<org.springframework.security.core.Authentication: java.lang.Object getPrincipal()>'
Cannot find taint-transfer method '<org.springframework.security.core.Authentication: java.lang.Object getDetails()>'
Cannot find taint-transfer method '<org.springframework.security.core.Authentication: java.lang.String getName()>'
Cannot find taint-transfer method '<org.springframework.security.core.Authentication: java.util.Collection getAuthorities()>'
Cannot find taint-transfer method '<org.springframework.security.core.userdetails.UserDetails: java.lang.String getUsername()>'
Cannot find taint-transfer method '<org.springframework.security.core.GrantedAuthority: java.lang.String getAuthority()>'
Cannot find taint-transfer method '<java.lang.InheritableThreadLocal: java.lang.Object get()>'
TaintConfig:
sources:
  - { kind: "param", method: "<com.jsh.erp.controller.FunctionController: java.lang.String getList(java.lang.Long,javax.servlet.http.HttpServletRequest)>", index: "0", type: "java.lang.Long" }
  - { kind: "param", method: "<com.jsh.erp.controller.FunctionController: com.jsh.erp.base.TableDataInfo getList(java.lang.String,javax.servlet.http.HttpServletRequest)>", index: "0", type: "java.lang.String" }
  - { kind: "param", method: "<com.jsh.erp.controller.FunctionController: java.lang.String addResource(com.alibaba.fastjson.JSONObject,javax.servlet.http.HttpServletRequest)>", index: "0", type: "com.alibaba.fastjson.JSONObject" }
  - { kind: "param", method: "<com.jsh.erp.controller.FunctionController: java.lang.String updateResource(com.alibaba.fastjson.JSONObject,javax.servlet.http.HttpServletRequest)>", index: "0", type: "com.alibaba.fastjson.JSONObject" }
  - { kind: "param", method: "<com.jsh.erp.controller.FunctionController: java.lang.String deleteResource(java.lang.Long,javax.servlet.http.HttpServletRequest)>", index: "0", type: "java.lang.Long" }
  - { kind: "param", method: "<com.jsh.erp.controller.FunctionController: java.lang.String batchDeleteResource(java.lang.String,javax.servlet.http.HttpServletRequest)>", index: "0", type: "java.lang.String" }
  - { kind: "param", method: "<com.jsh.erp.controller.FunctionController: java.lang.String checkIsNameExist(java.lang.Long,java.lang.String,javax.servlet.http.HttpServletRequest)>", index: "0", type: "java.lang.Long" }
  - { kind: "param", method: "<com.jsh.erp.controller.FunctionController: java.lang.String checkIsNameExist(java.lang.Long,java.lang.String,javax.servlet.http.HttpServletRequest)>", index: "1", type: "java.lang.String" }
  - { kind: "param", method: "<com.jsh.erp.controller.FunctionController: java.lang.String checkIsNumberExist(java.lang.Long,java.lang.String,javax.servlet.http.HttpServletRequest)>", index: "0", type: "java.lang.Long" }
  - { kind: "param", method: "<com.jsh.erp.controller.FunctionController: java.lang.String checkIsNumberExist(java.lang.Long,java.lang.String,javax.servlet.http.HttpServletRequest)>", index: "1", type: "java.lang.String" }
  - { kind: "param", method: "<com.jsh.erp.controller.FunctionController: com.alibaba.fastjson.JSONArray findMenuByPNumber(com.alibaba.fastjson.JSONObject,javax.servlet.http.HttpServletRequest)>", index: "0", type: "com.alibaba.fastjson.JSONObject" }
  - { kind: "param", method: "<com.jsh.erp.controller.FunctionController: com.alibaba.fastjson.JSONArray findRoleFunction(java.lang.String,java.lang.String,javax.servlet.http.HttpServletRequest)>", index: "0", type: "java.lang.String" }
  - { kind: "param", method: "<com.jsh.erp.controller.FunctionController: com.alibaba.fastjson.JSONArray findRoleFunction(java.lang.String,java.lang.String,javax.servlet.http.HttpServletRequest)>", index: "1", type: "java.lang.String" }
  - { kind: "param", method: "<com.jsh.erp.controller.FunctionController: com.jsh.erp.utils.BaseResponseInfo findByIds(java.lang.Long,javax.servlet.http.HttpServletRequest)>", index: "0", type: "java.lang.Long" }
  - { kind: "param", method: "<com.jsh.erp.controller.UnitController: java.lang.String getList(java.lang.Long,javax.servlet.http.HttpServletRequest)>", index: "0", type: "java.lang.Long" }
  - { kind: "param", method: "<com.jsh.erp.controller.UnitController: com.jsh.erp.base.TableDataInfo getList(java.lang.String,javax.servlet.http.HttpServletRequest)>", index: "0", type: "java.lang.String" }
  - { kind: "param", method: "<com.jsh.erp.controller.UnitController: java.lang.String addResource(com.alibaba.fastjson.JSONObject,javax.servlet.http.HttpServletRequest)>", index: "0", type: "com.alibaba.fastjson.JSONObject" }
  - { kind: "param", method: "<com.jsh.erp.controller.UnitController: java.lang.String updateResource(com.alibaba.fastjson.JSONObject,javax.servlet.http.HttpServletRequest)>", index: "0", type: "com.alibaba.fastjson.JSONObject" }
  - { kind: "param", method: "<com.jsh.erp.controller.UnitController: java.lang.String deleteResource(java.lang.Long,javax.servlet.http.HttpServletRequest)>", index: "0", type: "java.lang.Long" }
  - { kind: "param", method: "<com.jsh.erp.controller.UnitController: java.lang.String batchDeleteResource(java.lang.String,javax.servlet.http.HttpServletRequest)>", index: "0", type: "java.lang.String" }
  - { kind: "param", method: "<com.jsh.erp.controller.UnitController: java.lang.String checkIsNameExist(java.lang.Long,java.lang.String,javax.servlet.http.HttpServletRequest)>", index: "0", type: "java.lang.Long" }
  - { kind: "param", method: "<com.jsh.erp.controller.UnitController: java.lang.String checkIsNameExist(java.lang.Long,java.lang.String,javax.servlet.http.HttpServletRequest)>", index: "1", type: "java.lang.String" }
  - { kind: "param", method: "<com.jsh.erp.controller.UnitController: java.lang.String batchSetStatus(com.alibaba.fastjson.JSONObject,javax.servlet.http.HttpServletRequest)>", index: "0", type: "com.alibaba.fastjson.JSONObject" }
  - { kind: "param", method: "<com.jsh.erp.controller.MsgController: java.lang.String getList(java.lang.Long,javax.servlet.http.HttpServletRequest)>", index: "0", type: "java.lang.Long" }
  - { kind: "param", method: "<com.jsh.erp.controller.MsgController: com.jsh.erp.base.TableDataInfo getList(java.lang.String,javax.servlet.http.HttpServletRequest)>", index: "0", type: "java.lang.String" }
  - { kind: "param", method: "<com.jsh.erp.controller.MsgController: java.lang.String addResource(com.alibaba.fastjson.JSONObject,javax.servlet.http.HttpServletRequest)>", index: "0", type: "com.alibaba.fastjson.JSONObject" }
  - { kind: "param", method: "<com.jsh.erp.controller.MsgController: java.lang.String updateResource(com.alibaba.fastjson.JSONObject,javax.servlet.http.HttpServletRequest)>", index: "0", type: "com.alibaba.fastjson.JSONObject" }
  - { kind: "param", method: "<com.jsh.erp.controller.MsgController: java.lang.String deleteResource(java.lang.Long,javax.servlet.http.HttpServletRequest)>", index: "0", type: "java.lang.Long" }
  - { kind: "param", method: "<com.jsh.erp.controller.MsgController: java.lang.String batchDeleteResource(java.lang.String,javax.servlet.http.HttpServletRequest)>", index: "0", type: "java.lang.String" }
  - { kind: "param", method: "<com.jsh.erp.controller.MsgController: java.lang.String checkIsNameExist(java.lang.Long,java.lang.String,javax.servlet.http.HttpServletRequest)>", index: "0", type: "java.lang.Long" }
  - { kind: "param", method: "<com.jsh.erp.controller.MsgController: java.lang.String checkIsNameExist(java.lang.Long,java.lang.String,javax.servlet.http.HttpServletRequest)>", index: "1", type: "java.lang.String" }
  - { kind: "param", method: "<com.jsh.erp.controller.MsgController: com.jsh.erp.utils.BaseResponseInfo getMsgByStatus(java.lang.String,javax.servlet.http.HttpServletRequest)>", index: "0", type: "java.lang.String" }
  - { kind: "param", method: "<com.jsh.erp.controller.MsgController: com.jsh.erp.utils.BaseResponseInfo batchUpdateStatus(com.alibaba.fastjson.JSONObject,javax.servlet.http.HttpServletRequest)>", index: "0", type: "com.alibaba.fastjson.JSONObject" }
  - { kind: "param", method: "<com.jsh.erp.controller.MsgController: com.jsh.erp.utils.BaseResponseInfo getMsgCountByStatus(java.lang.String,javax.servlet.http.HttpServletRequest)>", index: "0", type: "java.lang.String" }
  - { kind: "param", method: "<com.jsh.erp.controller.MsgController: com.jsh.erp.utils.BaseResponseInfo getMsgCountByType(java.lang.String,javax.servlet.http.HttpServletRequest)>", index: "0", type: "java.lang.String" }
  - { kind: "param", method: "<com.jsh.erp.controller.MaterialController: java.lang.String getList(java.lang.Long,javax.servlet.http.HttpServletRequest)>", index: "0", type: "java.lang.Long" }
  - { kind: "param", method: "<com.jsh.erp.controller.MaterialController: com.jsh.erp.base.TableDataInfo getList(java.lang.String,javax.servlet.http.HttpServletRequest)>", index: "0", type: "java.lang.String" }
  - { kind: "param", method: "<com.jsh.erp.controller.MaterialController: java.lang.String addResource(com.alibaba.fastjson.JSONObject,javax.servlet.http.HttpServletRequest)>", index: "0", type: "com.alibaba.fastjson.JSONObject" }
  - { kind: "param", method: "<com.jsh.erp.controller.MaterialController: java.lang.String updateResource(com.alibaba.fastjson.JSONObject,javax.servlet.http.HttpServletRequest)>", index: "0", type: "com.alibaba.fastjson.JSONObject" }
  - { kind: "param", method: "<com.jsh.erp.controller.MaterialController: java.lang.String deleteResource(java.lang.Long,javax.servlet.http.HttpServletRequest)>", index: "0", type: "java.lang.Long" }
  - { kind: "param", method: "<com.jsh.erp.controller.MaterialController: java.lang.String batchDeleteResource(java.lang.String,javax.servlet.http.HttpServletRequest)>", index: "0", type: "java.lang.String" }
  - { kind: "param", method: "<com.jsh.erp.controller.MaterialController: java.lang.String checkIsNameExist(java.lang.Long,java.lang.String,javax.servlet.http.HttpServletRequest)>", index: "0", type: "java.lang.Long" }
  - { kind: "param", method: "<com.jsh.erp.controller.MaterialController: java.lang.String checkIsNameExist(java.lang.Long,java.lang.String,javax.servlet.http.HttpServletRequest)>", index: "1", type: "java.lang.String" }
  - { kind: "param", method: "<com.jsh.erp.controller.MaterialController: java.lang.String checkIsExist(java.lang.Long,java.lang.String,java.lang.String,java.lang.String,java.lang.String,java.lang.String,java.lang.String,java.lang.String,java.lang.String,java.lang.String,java.lang.Long,javax.servlet.http.HttpServletRequest)>", index: "0", type: "java.lang.Long" }
  - { kind: "param", method: "<com.jsh.erp.controller.MaterialController: java.lang.String checkIsExist(java.lang.Long,java.lang.String,java.lang.String,java.lang.String,java.lang.String,java.lang.String,java.lang.String,java.lang.String,java.lang.String,java.lang.String,java.lang.Long,javax.servlet.http.HttpServletRequest)>", index: "1", type: "java.lang.String" }
  - { kind: "param", method: "<com.jsh.erp.controller.MaterialController: java.lang.String checkIsExist(java.lang.Long,java.lang.String,java.lang.String,java.lang.String,java.lang.String,java.lang.String,java.lang.String,java.lang.String,java.lang.String,java.lang.String,java.lang.Long,javax.servlet.http.HttpServletRequest)>", index: "2", type: "java.lang.String" }
  - { kind: "param", method: "<com.jsh.erp.controller.MaterialController: java.lang.String checkIsExist(java.lang.Long,java.lang.String,java.lang.String,java.lang.String,java.lang.String,java.lang.String,java.lang.String,java.lang.String,java.lang.String,java.lang.String,java.lang.Long,javax.servlet.http.HttpServletRequest)>", index: "3", type: "java.lang.String" }
  - { kind: "param", method: "<com.jsh.erp.controller.MaterialController: java.lang.String checkIsExist(java.lang.Long,java.lang.String,java.lang.String,java.lang.String,java.lang.String,java.lang.String,java.lang.String,java.lang.String,java.lang.String,java.lang.String,java.lang.Long,javax.servlet.http.HttpServletRequest)>", index: "4", type: "java.lang.String" }
  - { kind: "param", method: "<com.jsh.erp.controller.MaterialController: java.lang.String checkIsExist(java.lang.Long,java.lang.String,java.lang.String,java.lang.String,java.lang.String,java.lang.String,java.lang.String,java.lang.String,java.lang.String,java.lang.String,java.lang.Long,javax.servlet.http.HttpServletRequest)>", index: "5", type: "java.lang.String" }
  - { kind: "param", method: "<com.jsh.erp.controller.MaterialController: java.lang.String checkIsExist(java.lang.Long,java.lang.String,java.lang.String,java.lang.String,java.lang.String,java.lang.String,java.lang.String,java.lang.String,java.lang.String,java.lang.String,java.lang.Long,javax.servlet.http.HttpServletRequest)>", index: "6", type: "java.lang.String" }
  - { kind: "param", method: "<com.jsh.erp.controller.MaterialController: java.lang.String checkIsExist(java.lang.Long,java.lang.String,java.lang.String,java.lang.String,java.lang.String,java.lang.String,java.lang.String,java.lang.String,java.lang.String,java.lang.String,java.lang.Long,javax.servlet.http.HttpServletRequest)>", index: "7", type: "java.lang.String" }
  - { kind: "param", method: "<com.jsh.erp.controller.MaterialController: java.lang.String checkIsExist(java.lang.Long,java.lang.String,java.lang.String,java.lang.String,java.lang.String,java.lang.String,java.lang.String,java.lang.String,java.lang.String,java.lang.String,java.lang.Long,javax.servlet.http.HttpServletRequest)>", index: "8", type: "java.lang.String" }
  - { kind: "param", method: "<com.jsh.erp.controller.MaterialController: java.lang.String checkIsExist(java.lang.Long,java.lang.String,java.lang.String,java.lang.String,java.lang.String,java.lang.String,java.lang.String,java.lang.String,java.lang.String,java.lang.String,java.lang.Long,javax.servlet.http.HttpServletRequest)>", index: "9", type: "java.lang.String" }
  - { kind: "param", method: "<com.jsh.erp.controller.MaterialController: java.lang.String checkIsExist(java.lang.Long,java.lang.String,java.lang.String,java.lang.String,java.lang.String,java.lang.String,java.lang.String,java.lang.String,java.lang.String,java.lang.String,java.lang.Long,javax.servlet.http.HttpServletRequest)>", index: "10", type: "java.lang.Long" }
  - { kind: "param", method: "<com.jsh.erp.controller.MaterialController: java.lang.String batchSetStatus(com.alibaba.fastjson.JSONObject,javax.servlet.http.HttpServletRequest)>", index: "0", type: "com.alibaba.fastjson.JSONObject" }
  - { kind: "param", method: "<com.jsh.erp.controller.MaterialController: com.jsh.erp.utils.BaseResponseInfo findById(java.lang.Long,javax.servlet.http.HttpServletRequest)>", index: "0", type: "java.lang.Long" }
  - { kind: "param", method: "<com.jsh.erp.controller.MaterialController: com.jsh.erp.utils.BaseResponseInfo findByIdWithBarCode(java.lang.Long,java.lang.String,javax.servlet.http.HttpServletRequest)>", index: "0", type: "java.lang.Long" }
  - { kind: "param", method: "<com.jsh.erp.controller.MaterialController: com.jsh.erp.utils.BaseResponseInfo findByIdWithBarCode(java.lang.Long,java.lang.String,javax.servlet.http.HttpServletRequest)>", index: "1", type: "java.lang.String" }
  - { kind: "param", method: "<com.jsh.erp.controller.MaterialController: com.jsh.erp.utils.BaseResponseInfo getMaterialByParam(java.lang.String,javax.servlet.http.HttpServletRequest)>", index: "0", type: "java.lang.String" }
  - { kind: "param", method: "<com.jsh.erp.controller.MaterialController: com.alibaba.fastjson.JSONObject findBySelect(java.lang.Long,java.lang.String,java.lang.String,java.lang.String,java.lang.Long,java.lang.String,java.lang.String,java.lang.String,java.lang.String,java.lang.String,java.lang.String,java.lang.String,java.lang.String,java.lang.Integer,java.lang.Integer,javax.servlet.http.HttpServletRequest)>", index: "0", type: "java.lang.Long" }
  - { kind: "param", method: "<com.jsh.erp.controller.MaterialController: com.alibaba.fastjson.JSONObject findBySelect(java.lang.Long,java.lang.String,java.lang.String,java.lang.String,java.lang.Long,java.lang.String,java.lang.String,java.lang.String,java.lang.String,java.lang.String,java.lang.String,java.lang.String,java.lang.String,java.lang.Integer,java.lang.Integer,javax.servlet.http.HttpServletRequest)>", index: "1", type: "java.lang.String" }
  - { kind: "param", method: "<com.jsh.erp.controller.MaterialController: com.alibaba.fastjson.JSONObject findBySelect(java.lang.Long,java.lang.String,java.lang.String,java.lang.String,java.lang.Long,java.lang.String,java.lang.String,java.lang.String,java.lang.String,java.lang.String,java.lang.String,java.lang.String,java.lang.String,java.lang.Integer,java.lang.Integer,javax.servlet.http.HttpServletRequest)>", index: "2", type: "java.lang.String" }
  - { kind: "param", method: "<com.jsh.erp.controller.MaterialController: com.alibaba.fastjson.JSONObject findBySelect(java.lang.Long,java.lang.String,java.lang.String,java.lang.String,java.lang.Long,java.lang.String,java.lang.String,java.lang.String,java.lang.String,java.lang.String,java.lang.String,java.lang.String,java.lang.String,java.lang.Integer,java.lang.Integer,javax.servlet.http.HttpServletRequest)>", index: "3", type: "java.lang.String" }
  - { kind: "param", method: "<com.jsh.erp.controller.MaterialController: com.alibaba.fastjson.JSONObject findBySelect(java.lang.Long,java.lang.String,java.lang.String,java.lang.String,java.lang.Long,java.lang.String,java.lang.String,java.lang.String,java.lang.String,java.lang.String,java.lang.String,java.lang.String,java.lang.String,java.lang.Integer,java.lang.Integer,javax.servlet.http.HttpServletRequest)>", index: "4", type: "java.lang.Long" }
  - { kind: "param", method: "<com.jsh.erp.controller.MaterialController: com.alibaba.fastjson.JSONObject findBySelect(java.lang.Long,java.lang.String,java.lang.String,java.lang.String,java.lang.Long,java.lang.String,java.lang.String,java.lang.String,java.lang.String,java.lang.String,java.lang.String,java.lang.String,java.lang.String,java.lang.Integer,java.lang.Integer,javax.servlet.http.HttpServletRequest)>", index: "5", type: "java.lang.String" }
  - { kind: "param", method: "<com.jsh.erp.controller.MaterialController: com.alibaba.fastjson.JSONObject findBySelect(java.lang.Long,java.lang.String,java.lang.String,java.lang.String,java.lang.Long,java.lang.String,java.lang.String,java.lang.String,java.lang.String,java.lang.String,java.lang.String,java.lang.String,java.lang.String,java.lang.Integer,java.lang.Integer,javax.servlet.http.HttpServletRequest)>", index: "6", type: "java.lang.String" }
  - { kind: "param", method: "<com.jsh.erp.controller.MaterialController: com.alibaba.fastjson.JSONObject findBySelect(java.lang.Long,java.lang.String,java.lang.String,java.lang.String,java.lang.Long,java.lang.String,java.lang.String,java.lang.String,java.lang.String,java.lang.String,java.lang.String,java.lang.String,java.lang.String,java.lang.Integer,java.lang.Integer,javax.servlet.http.HttpServletRequest)>", index: "7", type: "java.lang.String" }
  - { kind: "param", method: "<com.jsh.erp.controller.MaterialController: com.alibaba.fastjson.JSONObject findBySelect(java.lang.Long,java.lang.String,java.lang.String,java.lang.String,java.lang.Long,java.lang.String,java.lang.String,java.lang.String,java.lang.String,java.lang.String,java.lang.String,java.lang.String,java.lang.String,java.lang.Integer,java.lang.Integer,javax.servlet.http.HttpServletRequest)>", index: "8", type: "java.lang.String" }
  - { kind: "param", method: "<com.jsh.erp.controller.MaterialController: com.alibaba.fastjson.JSONObject findBySelect(java.lang.Long,java.lang.String,java.lang.String,java.lang.String,java.lang.Long,java.lang.String,java.lang.String,java.lang.String,java.lang.String,java.lang.String,java.lang.String,java.lang.String,java.lang.String,java.lang.Integer,java.lang.Integer,javax.servlet.http.HttpServletRequest)>", index: "9", type: "java.lang.String" }
  - { kind: "param", method: "<com.jsh.erp.controller.MaterialController: com.alibaba.fastjson.JSONObject findBySelect(java.lang.Long,java.lang.String,java.lang.String,java.lang.String,java.lang.Long,java.lang.String,java.lang.String,java.lang.String,java.lang.String,java.lang.String,java.lang.String,java.lang.String,java.lang.String,java.lang.Integer,java.lang.Integer,javax.servlet.http.HttpServletRequest)>", index: "10", type: "java.lang.String" }
  - { kind: "param", method: "<com.jsh.erp.controller.MaterialController: com.alibaba.fastjson.JSONObject findBySelect(java.lang.Long,java.lang.String,java.lang.String,java.lang.String,java.lang.Long,java.lang.String,java.lang.String,java.lang.String,java.lang.String,java.lang.String,java.lang.String,java.lang.String,java.lang.String,java.lang.Integer,java.lang.Integer,javax.servlet.http.HttpServletRequest)>", index: "11", type: "java.lang.String" }
  - { kind: "param", method: "<com.jsh.erp.controller.MaterialController: com.alibaba.fastjson.JSONObject findBySelect(java.lang.Long,java.lang.String,java.lang.String,java.lang.String,java.lang.Long,java.lang.String,java.lang.String,java.lang.String,java.lang.String,java.lang.String,java.lang.String,java.lang.String,java.lang.String,java.lang.Integer,java.lang.Integer,javax.servlet.http.HttpServletRequest)>", index: "12", type: "java.lang.String" }
  - { kind: "param", method: "<com.jsh.erp.controller.MaterialController: com.alibaba.fastjson.JSONObject findBySelect(java.lang.Long,java.lang.String,java.lang.String,java.lang.String,java.lang.Long,java.lang.String,java.lang.String,java.lang.String,java.lang.String,java.lang.String,java.lang.String,java.lang.String,java.lang.String,java.lang.Integer,java.lang.Integer,javax.servlet.http.HttpServletRequest)>", index: "13", type: "java.lang.Integer" }
  - { kind: "param", method: "<com.jsh.erp.controller.MaterialController: com.alibaba.fastjson.JSONObject findBySelect(java.lang.Long,java.lang.String,java.lang.String,java.lang.String,java.lang.Long,java.lang.String,java.lang.String,java.lang.String,java.lang.String,java.lang.String,java.lang.String,java.lang.String,java.lang.String,java.lang.Integer,java.lang.Integer,javax.servlet.http.HttpServletRequest)>", index: "14", type: "java.lang.Integer" }
  - { kind: "param", method: "<com.jsh.erp.controller.MaterialController: com.alibaba.fastjson.JSONObject getMaterialByMeId(java.lang.Long,java.lang.String,javax.servlet.http.HttpServletRequest)>", index: "0", type: "java.lang.Long" }
  - { kind: "param", method: "<com.jsh.erp.controller.MaterialController: com.alibaba.fastjson.JSONObject getMaterialByMeId(java.lang.Long,java.lang.String,javax.servlet.http.HttpServletRequest)>", index: "1", type: "java.lang.String" }
  - { kind: "param", method: "<com.jsh.erp.controller.MaterialController: void exportExcel(java.lang.String,java.lang.String,java.lang.String,java.lang.String,java.lang.String,java.lang.String,java.lang.String,java.lang.String,java.lang.String,java.lang.String,java.lang.String,javax.servlet.http.HttpServletRequest,javax.servlet.http.HttpServletResponse)>", index: "0", type: "java.lang.String" }
  - { kind: "param", method: "<com.jsh.erp.controller.MaterialController: void exportExcel(java.lang.String,java.lang.String,java.lang.String,java.lang.String,java.lang.String,java.lang.String,java.lang.String,java.lang.String,java.lang.String,java.lang.String,java.lang.String,javax.servlet.http.HttpServletRequest,javax.servlet.http.HttpServletResponse)>", index: "1", type: "java.lang.String" }
  - { kind: "param", method: "<com.jsh.erp.controller.MaterialController: void exportExcel(java.lang.String,java.lang.String,java.lang.String,java.lang.String,java.lang.String,java.lang.String,java.lang.String,java.lang.String,java.lang.String,java.lang.String,java.lang.String,javax.servlet.http.HttpServletRequest,javax.servlet.http.HttpServletResponse)>", index: "2", type: "java.lang.String" }
  - { kind: "param", method: "<com.jsh.erp.controller.MaterialController: void exportExcel(java.lang.String,java.lang.String,java.lang.String,java.lang.String,java.lang.String,java.lang.String,java.lang.String,java.lang.String,java.lang.String,java.lang.String,java.lang.String,javax.servlet.http.HttpServletRequest,javax.servlet.http.HttpServletResponse)>", index: "3", type: "java.lang.String" }
  - { kind: "param", method: "<com.jsh.erp.controller.MaterialController: void exportExcel(java.lang.String,java.lang.String,java.lang.String,java.lang.String,java.lang.String,java.lang.String,java.lang.String,java.lang.String,java.lang.String,java.lang.String,java.lang.String,javax.servlet.http.HttpServletRequest,javax.servlet.http.HttpServletResponse)>", index: "4", type: "java.lang.String" }
  - { kind: "param", method: "<com.jsh.erp.controller.MaterialController: void exportExcel(java.lang.String,java.lang.String,java.lang.String,java.lang.String,java.lang.String,java.lang.String,java.lang.String,java.lang.String,java.lang.String,java.lang.String,java.lang.String,javax.servlet.http.HttpServletRequest,javax.servlet.http.HttpServletResponse)>", index: "5", type: "java.lang.String" }
  - { kind: "param", method: "<com.jsh.erp.controller.MaterialController: void exportExcel(java.lang.String,java.lang.String,java.lang.String,java.lang.String,java.lang.String,java.lang.String,java.lang.String,java.lang.String,java.lang.String,java.lang.String,java.lang.String,javax.servlet.http.HttpServletRequest,javax.servlet.http.HttpServletResponse)>", index: "6", type: "java.lang.String" }
  - { kind: "param", method: "<com.jsh.erp.controller.MaterialController: void exportExcel(java.lang.String,java.lang.String,java.lang.String,java.lang.String,java.lang.String,java.lang.String,java.lang.String,java.lang.String,java.lang.String,java.lang.String,java.lang.String,javax.servlet.http.HttpServletRequest,javax.servlet.http.HttpServletResponse)>", index: "7", type: "java.lang.String" }
  - { kind: "param", method: "<com.jsh.erp.controller.MaterialController: void exportExcel(java.lang.String,java.lang.String,java.lang.String,java.lang.String,java.lang.String,java.lang.String,java.lang.String,java.lang.String,java.lang.String,java.lang.String,java.lang.String,javax.servlet.http.HttpServletRequest,javax.servlet.http.HttpServletResponse)>", index: "8", type: "java.lang.String" }
  - { kind: "param", method: "<com.jsh.erp.controller.MaterialController: void exportExcel(java.lang.String,java.lang.String,java.lang.String,java.lang.String,java.lang.String,java.lang.String,java.lang.String,java.lang.String,java.lang.String,java.lang.String,java.lang.String,javax.servlet.http.HttpServletRequest,javax.servlet.http.HttpServletResponse)>", index: "9", type: "java.lang.String" }
  - { kind: "param", method: "<com.jsh.erp.controller.MaterialController: void exportExcel(java.lang.String,java.lang.String,java.lang.String,java.lang.String,java.lang.String,java.lang.String,java.lang.String,java.lang.String,java.lang.String,java.lang.String,java.lang.String,javax.servlet.http.HttpServletRequest,javax.servlet.http.HttpServletResponse)>", index: "10", type: "java.lang.String" }
  - { kind: "param", method: "<com.jsh.erp.controller.MaterialController: com.jsh.erp.utils.BaseResponseInfo importExcel(org.springframework.web.multipart.MultipartFile,javax.servlet.http.HttpServletRequest,javax.servlet.http.HttpServletResponse)>", index: "0", type: "org.springframework.web.multipart.MultipartFile" }
  - { kind: "param", method: "<com.jsh.erp.controller.MaterialController: com.alibaba.fastjson.JSONObject getMaterialEnableSerialNumberList(java.lang.String,java.lang.Integer,java.lang.Integer,javax.servlet.http.HttpServletRequest,javax.servlet.http.HttpServletResponse)>", index: "0", type: "java.lang.String" }
  - { kind: "param", method: "<com.jsh.erp.controller.MaterialController: com.alibaba.fastjson.JSONObject getMaterialEnableSerialNumberList(java.lang.String,java.lang.Integer,java.lang.Integer,javax.servlet.http.HttpServletRequest,javax.servlet.http.HttpServletResponse)>", index: "1", type: "java.lang.Integer" }
  - { kind: "param", method: "<com.jsh.erp.controller.MaterialController: com.alibaba.fastjson.JSONObject getMaterialEnableSerialNumberList(java.lang.String,java.lang.Integer,java.lang.Integer,javax.servlet.http.HttpServletRequest,javax.servlet.http.HttpServletResponse)>", index: "2", type: "java.lang.Integer" }
  - { kind: "param", method: "<com.jsh.erp.controller.MaterialController: com.jsh.erp.utils.BaseResponseInfo getMaterialByBarCode(java.lang.String,java.lang.Long,java.lang.Long,java.lang.String,java.lang.String,javax.servlet.http.HttpServletRequest)>", index: "0", type: "java.lang.String" }
  - { kind: "param", method: "<com.jsh.erp.controller.MaterialController: com.jsh.erp.utils.BaseResponseInfo getMaterialByBarCode(java.lang.String,java.lang.Long,java.lang.Long,java.lang.String,java.lang.String,javax.servlet.http.HttpServletRequest)>", index: "1", type: "java.lang.Long" }
  - { kind: "param", method: "<com.jsh.erp.controller.MaterialController: com.jsh.erp.utils.BaseResponseInfo getMaterialByBarCode(java.lang.String,java.lang.Long,java.lang.Long,java.lang.String,java.lang.String,javax.servlet.http.HttpServletRequest)>", index: "2", type: "java.lang.Long" }
  - { kind: "param", method: "<com.jsh.erp.controller.MaterialController: com.jsh.erp.utils.BaseResponseInfo getMaterialByBarCode(java.lang.String,java.lang.Long,java.lang.Long,java.lang.String,java.lang.String,javax.servlet.http.HttpServletRequest)>", index: "3", type: "java.lang.String" }
  - { kind: "param", method: "<com.jsh.erp.controller.MaterialController: com.jsh.erp.utils.BaseResponseInfo getMaterialByBarCode(java.lang.String,java.lang.Long,java.lang.Long,java.lang.String,java.lang.String,javax.servlet.http.HttpServletRequest)>", index: "4", type: "java.lang.String" }
  - { kind: "param", method: "<com.jsh.erp.controller.MaterialController: com.jsh.erp.utils.BaseResponseInfo getListWithStock(java.lang.Integer,java.lang.Integer,java.lang.String,java.lang.Long,java.lang.String,java.lang.String,java.lang.Integer,java.lang.String,java.lang.String,javax.servlet.http.HttpServletRequest)>", index: "0", type: "java.lang.Integer" }
  - { kind: "param", method: "<com.jsh.erp.controller.MaterialController: com.jsh.erp.utils.BaseResponseInfo getListWithStock(java.lang.Integer,java.lang.Integer,java.lang.String,java.lang.Long,java.lang.String,java.lang.String,java.lang.Integer,java.lang.String,java.lang.String,javax.servlet.http.HttpServletRequest)>", index: "1", type: "java.lang.Integer" }
  - { kind: "param", method: "<com.jsh.erp.controller.MaterialController: com.jsh.erp.utils.BaseResponseInfo getListWithStock(java.lang.Integer,java.lang.Integer,java.lang.String,java.lang.Long,java.lang.String,java.lang.String,java.lang.Integer,java.lang.String,java.lang.String,javax.servlet.http.HttpServletRequest)>", index: "2", type: "java.lang.String" }
  - { kind: "param", method: "<com.jsh.erp.controller.MaterialController: com.jsh.erp.utils.BaseResponseInfo getListWithStock(java.lang.Integer,java.lang.Integer,java.lang.String,java.lang.Long,java.lang.String,java.lang.String,java.lang.Integer,java.lang.String,java.lang.String,javax.servlet.http.HttpServletRequest)>", index: "3", type: "java.lang.Long" }
  - { kind: "param", method: "<com.jsh.erp.controller.MaterialController: com.jsh.erp.utils.BaseResponseInfo getListWithStock(java.lang.Integer,java.lang.Integer,java.lang.String,java.lang.Long,java.lang.String,java.lang.String,java.lang.Integer,java.lang.String,java.lang.String,javax.servlet.http.HttpServletRequest)>", index: "4", type: "java.lang.String" }
  - { kind: "param", method: "<com.jsh.erp.controller.MaterialController: com.jsh.erp.utils.BaseResponseInfo getListWithStock(java.lang.Integer,java.lang.Integer,java.lang.String,java.lang.Long,java.lang.String,java.lang.String,java.lang.Integer,java.lang.String,java.lang.String,javax.servlet.http.HttpServletRequest)>", index: "5", type: "java.lang.String" }
  - { kind: "param", method: "<com.jsh.erp.controller.MaterialController: com.jsh.erp.utils.BaseResponseInfo getListWithStock(java.lang.Integer,java.lang.Integer,java.lang.String,java.lang.Long,java.lang.String,java.lang.String,java.lang.Integer,java.lang.String,java.lang.String,javax.servlet.http.HttpServletRequest)>", index: "6", type: "java.lang.Integer" }
  - { kind: "param", method: "<com.jsh.erp.controller.MaterialController: com.jsh.erp.utils.BaseResponseInfo getListWithStock(java.lang.Integer,java.lang.Integer,java.lang.String,java.lang.Long,java.lang.String,java.lang.String,java.lang.Integer,java.lang.String,java.lang.String,javax.servlet.http.HttpServletRequest)>", index: "7", type: "java.lang.String" }
  - { kind: "param", method: "<com.jsh.erp.controller.MaterialController: com.jsh.erp.utils.BaseResponseInfo getListWithStock(java.lang.Integer,java.lang.Integer,java.lang.String,java.lang.Long,java.lang.String,java.lang.String,java.lang.Integer,java.lang.String,java.lang.String,javax.servlet.http.HttpServletRequest)>", index: "8", type: "java.lang.String" }
  - { kind: "param", method: "<com.jsh.erp.controller.MaterialController: java.lang.String batchSetMaterialCurrentStock(com.alibaba.fastjson.JSONObject,javax.servlet.http.HttpServletRequest)>", index: "0", type: "com.alibaba.fastjson.JSONObject" }
  - { kind: "param", method: "<com.jsh.erp.controller.MaterialController: java.lang.String batchSetMaterialCurrentUnitPrice(com.alibaba.fastjson.JSONObject,javax.servlet.http.HttpServletRequest)>", index: "0", type: "com.alibaba.fastjson.JSONObject" }
  - { kind: "param", method: "<com.jsh.erp.controller.MaterialController: java.lang.String batchUpdate(com.alibaba.fastjson.JSONObject,javax.servlet.http.HttpServletRequest)>", index: "0", type: "com.alibaba.fastjson.JSONObject" }
  - { kind: "param", method: "<com.jsh.erp.controller.MaterialController: com.jsh.erp.utils.BaseResponseInfo changeNameToPinYin(com.alibaba.fastjson.JSONObject)>", index: "0", type: "com.alibaba.fastjson.JSONObject" }
  - { kind: "param", method: "<com.jsh.erp.controller.MaterialController: com.jsh.erp.base.TableDataInfo getMaterialDepotStock(java.lang.String,java.lang.Long,javax.servlet.http.HttpServletRequest)>", index: "0", type: "java.lang.String" }
  - { kind: "param", method: "<com.jsh.erp.controller.MaterialController: com.jsh.erp.base.TableDataInfo getMaterialDepotStock(java.lang.String,java.lang.Long,javax.servlet.http.HttpServletRequest)>", index: "1", type: "java.lang.Long" }
  - { kind: "param", method: "<com.jsh.erp.controller.TenantController: java.lang.String getList(java.lang.Long,javax.servlet.http.HttpServletRequest)>", index: "0", type: "java.lang.Long" }
  - { kind: "param", method: "<com.jsh.erp.controller.TenantController: com.jsh.erp.base.TableDataInfo getList(java.lang.String,javax.servlet.http.HttpServletRequest)>", index: "0", type: "java.lang.String" }
  - { kind: "param", method: "<com.jsh.erp.controller.TenantController: java.lang.String addResource(com.alibaba.fastjson.JSONObject,javax.servlet.http.HttpServletRequest)>", index: "0", type: "com.alibaba.fastjson.JSONObject" }
  - { kind: "param", method: "<com.jsh.erp.controller.TenantController: java.lang.String updateResource(com.alibaba.fastjson.JSONObject,javax.servlet.http.HttpServletRequest)>", index: "0", type: "com.alibaba.fastjson.JSONObject" }
  - { kind: "param", method: "<com.jsh.erp.controller.TenantController: java.lang.String deleteResource(java.lang.Long,javax.servlet.http.HttpServletRequest)>", index: "0", type: "java.lang.Long" }
  - { kind: "param", method: "<com.jsh.erp.controller.TenantController: java.lang.String batchDeleteResource(java.lang.String,javax.servlet.http.HttpServletRequest)>", index: "0", type: "java.lang.String" }
  - { kind: "param", method: "<com.jsh.erp.controller.TenantController: java.lang.String checkIsNameExist(java.lang.Long,java.lang.String,javax.servlet.http.HttpServletRequest)>", index: "0", type: "java.lang.Long" }
  - { kind: "param", method: "<com.jsh.erp.controller.TenantController: java.lang.String checkIsNameExist(java.lang.Long,java.lang.String,javax.servlet.http.HttpServletRequest)>", index: "1", type: "java.lang.String" }
  - { kind: "param", method: "<com.jsh.erp.controller.TenantController: java.lang.String batchSetStatus(com.alibaba.fastjson.JSONObject,javax.servlet.http.HttpServletRequest)>", index: "0", type: "com.alibaba.fastjson.JSONObject" }
  - { kind: "param", method: "<com.jsh.erp.controller.SupplierController: java.lang.String getList(java.lang.Long,javax.servlet.http.HttpServletRequest)>", index: "0", type: "java.lang.Long" }
  - { kind: "param", method: "<com.jsh.erp.controller.SupplierController: com.jsh.erp.base.TableDataInfo getList(java.lang.String,javax.servlet.http.HttpServletRequest)>", index: "0", type: "java.lang.String" }
  - { kind: "param", method: "<com.jsh.erp.controller.SupplierController: java.lang.String addResource(com.alibaba.fastjson.JSONObject,javax.servlet.http.HttpServletRequest)>", index: "0", type: "com.alibaba.fastjson.JSONObject" }
  - { kind: "param", method: "<com.jsh.erp.controller.SupplierController: java.lang.String updateResource(com.alibaba.fastjson.JSONObject,javax.servlet.http.HttpServletRequest)>", index: "0", type: "com.alibaba.fastjson.JSONObject" }
  - { kind: "param", method: "<com.jsh.erp.controller.SupplierController: java.lang.String deleteResource(java.lang.Long,javax.servlet.http.HttpServletRequest)>", index: "0", type: "java.lang.Long" }
  - { kind: "param", method: "<com.jsh.erp.controller.SupplierController: java.lang.String batchDeleteResource(java.lang.String,javax.servlet.http.HttpServletRequest)>", index: "0", type: "java.lang.String" }
  - { kind: "param", method: "<com.jsh.erp.controller.SupplierController: java.lang.String checkIsNameExist(java.lang.Long,java.lang.String,javax.servlet.http.HttpServletRequest)>", index: "0", type: "java.lang.Long" }
  - { kind: "param", method: "<com.jsh.erp.controller.SupplierController: java.lang.String checkIsNameExist(java.lang.Long,java.lang.String,javax.servlet.http.HttpServletRequest)>", index: "1", type: "java.lang.String" }
  - { kind: "param", method: "<com.jsh.erp.controller.SupplierController: java.lang.String checkIsNameAndTypeExist(java.lang.Long,java.lang.String,java.lang.String,javax.servlet.http.HttpServletRequest)>", index: "0", type: "java.lang.Long" }
  - { kind: "param", method: "<com.jsh.erp.controller.SupplierController: java.lang.String checkIsNameAndTypeExist(java.lang.Long,java.lang.String,java.lang.String,javax.servlet.http.HttpServletRequest)>", index: "1", type: "java.lang.String" }
  - { kind: "param", method: "<com.jsh.erp.controller.SupplierController: java.lang.String checkIsNameAndTypeExist(java.lang.Long,java.lang.String,java.lang.String,javax.servlet.http.HttpServletRequest)>", index: "2", type: "java.lang.String" }
  - { kind: "param", method: "<com.jsh.erp.controller.SupplierController: com.alibaba.fastjson.JSONArray findBySelectCus(com.alibaba.fastjson.JSONObject,javax.servlet.http.HttpServletRequest)>", index: "0", type: "com.alibaba.fastjson.JSONObject" }
  - { kind: "param", method: "<com.jsh.erp.controller.SupplierController: com.alibaba.fastjson.JSONArray findBySelectSup(com.alibaba.fastjson.JSONObject,javax.servlet.http.HttpServletRequest)>", index: "0", type: "com.alibaba.fastjson.JSONObject" }
  - { kind: "param", method: "<com.jsh.erp.controller.SupplierController: com.alibaba.fastjson.JSONArray findBySelectOrgan(com.alibaba.fastjson.JSONObject,javax.servlet.http.HttpServletRequest)>", index: "0", type: "com.alibaba.fastjson.JSONObject" }
  - { kind: "param", method: "<com.jsh.erp.controller.SupplierController: com.alibaba.fastjson.JSONArray findBySelectRetail(com.alibaba.fastjson.JSONObject,javax.servlet.http.HttpServletRequest)>", index: "0", type: "com.alibaba.fastjson.JSONObject" }
  - { kind: "param", method: "<com.jsh.erp.controller.SupplierController: java.lang.String batchSetStatus(com.alibaba.fastjson.JSONObject,javax.servlet.http.HttpServletRequest)>", index: "0", type: "com.alibaba.fastjson.JSONObject" }
  - { kind: "param", method: "<com.jsh.erp.controller.SupplierController: com.jsh.erp.base.TableDataInfo getAllCustomer(java.lang.String,javax.servlet.http.HttpServletRequest)>", index: "0", type: "java.lang.String" }
  - { kind: "param", method: "<com.jsh.erp.controller.SupplierController: com.alibaba.fastjson.JSONObject getUserCustomerValue(java.lang.String,java.lang.String,javax.servlet.http.HttpServletRequest)>", index: "0", type: "java.lang.String" }
  - { kind: "param", method: "<com.jsh.erp.controller.SupplierController: com.alibaba.fastjson.JSONObject getUserCustomerValue(java.lang.String,java.lang.String,javax.servlet.http.HttpServletRequest)>", index: "1", type: "java.lang.String" }
  - { kind: "param", method: "<com.jsh.erp.controller.SupplierController: com.jsh.erp.utils.BaseResponseInfo getBeginNeedByOrganId(java.lang.Long,javax.servlet.http.HttpServletRequest)>", index: "0", type: "java.lang.Long" }
  - { kind: "param", method: "<com.jsh.erp.controller.SupplierController: com.jsh.erp.utils.BaseResponseInfo importVendor(org.springframework.web.multipart.MultipartFile,javax.servlet.http.HttpServletRequest,javax.servlet.http.HttpServletResponse)>", index: "0", type: "org.springframework.web.multipart.MultipartFile" }
  - { kind: "param", method: "<com.jsh.erp.controller.SupplierController: com.jsh.erp.utils.BaseResponseInfo importCustomer(org.springframework.web.multipart.MultipartFile,javax.servlet.http.HttpServletRequest,javax.servlet.http.HttpServletResponse)>", index: "0", type: "org.springframework.web.multipart.MultipartFile" }
  - { kind: "param", method: "<com.jsh.erp.controller.SupplierController: com.jsh.erp.utils.BaseResponseInfo importMember(org.springframework.web.multipart.MultipartFile,javax.servlet.http.HttpServletRequest,javax.servlet.http.HttpServletResponse)>", index: "0", type: "org.springframework.web.multipart.MultipartFile" }
  - { kind: "param", method: "<com.jsh.erp.controller.SupplierController: void exportExcel(java.lang.String,java.lang.String,java.lang.String,java.lang.String,javax.servlet.http.HttpServletRequest,javax.servlet.http.HttpServletResponse)>", index: "0", type: "java.lang.String" }
  - { kind: "param", method: "<com.jsh.erp.controller.SupplierController: void exportExcel(java.lang.String,java.lang.String,java.lang.String,java.lang.String,javax.servlet.http.HttpServletRequest,javax.servlet.http.HttpServletResponse)>", index: "1", type: "java.lang.String" }
  - { kind: "param", method: "<com.jsh.erp.controller.SupplierController: void exportExcel(java.lang.String,java.lang.String,java.lang.String,java.lang.String,javax.servlet.http.HttpServletRequest,javax.servlet.http.HttpServletResponse)>", index: "2", type: "java.lang.String" }
  - { kind: "param", method: "<com.jsh.erp.controller.SupplierController: void exportExcel(java.lang.String,java.lang.String,java.lang.String,java.lang.String,javax.servlet.http.HttpServletRequest,javax.servlet.http.HttpServletResponse)>", index: "3", type: "java.lang.String" }
  - { kind: "param", method: "<com.jsh.erp.controller.SupplierController: java.lang.String batchSetAdvanceIn(com.alibaba.fastjson.JSONObject,javax.servlet.http.HttpServletRequest)>", index: "0", type: "com.alibaba.fastjson.JSONObject" }
  - { kind: "param", method: "<com.jsh.erp.controller.SupplierController: java.lang.String getInfoByName(java.lang.String,java.lang.String,javax.servlet.http.HttpServletRequest)>", index: "0", type: "java.lang.String" }
  - { kind: "param", method: "<com.jsh.erp.controller.SupplierController: java.lang.String getInfoByName(java.lang.String,java.lang.String,javax.servlet.http.HttpServletRequest)>", index: "1", type: "java.lang.String" }
  - { kind: "param", method: "<com.jsh.erp.controller.MaterialCategoryController: java.lang.String getList(java.lang.Long,javax.servlet.http.HttpServletRequest)>", index: "0", type: "java.lang.Long" }
  - { kind: "param", method: "<com.jsh.erp.controller.MaterialCategoryController: com.jsh.erp.base.TableDataInfo getList(java.lang.String,javax.servlet.http.HttpServletRequest)>", index: "0", type: "java.lang.String" }
  - { kind: "param", method: "<com.jsh.erp.controller.MaterialCategoryController: java.lang.String addResource(com.alibaba.fastjson.JSONObject,javax.servlet.http.HttpServletRequest)>", index: "0", type: "com.alibaba.fastjson.JSONObject" }
  - { kind: "param", method: "<com.jsh.erp.controller.MaterialCategoryController: java.lang.String updateResource(com.alibaba.fastjson.JSONObject,javax.servlet.http.HttpServletRequest)>", index: "0", type: "com.alibaba.fastjson.JSONObject" }
  - { kind: "param", method: "<com.jsh.erp.controller.MaterialCategoryController: java.lang.String deleteResource(java.lang.Long,javax.servlet.http.HttpServletRequest)>", index: "0", type: "java.lang.Long" }
  - { kind: "param", method: "<com.jsh.erp.controller.MaterialCategoryController: java.lang.String batchDeleteResource(java.lang.String,javax.servlet.http.HttpServletRequest)>", index: "0", type: "java.lang.String" }
  - { kind: "param", method: "<com.jsh.erp.controller.MaterialCategoryController: java.lang.String checkIsNameExist(java.lang.Long,java.lang.String,java.lang.Long,javax.servlet.http.HttpServletRequest)>", index: "0", type: "java.lang.Long" }
  - { kind: "param", method: "<com.jsh.erp.controller.MaterialCategoryController: java.lang.String checkIsNameExist(java.lang.Long,java.lang.String,java.lang.Long,javax.servlet.http.HttpServletRequest)>", index: "1", type: "java.lang.String" }
  - { kind: "param", method: "<com.jsh.erp.controller.MaterialCategoryController: java.lang.String checkIsNameExist(java.lang.Long,java.lang.String,java.lang.Long,javax.servlet.http.HttpServletRequest)>", index: "2", type: "java.lang.Long" }
  - { kind: "param", method: "<com.jsh.erp.controller.MaterialCategoryController: com.jsh.erp.utils.BaseResponseInfo getAllList(java.lang.Long,javax.servlet.http.HttpServletRequest)>", index: "0", type: "java.lang.Long" }
  - { kind: "param", method: "<com.jsh.erp.controller.MaterialCategoryController: com.jsh.erp.utils.BaseResponseInfo findById(java.lang.Long,javax.servlet.http.HttpServletRequest)>", index: "0", type: "java.lang.Long" }
  - { kind: "param", method: "<com.jsh.erp.controller.MaterialCategoryController: com.alibaba.fastjson.JSONArray getMaterialCategoryTree(java.lang.Long)>", index: "0", type: "java.lang.Long" }
  - { kind: "param", method: "<com.jsh.erp.controller.SerialNumberController: java.lang.String batAddSerialNumber(com.alibaba.fastjson.JSONObject,javax.servlet.http.HttpServletRequest)>", index: "0", type: "com.alibaba.fastjson.JSONObject" }
  - { kind: "param", method: "<com.jsh.erp.controller.SerialNumberController: com.jsh.erp.utils.BaseResponseInfo getEnableSerialNumberList(com.alibaba.fastjson.JSONObject,javax.servlet.http.HttpServletRequest)>", index: "0", type: "com.alibaba.fastjson.JSONObject" }
  - { kind: "param", method: "<com.jsh.erp.controller.PluginController: com.jsh.erp.utils.BaseResponseInfo getPluginInfo(java.lang.String,java.lang.Integer,java.lang.Integer,javax.servlet.http.HttpServletRequest)>", index: "0", type: "java.lang.String" }
  - { kind: "param", method: "<com.jsh.erp.controller.PluginController: com.jsh.erp.utils.BaseResponseInfo getPluginInfo(java.lang.String,java.lang.Integer,java.lang.Integer,javax.servlet.http.HttpServletRequest)>", index: "1", type: "java.lang.Integer" }
  - { kind: "param", method: "<com.jsh.erp.controller.PluginController: com.jsh.erp.utils.BaseResponseInfo getPluginInfo(java.lang.String,java.lang.Integer,java.lang.Integer,javax.servlet.http.HttpServletRequest)>", index: "2", type: "java.lang.Integer" }
  - { kind: "param", method: "<com.jsh.erp.controller.PluginController: com.jsh.erp.utils.BaseResponseInfo stop(java.lang.String)>", index: "0", type: "java.lang.String" }
  - { kind: "param", method: "<com.jsh.erp.controller.PluginController: com.jsh.erp.utils.BaseResponseInfo start(java.lang.String)>", index: "0", type: "java.lang.String" }
  - { kind: "param", method: "<com.jsh.erp.controller.PluginController: com.jsh.erp.utils.BaseResponseInfo uninstall(java.lang.String)>", index: "0", type: "java.lang.String" }
  - { kind: "param", method: "<com.jsh.erp.controller.PluginController: java.lang.String install(java.lang.String)>", index: "0", type: "java.lang.String" }
  - { kind: "param", method: "<com.jsh.erp.controller.PluginController: com.jsh.erp.utils.BaseResponseInfo install(org.springframework.web.multipart.MultipartFile,javax.servlet.http.HttpServletRequest,javax.servlet.http.HttpServletResponse)>", index: "0", type: "org.springframework.web.multipart.MultipartFile" }
  - { kind: "param", method: "<com.jsh.erp.controller.PluginController: java.lang.String uploadConfig(org.springframework.web.multipart.MultipartFile)>", index: "0", type: "org.springframework.web.multipart.MultipartFile" }
  - { kind: "param", method: "<com.jsh.erp.controller.PluginController: java.lang.String backupPlugin(java.lang.String)>", index: "0", type: "java.lang.String" }
  - { kind: "param", method: "<com.jsh.erp.controller.PluginController: com.jsh.erp.utils.BaseResponseInfo checkByTag(java.lang.String)>", index: "0", type: "java.lang.String" }
  - { kind: "param", method: "<com.jsh.erp.controller.AccountController: java.lang.String getList(java.lang.Long,javax.servlet.http.HttpServletRequest)>", index: "0", type: "java.lang.Long" }
  - { kind: "param", method: "<com.jsh.erp.controller.AccountController: com.jsh.erp.base.TableDataInfo getList(java.lang.String,javax.servlet.http.HttpServletRequest)>", index: "0", type: "java.lang.String" }
  - { kind: "param", method: "<com.jsh.erp.controller.AccountController: java.lang.String addResource(com.alibaba.fastjson.JSONObject,javax.servlet.http.HttpServletRequest)>", index: "0", type: "com.alibaba.fastjson.JSONObject" }
  - { kind: "param", method: "<com.jsh.erp.controller.AccountController: java.lang.String updateResource(com.alibaba.fastjson.JSONObject,javax.servlet.http.HttpServletRequest)>", index: "0", type: "com.alibaba.fastjson.JSONObject" }
  - { kind: "param", method: "<com.jsh.erp.controller.AccountController: java.lang.String deleteResource(java.lang.Long,javax.servlet.http.HttpServletRequest)>", index: "0", type: "java.lang.Long" }
  - { kind: "param", method: "<com.jsh.erp.controller.AccountController: java.lang.String batchDeleteResource(java.lang.String,javax.servlet.http.HttpServletRequest)>", index: "0", type: "java.lang.String" }
  - { kind: "param", method: "<com.jsh.erp.controller.AccountController: java.lang.String checkIsNameExist(java.lang.Long,java.lang.String,javax.servlet.http.HttpServletRequest)>", index: "0", type: "java.lang.Long" }
  - { kind: "param", method: "<com.jsh.erp.controller.AccountController: java.lang.String checkIsNameExist(java.lang.Long,java.lang.String,javax.servlet.http.HttpServletRequest)>", index: "1", type: "java.lang.String" }
  - { kind: "param", method: "<com.jsh.erp.controller.AccountController: com.jsh.erp.utils.BaseResponseInfo findAccountInOutList(java.lang.Integer,java.lang.Integer,java.lang.Long,java.math.BigDecimal,java.lang.String,java.lang.String,java.lang.String,javax.servlet.http.HttpServletRequest)>", index: "0", type: "java.lang.Integer" }
  - { kind: "param", method: "<com.jsh.erp.controller.AccountController: com.jsh.erp.utils.BaseResponseInfo findAccountInOutList(java.lang.Integer,java.lang.Integer,java.lang.Long,java.math.BigDecimal,java.lang.String,java.lang.String,java.lang.String,javax.servlet.http.HttpServletRequest)>", index: "1", type: "java.lang.Integer" }
  - { kind: "param", method: "<com.jsh.erp.controller.AccountController: com.jsh.erp.utils.BaseResponseInfo findAccountInOutList(java.lang.Integer,java.lang.Integer,java.lang.Long,java.math.BigDecimal,java.lang.String,java.lang.String,java.lang.String,javax.servlet.http.HttpServletRequest)>", index: "2", type: "java.lang.Long" }
  - { kind: "param", method: "<com.jsh.erp.controller.AccountController: com.jsh.erp.utils.BaseResponseInfo findAccountInOutList(java.lang.Integer,java.lang.Integer,java.lang.Long,java.math.BigDecimal,java.lang.String,java.lang.String,java.lang.String,javax.servlet.http.HttpServletRequest)>", index: "3", type: "java.math.BigDecimal" }
  - { kind: "param", method: "<com.jsh.erp.controller.AccountController: com.jsh.erp.utils.BaseResponseInfo findAccountInOutList(java.lang.Integer,java.lang.Integer,java.lang.Long,java.math.BigDecimal,java.lang.String,java.lang.String,java.lang.String,javax.servlet.http.HttpServletRequest)>", index: "4", type: "java.lang.String" }
  - { kind: "param", method: "<com.jsh.erp.controller.AccountController: com.jsh.erp.utils.BaseResponseInfo findAccountInOutList(java.lang.Integer,java.lang.Integer,java.lang.Long,java.math.BigDecimal,java.lang.String,java.lang.String,java.lang.String,javax.servlet.http.HttpServletRequest)>", index: "5", type: "java.lang.String" }
  - { kind: "param", method: "<com.jsh.erp.controller.AccountController: com.jsh.erp.utils.BaseResponseInfo findAccountInOutList(java.lang.Integer,java.lang.Integer,java.lang.Long,java.math.BigDecimal,java.lang.String,java.lang.String,java.lang.String,javax.servlet.http.HttpServletRequest)>", index: "6", type: "java.lang.String" }
  - { kind: "param", method: "<com.jsh.erp.controller.AccountController: java.lang.String updateIsDefault(com.alibaba.fastjson.JSONObject,javax.servlet.http.HttpServletRequest)>", index: "0", type: "com.alibaba.fastjson.JSONObject" }
  - { kind: "param", method: "<com.jsh.erp.controller.AccountController: com.jsh.erp.base.TableDataInfo listWithBalance(java.lang.String,java.lang.String,javax.servlet.http.HttpServletRequest)>", index: "0", type: "java.lang.String" }
  - { kind: "param", method: "<com.jsh.erp.controller.AccountController: com.jsh.erp.base.TableDataInfo listWithBalance(java.lang.String,java.lang.String,javax.servlet.http.HttpServletRequest)>", index: "1", type: "java.lang.String" }
  - { kind: "param", method: "<com.jsh.erp.controller.AccountController: com.jsh.erp.utils.BaseResponseInfo getStatistics(java.lang.String,java.lang.String,javax.servlet.http.HttpServletRequest)>", index: "0", type: "java.lang.String" }
  - { kind: "param", method: "<com.jsh.erp.controller.AccountController: com.jsh.erp.utils.BaseResponseInfo getStatistics(java.lang.String,java.lang.String,javax.servlet.http.HttpServletRequest)>", index: "1", type: "java.lang.String" }
  - { kind: "param", method: "<com.jsh.erp.controller.AccountController: java.lang.String batchSetStatus(com.alibaba.fastjson.JSONObject,javax.servlet.http.HttpServletRequest)>", index: "0", type: "com.alibaba.fastjson.JSONObject" }
  - { kind: "param", method: "<com.jsh.erp.controller.DepotHeadController: java.lang.String getList(java.lang.Long,javax.servlet.http.HttpServletRequest)>", index: "0", type: "java.lang.Long" }
  - { kind: "param", method: "<com.jsh.erp.controller.DepotHeadController: com.jsh.erp.base.TableDataInfo getList(java.lang.String,javax.servlet.http.HttpServletRequest)>", index: "0", type: "java.lang.String" }
  - { kind: "param", method: "<com.jsh.erp.controller.DepotHeadController: java.lang.String deleteResource(java.lang.Long,javax.servlet.http.HttpServletRequest)>", index: "0", type: "java.lang.Long" }
  - { kind: "param", method: "<com.jsh.erp.controller.DepotHeadController: java.lang.String batchDeleteResource(java.lang.String,javax.servlet.http.HttpServletRequest)>", index: "0", type: "java.lang.String" }
  - { kind: "param", method: "<com.jsh.erp.controller.DepotHeadController: java.lang.String forceCloseBatch(com.alibaba.fastjson.JSONObject,javax.servlet.http.HttpServletRequest)>", index: "0", type: "com.alibaba.fastjson.JSONObject" }
  - { kind: "param", method: "<com.jsh.erp.controller.DepotHeadController: java.lang.String forceClosePurchaseBatch(com.alibaba.fastjson.JSONObject,javax.servlet.http.HttpServletRequest)>", index: "0", type: "com.alibaba.fastjson.JSONObject" }
  - { kind: "param", method: "<com.jsh.erp.controller.DepotHeadController: java.lang.String batchSetStatus(com.alibaba.fastjson.JSONObject,javax.servlet.http.HttpServletRequest)>", index: "0", type: "com.alibaba.fastjson.JSONObject" }
  - { kind: "param", method: "<com.jsh.erp.controller.DepotHeadController: com.jsh.erp.utils.BaseResponseInfo findInOutDetail(java.lang.Integer,java.lang.Integer,java.lang.Integer,java.lang.String,java.lang.String,java.lang.Long,java.lang.String,java.lang.String,java.lang.String,java.lang.Long,java.lang.Long,java.lang.Long,java.lang.String,java.lang.String,java.lang.String,javax.servlet.http.HttpServletRequest)>", index: "0", type: "java.lang.Integer" }
  - { kind: "param", method: "<com.jsh.erp.controller.DepotHeadController: com.jsh.erp.utils.BaseResponseInfo findInOutDetail(java.lang.Integer,java.lang.Integer,java.lang.Integer,java.lang.String,java.lang.String,java.lang.Long,java.lang.String,java.lang.String,java.lang.String,java.lang.Long,java.lang.Long,java.lang.Long,java.lang.String,java.lang.String,java.lang.String,javax.servlet.http.HttpServletRequest)>", index: "1", type: "java.lang.Integer" }
  - { kind: "param", method: "<com.jsh.erp.controller.DepotHeadController: com.jsh.erp.utils.BaseResponseInfo findInOutDetail(java.lang.Integer,java.lang.Integer,java.lang.Integer,java.lang.String,java.lang.String,java.lang.Long,java.lang.String,java.lang.String,java.lang.String,java.lang.Long,java.lang.Long,java.lang.Long,java.lang.String,java.lang.String,java.lang.String,javax.servlet.http.HttpServletRequest)>", index: "2", type: "java.lang.Integer" }
  - { kind: "param", method: "<com.jsh.erp.controller.DepotHeadController: com.jsh.erp.utils.BaseResponseInfo findInOutDetail(java.lang.Integer,java.lang.Integer,java.lang.Integer,java.lang.String,java.lang.String,java.lang.Long,java.lang.String,java.lang.String,java.lang.String,java.lang.Long,java.lang.Long,java.lang.Long,java.lang.String,java.lang.String,java.lang.String,javax.servlet.http.HttpServletRequest)>", index: "3", type: "java.lang.String" }
  - { kind: "param", method: "<com.jsh.erp.controller.DepotHeadController: com.jsh.erp.utils.BaseResponseInfo findInOutDetail(java.lang.Integer,java.lang.Integer,java.lang.Integer,java.lang.String,java.lang.String,java.lang.Long,java.lang.String,java.lang.String,java.lang.String,java.lang.Long,java.lang.Long,java.lang.Long,java.lang.String,java.lang.String,java.lang.String,javax.servlet.http.HttpServletRequest)>", index: "4", type: "java.lang.String" }
  - { kind: "param", method: "<com.jsh.erp.controller.DepotHeadController: com.jsh.erp.utils.BaseResponseInfo findInOutDetail(java.lang.Integer,java.lang.Integer,java.lang.Integer,java.lang.String,java.lang.String,java.lang.Long,java.lang.String,java.lang.String,java.lang.String,java.lang.Long,java.lang.Long,java.lang.Long,java.lang.String,java.lang.String,java.lang.String,javax.servlet.http.HttpServletRequest)>", index: "5", type: "java.lang.Long" }
  - { kind: "param", method: "<com.jsh.erp.controller.DepotHeadController: com.jsh.erp.utils.BaseResponseInfo findInOutDetail(java.lang.Integer,java.lang.Integer,java.lang.Integer,java.lang.String,java.lang.String,java.lang.Long,java.lang.String,java.lang.String,java.lang.String,java.lang.Long,java.lang.Long,java.lang.Long,java.lang.String,java.lang.String,java.lang.String,javax.servlet.http.HttpServletRequest)>", index: "6", type: "java.lang.String" }
  - { kind: "param", method: "<com.jsh.erp.controller.DepotHeadController: com.jsh.erp.utils.BaseResponseInfo findInOutDetail(java.lang.Integer,java.lang.Integer,java.lang.Integer,java.lang.String,java.lang.String,java.lang.Long,java.lang.String,java.lang.String,java.lang.String,java.lang.Long,java.lang.Long,java.lang.Long,java.lang.String,java.lang.String,java.lang.String,javax.servlet.http.HttpServletRequest)>", index: "7", type: "java.lang.String" }
  - { kind: "param", method: "<com.jsh.erp.controller.DepotHeadController: com.jsh.erp.utils.BaseResponseInfo findInOutDetail(java.lang.Integer,java.lang.Integer,java.lang.Integer,java.lang.String,java.lang.String,java.lang.Long,java.lang.String,java.lang.String,java.lang.String,java.lang.Long,java.lang.Long,java.lang.Long,java.lang.String,java.lang.String,java.lang.String,javax.servlet.http.HttpServletRequest)>", index: "8", type: "java.lang.String" }
  - { kind: "param", method: "<com.jsh.erp.controller.DepotHeadController: com.jsh.erp.utils.BaseResponseInfo findInOutDetail(java.lang.Integer,java.lang.Integer,java.lang.Integer,java.lang.String,java.lang.String,java.lang.Long,java.lang.String,java.lang.String,java.lang.String,java.lang.Long,java.lang.Long,java.lang.Long,java.lang.String,java.lang.String,java.lang.String,javax.servlet.http.HttpServletRequest)>", index: "9", type: "java.lang.Long" }
  - { kind: "param", method: "<com.jsh.erp.controller.DepotHeadController: com.jsh.erp.utils.BaseResponseInfo findInOutDetail(java.lang.Integer,java.lang.Integer,java.lang.Integer,java.lang.String,java.lang.String,java.lang.Long,java.lang.String,java.lang.String,java.lang.String,java.lang.Long,java.lang.Long,java.lang.Long,java.lang.String,java.lang.String,java.lang.String,javax.servlet.http.HttpServletRequest)>", index: "10", type: "java.lang.Long" }
  - { kind: "param", method: "<com.jsh.erp.controller.DepotHeadController: com.jsh.erp.utils.BaseResponseInfo findInOutDetail(java.lang.Integer,java.lang.Integer,java.lang.Integer,java.lang.String,java.lang.String,java.lang.Long,java.lang.String,java.lang.String,java.lang.String,java.lang.Long,java.lang.Long,java.lang.Long,java.lang.String,java.lang.String,java.lang.String,javax.servlet.http.HttpServletRequest)>", index: "11", type: "java.lang.Long" }
  - { kind: "param", method: "<com.jsh.erp.controller.DepotHeadController: com.jsh.erp.utils.BaseResponseInfo findInOutDetail(java.lang.Integer,java.lang.Integer,java.lang.Integer,java.lang.String,java.lang.String,java.lang.Long,java.lang.String,java.lang.String,java.lang.String,java.lang.Long,java.lang.Long,java.lang.Long,java.lang.String,java.lang.String,java.lang.String,javax.servlet.http.HttpServletRequest)>", index: "12", type: "java.lang.String" }
  - { kind: "param", method: "<com.jsh.erp.controller.DepotHeadController: com.jsh.erp.utils.BaseResponseInfo findInOutDetail(java.lang.Integer,java.lang.Integer,java.lang.Integer,java.lang.String,java.lang.String,java.lang.Long,java.lang.String,java.lang.String,java.lang.String,java.lang.Long,java.lang.Long,java.lang.Long,java.lang.String,java.lang.String,java.lang.String,javax.servlet.http.HttpServletRequest)>", index: "13", type: "java.lang.String" }
  - { kind: "param", method: "<com.jsh.erp.controller.DepotHeadController: com.jsh.erp.utils.BaseResponseInfo findInOutDetail(java.lang.Integer,java.lang.Integer,java.lang.Integer,java.lang.String,java.lang.String,java.lang.Long,java.lang.String,java.lang.String,java.lang.String,java.lang.Long,java.lang.Long,java.lang.Long,java.lang.String,java.lang.String,java.lang.String,javax.servlet.http.HttpServletRequest)>", index: "14", type: "java.lang.String" }
  - { kind: "param", method: "<com.jsh.erp.controller.DepotHeadController: com.jsh.erp.utils.BaseResponseInfo findInOutMaterialCount(java.lang.Integer,java.lang.Integer,java.lang.Integer,java.lang.String,java.lang.Long,java.lang.Long,java.lang.Long,java.lang.String,java.lang.String,java.lang.String,java.lang.String,java.lang.String,javax.servlet.http.HttpServletRequest)>", index: "0", type: "java.lang.Integer" }
  - { kind: "param", method: "<com.jsh.erp.controller.DepotHeadController: com.jsh.erp.utils.BaseResponseInfo findInOutMaterialCount(java.lang.Integer,java.lang.Integer,java.lang.Integer,java.lang.String,java.lang.Long,java.lang.Long,java.lang.Long,java.lang.String,java.lang.String,java.lang.String,java.lang.String,java.lang.String,javax.servlet.http.HttpServletRequest)>", index: "1", type: "java.lang.Integer" }
  - { kind: "param", method: "<com.jsh.erp.controller.DepotHeadController: com.jsh.erp.utils.BaseResponseInfo findInOutMaterialCount(java.lang.Integer,java.lang.Integer,java.lang.Integer,java.lang.String,java.lang.Long,java.lang.Long,java.lang.Long,java.lang.String,java.lang.String,java.lang.String,java.lang.String,java.lang.String,javax.servlet.http.HttpServletRequest)>", index: "2", type: "java.lang.Integer" }
  - { kind: "param", method: "<com.jsh.erp.controller.DepotHeadController: com.jsh.erp.utils.BaseResponseInfo findInOutMaterialCount(java.lang.Integer,java.lang.Integer,java.lang.Integer,java.lang.String,java.lang.Long,java.lang.Long,java.lang.Long,java.lang.String,java.lang.String,java.lang.String,java.lang.String,java.lang.String,javax.servlet.http.HttpServletRequest)>", index: "3", type: "java.lang.String" }
  - { kind: "param", method: "<com.jsh.erp.controller.DepotHeadController: com.jsh.erp.utils.BaseResponseInfo findInOutMaterialCount(java.lang.Integer,java.lang.Integer,java.lang.Integer,java.lang.String,java.lang.Long,java.lang.Long,java.lang.Long,java.lang.String,java.lang.String,java.lang.String,java.lang.String,java.lang.String,javax.servlet.http.HttpServletRequest)>", index: "4", type: "java.lang.Long" }
  - { kind: "param", method: "<com.jsh.erp.controller.DepotHeadController: com.jsh.erp.utils.BaseResponseInfo findInOutMaterialCount(java.lang.Integer,java.lang.Integer,java.lang.Integer,java.lang.String,java.lang.Long,java.lang.Long,java.lang.Long,java.lang.String,java.lang.String,java.lang.String,java.lang.String,java.lang.String,javax.servlet.http.HttpServletRequest)>", index: "5", type: "java.lang.Long" }
  - { kind: "param", method: "<com.jsh.erp.controller.DepotHeadController: com.jsh.erp.utils.BaseResponseInfo findInOutMaterialCount(java.lang.Integer,java.lang.Integer,java.lang.Integer,java.lang.String,java.lang.Long,java.lang.Long,java.lang.Long,java.lang.String,java.lang.String,java.lang.String,java.lang.String,java.lang.String,javax.servlet.http.HttpServletRequest)>", index: "6", type: "java.lang.Long" }
  - { kind: "param", method: "<com.jsh.erp.controller.DepotHeadController: com.jsh.erp.utils.BaseResponseInfo findInOutMaterialCount(java.lang.Integer,java.lang.Integer,java.lang.Integer,java.lang.String,java.lang.Long,java.lang.Long,java.lang.Long,java.lang.String,java.lang.String,java.lang.String,java.lang.String,java.lang.String,javax.servlet.http.HttpServletRequest)>", index: "7", type: "java.lang.String" }
  - { kind: "param", method: "<com.jsh.erp.controller.DepotHeadController: com.jsh.erp.utils.BaseResponseInfo findInOutMaterialCount(java.lang.Integer,java.lang.Integer,java.lang.Integer,java.lang.String,java.lang.Long,java.lang.Long,java.lang.Long,java.lang.String,java.lang.String,java.lang.String,java.lang.String,java.lang.String,javax.servlet.http.HttpServletRequest)>", index: "8", type: "java.lang.String" }
  - { kind: "param", method: "<com.jsh.erp.controller.DepotHeadController: com.jsh.erp.utils.BaseResponseInfo findInOutMaterialCount(java.lang.Integer,java.lang.Integer,java.lang.Integer,java.lang.String,java.lang.Long,java.lang.Long,java.lang.Long,java.lang.String,java.lang.String,java.lang.String,java.lang.String,java.lang.String,javax.servlet.http.HttpServletRequest)>", index: "9", type: "java.lang.String" }
  - { kind: "param", method: "<com.jsh.erp.controller.DepotHeadController: com.jsh.erp.utils.BaseResponseInfo findInOutMaterialCount(java.lang.Integer,java.lang.Integer,java.lang.Integer,java.lang.String,java.lang.Long,java.lang.Long,java.lang.Long,java.lang.String,java.lang.String,java.lang.String,java.lang.String,java.lang.String,javax.servlet.http.HttpServletRequest)>", index: "10", type: "java.lang.String" }
  - { kind: "param", method: "<com.jsh.erp.controller.DepotHeadController: com.jsh.erp.utils.BaseResponseInfo findInOutMaterialCount(java.lang.Integer,java.lang.Integer,java.lang.Integer,java.lang.String,java.lang.Long,java.lang.Long,java.lang.Long,java.lang.String,java.lang.String,java.lang.String,java.lang.String,java.lang.String,javax.servlet.http.HttpServletRequest)>", index: "11", type: "java.lang.String" }
  - { kind: "param", method: "<com.jsh.erp.controller.DepotHeadController: com.jsh.erp.utils.BaseResponseInfo findallocationDetail(java.lang.Integer,java.lang.Integer,java.lang.String,java.lang.String,java.lang.Long,java.lang.Long,java.lang.Long,java.lang.Long,java.lang.String,java.lang.String,java.lang.String,java.lang.String,java.lang.String,java.lang.String,javax.servlet.http.HttpServletRequest)>", index: "0", type: "java.lang.Integer" }
  - { kind: "param", method: "<com.jsh.erp.controller.DepotHeadController: com.jsh.erp.utils.BaseResponseInfo findallocationDetail(java.lang.Integer,java.lang.Integer,java.lang.String,java.lang.String,java.lang.Long,java.lang.Long,java.lang.Long,java.lang.Long,java.lang.String,java.lang.String,java.lang.String,java.lang.String,java.lang.String,java.lang.String,javax.servlet.http.HttpServletRequest)>", index: "1", type: "java.lang.Integer" }
  - { kind: "param", method: "<com.jsh.erp.controller.DepotHeadController: com.jsh.erp.utils.BaseResponseInfo findallocationDetail(java.lang.Integer,java.lang.Integer,java.lang.String,java.lang.String,java.lang.Long,java.lang.Long,java.lang.Long,java.lang.Long,java.lang.String,java.lang.String,java.lang.String,java.lang.String,java.lang.String,java.lang.String,javax.servlet.http.HttpServletRequest)>", index: "2", type: "java.lang.String" }
  - { kind: "param", method: "<com.jsh.erp.controller.DepotHeadController: com.jsh.erp.utils.BaseResponseInfo findallocationDetail(java.lang.Integer,java.lang.Integer,java.lang.String,java.lang.String,java.lang.Long,java.lang.Long,java.lang.Long,java.lang.Long,java.lang.String,java.lang.String,java.lang.String,java.lang.String,java.lang.String,java.lang.String,javax.servlet.http.HttpServletRequest)>", index: "3", type: "java.lang.String" }
  - { kind: "param", method: "<com.jsh.erp.controller.DepotHeadController: com.jsh.erp.utils.BaseResponseInfo findallocationDetail(java.lang.Integer,java.lang.Integer,java.lang.String,java.lang.String,java.lang.Long,java.lang.Long,java.lang.Long,java.lang.Long,java.lang.String,java.lang.String,java.lang.String,java.lang.String,java.lang.String,java.lang.String,javax.servlet.http.HttpServletRequest)>", index: "4", type: "java.lang.Long" }
  - { kind: "param", method: "<com.jsh.erp.controller.DepotHeadController: com.jsh.erp.utils.BaseResponseInfo findallocationDetail(java.lang.Integer,java.lang.Integer,java.lang.String,java.lang.String,java.lang.Long,java.lang.Long,java.lang.Long,java.lang.Long,java.lang.String,java.lang.String,java.lang.String,java.lang.String,java.lang.String,java.lang.String,javax.servlet.http.HttpServletRequest)>", index: "5", type: "java.lang.Long" }
  - { kind: "param", method: "<com.jsh.erp.controller.DepotHeadController: com.jsh.erp.utils.BaseResponseInfo findallocationDetail(java.lang.Integer,java.lang.Integer,java.lang.String,java.lang.String,java.lang.Long,java.lang.Long,java.lang.Long,java.lang.Long,java.lang.String,java.lang.String,java.lang.String,java.lang.String,java.lang.String,java.lang.String,javax.servlet.http.HttpServletRequest)>", index: "6", type: "java.lang.Long" }
  - { kind: "param", method: "<com.jsh.erp.controller.DepotHeadController: com.jsh.erp.utils.BaseResponseInfo findallocationDetail(java.lang.Integer,java.lang.Integer,java.lang.String,java.lang.String,java.lang.Long,java.lang.Long,java.lang.Long,java.lang.Long,java.lang.String,java.lang.String,java.lang.String,java.lang.String,java.lang.String,java.lang.String,javax.servlet.http.HttpServletRequest)>", index: "7", type: "java.lang.Long" }
  - { kind: "param", method: "<com.jsh.erp.controller.DepotHeadController: com.jsh.erp.utils.BaseResponseInfo findallocationDetail(java.lang.Integer,java.lang.Integer,java.lang.String,java.lang.String,java.lang.Long,java.lang.Long,java.lang.Long,java.lang.Long,java.lang.String,java.lang.String,java.lang.String,java.lang.String,java.lang.String,java.lang.String,javax.servlet.http.HttpServletRequest)>", index: "8", type: "java.lang.String" }
  - { kind: "param", method: "<com.jsh.erp.controller.DepotHeadController: com.jsh.erp.utils.BaseResponseInfo findallocationDetail(java.lang.Integer,java.lang.Integer,java.lang.String,java.lang.String,java.lang.Long,java.lang.Long,java.lang.Long,java.lang.Long,java.lang.String,java.lang.String,java.lang.String,java.lang.String,java.lang.String,java.lang.String,javax.servlet.http.HttpServletRequest)>", index: "9", type: "java.lang.String" }
  - { kind: "param", method: "<com.jsh.erp.controller.DepotHeadController: com.jsh.erp.utils.BaseResponseInfo findallocationDetail(java.lang.Integer,java.lang.Integer,java.lang.String,java.lang.String,java.lang.Long,java.lang.Long,java.lang.Long,java.lang.Long,java.lang.String,java.lang.String,java.lang.String,java.lang.String,java.lang.String,java.lang.String,javax.servlet.http.HttpServletRequest)>", index: "10", type: "java.lang.String" }
  - { kind: "param", method: "<com.jsh.erp.controller.DepotHeadController: com.jsh.erp.utils.BaseResponseInfo findallocationDetail(java.lang.Integer,java.lang.Integer,java.lang.String,java.lang.String,java.lang.Long,java.lang.Long,java.lang.Long,java.lang.Long,java.lang.String,java.lang.String,java.lang.String,java.lang.String,java.lang.String,java.lang.String,javax.servlet.http.HttpServletRequest)>", index: "11", type: "java.lang.String" }
  - { kind: "param", method: "<com.jsh.erp.controller.DepotHeadController: com.jsh.erp.utils.BaseResponseInfo findallocationDetail(java.lang.Integer,java.lang.Integer,java.lang.String,java.lang.String,java.lang.Long,java.lang.Long,java.lang.Long,java.lang.Long,java.lang.String,java.lang.String,java.lang.String,java.lang.String,java.lang.String,java.lang.String,javax.servlet.http.HttpServletRequest)>", index: "12", type: "java.lang.String" }
  - { kind: "param", method: "<com.jsh.erp.controller.DepotHeadController: com.jsh.erp.utils.BaseResponseInfo findallocationDetail(java.lang.Integer,java.lang.Integer,java.lang.String,java.lang.String,java.lang.Long,java.lang.Long,java.lang.Long,java.lang.Long,java.lang.String,java.lang.String,java.lang.String,java.lang.String,java.lang.String,java.lang.String,javax.servlet.http.HttpServletRequest)>", index: "13", type: "java.lang.String" }
  - { kind: "param", method: "<com.jsh.erp.controller.DepotHeadController: com.jsh.erp.utils.BaseResponseInfo getStatementAccount(java.lang.Integer,java.lang.Integer,java.lang.String,java.lang.String,java.lang.Integer,java.lang.Integer,java.lang.String,javax.servlet.http.HttpServletRequest)>", index: "0", type: "java.lang.Integer" }
  - { kind: "param", method: "<com.jsh.erp.controller.DepotHeadController: com.jsh.erp.utils.BaseResponseInfo getStatementAccount(java.lang.Integer,java.lang.Integer,java.lang.String,java.lang.String,java.lang.Integer,java.lang.Integer,java.lang.String,javax.servlet.http.HttpServletRequest)>", index: "1", type: "java.lang.Integer" }
  - { kind: "param", method: "<com.jsh.erp.controller.DepotHeadController: com.jsh.erp.utils.BaseResponseInfo getStatementAccount(java.lang.Integer,java.lang.Integer,java.lang.String,java.lang.String,java.lang.Integer,java.lang.Integer,java.lang.String,javax.servlet.http.HttpServletRequest)>", index: "2", type: "java.lang.String" }
  - { kind: "param", method: "<com.jsh.erp.controller.DepotHeadController: com.jsh.erp.utils.BaseResponseInfo getStatementAccount(java.lang.Integer,java.lang.Integer,java.lang.String,java.lang.String,java.lang.Integer,java.lang.Integer,java.lang.String,javax.servlet.http.HttpServletRequest)>", index: "3", type: "java.lang.String" }
  - { kind: "param", method: "<com.jsh.erp.controller.DepotHeadController: com.jsh.erp.utils.BaseResponseInfo getStatementAccount(java.lang.Integer,java.lang.Integer,java.lang.String,java.lang.String,java.lang.Integer,java.lang.Integer,java.lang.String,javax.servlet.http.HttpServletRequest)>", index: "4", type: "java.lang.Integer" }
  - { kind: "param", method: "<com.jsh.erp.controller.DepotHeadController: com.jsh.erp.utils.BaseResponseInfo getStatementAccount(java.lang.Integer,java.lang.Integer,java.lang.String,java.lang.String,java.lang.Integer,java.lang.Integer,java.lang.String,javax.servlet.http.HttpServletRequest)>", index: "5", type: "java.lang.Integer" }
  - { kind: "param", method: "<com.jsh.erp.controller.DepotHeadController: com.jsh.erp.utils.BaseResponseInfo getStatementAccount(java.lang.Integer,java.lang.Integer,java.lang.String,java.lang.String,java.lang.Integer,java.lang.Integer,java.lang.String,javax.servlet.http.HttpServletRequest)>", index: "6", type: "java.lang.String" }
  - { kind: "param", method: "<com.jsh.erp.controller.DepotHeadController: com.jsh.erp.utils.BaseResponseInfo getNeedCount(java.lang.String,javax.servlet.http.HttpServletRequest)>", index: "0", type: "java.lang.String" }
  - { kind: "param", method: "<com.jsh.erp.controller.DepotHeadController: com.jsh.erp.utils.BaseResponseInfo getDetailByNumber(java.lang.String,javax.servlet.http.HttpServletRequest)>", index: "0", type: "java.lang.String" }
  - { kind: "param", method: "<com.jsh.erp.controller.DepotHeadController: com.jsh.erp.utils.BaseResponseInfo getBillListByLinkNumber(java.lang.String,javax.servlet.http.HttpServletRequest)>", index: "0", type: "java.lang.String" }
  - { kind: "param", method: "<com.jsh.erp.controller.DepotHeadController: java.lang.Object addDepotHeadAndDetail(com.jsh.erp.datasource.entities.DepotHeadVo4Body,javax.servlet.http.HttpServletRequest)>", index: "0", type: "com.jsh.erp.datasource.entities.DepotHeadVo4Body" }
  - { kind: "param", method: "<com.jsh.erp.controller.DepotHeadController: java.lang.Object updateDepotHeadAndDetail(com.jsh.erp.datasource.entities.DepotHeadVo4Body,javax.servlet.http.HttpServletRequest)>", index: "0", type: "com.jsh.erp.datasource.entities.DepotHeadVo4Body" }
  - { kind: "param", method: "<com.jsh.erp.controller.DepotHeadController: java.lang.String debtList(java.lang.String,java.lang.Integer,java.lang.Integer,javax.servlet.http.HttpServletRequest)>", index: "0", type: "java.lang.String" }
  - { kind: "param", method: "<com.jsh.erp.controller.DepotHeadController: java.lang.String debtList(java.lang.String,java.lang.Integer,java.lang.Integer,javax.servlet.http.HttpServletRequest)>", index: "1", type: "java.lang.Integer" }
  - { kind: "param", method: "<com.jsh.erp.controller.DepotHeadController: java.lang.String debtList(java.lang.String,java.lang.Integer,java.lang.Integer,javax.servlet.http.HttpServletRequest)>", index: "2", type: "java.lang.Integer" }
  - { kind: "param", method: "<com.jsh.erp.controller.DepotHeadController: void debtExport(java.lang.Long,java.lang.String,java.lang.String,java.lang.String,java.lang.String,java.lang.String,java.lang.String,java.lang.String,java.lang.String,javax.servlet.http.HttpServletRequest,javax.servlet.http.HttpServletResponse)>", index: "0", type: "java.lang.Long" }
  - { kind: "param", method: "<com.jsh.erp.controller.DepotHeadController: void debtExport(java.lang.Long,java.lang.String,java.lang.String,java.lang.String,java.lang.String,java.lang.String,java.lang.String,java.lang.String,java.lang.String,javax.servlet.http.HttpServletRequest,javax.servlet.http.HttpServletResponse)>", index: "1", type: "java.lang.String" }
  - { kind: "param", method: "<com.jsh.erp.controller.DepotHeadController: void debtExport(java.lang.Long,java.lang.String,java.lang.String,java.lang.String,java.lang.String,java.lang.String,java.lang.String,java.lang.String,java.lang.String,javax.servlet.http.HttpServletRequest,javax.servlet.http.HttpServletResponse)>", index: "2", type: "java.lang.String" }
  - { kind: "param", method: "<com.jsh.erp.controller.DepotHeadController: void debtExport(java.lang.Long,java.lang.String,java.lang.String,java.lang.String,java.lang.String,java.lang.String,java.lang.String,java.lang.String,java.lang.String,javax.servlet.http.HttpServletRequest,javax.servlet.http.HttpServletResponse)>", index: "3", type: "java.lang.String" }
  - { kind: "param", method: "<com.jsh.erp.controller.DepotHeadController: void debtExport(java.lang.Long,java.lang.String,java.lang.String,java.lang.String,java.lang.String,java.lang.String,java.lang.String,java.lang.String,java.lang.String,javax.servlet.http.HttpServletRequest,javax.servlet.http.HttpServletResponse)>", index: "4", type: "java.lang.String" }
  - { kind: "param", method: "<com.jsh.erp.controller.DepotHeadController: void debtExport(java.lang.Long,java.lang.String,java.lang.String,java.lang.String,java.lang.String,java.lang.String,java.lang.String,java.lang.String,java.lang.String,javax.servlet.http.HttpServletRequest,javax.servlet.http.HttpServletResponse)>", index: "5", type: "java.lang.String" }
  - { kind: "param", method: "<com.jsh.erp.controller.DepotHeadController: void debtExport(java.lang.Long,java.lang.String,java.lang.String,java.lang.String,java.lang.String,java.lang.String,java.lang.String,java.lang.String,java.lang.String,javax.servlet.http.HttpServletRequest,javax.servlet.http.HttpServletResponse)>", index: "6", type: "java.lang.String" }
  - { kind: "param", method: "<com.jsh.erp.controller.DepotHeadController: void debtExport(java.lang.Long,java.lang.String,java.lang.String,java.lang.String,java.lang.String,java.lang.String,java.lang.String,java.lang.String,java.lang.String,javax.servlet.http.HttpServletRequest,javax.servlet.http.HttpServletResponse)>", index: "7", type: "java.lang.String" }
  - { kind: "param", method: "<com.jsh.erp.controller.DepotHeadController: void debtExport(java.lang.Long,java.lang.String,java.lang.String,java.lang.String,java.lang.String,java.lang.String,java.lang.String,java.lang.String,java.lang.String,javax.servlet.http.HttpServletRequest,javax.servlet.http.HttpServletResponse)>", index: "8", type: "java.lang.String" }
  - { kind: "param", method: "<com.jsh.erp.controller.DepotHeadController: java.lang.String waitBillList(java.lang.String,java.lang.Integer,java.lang.Integer,javax.servlet.http.HttpServletRequest)>", index: "0", type: "java.lang.String" }
  - { kind: "param", method: "<com.jsh.erp.controller.DepotHeadController: java.lang.String waitBillList(java.lang.String,java.lang.Integer,java.lang.Integer,javax.servlet.http.HttpServletRequest)>", index: "1", type: "java.lang.Integer" }
  - { kind: "param", method: "<com.jsh.erp.controller.DepotHeadController: java.lang.String waitBillList(java.lang.String,java.lang.Integer,java.lang.Integer,javax.servlet.http.HttpServletRequest)>", index: "2", type: "java.lang.Integer" }
  - { kind: "param", method: "<com.jsh.erp.controller.DepotHeadController: java.lang.String waitBillCount(java.lang.String,javax.servlet.http.HttpServletRequest)>", index: "0", type: "java.lang.String" }
  - { kind: "param", method: "<com.jsh.erp.controller.DepotHeadController: java.lang.Object batchAddDepotHeadAndDetail(com.alibaba.fastjson.JSONObject,javax.servlet.http.HttpServletRequest)>", index: "0", type: "com.alibaba.fastjson.JSONObject" }
  - { kind: "param", method: "<com.jsh.erp.controller.UserBusinessController: java.lang.String getList(java.lang.Long,javax.servlet.http.HttpServletRequest)>", index: "0", type: "java.lang.Long" }
  - { kind: "param", method: "<com.jsh.erp.controller.UserBusinessController: java.lang.String addResource(com.alibaba.fastjson.JSONObject,javax.servlet.http.HttpServletRequest)>", index: "0", type: "com.alibaba.fastjson.JSONObject" }
  - { kind: "param", method: "<com.jsh.erp.controller.UserBusinessController: java.lang.String updateResource(com.alibaba.fastjson.JSONObject,javax.servlet.http.HttpServletRequest)>", index: "0", type: "com.alibaba.fastjson.JSONObject" }
  - { kind: "param", method: "<com.jsh.erp.controller.UserBusinessController: java.lang.String deleteResource(java.lang.Long,javax.servlet.http.HttpServletRequest)>", index: "0", type: "java.lang.Long" }
  - { kind: "param", method: "<com.jsh.erp.controller.UserBusinessController: java.lang.String batchDeleteResource(java.lang.String,javax.servlet.http.HttpServletRequest)>", index: "0", type: "java.lang.String" }
  - { kind: "param", method: "<com.jsh.erp.controller.UserBusinessController: java.lang.String checkIsNameExist(java.lang.Long,java.lang.String,javax.servlet.http.HttpServletRequest)>", index: "0", type: "java.lang.Long" }
  - { kind: "param", method: "<com.jsh.erp.controller.UserBusinessController: java.lang.String checkIsNameExist(java.lang.Long,java.lang.String,javax.servlet.http.HttpServletRequest)>", index: "1", type: "java.lang.String" }
  - { kind: "param", method: "<com.jsh.erp.controller.UserBusinessController: com.jsh.erp.utils.BaseResponseInfo getBasicData(java.lang.String,java.lang.String,javax.servlet.http.HttpServletRequest)>", index: "0", type: "java.lang.String" }
  - { kind: "param", method: "<com.jsh.erp.controller.UserBusinessController: com.jsh.erp.utils.BaseResponseInfo getBasicData(java.lang.String,java.lang.String,javax.servlet.http.HttpServletRequest)>", index: "1", type: "java.lang.String" }
  - { kind: "param", method: "<com.jsh.erp.controller.UserBusinessController: java.lang.String checkIsValueExist(java.lang.String,java.lang.String,javax.servlet.http.HttpServletRequest)>", index: "0", type: "java.lang.String" }
  - { kind: "param", method: "<com.jsh.erp.controller.UserBusinessController: java.lang.String checkIsValueExist(java.lang.String,java.lang.String,javax.servlet.http.HttpServletRequest)>", index: "1", type: "java.lang.String" }
  - { kind: "param", method: "<com.jsh.erp.controller.UserBusinessController: com.jsh.erp.utils.BaseResponseInfo updateBtnStr(com.alibaba.fastjson.JSONObject,javax.servlet.http.HttpServletRequest)>", index: "0", type: "com.alibaba.fastjson.JSONObject" }
  - { kind: "param", method: "<com.jsh.erp.controller.UserBusinessController: com.jsh.erp.utils.BaseResponseInfo updateOneValueByKeyIdAndType(com.alibaba.fastjson.JSONObject,javax.servlet.http.HttpServletRequest)>", index: "0", type: "com.alibaba.fastjson.JSONObject" }
  - { kind: "param", method: "<com.jsh.erp.controller.RoleController: java.lang.String getList(java.lang.Long,javax.servlet.http.HttpServletRequest)>", index: "0", type: "java.lang.Long" }
  - { kind: "param", method: "<com.jsh.erp.controller.RoleController: com.jsh.erp.base.TableDataInfo getList(java.lang.String,javax.servlet.http.HttpServletRequest)>", index: "0", type: "java.lang.String" }
  - { kind: "param", method: "<com.jsh.erp.controller.RoleController: java.lang.String addResource(com.alibaba.fastjson.JSONObject,javax.servlet.http.HttpServletRequest)>", index: "0", type: "com.alibaba.fastjson.JSONObject" }
  - { kind: "param", method: "<com.jsh.erp.controller.RoleController: java.lang.String updateResource(com.alibaba.fastjson.JSONObject,javax.servlet.http.HttpServletRequest)>", index: "0", type: "com.alibaba.fastjson.JSONObject" }
  - { kind: "param", method: "<com.jsh.erp.controller.RoleController: java.lang.String deleteResource(java.lang.Long,javax.servlet.http.HttpServletRequest)>", index: "0", type: "java.lang.Long" }
  - { kind: "param", method: "<com.jsh.erp.controller.RoleController: java.lang.String batchDeleteResource(java.lang.String,javax.servlet.http.HttpServletRequest)>", index: "0", type: "java.lang.String" }
  - { kind: "param", method: "<com.jsh.erp.controller.RoleController: java.lang.String checkIsNameExist(java.lang.Long,java.lang.String,javax.servlet.http.HttpServletRequest)>", index: "0", type: "java.lang.Long" }
  - { kind: "param", method: "<com.jsh.erp.controller.RoleController: java.lang.String checkIsNameExist(java.lang.Long,java.lang.String,javax.servlet.http.HttpServletRequest)>", index: "1", type: "java.lang.String" }
  - { kind: "param", method: "<com.jsh.erp.controller.RoleController: com.alibaba.fastjson.JSONArray findUserRole(java.lang.String,java.lang.String,javax.servlet.http.HttpServletRequest)>", index: "0", type: "java.lang.String" }
  - { kind: "param", method: "<com.jsh.erp.controller.RoleController: com.alibaba.fastjson.JSONArray findUserRole(java.lang.String,java.lang.String,javax.servlet.http.HttpServletRequest)>", index: "1", type: "java.lang.String" }
  - { kind: "param", method: "<com.jsh.erp.controller.RoleController: java.lang.String batchSetStatus(com.alibaba.fastjson.JSONObject,javax.servlet.http.HttpServletRequest)>", index: "0", type: "com.alibaba.fastjson.JSONObject" }
  - { kind: "param", method: "<com.jsh.erp.controller.MaterialAttributeController: java.lang.String getList(java.lang.Long,javax.servlet.http.HttpServletRequest)>", index: "0", type: "java.lang.Long" }
  - { kind: "param", method: "<com.jsh.erp.controller.MaterialAttributeController: com.jsh.erp.base.TableDataInfo getList(java.lang.String,javax.servlet.http.HttpServletRequest)>", index: "0", type: "java.lang.String" }
  - { kind: "param", method: "<com.jsh.erp.controller.MaterialAttributeController: java.lang.String addResource(com.alibaba.fastjson.JSONObject,javax.servlet.http.HttpServletRequest)>", index: "0", type: "com.alibaba.fastjson.JSONObject" }
  - { kind: "param", method: "<com.jsh.erp.controller.MaterialAttributeController: java.lang.String updateResource(com.alibaba.fastjson.JSONObject,javax.servlet.http.HttpServletRequest)>", index: "0", type: "com.alibaba.fastjson.JSONObject" }
  - { kind: "param", method: "<com.jsh.erp.controller.MaterialAttributeController: java.lang.String deleteResource(java.lang.Long,javax.servlet.http.HttpServletRequest)>", index: "0", type: "java.lang.Long" }
  - { kind: "param", method: "<com.jsh.erp.controller.MaterialAttributeController: java.lang.String batchDeleteResource(java.lang.String,javax.servlet.http.HttpServletRequest)>", index: "0", type: "java.lang.String" }
  - { kind: "param", method: "<com.jsh.erp.controller.MaterialAttributeController: java.lang.String checkIsNameExist(java.lang.Long,java.lang.String,javax.servlet.http.HttpServletRequest)>", index: "0", type: "java.lang.Long" }
  - { kind: "param", method: "<com.jsh.erp.controller.MaterialAttributeController: java.lang.String checkIsNameExist(java.lang.Long,java.lang.String,javax.servlet.http.HttpServletRequest)>", index: "1", type: "java.lang.String" }
  - { kind: "param", method: "<com.jsh.erp.controller.MaterialAttributeController: com.alibaba.fastjson.JSONArray getValueListById(java.lang.Long,javax.servlet.http.HttpServletRequest)>", index: "0", type: "java.lang.Long" }
  - { kind: "param", method: "<com.jsh.erp.controller.PlatformConfigController: java.lang.String getList(java.lang.Long,javax.servlet.http.HttpServletRequest)>", index: "0", type: "java.lang.Long" }
  - { kind: "param", method: "<com.jsh.erp.controller.PlatformConfigController: com.jsh.erp.base.TableDataInfo getList(java.lang.String,javax.servlet.http.HttpServletRequest)>", index: "0", type: "java.lang.String" }
  - { kind: "param", method: "<com.jsh.erp.controller.PlatformConfigController: java.lang.String addResource(com.alibaba.fastjson.JSONObject,javax.servlet.http.HttpServletRequest)>", index: "0", type: "com.alibaba.fastjson.JSONObject" }
  - { kind: "param", method: "<com.jsh.erp.controller.PlatformConfigController: java.lang.String updateResource(com.alibaba.fastjson.JSONObject,javax.servlet.http.HttpServletRequest)>", index: "0", type: "com.alibaba.fastjson.JSONObject" }
  - { kind: "param", method: "<com.jsh.erp.controller.PlatformConfigController: java.lang.String deleteResource(java.lang.Long,javax.servlet.http.HttpServletRequest)>", index: "0", type: "java.lang.Long" }
  - { kind: "param", method: "<com.jsh.erp.controller.PlatformConfigController: java.lang.String batchDeleteResource(java.lang.String,javax.servlet.http.HttpServletRequest)>", index: "0", type: "java.lang.String" }
  - { kind: "param", method: "<com.jsh.erp.controller.PlatformConfigController: java.lang.String updatePlatformConfigByKey(com.alibaba.fastjson.JSONObject,javax.servlet.http.HttpServletRequest)>", index: "0", type: "com.alibaba.fastjson.JSONObject" }
  - { kind: "param", method: "<com.jsh.erp.controller.PlatformConfigController: com.jsh.erp.utils.BaseResponseInfo getInfoByKey(java.lang.String,javax.servlet.http.HttpServletRequest)>", index: "0", type: "java.lang.String" }
  - { kind: "param", method: "<com.jsh.erp.controller.DepotItemController: java.lang.String findDetailByDepotIdsAndMaterialId(java.lang.Integer,java.lang.Integer,java.lang.String,java.lang.String,java.lang.String,java.lang.String,java.lang.String,java.lang.String,java.lang.Long,javax.servlet.http.HttpServletRequest)>", index: "0", type: "java.lang.Integer" }
  - { kind: "param", method: "<com.jsh.erp.controller.DepotItemController: java.lang.String findDetailByDepotIdsAndMaterialId(java.lang.Integer,java.lang.Integer,java.lang.String,java.lang.String,java.lang.String,java.lang.String,java.lang.String,java.lang.String,java.lang.Long,javax.servlet.http.HttpServletRequest)>", index: "1", type: "java.lang.Integer" }
  - { kind: "param", method: "<com.jsh.erp.controller.DepotItemController: java.lang.String findDetailByDepotIdsAndMaterialId(java.lang.Integer,java.lang.Integer,java.lang.String,java.lang.String,java.lang.String,java.lang.String,java.lang.String,java.lang.String,java.lang.Long,javax.servlet.http.HttpServletRequest)>", index: "2", type: "java.lang.String" }
  - { kind: "param", method: "<com.jsh.erp.controller.DepotItemController: java.lang.String findDetailByDepotIdsAndMaterialId(java.lang.Integer,java.lang.Integer,java.lang.String,java.lang.String,java.lang.String,java.lang.String,java.lang.String,java.lang.String,java.lang.Long,javax.servlet.http.HttpServletRequest)>", index: "3", type: "java.lang.String" }
  - { kind: "param", method: "<com.jsh.erp.controller.DepotItemController: java.lang.String findDetailByDepotIdsAndMaterialId(java.lang.Integer,java.lang.Integer,java.lang.String,java.lang.String,java.lang.String,java.lang.String,java.lang.String,java.lang.String,java.lang.Long,javax.servlet.http.HttpServletRequest)>", index: "4", type: "java.lang.String" }
  - { kind: "param", method: "<com.jsh.erp.controller.DepotItemController: java.lang.String findDetailByDepotIdsAndMaterialId(java.lang.Integer,java.lang.Integer,java.lang.String,java.lang.String,java.lang.String,java.lang.String,java.lang.String,java.lang.String,java.lang.Long,javax.servlet.http.HttpServletRequest)>", index: "5", type: "java.lang.String" }
  - { kind: "param", method: "<com.jsh.erp.controller.DepotItemController: java.lang.String findDetailByDepotIdsAndMaterialId(java.lang.Integer,java.lang.Integer,java.lang.String,java.lang.String,java.lang.String,java.lang.String,java.lang.String,java.lang.String,java.lang.Long,javax.servlet.http.HttpServletRequest)>", index: "6", type: "java.lang.String" }
  - { kind: "param", method: "<com.jsh.erp.controller.DepotItemController: java.lang.String findDetailByDepotIdsAndMaterialId(java.lang.Integer,java.lang.Integer,java.lang.String,java.lang.String,java.lang.String,java.lang.String,java.lang.String,java.lang.String,java.lang.Long,javax.servlet.http.HttpServletRequest)>", index: "7", type: "java.lang.String" }
  - { kind: "param", method: "<com.jsh.erp.controller.DepotItemController: java.lang.String findDetailByDepotIdsAndMaterialId(java.lang.Integer,java.lang.Integer,java.lang.String,java.lang.String,java.lang.String,java.lang.String,java.lang.String,java.lang.String,java.lang.Long,javax.servlet.http.HttpServletRequest)>", index: "8", type: "java.lang.Long" }
  - { kind: "param", method: "<com.jsh.erp.controller.DepotItemController: com.jsh.erp.utils.BaseResponseInfo findStockByDepotAndBarCode(java.lang.Long,java.lang.String,javax.servlet.http.HttpServletRequest)>", index: "0", type: "java.lang.Long" }
  - { kind: "param", method: "<com.jsh.erp.controller.DepotItemController: com.jsh.erp.utils.BaseResponseInfo findStockByDepotAndBarCode(java.lang.Long,java.lang.String,javax.servlet.http.HttpServletRequest)>", index: "1", type: "java.lang.String" }
  - { kind: "param", method: "<com.jsh.erp.controller.DepotItemController: com.jsh.erp.utils.BaseResponseInfo getDetailList(java.lang.Long,java.lang.String,java.lang.String,java.lang.String,javax.servlet.http.HttpServletRequest)>", index: "0", type: "java.lang.Long" }
  - { kind: "param", method: "<com.jsh.erp.controller.DepotItemController: com.jsh.erp.utils.BaseResponseInfo getDetailList(java.lang.Long,java.lang.String,java.lang.String,java.lang.String,javax.servlet.http.HttpServletRequest)>", index: "1", type: "java.lang.String" }
  - { kind: "param", method: "<com.jsh.erp.controller.DepotItemController: com.jsh.erp.utils.BaseResponseInfo getDetailList(java.lang.Long,java.lang.String,java.lang.String,java.lang.String,javax.servlet.http.HttpServletRequest)>", index: "2", type: "java.lang.String" }
  - { kind: "param", method: "<com.jsh.erp.controller.DepotItemController: com.jsh.erp.utils.BaseResponseInfo getDetailList(java.lang.Long,java.lang.String,java.lang.String,java.lang.String,javax.servlet.http.HttpServletRequest)>", index: "3", type: "java.lang.String" }
  - { kind: "param", method: "<com.jsh.erp.controller.DepotItemController: com.jsh.erp.utils.BaseResponseInfo getInOutStock(java.lang.Integer,java.lang.Integer,java.lang.String,java.lang.Long,java.lang.String,java.lang.String,java.lang.String,java.lang.String,javax.servlet.http.HttpServletRequest)>", index: "0", type: "java.lang.Integer" }
  - { kind: "param", method: "<com.jsh.erp.controller.DepotItemController: com.jsh.erp.utils.BaseResponseInfo getInOutStock(java.lang.Integer,java.lang.Integer,java.lang.String,java.lang.Long,java.lang.String,java.lang.String,java.lang.String,java.lang.String,javax.servlet.http.HttpServletRequest)>", index: "1", type: "java.lang.Integer" }
  - { kind: "param", method: "<com.jsh.erp.controller.DepotItemController: com.jsh.erp.utils.BaseResponseInfo getInOutStock(java.lang.Integer,java.lang.Integer,java.lang.String,java.lang.Long,java.lang.String,java.lang.String,java.lang.String,java.lang.String,javax.servlet.http.HttpServletRequest)>", index: "2", type: "java.lang.String" }
  - { kind: "param", method: "<com.jsh.erp.controller.DepotItemController: com.jsh.erp.utils.BaseResponseInfo getInOutStock(java.lang.Integer,java.lang.Integer,java.lang.String,java.lang.Long,java.lang.String,java.lang.String,java.lang.String,java.lang.String,javax.servlet.http.HttpServletRequest)>", index: "3", type: "java.lang.Long" }
  - { kind: "param", method: "<com.jsh.erp.controller.DepotItemController: com.jsh.erp.utils.BaseResponseInfo getInOutStock(java.lang.Integer,java.lang.Integer,java.lang.String,java.lang.Long,java.lang.String,java.lang.String,java.lang.String,java.lang.String,javax.servlet.http.HttpServletRequest)>", index: "4", type: "java.lang.String" }
  - { kind: "param", method: "<com.jsh.erp.controller.DepotItemController: com.jsh.erp.utils.BaseResponseInfo getInOutStock(java.lang.Integer,java.lang.Integer,java.lang.String,java.lang.Long,java.lang.String,java.lang.String,java.lang.String,java.lang.String,javax.servlet.http.HttpServletRequest)>", index: "5", type: "java.lang.String" }
  - { kind: "param", method: "<com.jsh.erp.controller.DepotItemController: com.jsh.erp.utils.BaseResponseInfo getInOutStock(java.lang.Integer,java.lang.Integer,java.lang.String,java.lang.Long,java.lang.String,java.lang.String,java.lang.String,java.lang.String,javax.servlet.http.HttpServletRequest)>", index: "6", type: "java.lang.String" }
  - { kind: "param", method: "<com.jsh.erp.controller.DepotItemController: com.jsh.erp.utils.BaseResponseInfo getInOutStock(java.lang.Integer,java.lang.Integer,java.lang.String,java.lang.Long,java.lang.String,java.lang.String,java.lang.String,java.lang.String,javax.servlet.http.HttpServletRequest)>", index: "7", type: "java.lang.String" }
  - { kind: "param", method: "<com.jsh.erp.controller.DepotItemController: com.jsh.erp.utils.BaseResponseInfo getInOutStockCountMoney(java.lang.String,java.lang.Long,java.lang.String,java.lang.String,javax.servlet.http.HttpServletRequest)>", index: "0", type: "java.lang.String" }
  - { kind: "param", method: "<com.jsh.erp.controller.DepotItemController: com.jsh.erp.utils.BaseResponseInfo getInOutStockCountMoney(java.lang.String,java.lang.Long,java.lang.String,java.lang.String,javax.servlet.http.HttpServletRequest)>", index: "1", type: "java.lang.Long" }
  - { kind: "param", method: "<com.jsh.erp.controller.DepotItemController: com.jsh.erp.utils.BaseResponseInfo getInOutStockCountMoney(java.lang.String,java.lang.Long,java.lang.String,java.lang.String,javax.servlet.http.HttpServletRequest)>", index: "2", type: "java.lang.String" }
  - { kind: "param", method: "<com.jsh.erp.controller.DepotItemController: com.jsh.erp.utils.BaseResponseInfo getInOutStockCountMoney(java.lang.String,java.lang.Long,java.lang.String,java.lang.String,javax.servlet.http.HttpServletRequest)>", index: "3", type: "java.lang.String" }
  - { kind: "param", method: "<com.jsh.erp.controller.DepotItemController: java.lang.String getMaterialDepotStockByParam(java.lang.String,java.lang.Long,java.math.BigDecimal,java.lang.String,java.lang.String,javax.servlet.http.HttpServletRequest)>", index: "0", type: "java.lang.String" }
  - { kind: "param", method: "<com.jsh.erp.controller.DepotItemController: java.lang.String getMaterialDepotStockByParam(java.lang.String,java.lang.Long,java.math.BigDecimal,java.lang.String,java.lang.String,javax.servlet.http.HttpServletRequest)>", index: "1", type: "java.lang.Long" }
  - { kind: "param", method: "<com.jsh.erp.controller.DepotItemController: java.lang.String getMaterialDepotStockByParam(java.lang.String,java.lang.Long,java.math.BigDecimal,java.lang.String,java.lang.String,javax.servlet.http.HttpServletRequest)>", index: "2", type: "java.math.BigDecimal" }
  - { kind: "param", method: "<com.jsh.erp.controller.DepotItemController: java.lang.String getMaterialDepotStockByParam(java.lang.String,java.lang.Long,java.math.BigDecimal,java.lang.String,java.lang.String,javax.servlet.http.HttpServletRequest)>", index: "3", type: "java.lang.String" }
  - { kind: "param", method: "<com.jsh.erp.controller.DepotItemController: java.lang.String getMaterialDepotStockByParam(java.lang.String,java.lang.Long,java.math.BigDecimal,java.lang.String,java.lang.String,javax.servlet.http.HttpServletRequest)>", index: "4", type: "java.lang.String" }
  - { kind: "param", method: "<com.jsh.erp.controller.DepotItemController: com.jsh.erp.utils.BaseResponseInfo buyIn(java.lang.Integer,java.lang.Integer,java.lang.String,java.lang.String,java.lang.Long,java.lang.Long,java.lang.Long,java.lang.Long,java.lang.String,java.lang.String,javax.servlet.http.HttpServletRequest)>", index: "0", type: "java.lang.Integer" }
  - { kind: "param", method: "<com.jsh.erp.controller.DepotItemController: com.jsh.erp.utils.BaseResponseInfo buyIn(java.lang.Integer,java.lang.Integer,java.lang.String,java.lang.String,java.lang.Long,java.lang.Long,java.lang.Long,java.lang.Long,java.lang.String,java.lang.String,javax.servlet.http.HttpServletRequest)>", index: "1", type: "java.lang.Integer" }
  - { kind: "param", method: "<com.jsh.erp.controller.DepotItemController: com.jsh.erp.utils.BaseResponseInfo buyIn(java.lang.Integer,java.lang.Integer,java.lang.String,java.lang.String,java.lang.Long,java.lang.Long,java.lang.Long,java.lang.Long,java.lang.String,java.lang.String,javax.servlet.http.HttpServletRequest)>", index: "2", type: "java.lang.String" }
  - { kind: "param", method: "<com.jsh.erp.controller.DepotItemController: com.jsh.erp.utils.BaseResponseInfo buyIn(java.lang.Integer,java.lang.Integer,java.lang.String,java.lang.String,java.lang.Long,java.lang.Long,java.lang.Long,java.lang.Long,java.lang.String,java.lang.String,javax.servlet.http.HttpServletRequest)>", index: "3", type: "java.lang.String" }
  - { kind: "param", method: "<com.jsh.erp.controller.DepotItemController: com.jsh.erp.utils.BaseResponseInfo buyIn(java.lang.Integer,java.lang.Integer,java.lang.String,java.lang.String,java.lang.Long,java.lang.Long,java.lang.Long,java.lang.Long,java.lang.String,java.lang.String,javax.servlet.http.HttpServletRequest)>", index: "4", type: "java.lang.Long" }
  - { kind: "param", method: "<com.jsh.erp.controller.DepotItemController: com.jsh.erp.utils.BaseResponseInfo buyIn(java.lang.Integer,java.lang.Integer,java.lang.String,java.lang.String,java.lang.Long,java.lang.Long,java.lang.Long,java.lang.Long,java.lang.String,java.lang.String,javax.servlet.http.HttpServletRequest)>", index: "5", type: "java.lang.Long" }
  - { kind: "param", method: "<com.jsh.erp.controller.DepotItemController: com.jsh.erp.utils.BaseResponseInfo buyIn(java.lang.Integer,java.lang.Integer,java.lang.String,java.lang.String,java.lang.Long,java.lang.Long,java.lang.Long,java.lang.Long,java.lang.String,java.lang.String,javax.servlet.http.HttpServletRequest)>", index: "6", type: "java.lang.Long" }
  - { kind: "param", method: "<com.jsh.erp.controller.DepotItemController: com.jsh.erp.utils.BaseResponseInfo buyIn(java.lang.Integer,java.lang.Integer,java.lang.String,java.lang.String,java.lang.Long,java.lang.Long,java.lang.Long,java.lang.Long,java.lang.String,java.lang.String,javax.servlet.http.HttpServletRequest)>", index: "7", type: "java.lang.Long" }
  - { kind: "param", method: "<com.jsh.erp.controller.DepotItemController: com.jsh.erp.utils.BaseResponseInfo buyIn(java.lang.Integer,java.lang.Integer,java.lang.String,java.lang.String,java.lang.Long,java.lang.Long,java.lang.Long,java.lang.Long,java.lang.String,java.lang.String,javax.servlet.http.HttpServletRequest)>", index: "8", type: "java.lang.String" }
  - { kind: "param", method: "<com.jsh.erp.controller.DepotItemController: com.jsh.erp.utils.BaseResponseInfo buyIn(java.lang.Integer,java.lang.Integer,java.lang.String,java.lang.String,java.lang.Long,java.lang.Long,java.lang.Long,java.lang.Long,java.lang.String,java.lang.String,javax.servlet.http.HttpServletRequest)>", index: "9", type: "java.lang.String" }
  - { kind: "param", method: "<com.jsh.erp.controller.DepotItemController: com.jsh.erp.utils.BaseResponseInfo retailOut(java.lang.Integer,java.lang.Integer,java.lang.String,java.lang.String,java.lang.Long,java.lang.Long,java.lang.Long,java.lang.Long,java.lang.String,java.lang.String,javax.servlet.http.HttpServletRequest)>", index: "0", type: "java.lang.Integer" }
  - { kind: "param", method: "<com.jsh.erp.controller.DepotItemController: com.jsh.erp.utils.BaseResponseInfo retailOut(java.lang.Integer,java.lang.Integer,java.lang.String,java.lang.String,java.lang.Long,java.lang.Long,java.lang.Long,java.lang.Long,java.lang.String,java.lang.String,javax.servlet.http.HttpServletRequest)>", index: "1", type: "java.lang.Integer" }
  - { kind: "param", method: "<com.jsh.erp.controller.DepotItemController: com.jsh.erp.utils.BaseResponseInfo retailOut(java.lang.Integer,java.lang.Integer,java.lang.String,java.lang.String,java.lang.Long,java.lang.Long,java.lang.Long,java.lang.Long,java.lang.String,java.lang.String,javax.servlet.http.HttpServletRequest)>", index: "2", type: "java.lang.String" }
  - { kind: "param", method: "<com.jsh.erp.controller.DepotItemController: com.jsh.erp.utils.BaseResponseInfo retailOut(java.lang.Integer,java.lang.Integer,java.lang.String,java.lang.String,java.lang.Long,java.lang.Long,java.lang.Long,java.lang.Long,java.lang.String,java.lang.String,javax.servlet.http.HttpServletRequest)>", index: "3", type: "java.lang.String" }
  - { kind: "param", method: "<com.jsh.erp.controller.DepotItemController: com.jsh.erp.utils.BaseResponseInfo retailOut(java.lang.Integer,java.lang.Integer,java.lang.String,java.lang.String,java.lang.Long,java.lang.Long,java.lang.Long,java.lang.Long,java.lang.String,java.lang.String,javax.servlet.http.HttpServletRequest)>", index: "4", type: "java.lang.Long" }
  - { kind: "param", method: "<com.jsh.erp.controller.DepotItemController: com.jsh.erp.utils.BaseResponseInfo retailOut(java.lang.Integer,java.lang.Integer,java.lang.String,java.lang.String,java.lang.Long,java.lang.Long,java.lang.Long,java.lang.Long,java.lang.String,java.lang.String,javax.servlet.http.HttpServletRequest)>", index: "5", type: "java.lang.Long" }
  - { kind: "param", method: "<com.jsh.erp.controller.DepotItemController: com.jsh.erp.utils.BaseResponseInfo retailOut(java.lang.Integer,java.lang.Integer,java.lang.String,java.lang.String,java.lang.Long,java.lang.Long,java.lang.Long,java.lang.Long,java.lang.String,java.lang.String,javax.servlet.http.HttpServletRequest)>", index: "6", type: "java.lang.Long" }
  - { kind: "param", method: "<com.jsh.erp.controller.DepotItemController: com.jsh.erp.utils.BaseResponseInfo retailOut(java.lang.Integer,java.lang.Integer,java.lang.String,java.lang.String,java.lang.Long,java.lang.Long,java.lang.Long,java.lang.Long,java.lang.String,java.lang.String,javax.servlet.http.HttpServletRequest)>", index: "7", type: "java.lang.Long" }
  - { kind: "param", method: "<com.jsh.erp.controller.DepotItemController: com.jsh.erp.utils.BaseResponseInfo retailOut(java.lang.Integer,java.lang.Integer,java.lang.String,java.lang.String,java.lang.Long,java.lang.Long,java.lang.Long,java.lang.Long,java.lang.String,java.lang.String,javax.servlet.http.HttpServletRequest)>", index: "8", type: "java.lang.String" }
  - { kind: "param", method: "<com.jsh.erp.controller.DepotItemController: com.jsh.erp.utils.BaseResponseInfo retailOut(java.lang.Integer,java.lang.Integer,java.lang.String,java.lang.String,java.lang.Long,java.lang.Long,java.lang.Long,java.lang.Long,java.lang.String,java.lang.String,javax.servlet.http.HttpServletRequest)>", index: "9", type: "java.lang.String" }
  - { kind: "param", method: "<com.jsh.erp.controller.DepotItemController: com.jsh.erp.utils.BaseResponseInfo saleOut(java.lang.Integer,java.lang.Integer,java.lang.String,java.lang.String,java.lang.Long,java.lang.Long,java.lang.Long,java.lang.Long,java.lang.String,java.lang.String,javax.servlet.http.HttpServletRequest)>", index: "0", type: "java.lang.Integer" }
  - { kind: "param", method: "<com.jsh.erp.controller.DepotItemController: com.jsh.erp.utils.BaseResponseInfo saleOut(java.lang.Integer,java.lang.Integer,java.lang.String,java.lang.String,java.lang.Long,java.lang.Long,java.lang.Long,java.lang.Long,java.lang.String,java.lang.String,javax.servlet.http.HttpServletRequest)>", index: "1", type: "java.lang.Integer" }
  - { kind: "param", method: "<com.jsh.erp.controller.DepotItemController: com.jsh.erp.utils.BaseResponseInfo saleOut(java.lang.Integer,java.lang.Integer,java.lang.String,java.lang.String,java.lang.Long,java.lang.Long,java.lang.Long,java.lang.Long,java.lang.String,java.lang.String,javax.servlet.http.HttpServletRequest)>", index: "2", type: "java.lang.String" }
  - { kind: "param", method: "<com.jsh.erp.controller.DepotItemController: com.jsh.erp.utils.BaseResponseInfo saleOut(java.lang.Integer,java.lang.Integer,java.lang.String,java.lang.String,java.lang.Long,java.lang.Long,java.lang.Long,java.lang.Long,java.lang.String,java.lang.String,javax.servlet.http.HttpServletRequest)>", index: "3", type: "java.lang.String" }
  - { kind: "param", method: "<com.jsh.erp.controller.DepotItemController: com.jsh.erp.utils.BaseResponseInfo saleOut(java.lang.Integer,java.lang.Integer,java.lang.String,java.lang.String,java.lang.Long,java.lang.Long,java.lang.Long,java.lang.Long,java.lang.String,java.lang.String,javax.servlet.http.HttpServletRequest)>", index: "4", type: "java.lang.Long" }
  - { kind: "param", method: "<com.jsh.erp.controller.DepotItemController: com.jsh.erp.utils.BaseResponseInfo saleOut(java.lang.Integer,java.lang.Integer,java.lang.String,java.lang.String,java.lang.Long,java.lang.Long,java.lang.Long,java.lang.Long,java.lang.String,java.lang.String,javax.servlet.http.HttpServletRequest)>", index: "5", type: "java.lang.Long" }
  - { kind: "param", method: "<com.jsh.erp.controller.DepotItemController: com.jsh.erp.utils.BaseResponseInfo saleOut(java.lang.Integer,java.lang.Integer,java.lang.String,java.lang.String,java.lang.Long,java.lang.Long,java.lang.Long,java.lang.Long,java.lang.String,java.lang.String,javax.servlet.http.HttpServletRequest)>", index: "6", type: "java.lang.Long" }
  - { kind: "param", method: "<com.jsh.erp.controller.DepotItemController: com.jsh.erp.utils.BaseResponseInfo saleOut(java.lang.Integer,java.lang.Integer,java.lang.String,java.lang.String,java.lang.Long,java.lang.Long,java.lang.Long,java.lang.Long,java.lang.String,java.lang.String,javax.servlet.http.HttpServletRequest)>", index: "7", type: "java.lang.Long" }
  - { kind: "param", method: "<com.jsh.erp.controller.DepotItemController: com.jsh.erp.utils.BaseResponseInfo saleOut(java.lang.Integer,java.lang.Integer,java.lang.String,java.lang.String,java.lang.Long,java.lang.Long,java.lang.Long,java.lang.Long,java.lang.String,java.lang.String,javax.servlet.http.HttpServletRequest)>", index: "8", type: "java.lang.String" }
  - { kind: "param", method: "<com.jsh.erp.controller.DepotItemController: com.jsh.erp.utils.BaseResponseInfo saleOut(java.lang.Integer,java.lang.Integer,java.lang.String,java.lang.String,java.lang.Long,java.lang.Long,java.lang.Long,java.lang.Long,java.lang.String,java.lang.String,javax.servlet.http.HttpServletRequest)>", index: "9", type: "java.lang.String" }
  - { kind: "param", method: "<com.jsh.erp.controller.DepotItemController: com.jsh.erp.utils.BaseResponseInfo findStockWarningCount(java.lang.Integer,java.lang.Integer,java.lang.String,java.lang.Long,java.lang.Long,java.lang.String)>", index: "0", type: "java.lang.Integer" }
  - { kind: "param", method: "<com.jsh.erp.controller.DepotItemController: com.jsh.erp.utils.BaseResponseInfo findStockWarningCount(java.lang.Integer,java.lang.Integer,java.lang.String,java.lang.Long,java.lang.Long,java.lang.String)>", index: "1", type: "java.lang.Integer" }
  - { kind: "param", method: "<com.jsh.erp.controller.DepotItemController: com.jsh.erp.utils.BaseResponseInfo findStockWarningCount(java.lang.Integer,java.lang.Integer,java.lang.String,java.lang.Long,java.lang.Long,java.lang.String)>", index: "2", type: "java.lang.String" }
  - { kind: "param", method: "<com.jsh.erp.controller.DepotItemController: com.jsh.erp.utils.BaseResponseInfo findStockWarningCount(java.lang.Integer,java.lang.Integer,java.lang.String,java.lang.Long,java.lang.Long,java.lang.String)>", index: "3", type: "java.lang.Long" }
  - { kind: "param", method: "<com.jsh.erp.controller.DepotItemController: com.jsh.erp.utils.BaseResponseInfo findStockWarningCount(java.lang.Integer,java.lang.Integer,java.lang.String,java.lang.Long,java.lang.Long,java.lang.String)>", index: "4", type: "java.lang.Long" }
  - { kind: "param", method: "<com.jsh.erp.controller.DepotItemController: com.jsh.erp.utils.BaseResponseInfo findStockWarningCount(java.lang.Integer,java.lang.Integer,java.lang.String,java.lang.Long,java.lang.Long,java.lang.String)>", index: "5", type: "java.lang.String" }
  - { kind: "param", method: "<com.jsh.erp.controller.DepotItemController: com.jsh.erp.utils.BaseResponseInfo getBatchNumberList(java.lang.String,java.lang.Long,java.lang.Long,java.lang.String,java.lang.String,javax.servlet.http.HttpServletRequest)>", index: "0", type: "java.lang.String" }
  - { kind: "param", method: "<com.jsh.erp.controller.DepotItemController: com.jsh.erp.utils.BaseResponseInfo getBatchNumberList(java.lang.String,java.lang.Long,java.lang.Long,java.lang.String,java.lang.String,javax.servlet.http.HttpServletRequest)>", index: "1", type: "java.lang.Long" }
  - { kind: "param", method: "<com.jsh.erp.controller.DepotItemController: com.jsh.erp.utils.BaseResponseInfo getBatchNumberList(java.lang.String,java.lang.Long,java.lang.Long,java.lang.String,java.lang.String,javax.servlet.http.HttpServletRequest)>", index: "2", type: "java.lang.Long" }
  - { kind: "param", method: "<com.jsh.erp.controller.DepotItemController: com.jsh.erp.utils.BaseResponseInfo getBatchNumberList(java.lang.String,java.lang.Long,java.lang.Long,java.lang.String,java.lang.String,javax.servlet.http.HttpServletRequest)>", index: "3", type: "java.lang.String" }
  - { kind: "param", method: "<com.jsh.erp.controller.DepotItemController: com.jsh.erp.utils.BaseResponseInfo getBatchNumberList(java.lang.String,java.lang.Long,java.lang.Long,java.lang.String,java.lang.String,javax.servlet.http.HttpServletRequest)>", index: "4", type: "java.lang.String" }
  - { kind: "param", method: "<com.jsh.erp.controller.DepotItemController: com.jsh.erp.utils.BaseResponseInfo importItemExcel(org.springframework.web.multipart.MultipartFile,java.lang.String,javax.servlet.http.HttpServletRequest,javax.servlet.http.HttpServletResponse)>", index: "0", type: "org.springframework.web.multipart.MultipartFile" }
  - { kind: "param", method: "<com.jsh.erp.controller.DepotItemController: com.jsh.erp.utils.BaseResponseInfo importItemExcel(org.springframework.web.multipart.MultipartFile,java.lang.String,javax.servlet.http.HttpServletRequest,javax.servlet.http.HttpServletResponse)>", index: "1", type: "java.lang.String" }
  - { kind: "param", method: "<com.jsh.erp.controller.MaterialExtendController: java.lang.String getList(java.lang.Long,javax.servlet.http.HttpServletRequest)>", index: "0", type: "java.lang.Long" }
  - { kind: "param", method: "<com.jsh.erp.controller.MaterialExtendController: java.lang.String addResource(com.alibaba.fastjson.JSONObject,javax.servlet.http.HttpServletRequest)>", index: "0", type: "com.alibaba.fastjson.JSONObject" }
  - { kind: "param", method: "<com.jsh.erp.controller.MaterialExtendController: java.lang.String updateResource(com.alibaba.fastjson.JSONObject,javax.servlet.http.HttpServletRequest)>", index: "0", type: "com.alibaba.fastjson.JSONObject" }
  - { kind: "param", method: "<com.jsh.erp.controller.MaterialExtendController: java.lang.String deleteResource(java.lang.Long,javax.servlet.http.HttpServletRequest)>", index: "0", type: "java.lang.Long" }
  - { kind: "param", method: "<com.jsh.erp.controller.MaterialExtendController: java.lang.String batchDeleteResource(java.lang.String,javax.servlet.http.HttpServletRequest)>", index: "0", type: "java.lang.String" }
  - { kind: "param", method: "<com.jsh.erp.controller.MaterialExtendController: com.jsh.erp.utils.BaseResponseInfo getDetailList(java.lang.Long,javax.servlet.http.HttpServletRequest)>", index: "0", type: "java.lang.Long" }
  - { kind: "param", method: "<com.jsh.erp.controller.MaterialExtendController: com.jsh.erp.utils.BaseResponseInfo getInfoByBarCode(java.lang.String,javax.servlet.http.HttpServletRequest)>", index: "0", type: "java.lang.String" }
  - { kind: "param", method: "<com.jsh.erp.controller.MaterialExtendController: com.jsh.erp.utils.BaseResponseInfo checkIsBarCodeExist(java.lang.Long,java.lang.String,javax.servlet.http.HttpServletRequest)>", index: "0", type: "java.lang.Long" }
  - { kind: "param", method: "<com.jsh.erp.controller.MaterialExtendController: com.jsh.erp.utils.BaseResponseInfo checkIsBarCodeExist(java.lang.Long,java.lang.String,javax.servlet.http.HttpServletRequest)>", index: "1", type: "java.lang.String" }
  - { kind: "param", method: "<com.jsh.erp.controller.PersonController: java.lang.String getList(java.lang.Long,javax.servlet.http.HttpServletRequest)>", index: "0", type: "java.lang.Long" }
  - { kind: "param", method: "<com.jsh.erp.controller.PersonController: com.jsh.erp.base.TableDataInfo getList(java.lang.String,javax.servlet.http.HttpServletRequest)>", index: "0", type: "java.lang.String" }
  - { kind: "param", method: "<com.jsh.erp.controller.PersonController: java.lang.String addResource(com.alibaba.fastjson.JSONObject,javax.servlet.http.HttpServletRequest)>", index: "0", type: "com.alibaba.fastjson.JSONObject" }
  - { kind: "param", method: "<com.jsh.erp.controller.PersonController: java.lang.String updateResource(com.alibaba.fastjson.JSONObject,javax.servlet.http.HttpServletRequest)>", index: "0", type: "com.alibaba.fastjson.JSONObject" }
  - { kind: "param", method: "<com.jsh.erp.controller.PersonController: java.lang.String deleteResource(java.lang.Long,javax.servlet.http.HttpServletRequest)>", index: "0", type: "java.lang.Long" }
  - { kind: "param", method: "<com.jsh.erp.controller.PersonController: java.lang.String batchDeleteResource(java.lang.String,javax.servlet.http.HttpServletRequest)>", index: "0", type: "java.lang.String" }
  - { kind: "param", method: "<com.jsh.erp.controller.PersonController: java.lang.String checkIsNameExist(java.lang.Long,java.lang.String,javax.servlet.http.HttpServletRequest)>", index: "0", type: "java.lang.Long" }
  - { kind: "param", method: "<com.jsh.erp.controller.PersonController: java.lang.String checkIsNameExist(java.lang.Long,java.lang.String,javax.servlet.http.HttpServletRequest)>", index: "1", type: "java.lang.String" }
  - { kind: "param", method: "<com.jsh.erp.controller.PersonController: com.jsh.erp.utils.BaseResponseInfo getPersonByIds(java.lang.String,javax.servlet.http.HttpServletRequest)>", index: "0", type: "java.lang.String" }
  - { kind: "param", method: "<com.jsh.erp.controller.PersonController: com.jsh.erp.utils.BaseResponseInfo getPersonByType(java.lang.String,javax.servlet.http.HttpServletRequest)>", index: "0", type: "java.lang.String" }
  - { kind: "param", method: "<com.jsh.erp.controller.PersonController: com.alibaba.fastjson.JSONArray getPersonByNumType(java.lang.String,javax.servlet.http.HttpServletRequest)>", index: "0", type: "java.lang.String" }
  - { kind: "param", method: "<com.jsh.erp.controller.PersonController: java.lang.String batchSetStatus(com.alibaba.fastjson.JSONObject,javax.servlet.http.HttpServletRequest)>", index: "0", type: "com.alibaba.fastjson.JSONObject" }
  - { kind: "param", method: "<com.jsh.erp.controller.LogController: java.lang.String getList(java.lang.Long,javax.servlet.http.HttpServletRequest)>", index: "0", type: "java.lang.Long" }
  - { kind: "param", method: "<com.jsh.erp.controller.LogController: com.jsh.erp.base.TableDataInfo getList(java.lang.String,javax.servlet.http.HttpServletRequest)>", index: "0", type: "java.lang.String" }
  - { kind: "param", method: "<com.jsh.erp.controller.LogController: java.lang.String addResource(com.alibaba.fastjson.JSONObject,javax.servlet.http.HttpServletRequest)>", index: "0", type: "com.alibaba.fastjson.JSONObject" }
  - { kind: "param", method: "<com.jsh.erp.controller.LogController: java.lang.String updateResource(com.alibaba.fastjson.JSONObject,javax.servlet.http.HttpServletRequest)>", index: "0", type: "com.alibaba.fastjson.JSONObject" }
  - { kind: "param", method: "<com.jsh.erp.controller.LogController: java.lang.String deleteResource(java.lang.Long,javax.servlet.http.HttpServletRequest)>", index: "0", type: "java.lang.Long" }
  - { kind: "param", method: "<com.jsh.erp.controller.LogController: java.lang.String batchDeleteResource(java.lang.String,javax.servlet.http.HttpServletRequest)>", index: "0", type: "java.lang.String" }
  - { kind: "param", method: "<com.jsh.erp.controller.MaterialPropertyController: java.lang.String getList(java.lang.Long,javax.servlet.http.HttpServletRequest)>", index: "0", type: "java.lang.Long" }
  - { kind: "param", method: "<com.jsh.erp.controller.MaterialPropertyController: com.jsh.erp.base.TableDataInfo getList(java.lang.String,javax.servlet.http.HttpServletRequest)>", index: "0", type: "java.lang.String" }
  - { kind: "param", method: "<com.jsh.erp.controller.MaterialPropertyController: java.lang.String addResource(com.alibaba.fastjson.JSONObject,javax.servlet.http.HttpServletRequest)>", index: "0", type: "com.alibaba.fastjson.JSONObject" }
  - { kind: "param", method: "<com.jsh.erp.controller.MaterialPropertyController: java.lang.String updateResource(com.alibaba.fastjson.JSONObject,javax.servlet.http.HttpServletRequest)>", index: "0", type: "com.alibaba.fastjson.JSONObject" }
  - { kind: "param", method: "<com.jsh.erp.controller.MaterialPropertyController: java.lang.String addOrUpdate(com.alibaba.fastjson.JSONObject,javax.servlet.http.HttpServletRequest)>", index: "0", type: "com.alibaba.fastjson.JSONObject" }
  - { kind: "param", method: "<com.jsh.erp.controller.MaterialPropertyController: java.lang.String deleteResource(java.lang.Long,javax.servlet.http.HttpServletRequest)>", index: "0", type: "java.lang.Long" }
  - { kind: "param", method: "<com.jsh.erp.controller.MaterialPropertyController: java.lang.String batchDeleteResource(java.lang.String,javax.servlet.http.HttpServletRequest)>", index: "0", type: "java.lang.String" }
  - { kind: "param", method: "<com.jsh.erp.controller.MaterialPropertyController: java.lang.String checkIsNameExist(java.lang.Long,java.lang.String,javax.servlet.http.HttpServletRequest)>", index: "0", type: "java.lang.Long" }
  - { kind: "param", method: "<com.jsh.erp.controller.MaterialPropertyController: java.lang.String checkIsNameExist(java.lang.Long,java.lang.String,javax.servlet.http.HttpServletRequest)>", index: "1", type: "java.lang.String" }
  - { kind: "param", method: "<com.jsh.erp.controller.DepotController: java.lang.String getList(java.lang.Long,javax.servlet.http.HttpServletRequest)>", index: "0", type: "java.lang.Long" }
  - { kind: "param", method: "<com.jsh.erp.controller.DepotController: com.jsh.erp.base.TableDataInfo getList(java.lang.String,javax.servlet.http.HttpServletRequest)>", index: "0", type: "java.lang.String" }
  - { kind: "param", method: "<com.jsh.erp.controller.DepotController: java.lang.String addResource(com.alibaba.fastjson.JSONObject,javax.servlet.http.HttpServletRequest)>", index: "0", type: "com.alibaba.fastjson.JSONObject" }
  - { kind: "param", method: "<com.jsh.erp.controller.DepotController: java.lang.String updateResource(com.alibaba.fastjson.JSONObject,javax.servlet.http.HttpServletRequest)>", index: "0", type: "com.alibaba.fastjson.JSONObject" }
  - { kind: "param", method: "<com.jsh.erp.controller.DepotController: java.lang.String deleteResource(java.lang.Long,javax.servlet.http.HttpServletRequest)>", index: "0", type: "java.lang.Long" }
  - { kind: "param", method: "<com.jsh.erp.controller.DepotController: java.lang.String batchDeleteResource(java.lang.String,javax.servlet.http.HttpServletRequest)>", index: "0", type: "java.lang.String" }
  - { kind: "param", method: "<com.jsh.erp.controller.DepotController: java.lang.String checkIsNameExist(java.lang.Long,java.lang.String,javax.servlet.http.HttpServletRequest)>", index: "0", type: "java.lang.Long" }
  - { kind: "param", method: "<com.jsh.erp.controller.DepotController: java.lang.String checkIsNameExist(java.lang.Long,java.lang.String,javax.servlet.http.HttpServletRequest)>", index: "1", type: "java.lang.String" }
  - { kind: "param", method: "<com.jsh.erp.controller.DepotController: com.alibaba.fastjson.JSONArray findUserDepot(java.lang.String,java.lang.String,javax.servlet.http.HttpServletRequest)>", index: "0", type: "java.lang.String" }
  - { kind: "param", method: "<com.jsh.erp.controller.DepotController: com.alibaba.fastjson.JSONArray findUserDepot(java.lang.String,java.lang.String,javax.servlet.http.HttpServletRequest)>", index: "1", type: "java.lang.String" }
  - { kind: "param", method: "<com.jsh.erp.controller.DepotController: java.lang.String updateIsDefault(com.alibaba.fastjson.JSONObject,javax.servlet.http.HttpServletRequest)>", index: "0", type: "com.alibaba.fastjson.JSONObject" }
  - { kind: "param", method: "<com.jsh.erp.controller.DepotController: com.jsh.erp.utils.BaseResponseInfo getAllList(java.lang.Long,javax.servlet.http.HttpServletRequest)>", index: "0", type: "java.lang.Long" }
  - { kind: "param", method: "<com.jsh.erp.controller.DepotController: java.lang.String batchSetStatus(com.alibaba.fastjson.JSONObject,javax.servlet.http.HttpServletRequest)>", index: "0", type: "com.alibaba.fastjson.JSONObject" }
  - { kind: "param", method: "<com.jsh.erp.controller.InOutItemController: java.lang.String getList(java.lang.Long,javax.servlet.http.HttpServletRequest)>", index: "0", type: "java.lang.Long" }
  - { kind: "param", method: "<com.jsh.erp.controller.InOutItemController: com.jsh.erp.base.TableDataInfo getList(java.lang.String,javax.servlet.http.HttpServletRequest)>", index: "0", type: "java.lang.String" }
  - { kind: "param", method: "<com.jsh.erp.controller.InOutItemController: java.lang.String addResource(com.alibaba.fastjson.JSONObject,javax.servlet.http.HttpServletRequest)>", index: "0", type: "com.alibaba.fastjson.JSONObject" }
  - { kind: "param", method: "<com.jsh.erp.controller.InOutItemController: java.lang.String updateResource(com.alibaba.fastjson.JSONObject,javax.servlet.http.HttpServletRequest)>", index: "0", type: "com.alibaba.fastjson.JSONObject" }
  - { kind: "param", method: "<com.jsh.erp.controller.InOutItemController: java.lang.String deleteResource(java.lang.Long,javax.servlet.http.HttpServletRequest)>", index: "0", type: "java.lang.Long" }
  - { kind: "param", method: "<com.jsh.erp.controller.InOutItemController: java.lang.String batchDeleteResource(java.lang.String,javax.servlet.http.HttpServletRequest)>", index: "0", type: "java.lang.String" }
  - { kind: "param", method: "<com.jsh.erp.controller.InOutItemController: java.lang.String checkIsNameExist(java.lang.Long,java.lang.String,javax.servlet.http.HttpServletRequest)>", index: "0", type: "java.lang.Long" }
  - { kind: "param", method: "<com.jsh.erp.controller.InOutItemController: java.lang.String checkIsNameExist(java.lang.Long,java.lang.String,javax.servlet.http.HttpServletRequest)>", index: "1", type: "java.lang.String" }
  - { kind: "param", method: "<com.jsh.erp.controller.InOutItemController: java.lang.String findBySelect(java.lang.String,javax.servlet.http.HttpServletRequest)>", index: "0", type: "java.lang.String" }
  - { kind: "param", method: "<com.jsh.erp.controller.InOutItemController: java.lang.String batchSetStatus(com.alibaba.fastjson.JSONObject,javax.servlet.http.HttpServletRequest)>", index: "0", type: "com.alibaba.fastjson.JSONObject" }
  - { kind: "param", method: "<com.jsh.erp.controller.AccountItemController: com.jsh.erp.utils.BaseResponseInfo getDetailList(java.lang.Long,javax.servlet.http.HttpServletRequest)>", index: "0", type: "java.lang.Long" }
  - { kind: "param", method: "<com.jsh.erp.controller.AccountHeadController: java.lang.String getList(java.lang.Long,javax.servlet.http.HttpServletRequest)>", index: "0", type: "java.lang.Long" }
  - { kind: "param", method: "<com.jsh.erp.controller.AccountHeadController: com.jsh.erp.base.TableDataInfo getList(java.lang.String,javax.servlet.http.HttpServletRequest)>", index: "0", type: "java.lang.String" }
  - { kind: "param", method: "<com.jsh.erp.controller.AccountHeadController: java.lang.String deleteResource(java.lang.Long,javax.servlet.http.HttpServletRequest)>", index: "0", type: "java.lang.Long" }
  - { kind: "param", method: "<com.jsh.erp.controller.AccountHeadController: java.lang.String batchDeleteResource(java.lang.String,javax.servlet.http.HttpServletRequest)>", index: "0", type: "java.lang.String" }
  - { kind: "param", method: "<com.jsh.erp.controller.AccountHeadController: java.lang.String batchSetStatus(com.alibaba.fastjson.JSONObject,javax.servlet.http.HttpServletRequest)>", index: "0", type: "com.alibaba.fastjson.JSONObject" }
  - { kind: "param", method: "<com.jsh.erp.controller.AccountHeadController: java.lang.Object addAccountHeadAndDetail(com.jsh.erp.datasource.entities.AccountHeadVo4Body,javax.servlet.http.HttpServletRequest)>", index: "0", type: "com.jsh.erp.datasource.entities.AccountHeadVo4Body" }
  - { kind: "param", method: "<com.jsh.erp.controller.AccountHeadController: java.lang.Object updateAccountHeadAndDetail(com.jsh.erp.datasource.entities.AccountHeadVo4Body,javax.servlet.http.HttpServletRequest)>", index: "0", type: "com.jsh.erp.datasource.entities.AccountHeadVo4Body" }
  - { kind: "param", method: "<com.jsh.erp.controller.AccountHeadController: com.jsh.erp.utils.BaseResponseInfo getDetailByNumber(java.lang.String,javax.servlet.http.HttpServletRequest)>", index: "0", type: "java.lang.String" }
  - { kind: "param", method: "<com.jsh.erp.controller.AccountHeadController: com.jsh.erp.utils.BaseResponseInfo getFinancialBillNoByBillId(java.lang.Long,javax.servlet.http.HttpServletRequest)>", index: "0", type: "java.lang.Long" }
  - { kind: "param", method: "<com.jsh.erp.controller.SystemConfigController: java.lang.String getList(java.lang.Long,javax.servlet.http.HttpServletRequest)>", index: "0", type: "java.lang.Long" }
  - { kind: "param", method: "<com.jsh.erp.controller.SystemConfigController: com.jsh.erp.base.TableDataInfo getList(java.lang.String,javax.servlet.http.HttpServletRequest)>", index: "0", type: "java.lang.String" }
  - { kind: "param", method: "<com.jsh.erp.controller.SystemConfigController: java.lang.String addResource(com.alibaba.fastjson.JSONObject,javax.servlet.http.HttpServletRequest)>", index: "0", type: "com.alibaba.fastjson.JSONObject" }
  - { kind: "param", method: "<com.jsh.erp.controller.SystemConfigController: java.lang.String updateResource(com.alibaba.fastjson.JSONObject,javax.servlet.http.HttpServletRequest)>", index: "0", type: "com.alibaba.fastjson.JSONObject" }
  - { kind: "param", method: "<com.jsh.erp.controller.SystemConfigController: java.lang.String deleteResource(java.lang.Long,javax.servlet.http.HttpServletRequest)>", index: "0", type: "java.lang.Long" }
  - { kind: "param", method: "<com.jsh.erp.controller.SystemConfigController: java.lang.String batchDeleteResource(java.lang.String,javax.servlet.http.HttpServletRequest)>", index: "0", type: "java.lang.String" }
  - { kind: "param", method: "<com.jsh.erp.controller.SystemConfigController: java.lang.String checkIsNameExist(java.lang.Long,java.lang.String,javax.servlet.http.HttpServletRequest)>", index: "0", type: "java.lang.Long" }
  - { kind: "param", method: "<com.jsh.erp.controller.SystemConfigController: java.lang.String checkIsNameExist(java.lang.Long,java.lang.String,javax.servlet.http.HttpServletRequest)>", index: "1", type: "java.lang.String" }
  - { kind: "param", method: "<com.jsh.erp.controller.SystemConfigController: void exportExcelByParam(com.alibaba.fastjson.JSONObject,javax.servlet.http.HttpServletResponse)>", index: "0", type: "com.alibaba.fastjson.JSONObject" }
  - { kind: "param", method: "<com.jsh.erp.controller.OrganizationController: java.lang.String getList(java.lang.Long,javax.servlet.http.HttpServletRequest)>", index: "0", type: "java.lang.Long" }
  - { kind: "param", method: "<com.jsh.erp.controller.OrganizationController: java.lang.String addResource(com.alibaba.fastjson.JSONObject,javax.servlet.http.HttpServletRequest)>", index: "0", type: "com.alibaba.fastjson.JSONObject" }
  - { kind: "param", method: "<com.jsh.erp.controller.OrganizationController: java.lang.String updateResource(com.alibaba.fastjson.JSONObject,javax.servlet.http.HttpServletRequest)>", index: "0", type: "com.alibaba.fastjson.JSONObject" }
  - { kind: "param", method: "<com.jsh.erp.controller.OrganizationController: java.lang.String deleteResource(java.lang.Long,javax.servlet.http.HttpServletRequest)>", index: "0", type: "java.lang.Long" }
  - { kind: "param", method: "<com.jsh.erp.controller.OrganizationController: java.lang.String batchDeleteResource(java.lang.String,javax.servlet.http.HttpServletRequest)>", index: "0", type: "java.lang.String" }
  - { kind: "param", method: "<com.jsh.erp.controller.OrganizationController: java.lang.String checkIsNameExist(java.lang.Long,java.lang.String,javax.servlet.http.HttpServletRequest)>", index: "0", type: "java.lang.Long" }
  - { kind: "param", method: "<com.jsh.erp.controller.OrganizationController: java.lang.String checkIsNameExist(java.lang.Long,java.lang.String,javax.servlet.http.HttpServletRequest)>", index: "1", type: "java.lang.String" }
  - { kind: "param", method: "<com.jsh.erp.controller.OrganizationController: com.jsh.erp.utils.BaseResponseInfo findById(java.lang.Long,javax.servlet.http.HttpServletRequest)>", index: "0", type: "java.lang.Long" }
  - { kind: "param", method: "<com.jsh.erp.controller.OrganizationController: com.alibaba.fastjson.JSONArray getOrganizationTree(java.lang.Long)>", index: "0", type: "java.lang.Long" }
  - { kind: "param", method: "<com.jsh.erp.controller.UserController: java.lang.String getList(java.lang.Long,javax.servlet.http.HttpServletRequest)>", index: "0", type: "java.lang.Long" }
  - { kind: "param", method: "<com.jsh.erp.controller.UserController: com.jsh.erp.base.TableDataInfo getList(java.lang.String,javax.servlet.http.HttpServletRequest)>", index: "0", type: "java.lang.String" }
  - { kind: "param", method: "<com.jsh.erp.controller.UserController: java.lang.String addResource(com.alibaba.fastjson.JSONObject,javax.servlet.http.HttpServletRequest)>", index: "0", type: "com.alibaba.fastjson.JSONObject" }
  - { kind: "param", method: "<com.jsh.erp.controller.UserController: java.lang.String updateResource(com.alibaba.fastjson.JSONObject,javax.servlet.http.HttpServletRequest)>", index: "0", type: "com.alibaba.fastjson.JSONObject" }
  - { kind: "param", method: "<com.jsh.erp.controller.UserController: java.lang.String deleteResource(java.lang.Long,javax.servlet.http.HttpServletRequest)>", index: "0", type: "java.lang.Long" }
  - { kind: "param", method: "<com.jsh.erp.controller.UserController: java.lang.String batchDeleteResource(java.lang.String,javax.servlet.http.HttpServletRequest)>", index: "0", type: "java.lang.String" }
  - { kind: "param", method: "<com.jsh.erp.controller.UserController: java.lang.String checkIsNameExist(java.lang.Long,java.lang.String,javax.servlet.http.HttpServletRequest)>", index: "0", type: "java.lang.Long" }
  - { kind: "param", method: "<com.jsh.erp.controller.UserController: java.lang.String checkIsNameExist(java.lang.Long,java.lang.String,javax.servlet.http.HttpServletRequest)>", index: "1", type: "java.lang.String" }
  - { kind: "param", method: "<com.jsh.erp.controller.UserController: com.jsh.erp.utils.BaseResponseInfo login(com.jsh.erp.datasource.entities.UserEx,javax.servlet.http.HttpServletRequest)>", index: "0", type: "com.jsh.erp.datasource.entities.UserEx" }
  - { kind: "param", method: "<com.jsh.erp.controller.UserController: com.jsh.erp.utils.BaseResponseInfo weixinLogin(com.alibaba.fastjson.JSONObject,javax.servlet.http.HttpServletRequest)>", index: "0", type: "com.alibaba.fastjson.JSONObject" }
  - { kind: "param", method: "<com.jsh.erp.controller.UserController: java.lang.String weixinBind(com.alibaba.fastjson.JSONObject,javax.servlet.http.HttpServletRequest)>", index: "0", type: "com.alibaba.fastjson.JSONObject" }
  - { kind: "param", method: "<com.jsh.erp.controller.UserController: java.lang.String resetPwd(com.alibaba.fastjson.JSONObject,javax.servlet.http.HttpServletRequest)>", index: "0", type: "com.alibaba.fastjson.JSONObject" }
  - { kind: "param", method: "<com.jsh.erp.controller.UserController: java.lang.String updatePwd(com.alibaba.fastjson.JSONObject,javax.servlet.http.HttpServletRequest)>", index: "0", type: "com.alibaba.fastjson.JSONObject" }
  - { kind: "param", method: "<com.jsh.erp.controller.UserController: java.lang.Object addUser(com.alibaba.fastjson.JSONObject,javax.servlet.http.HttpServletRequest)>", index: "0", type: "com.alibaba.fastjson.JSONObject" }
  - { kind: "param", method: "<com.jsh.erp.controller.UserController: java.lang.Object updateUser(com.alibaba.fastjson.JSONObject,javax.servlet.http.HttpServletRequest)>", index: "0", type: "com.alibaba.fastjson.JSONObject" }
  - { kind: "param", method: "<com.jsh.erp.controller.UserController: java.lang.Object registerUser(com.jsh.erp.datasource.entities.UserEx,javax.servlet.http.HttpServletRequest)>", index: "0", type: "com.jsh.erp.datasource.entities.UserEx" }
  - { kind: "param", method: "<com.jsh.erp.controller.UserController: com.alibaba.fastjson.JSONArray getUserWithChecked(java.lang.String,java.lang.String,javax.servlet.http.HttpServletRequest)>", index: "0", type: "java.lang.String" }
  - { kind: "param", method: "<com.jsh.erp.controller.UserController: com.alibaba.fastjson.JSONArray getUserWithChecked(java.lang.String,java.lang.String,javax.servlet.http.HttpServletRequest)>", index: "1", type: "java.lang.String" }
  - { kind: "param", method: "<com.jsh.erp.controller.UserController: java.lang.String batchSetStatus(com.alibaba.fastjson.JSONObject,javax.servlet.http.HttpServletRequest)>", index: "0", type: "com.alibaba.fastjson.JSONObject" }
  - { kind: "call", method: "<org.apache.shiro.SecurityUtils: org.apache.shiro.subject.Subject getSubject()>", index: "result", type: "org.apache.shiro.subject.Subject" }
  - { kind: "call", method: "<org.apache.shiro.subject.Subject: java.lang.Object getPrincipal()>", index: "result", type: "java.lang.Object" }
  - { kind: "call", method: "<org.apache.shiro.subject.Subject: org.apache.shiro.subject.PrincipalCollection getPrincipals()>", index: "result", type: "org.apache.shiro.subject.PrincipalCollection" }
  - { kind: "call", method: "<org.apache.shiro.subject.PrincipalCollection: java.lang.Object getPrimaryPrincipal()>", index: "result", type: "java.lang.Object" }
  - { kind: "call", method: "<javax.servlet.http.HttpSession: java.lang.Object getAttribute(java.lang.String)>", index: "result", type: "java.lang.Object" }
  - { kind: "call", method: "<javax.servlet.http.HttpSession: java.lang.Object getValue(java.lang.String)>", index: "result", type: "java.lang.Object" }
  - { kind: "call", method: "<javax.servlet.http.HttpServletRequest: javax.servlet.http.HttpSession getSession()>", index: "result", type: "javax.servlet.http.HttpSession" }
  - { kind: "call", method: "<javax.servlet.http.HttpServletRequest: javax.servlet.http.HttpSession getSession(boolean)>", index: "result", type: "javax.servlet.http.HttpSession" }
  - { kind: "call", method: "<javax.servlet.http.HttpServletRequest: java.security.Principal getUserPrincipal()>", index: "result", type: "java.security.Principal" }
  - { kind: "call", method: "<java.security.Principal: java.lang.String getName()>", index: "result", type: "java.lang.String" }
  - { kind: "call", method: "<javax.servlet.ServletRequest: java.lang.Object getAttribute(java.lang.String)>", index: "result", type: "java.lang.Object" }
  - { kind: "call", method: "<java.lang.ThreadLocal: java.lang.Object get()>", index: "result", type: "java.lang.Object" }

sinks:
  - { method: "<com.jsh.erp.datasource.mappers.MaterialExtendMapperEx: int batchDeleteMaterialExtendByIds(java.lang.String[])>", index: "0" }
  - { method: "<com.jsh.erp.datasource.mappers.MaterialExtendMapperEx: int batchDeleteMaterialExtendByMIds(java.lang.String[])>", index: "0" }
  - { method: "<com.jsh.erp.datasource.mappers.MaterialExtendMapperEx: int specialUpdatePrice(com.jsh.erp.datasource.entities.MaterialExtend)>", index: "0" }
  - { method: "<com.jsh.erp.datasource.mappers.MaterialExtendMapperEx: java.util.List getDetailList(java.lang.Long)>", index: "0" }
  - { method: "<com.jsh.erp.datasource.mappers.MaterialExtendMapperEx: java.util.List getListByMId(java.lang.Long[])>", index: "0" }
  - { method: "<com.jsh.erp.datasource.mappers.MaterialExtendMapperEx: java.util.List getBasicInfoByMid(java.lang.Long)>", index: "0" }
  - { method: "<com.jsh.erp.datasource.mappers.MaterialExtendMapper: int insert(com.jsh.erp.datasource.entities.MaterialExtend)>", index: "0" }
  - { method: "<com.jsh.erp.datasource.mappers.MaterialExtendMapper: int insertSelective(com.jsh.erp.datasource.entities.MaterialExtend)>", index: "0" }
  - { method: "<com.jsh.erp.datasource.mappers.MaterialExtendMapper: int updateByPrimaryKeySelective(com.jsh.erp.datasource.entities.MaterialExtend)>", index: "0" }
  - { method: "<com.jsh.erp.datasource.mappers.MaterialExtendMapper: int updateByPrimaryKey(com.jsh.erp.datasource.entities.MaterialExtend)>", index: "0" }
  - { method: "<com.jsh.erp.datasource.mappers.MaterialExtendMapper: int deleteByPrimaryKey(java.lang.Long)>", index: "0" }
  - { method: "<com.jsh.erp.datasource.mappers.MaterialExtendMapper: java.util.List selectByExample(com.jsh.erp.datasource.entities.MaterialExtendExample)>", index: "0" }
  - { method: "<com.jsh.erp.datasource.mappers.MaterialExtendMapper: com.jsh.erp.datasource.entities.MaterialExtend selectByPrimaryKey(java.lang.Long)>", index: "0" }
  - { method: "<com.jsh.erp.datasource.mappers.DepotItemMapperEx: int batchInsert(java.util.List)>", index: "0" }
  - { method: "<com.jsh.erp.datasource.mappers.DepotItemMapperEx: int batchDeleteDepotItemByDepotHeadIds(java.lang.Long[])>", index: "0" }
  - { method: "<com.jsh.erp.datasource.mappers.DepotItemMapperEx: java.util.List getDetailList(java.lang.Long)>", index: "0" }
  - { method: "<com.jsh.erp.datasource.mappers.DepotItemMapperEx: java.util.List getBillDetailListByIds(java.util.List)>", index: "0" }
  - { method: "<com.jsh.erp.datasource.mappers.DepotItemMapperEx: java.util.List getDepotItemListListByDepotIds(java.lang.String[])>", index: "0" }
  - { method: "<com.jsh.erp.datasource.mappers.DepotItemMapperEx: java.util.List getDepotItemListListByMaterialIds(java.lang.String[])>", index: "0" }
  - { method: "<com.jsh.erp.datasource.mappers.DepotItemMapperEx: java.util.List getLinkBillDetailMaterialSum(java.lang.String)>", index: "0" }
  - { method: "<com.jsh.erp.datasource.mappers.DepotItemMapperEx: java.util.List getBillItemByParam(java.lang.String)>", index: "0" }
  - { method: "<com.jsh.erp.datasource.mappers.UserBusinessMapperEx: java.util.List getOldListByType(java.lang.String)>", index: "0" }
  - { method: "<com.jsh.erp.datasource.mappers.DepotItemMapper: int insert(com.jsh.erp.datasource.entities.DepotItem)>", index: "0" }
  - { method: "<com.jsh.erp.datasource.mappers.DepotItemMapper: int insertSelective(com.jsh.erp.datasource.entities.DepotItem)>", index: "0" }
  - { method: "<com.jsh.erp.datasource.mappers.DepotItemMapper: int updateByPrimaryKeySelective(com.jsh.erp.datasource.entities.DepotItem)>", index: "0" }
  - { method: "<com.jsh.erp.datasource.mappers.DepotItemMapper: int updateByPrimaryKey(com.jsh.erp.datasource.entities.DepotItem)>", index: "0" }
  - { method: "<com.jsh.erp.datasource.mappers.DepotItemMapper: int deleteByPrimaryKey(java.lang.Long)>", index: "0" }
  - { method: "<com.jsh.erp.datasource.mappers.DepotItemMapper: java.util.List selectByExample(com.jsh.erp.datasource.entities.DepotItemExample)>", index: "0" }
  - { method: "<com.jsh.erp.datasource.mappers.DepotItemMapper: com.jsh.erp.datasource.entities.DepotItem selectByPrimaryKey(java.lang.Long)>", index: "0" }
  - { method: "<com.jsh.erp.datasource.mappers.RoleMapperEx: com.jsh.erp.datasource.entities.Role getRoleWithoutTenant(java.lang.Long)>", index: "0" }
  - { method: "<com.jsh.erp.datasource.mappers.SerialNumberMapper: int insert(com.jsh.erp.datasource.entities.SerialNumber)>", index: "0" }
  - { method: "<com.jsh.erp.datasource.mappers.SerialNumberMapper: int insertSelective(com.jsh.erp.datasource.entities.SerialNumber)>", index: "0" }
  - { method: "<com.jsh.erp.datasource.mappers.SerialNumberMapper: int updateByPrimaryKeySelective(com.jsh.erp.datasource.entities.SerialNumber)>", index: "0" }
  - { method: "<com.jsh.erp.datasource.mappers.SerialNumberMapper: int updateByPrimaryKey(com.jsh.erp.datasource.entities.SerialNumber)>", index: "0" }
  - { method: "<com.jsh.erp.datasource.mappers.SerialNumberMapper: int deleteByPrimaryKey(java.lang.Long)>", index: "0" }
  - { method: "<com.jsh.erp.datasource.mappers.SerialNumberMapper: java.util.List selectByExample(com.jsh.erp.datasource.entities.SerialNumberExample)>", index: "0" }
  - { method: "<com.jsh.erp.datasource.mappers.SerialNumberMapper: com.jsh.erp.datasource.entities.SerialNumber selectByPrimaryKey(java.lang.Long)>", index: "0" }
  - { method: "<com.jsh.erp.datasource.mappers.MaterialInitialStockMapper: int insert(com.jsh.erp.datasource.entities.MaterialInitialStock)>", index: "0" }
  - { method: "<com.jsh.erp.datasource.mappers.MaterialInitialStockMapper: int insertSelective(com.jsh.erp.datasource.entities.MaterialInitialStock)>", index: "0" }
  - { method: "<com.jsh.erp.datasource.mappers.MaterialInitialStockMapper: int updateByPrimaryKeySelective(com.jsh.erp.datasource.entities.MaterialInitialStock)>", index: "0" }
  - { method: "<com.jsh.erp.datasource.mappers.MaterialInitialStockMapper: int updateByPrimaryKey(com.jsh.erp.datasource.entities.MaterialInitialStock)>", index: "0" }
  - { method: "<com.jsh.erp.datasource.mappers.MaterialInitialStockMapper: int deleteByPrimaryKey(java.lang.Long)>", index: "0" }
  - { method: "<com.jsh.erp.datasource.mappers.MaterialInitialStockMapper: java.util.List selectByExample(com.jsh.erp.datasource.entities.MaterialInitialStockExample)>", index: "0" }
  - { method: "<com.jsh.erp.datasource.mappers.MaterialInitialStockMapper: com.jsh.erp.datasource.entities.MaterialInitialStock selectByPrimaryKey(java.lang.Long)>", index: "0" }
  - { method: "<com.jsh.erp.datasource.mappers.PersonMapperEx: int batchDeletePersonByIds(java.lang.String[])>", index: "0" }
  - { method: "<com.jsh.erp.datasource.mappers.PlatformConfigMapperEx: java.util.List selectByConditionPlatformConfig(java.lang.String)>", index: "0" }
  - { method: "<com.jsh.erp.datasource.mappers.PlatformConfigMapper: int insert(com.jsh.erp.datasource.entities.PlatformConfig)>", index: "0" }
  - { method: "<com.jsh.erp.datasource.mappers.PlatformConfigMapper: int insertSelective(com.jsh.erp.datasource.entities.PlatformConfig)>", index: "0" }
  - { method: "<com.jsh.erp.datasource.mappers.PlatformConfigMapper: int updateByPrimaryKeySelective(com.jsh.erp.datasource.entities.PlatformConfig)>", index: "0" }
  - { method: "<com.jsh.erp.datasource.mappers.PlatformConfigMapper: int updateByPrimaryKey(com.jsh.erp.datasource.entities.PlatformConfig)>", index: "0" }
  - { method: "<com.jsh.erp.datasource.mappers.PlatformConfigMapper: int deleteByPrimaryKey(java.lang.Long)>", index: "0" }
  - { method: "<com.jsh.erp.datasource.mappers.PlatformConfigMapper: java.util.List selectByExample(com.jsh.erp.datasource.entities.PlatformConfigExample)>", index: "0" }
  - { method: "<com.jsh.erp.datasource.mappers.PlatformConfigMapper: com.jsh.erp.datasource.entities.PlatformConfig selectByPrimaryKey(java.lang.Long)>", index: "0" }
  - { method: "<com.jsh.erp.datasource.mappers.MaterialPropertyMapperEx: java.util.List selectByConditionMaterialProperty(java.lang.String)>", index: "0" }
  - { method: "<com.jsh.erp.datasource.mappers.MaterialPropertyMapperEx: int getCountByNativeName(java.lang.String)>", index: "0" }
  - { method: "<com.jsh.erp.datasource.mappers.UserBusinessMapper: int insert(com.jsh.erp.datasource.entities.UserBusiness)>", index: "0" }
  - { method: "<com.jsh.erp.datasource.mappers.UserBusinessMapper: int insertSelective(com.jsh.erp.datasource.entities.UserBusiness)>", index: "0" }
  - { method: "<com.jsh.erp.datasource.mappers.UserBusinessMapper: int updateByPrimaryKeySelective(com.jsh.erp.datasource.entities.UserBusiness)>", index: "0" }
  - { method: "<com.jsh.erp.datasource.mappers.UserBusinessMapper: int updateByPrimaryKey(com.jsh.erp.datasource.entities.UserBusiness)>", index: "0" }
  - { method: "<com.jsh.erp.datasource.mappers.UserBusinessMapper: int deleteByPrimaryKey(java.lang.Long)>", index: "0" }
  - { method: "<com.jsh.erp.datasource.mappers.UserBusinessMapper: java.util.List selectByExample(com.jsh.erp.datasource.entities.UserBusinessExample)>", index: "0" }
  - { method: "<com.jsh.erp.datasource.mappers.UserBusinessMapper: com.jsh.erp.datasource.entities.UserBusiness selectByPrimaryKey(java.lang.Long)>", index: "0" }
  - { method: "<com.jsh.erp.datasource.mappers.LogMapper: int insert(com.jsh.erp.datasource.entities.Log)>", index: "0" }
  - { method: "<com.jsh.erp.datasource.mappers.LogMapper: int insertSelective(com.jsh.erp.datasource.entities.Log)>", index: "0" }
  - { method: "<com.jsh.erp.datasource.mappers.LogMapper: int updateByPrimaryKeySelective(com.jsh.erp.datasource.entities.Log)>", index: "0" }
  - { method: "<com.jsh.erp.datasource.mappers.LogMapper: int updateByPrimaryKey(com.jsh.erp.datasource.entities.Log)>", index: "0" }
  - { method: "<com.jsh.erp.datasource.mappers.LogMapper: int deleteByPrimaryKey(java.lang.Long)>", index: "0" }
  - { method: "<com.jsh.erp.datasource.mappers.LogMapper: java.util.List selectByExample(com.jsh.erp.datasource.entities.LogExample)>", index: "0" }
  - { method: "<com.jsh.erp.datasource.mappers.LogMapper: com.jsh.erp.datasource.entities.Log selectByPrimaryKey(java.lang.Long)>", index: "0" }
  - { method: "<com.jsh.erp.datasource.mappers.MaterialInitialStockMapperEx: int batchInsert(java.util.List)>", index: "0" }
  - { method: "<com.jsh.erp.datasource.mappers.MaterialInitialStockMapperEx: void batchDeleteByDepots(java.lang.String[])>", index: "0" }
  - { method: "<com.jsh.erp.datasource.mappers.MaterialInitialStockMapperEx: java.util.List getInitialStockMapByIdList(java.util.List)>", index: "0" }
  - { method: "<com.jsh.erp.datasource.mappers.AccountHeadMapperEx: java.util.List getDetailByNumber(java.lang.String)>", index: "0" }
  - { method: "<com.jsh.erp.datasource.mappers.AccountHeadMapperEx: java.util.List getAccountHeadListByAccountIds(java.lang.String[])>", index: "0" }
  - { method: "<com.jsh.erp.datasource.mappers.AccountHeadMapperEx: java.util.List getAccountHeadListByOrganIds(java.lang.String[])>", index: "0" }
  - { method: "<com.jsh.erp.datasource.mappers.AccountHeadMapperEx: java.util.List getAccountHeadListByHandsPersonIds(java.lang.String[])>", index: "0" }
  - { method: "<com.jsh.erp.datasource.mappers.AccountHeadMapperEx: java.util.List getFinancialBillPriceByBillIdList(java.util.List)>", index: "0" }
  - { method: "<com.jsh.erp.datasource.mappers.AccountHeadMapperEx: java.util.List getFinancialBillNoByBillId(java.lang.Long)>", index: "0" }
  - { method: "<com.jsh.erp.datasource.mappers.AccountHeadMapperEx: java.math.BigDecimal getFinancialAllPriceByOrganId(java.lang.Long)>", index: "0" }
  - { method: "<com.jsh.erp.datasource.mappers.OrgaUserRelMapperEx: int addOrgaUserRel(com.jsh.erp.datasource.entities.OrgaUserRel)>", index: "0" }
  - { method: "<com.jsh.erp.datasource.mappers.OrgaUserRelMapperEx: int updateOrgaUserRel(com.jsh.erp.datasource.entities.OrgaUserRel)>", index: "0" }
  - { method: "<com.jsh.erp.datasource.mappers.SupplierMapper: int insert(com.jsh.erp.datasource.entities.Supplier)>", index: "0" }
  - { method: "<com.jsh.erp.datasource.mappers.SupplierMapper: int insertSelective(com.jsh.erp.datasource.entities.Supplier)>", index: "0" }
  - { method: "<com.jsh.erp.datasource.mappers.SupplierMapper: int updateByPrimaryKeySelective(com.jsh.erp.datasource.entities.Supplier)>", index: "0" }
  - { method: "<com.jsh.erp.datasource.mappers.SupplierMapper: int updateByPrimaryKey(com.jsh.erp.datasource.entities.Supplier)>", index: "0" }
  - { method: "<com.jsh.erp.datasource.mappers.SupplierMapper: int deleteByPrimaryKey(java.lang.Long)>", index: "0" }
  - { method: "<com.jsh.erp.datasource.mappers.SupplierMapper: java.util.List selectByExample(com.jsh.erp.datasource.entities.SupplierExample)>", index: "0" }
  - { method: "<com.jsh.erp.datasource.mappers.SupplierMapper: com.jsh.erp.datasource.entities.Supplier selectByPrimaryKey(java.lang.Long)>", index: "0" }
  - { method: "<com.jsh.erp.datasource.mappers.OrganizationMapper: int insert(com.jsh.erp.datasource.entities.Organization)>", index: "0" }
  - { method: "<com.jsh.erp.datasource.mappers.OrganizationMapper: int insertSelective(com.jsh.erp.datasource.entities.Organization)>", index: "0" }
  - { method: "<com.jsh.erp.datasource.mappers.OrganizationMapper: int updateByPrimaryKeySelective(com.jsh.erp.datasource.entities.Organization)>", index: "0" }
  - { method: "<com.jsh.erp.datasource.mappers.OrganizationMapper: int updateByPrimaryKey(com.jsh.erp.datasource.entities.Organization)>", index: "0" }
  - { method: "<com.jsh.erp.datasource.mappers.OrganizationMapper: int deleteByPrimaryKey(java.lang.Long)>", index: "0" }
  - { method: "<com.jsh.erp.datasource.mappers.OrganizationMapper: java.util.List selectByExample(com.jsh.erp.datasource.entities.OrganizationExample)>", index: "0" }
  - { method: "<com.jsh.erp.datasource.mappers.OrganizationMapper: com.jsh.erp.datasource.entities.Organization selectByPrimaryKey(java.lang.Long)>", index: "0" }
  - { method: "<com.jsh.erp.datasource.mappers.MaterialPropertyMapper: int insert(com.jsh.erp.datasource.entities.MaterialProperty)>", index: "0" }
  - { method: "<com.jsh.erp.datasource.mappers.MaterialPropertyMapper: int insertSelective(com.jsh.erp.datasource.entities.MaterialProperty)>", index: "0" }
  - { method: "<com.jsh.erp.datasource.mappers.MaterialPropertyMapper: int updateByPrimaryKeySelective(com.jsh.erp.datasource.entities.MaterialProperty)>", index: "0" }
  - { method: "<com.jsh.erp.datasource.mappers.MaterialPropertyMapper: int updateByPrimaryKey(com.jsh.erp.datasource.entities.MaterialProperty)>", index: "0" }
  - { method: "<com.jsh.erp.datasource.mappers.MaterialPropertyMapper: int deleteByPrimaryKey(java.lang.Long)>", index: "0" }
  - { method: "<com.jsh.erp.datasource.mappers.MaterialPropertyMapper: java.util.List selectByExample(com.jsh.erp.datasource.entities.MaterialPropertyExample)>", index: "0" }
  - { method: "<com.jsh.erp.datasource.mappers.MaterialPropertyMapper: com.jsh.erp.datasource.entities.MaterialProperty selectByPrimaryKey(java.lang.Long)>", index: "0" }
  - { method: "<com.jsh.erp.datasource.mappers.UserMapperEx: int batDeleteOrUpdateUser(java.lang.String[])>", index: "0" }
  - { method: "<com.jsh.erp.datasource.mappers.UserMapperEx: void disableUserByLimit(java.lang.Long)>", index: "0" }
  - { method: "<com.jsh.erp.datasource.mappers.UserMapperEx: java.util.List getNextNodeTree(java.util.Map)>", index: "0" }
  - { method: "<com.jsh.erp.datasource.mappers.UserMapperEx: com.jsh.erp.datasource.entities.User getUserByWeixinOpenId(java.lang.String)>", index: "0" }
  - { method: "<com.jsh.erp.datasource.mappers.SupplierMapperEx: com.jsh.erp.datasource.entities.Supplier getInfoById(java.lang.Long)>", index: "0" }
  - { method: "<com.jsh.erp.datasource.mappers.AccountMapper: int insert(com.jsh.erp.datasource.entities.Account)>", index: "0" }
  - { method: "<com.jsh.erp.datasource.mappers.AccountMapper: int insertSelective(com.jsh.erp.datasource.entities.Account)>", index: "0" }
  - { method: "<com.jsh.erp.datasource.mappers.AccountMapper: int updateByPrimaryKeySelective(com.jsh.erp.datasource.entities.Account)>", index: "0" }
  - { method: "<com.jsh.erp.datasource.mappers.AccountMapper: int updateByPrimaryKey(com.jsh.erp.datasource.entities.Account)>", index: "0" }
  - { method: "<com.jsh.erp.datasource.mappers.AccountMapper: int deleteByPrimaryKey(java.lang.Long)>", index: "0" }
  - { method: "<com.jsh.erp.datasource.mappers.AccountMapper: java.util.List selectByExample(com.jsh.erp.datasource.entities.AccountExample)>", index: "0" }
  - { method: "<com.jsh.erp.datasource.mappers.AccountMapper: com.jsh.erp.datasource.entities.Account selectByPrimaryKey(java.lang.Long)>", index: "0" }
  - { method: "<com.jsh.erp.datasource.mappers.SystemConfigMapperEx: java.util.List selectByConditionSystemConfig(java.lang.String)>", index: "0" }
  - { method: "<com.jsh.erp.datasource.mappers.AccountHeadMapper: int insert(com.jsh.erp.datasource.entities.AccountHead)>", index: "0" }
  - { method: "<com.jsh.erp.datasource.mappers.AccountHeadMapper: int insertSelective(com.jsh.erp.datasource.entities.AccountHead)>", index: "0" }
  - { method: "<com.jsh.erp.datasource.mappers.AccountHeadMapper: int updateByPrimaryKeySelective(com.jsh.erp.datasource.entities.AccountHead)>", index: "0" }
  - { method: "<com.jsh.erp.datasource.mappers.AccountHeadMapper: int updateByPrimaryKey(com.jsh.erp.datasource.entities.AccountHead)>", index: "0" }
  - { method: "<com.jsh.erp.datasource.mappers.AccountHeadMapper: int deleteByPrimaryKey(java.lang.Long)>", index: "0" }
  - { method: "<com.jsh.erp.datasource.mappers.AccountHeadMapper: java.util.List selectByExample(com.jsh.erp.datasource.entities.AccountHeadExample)>", index: "0" }
  - { method: "<com.jsh.erp.datasource.mappers.AccountHeadMapper: com.jsh.erp.datasource.entities.AccountHead selectByPrimaryKey(java.lang.Long)>", index: "0" }
  - { method: "<com.jsh.erp.datasource.mappers.MaterialMapper: int insert(com.jsh.erp.datasource.entities.Material)>", index: "0" }
  - { method: "<com.jsh.erp.datasource.mappers.MaterialMapper: int insertSelective(com.jsh.erp.datasource.entities.Material)>", index: "0" }
  - { method: "<com.jsh.erp.datasource.mappers.MaterialMapper: int updateByPrimaryKeySelective(com.jsh.erp.datasource.entities.Material)>", index: "0" }
  - { method: "<com.jsh.erp.datasource.mappers.MaterialMapper: int updateByPrimaryKey(com.jsh.erp.datasource.entities.Material)>", index: "0" }
  - { method: "<com.jsh.erp.datasource.mappers.MaterialMapper: int deleteByPrimaryKey(java.lang.Long)>", index: "0" }
  - { method: "<com.jsh.erp.datasource.mappers.MaterialMapper: java.util.List selectByExample(com.jsh.erp.datasource.entities.MaterialExample)>", index: "0" }
  - { method: "<com.jsh.erp.datasource.mappers.MaterialMapper: com.jsh.erp.datasource.entities.Material selectByPrimaryKey(java.lang.Long)>", index: "0" }
  - { method: "<com.jsh.erp.datasource.mappers.UserMapper: int insert(com.jsh.erp.datasource.entities.User)>", index: "0" }
  - { method: "<com.jsh.erp.datasource.mappers.UserMapper: int insertSelective(com.jsh.erp.datasource.entities.User)>", index: "0" }
  - { method: "<com.jsh.erp.datasource.mappers.UserMapper: int updateByPrimaryKeySelective(com.jsh.erp.datasource.entities.User)>", index: "0" }
  - { method: "<com.jsh.erp.datasource.mappers.UserMapper: int updateByPrimaryKey(com.jsh.erp.datasource.entities.User)>", index: "0" }
  - { method: "<com.jsh.erp.datasource.mappers.UserMapper: int deleteByPrimaryKey(java.lang.Long)>", index: "0" }
  - { method: "<com.jsh.erp.datasource.mappers.UserMapper: java.util.List selectByExample(com.jsh.erp.datasource.entities.UserExample)>", index: "0" }
  - { method: "<com.jsh.erp.datasource.mappers.UserMapper: com.jsh.erp.datasource.entities.User selectByPrimaryKey(java.lang.Long)>", index: "0" }
  - { method: "<com.jsh.erp.datasource.mappers.MaterialMapperEx: java.lang.Long insertSelectiveEx(com.jsh.erp.datasource.entities.Material)>", index: "0" }
  - { method: "<com.jsh.erp.datasource.mappers.MaterialMapperEx: int setUnitIdToNull(java.lang.Long)>", index: "0" }
  - { method: "<com.jsh.erp.datasource.mappers.MaterialMapperEx: int setExpiryNumToNull(java.lang.Long)>", index: "0" }
  - { method: "<com.jsh.erp.datasource.mappers.MaterialMapperEx: java.util.List findUnitList(java.lang.Long)>", index: "0" }
  - { method: "<com.jsh.erp.datasource.mappers.MaterialMapperEx: java.util.List findById(java.lang.Long)>", index: "0" }
  - { method: "<com.jsh.erp.datasource.mappers.MaterialMapperEx: java.util.List findByIdWithBarCode(java.lang.Long)>", index: "0" }
  - { method: "<com.jsh.erp.datasource.mappers.MaterialMapperEx: java.util.List getMaterialByParam(java.lang.String)>", index: "0" }
  - { method: "<com.jsh.erp.datasource.mappers.MaterialMapperEx: java.util.List findByMaterialName(java.lang.String)>", index: "0" }
  - { method: "<com.jsh.erp.datasource.mappers.MaterialMapperEx: java.lang.Long getMaterialEnableSerialNumberCount(java.lang.String)>", index: "0" }
  - { method: "<com.jsh.erp.datasource.mappers.MaterialMapperEx: java.util.List getMaterialListByCategoryIds(java.lang.String[])>", index: "0" }
  - { method: "<com.jsh.erp.datasource.mappers.MaterialMapperEx: java.util.List getMaterialListByUnitIds(java.lang.String[])>", index: "0" }
  - { method: "<com.jsh.erp.datasource.mappers.MaterialMapperEx: java.util.List getMaterialByMeId(java.lang.Long)>", index: "0" }
  - { method: "<com.jsh.erp.datasource.mappers.MaterialMapperEx: java.util.List getMaterialByBarCode(java.lang.String[])>", index: "0" }
  - { method: "<com.jsh.erp.datasource.mappers.MaterialMapperEx: java.util.List getInitialStockWithMaterial(java.util.List)>", index: "0" }
  - { method: "<com.jsh.erp.datasource.mappers.MaterialMapperEx: com.jsh.erp.datasource.entities.MaterialExtend getMaterialExtendBySerialNumber(java.lang.String)>", index: "0" }
  - { method: "<com.jsh.erp.datasource.mappers.MaterialCategoryMapperEx: int addMaterialCategory(com.jsh.erp.datasource.entities.MaterialCategory)>", index: "0" }
  - { method: "<com.jsh.erp.datasource.mappers.MaterialCategoryMapperEx: int editMaterialCategory(com.jsh.erp.datasource.entities.MaterialCategory)>", index: "0" }
  - { method: "<com.jsh.erp.datasource.mappers.MaterialCategoryMapperEx: java.util.List getNextNodeTree(java.util.Map)>", index: "0" }
  - { method: "<com.jsh.erp.datasource.mappers.MaterialCategoryMapperEx: java.util.List getNodeTree(java.lang.Long)>", index: "0" }
  - { method: "<com.jsh.erp.datasource.mappers.MaterialCategoryMapperEx: java.util.List getMaterialCategoryListByCategoryIds(java.lang.String[])>", index: "0" }
  - { method: "<com.jsh.erp.datasource.mappers.MaterialCategoryMapperEx: java.util.List getListByParentId(java.lang.Long)>", index: "0" }
  - { method: "<com.jsh.erp.datasource.mappers.SystemConfigMapper: int insert(com.jsh.erp.datasource.entities.SystemConfig)>", index: "0" }
  - { method: "<com.jsh.erp.datasource.mappers.SystemConfigMapper: int insertSelective(com.jsh.erp.datasource.entities.SystemConfig)>", index: "0" }
  - { method: "<com.jsh.erp.datasource.mappers.SystemConfigMapper: int updateByPrimaryKeySelective(com.jsh.erp.datasource.entities.SystemConfig)>", index: "0" }
  - { method: "<com.jsh.erp.datasource.mappers.SystemConfigMapper: int updateByPrimaryKey(com.jsh.erp.datasource.entities.SystemConfig)>", index: "0" }
  - { method: "<com.jsh.erp.datasource.mappers.SystemConfigMapper: int deleteByPrimaryKey(java.lang.Long)>", index: "0" }
  - { method: "<com.jsh.erp.datasource.mappers.SystemConfigMapper: java.util.List selectByExample(com.jsh.erp.datasource.entities.SystemConfigExample)>", index: "0" }
  - { method: "<com.jsh.erp.datasource.mappers.SystemConfigMapper: com.jsh.erp.datasource.entities.SystemConfig selectByPrimaryKey(java.lang.Long)>", index: "0" }
  - { method: "<com.jsh.erp.datasource.mappers.MaterialAttributeMapper: int insert(com.jsh.erp.datasource.entities.MaterialAttribute)>", index: "0" }
  - { method: "<com.jsh.erp.datasource.mappers.MaterialAttributeMapper: int insertSelective(com.jsh.erp.datasource.entities.MaterialAttribute)>", index: "0" }
  - { method: "<com.jsh.erp.datasource.mappers.MaterialAttributeMapper: int updateByPrimaryKeySelective(com.jsh.erp.datasource.entities.MaterialAttribute)>", index: "0" }
  - { method: "<com.jsh.erp.datasource.mappers.MaterialAttributeMapper: int updateByPrimaryKey(com.jsh.erp.datasource.entities.MaterialAttribute)>", index: "0" }
  - { method: "<com.jsh.erp.datasource.mappers.MaterialAttributeMapper: int deleteByPrimaryKey(java.lang.Long)>", index: "0" }
  - { method: "<com.jsh.erp.datasource.mappers.MaterialAttributeMapper: java.util.List selectByExample(com.jsh.erp.datasource.entities.MaterialAttributeExample)>", index: "0" }
  - { method: "<com.jsh.erp.datasource.mappers.MaterialAttributeMapper: com.jsh.erp.datasource.entities.MaterialAttribute selectByPrimaryKey(java.lang.Long)>", index: "0" }
  - { method: "<com.jsh.erp.datasource.mappers.LogMapperEx: int insertLogWithUserId(com.jsh.erp.datasource.entities.Log)>", index: "0" }
  - { method: "<com.jsh.erp.datasource.mappers.AccountItemMapper: int insert(com.jsh.erp.datasource.entities.AccountItem)>", index: "0" }
  - { method: "<com.jsh.erp.datasource.mappers.AccountItemMapper: int insertSelective(com.jsh.erp.datasource.entities.AccountItem)>", index: "0" }
  - { method: "<com.jsh.erp.datasource.mappers.AccountItemMapper: int updateByPrimaryKeySelective(com.jsh.erp.datasource.entities.AccountItem)>", index: "0" }
  - { method: "<com.jsh.erp.datasource.mappers.AccountItemMapper: int updateByPrimaryKey(com.jsh.erp.datasource.entities.AccountItem)>", index: "0" }
  - { method: "<com.jsh.erp.datasource.mappers.AccountItemMapper: int deleteByPrimaryKey(java.lang.Long)>", index: "0" }
  - { method: "<com.jsh.erp.datasource.mappers.AccountItemMapper: java.util.List selectByExample(com.jsh.erp.datasource.entities.AccountItemExample)>", index: "0" }
  - { method: "<com.jsh.erp.datasource.mappers.AccountItemMapper: com.jsh.erp.datasource.entities.AccountItem selectByPrimaryKey(java.lang.Long)>", index: "0" }
  - { method: "<com.jsh.erp.datasource.mappers.MaterialCurrentStockMapper: int insert(com.jsh.erp.datasource.entities.MaterialCurrentStock)>", index: "0" }
  - { method: "<com.jsh.erp.datasource.mappers.MaterialCurrentStockMapper: int insertSelective(com.jsh.erp.datasource.entities.MaterialCurrentStock)>", index: "0" }
  - { method: "<com.jsh.erp.datasource.mappers.MaterialCurrentStockMapper: int updateByPrimaryKeySelective(com.jsh.erp.datasource.entities.MaterialCurrentStock)>", index: "0" }
  - { method: "<com.jsh.erp.datasource.mappers.MaterialCurrentStockMapper: int updateByPrimaryKey(com.jsh.erp.datasource.entities.MaterialCurrentStock)>", index: "0" }
  - { method: "<com.jsh.erp.datasource.mappers.MaterialCurrentStockMapper: int deleteByPrimaryKey(java.lang.Long)>", index: "0" }
  - { method: "<com.jsh.erp.datasource.mappers.MaterialCurrentStockMapper: java.util.List selectByExample(com.jsh.erp.datasource.entities.MaterialCurrentStockExample)>", index: "0" }
  - { method: "<com.jsh.erp.datasource.mappers.MaterialCurrentStockMapper: com.jsh.erp.datasource.entities.MaterialCurrentStock selectByPrimaryKey(java.lang.Long)>", index: "0" }
  - { method: "<com.jsh.erp.datasource.mappers.MsgMapper: int insert(com.jsh.erp.datasource.entities.Msg)>", index: "0" }
  - { method: "<com.jsh.erp.datasource.mappers.MsgMapper: int insertSelective(com.jsh.erp.datasource.entities.Msg)>", index: "0" }
  - { method: "<com.jsh.erp.datasource.mappers.MsgMapper: int updateByPrimaryKeySelective(com.jsh.erp.datasource.entities.Msg)>", index: "0" }
  - { method: "<com.jsh.erp.datasource.mappers.MsgMapper: int updateByPrimaryKey(com.jsh.erp.datasource.entities.Msg)>", index: "0" }
  - { method: "<com.jsh.erp.datasource.mappers.MsgMapper: int deleteByPrimaryKey(java.lang.Long)>", index: "0" }
  - { method: "<com.jsh.erp.datasource.mappers.MsgMapper: java.util.List selectByExample(com.jsh.erp.datasource.entities.MsgExample)>", index: "0" }
  - { method: "<com.jsh.erp.datasource.mappers.MsgMapper: com.jsh.erp.datasource.entities.Msg selectByPrimaryKey(java.lang.Long)>", index: "0" }
  - { method: "<com.jsh.erp.datasource.mappers.AccountItemMapperEx: java.util.List getDetailList(java.lang.Long)>", index: "0" }
  - { method: "<com.jsh.erp.datasource.mappers.AccountItemMapperEx: java.util.List getAccountItemListByAccountIds(java.lang.String[])>", index: "0" }
  - { method: "<com.jsh.erp.datasource.mappers.AccountItemMapperEx: java.util.List getAccountItemListByHeaderIds(java.lang.String[])>", index: "0" }
  - { method: "<com.jsh.erp.datasource.mappers.AccountItemMapperEx: java.util.List getAccountItemListByInOutItemIds(java.lang.String[])>", index: "0" }
  - { method: "<com.jsh.erp.datasource.mappers.AccountItemMapperEx: java.math.BigDecimal getEachAmountByBillId(java.lang.Long)>", index: "0" }
  - { method: "<com.jsh.erp.datasource.mappers.AccountItemMapperEx: java.math.BigDecimal getFinishDebtByOrganId(java.lang.Long)>", index: "0" }
  - { method: "<com.jsh.erp.datasource.mappers.FunctionMapper: int insert(com.jsh.erp.datasource.entities.Function)>", index: "0" }
  - { method: "<com.jsh.erp.datasource.mappers.FunctionMapper: int insertSelective(com.jsh.erp.datasource.entities.Function)>", index: "0" }
  - { method: "<com.jsh.erp.datasource.mappers.FunctionMapper: int updateByPrimaryKeySelective(com.jsh.erp.datasource.entities.Function)>", index: "0" }
  - { method: "<com.jsh.erp.datasource.mappers.FunctionMapper: int updateByPrimaryKey(com.jsh.erp.datasource.entities.Function)>", index: "0" }
  - { method: "<com.jsh.erp.datasource.mappers.FunctionMapper: int deleteByPrimaryKey(java.lang.Long)>", index: "0" }
  - { method: "<com.jsh.erp.datasource.mappers.FunctionMapper: java.util.List selectByExample(com.jsh.erp.datasource.entities.FunctionExample)>", index: "0" }
  - { method: "<com.jsh.erp.datasource.mappers.FunctionMapper: com.jsh.erp.datasource.entities.Function selectByPrimaryKey(java.lang.Long)>", index: "0" }
  - { method: "<com.jsh.erp.datasource.mappers.MsgMapperEx: int batchDeleteMsgByIds(java.lang.String[])>", index: "0" }
  - { method: "<com.jsh.erp.datasource.mappers.DepotMapper: int insert(com.jsh.erp.datasource.entities.Depot)>", index: "0" }
  - { method: "<com.jsh.erp.datasource.mappers.DepotMapper: int insertSelective(com.jsh.erp.datasource.entities.Depot)>", index: "0" }
  - { method: "<com.jsh.erp.datasource.mappers.DepotMapper: int updateByPrimaryKeySelective(com.jsh.erp.datasource.entities.Depot)>", index: "0" }
  - { method: "<com.jsh.erp.datasource.mappers.DepotMapper: int updateByPrimaryKey(com.jsh.erp.datasource.entities.Depot)>", index: "0" }
  - { method: "<com.jsh.erp.datasource.mappers.DepotMapper: int deleteByPrimaryKey(java.lang.Long)>", index: "0" }
  - { method: "<com.jsh.erp.datasource.mappers.DepotMapper: java.util.List selectByExample(com.jsh.erp.datasource.entities.DepotExample)>", index: "0" }
  - { method: "<com.jsh.erp.datasource.mappers.DepotMapper: com.jsh.erp.datasource.entities.Depot selectByPrimaryKey(java.lang.Long)>", index: "0" }
  - { method: "<com.jsh.erp.datasource.mappers.PersonMapper: int insert(com.jsh.erp.datasource.entities.Person)>", index: "0" }
  - { method: "<com.jsh.erp.datasource.mappers.PersonMapper: int insertSelective(com.jsh.erp.datasource.entities.Person)>", index: "0" }
  - { method: "<com.jsh.erp.datasource.mappers.PersonMapper: int updateByPrimaryKeySelective(com.jsh.erp.datasource.entities.Person)>", index: "0" }
  - { method: "<com.jsh.erp.datasource.mappers.PersonMapper: int updateByPrimaryKey(com.jsh.erp.datasource.entities.Person)>", index: "0" }
  - { method: "<com.jsh.erp.datasource.mappers.PersonMapper: int deleteByPrimaryKey(java.lang.Long)>", index: "0" }
  - { method: "<com.jsh.erp.datasource.mappers.PersonMapper: java.util.List selectByExample(com.jsh.erp.datasource.entities.PersonExample)>", index: "0" }
  - { method: "<com.jsh.erp.datasource.mappers.PersonMapper: com.jsh.erp.datasource.entities.Person selectByPrimaryKey(java.lang.Long)>", index: "0" }
  - { method: "<com.jsh.erp.datasource.mappers.UnitMapperEx: void updateRatioTwoById(java.lang.Long)>", index: "0" }
  - { method: "<com.jsh.erp.datasource.mappers.UnitMapperEx: void updateRatioThreeById(java.lang.Long)>", index: "0" }
  - { method: "<com.jsh.erp.datasource.mappers.UnitMapperEx: java.util.List selectByConditionUnit(java.lang.String)>", index: "0" }
  - { method: "<com.jsh.erp.datasource.mappers.MaterialCategoryMapper: int insert(com.jsh.erp.datasource.entities.MaterialCategory)>", index: "0" }
  - { method: "<com.jsh.erp.datasource.mappers.MaterialCategoryMapper: int insertSelective(com.jsh.erp.datasource.entities.MaterialCategory)>", index: "0" }
  - { method: "<com.jsh.erp.datasource.mappers.MaterialCategoryMapper: int updateByPrimaryKeySelective(com.jsh.erp.datasource.entities.MaterialCategory)>", index: "0" }
  - { method: "<com.jsh.erp.datasource.mappers.MaterialCategoryMapper: int updateByPrimaryKey(com.jsh.erp.datasource.entities.MaterialCategory)>", index: "0" }
  - { method: "<com.jsh.erp.datasource.mappers.MaterialCategoryMapper: int deleteByPrimaryKey(java.lang.Long)>", index: "0" }
  - { method: "<com.jsh.erp.datasource.mappers.MaterialCategoryMapper: java.util.List selectByExample(com.jsh.erp.datasource.entities.MaterialCategoryExample)>", index: "0" }
  - { method: "<com.jsh.erp.datasource.mappers.MaterialCategoryMapper: com.jsh.erp.datasource.entities.MaterialCategory selectByPrimaryKey(java.lang.Long)>", index: "0" }
  - { method: "<com.jsh.erp.datasource.mappers.OrganizationMapperEx: int addOrganization(com.jsh.erp.datasource.entities.Organization)>", index: "0" }
  - { method: "<com.jsh.erp.datasource.mappers.OrganizationMapperEx: int editOrganization(com.jsh.erp.datasource.entities.Organization)>", index: "0" }
  - { method: "<com.jsh.erp.datasource.mappers.OrganizationMapperEx: java.util.List getNextNodeTree(java.util.Map)>", index: "0" }
  - { method: "<com.jsh.erp.datasource.mappers.OrganizationMapperEx: java.util.List getNodeTree(java.lang.Long)>", index: "0" }
  - { method: "<com.jsh.erp.datasource.mappers.OrganizationMapperEx: java.util.List getOrganizationByParentIds(java.lang.String[])>", index: "0" }
  - { method: "<com.jsh.erp.datasource.mappers.OrganizationMapperEx: java.util.List getOrganizationRootByIds(java.lang.String[])>", index: "0" }
  - { method: "<com.jsh.erp.datasource.mappers.SerialNumberMapperEx: int addSerialNumber(com.jsh.erp.datasource.entities.SerialNumberEx)>", index: "0" }
  - { method: "<com.jsh.erp.datasource.mappers.SerialNumberMapperEx: int batAddSerialNumber(java.util.List)>", index: "0" }
  - { method: "<com.jsh.erp.datasource.mappers.SerialNumberMapperEx: int updateSerialNumber(com.jsh.erp.datasource.entities.SerialNumberEx)>", index: "0" }
  - { method: "<com.jsh.erp.datasource.mappers.SerialNumberMapperEx: int findSerialNumberByMaterialId(java.lang.Long)>", index: "0" }
  - { method: "<com.jsh.erp.datasource.mappers.OrgaUserRelMapper: int insert(com.jsh.erp.datasource.entities.OrgaUserRel)>", index: "0" }
  - { method: "<com.jsh.erp.datasource.mappers.OrgaUserRelMapper: int insertSelective(com.jsh.erp.datasource.entities.OrgaUserRel)>", index: "0" }
  - { method: "<com.jsh.erp.datasource.mappers.OrgaUserRelMapper: int updateByPrimaryKeySelective(com.jsh.erp.datasource.entities.OrgaUserRel)>", index: "0" }
  - { method: "<com.jsh.erp.datasource.mappers.OrgaUserRelMapper: int updateByPrimaryKey(com.jsh.erp.datasource.entities.OrgaUserRel)>", index: "0" }
  - { method: "<com.jsh.erp.datasource.mappers.OrgaUserRelMapper: int deleteByPrimaryKey(java.lang.Long)>", index: "0" }
  - { method: "<com.jsh.erp.datasource.mappers.OrgaUserRelMapper: java.util.List selectByExample(com.jsh.erp.datasource.entities.OrgaUserRelExample)>", index: "0" }
  - { method: "<com.jsh.erp.datasource.mappers.OrgaUserRelMapper: com.jsh.erp.datasource.entities.OrgaUserRel selectByPrimaryKey(java.lang.Long)>", index: "0" }
  - { method: "<com.jsh.erp.datasource.mappers.UnitMapper: int insert(com.jsh.erp.datasource.entities.Unit)>", index: "0" }
  - { method: "<com.jsh.erp.datasource.mappers.UnitMapper: int insertSelective(com.jsh.erp.datasource.entities.Unit)>", index: "0" }
  - { method: "<com.jsh.erp.datasource.mappers.UnitMapper: int updateByPrimaryKeySelective(com.jsh.erp.datasource.entities.Unit)>", index: "0" }
  - { method: "<com.jsh.erp.datasource.mappers.UnitMapper: int updateByPrimaryKey(com.jsh.erp.datasource.entities.Unit)>", index: "0" }
  - { method: "<com.jsh.erp.datasource.mappers.UnitMapper: int deleteByPrimaryKey(java.lang.Long)>", index: "0" }
  - { method: "<com.jsh.erp.datasource.mappers.UnitMapper: java.util.List selectByExample(com.jsh.erp.datasource.entities.UnitExample)>", index: "0" }
  - { method: "<com.jsh.erp.datasource.mappers.UnitMapper: com.jsh.erp.datasource.entities.Unit selectByPrimaryKey(java.lang.Long)>", index: "0" }
  - { method: "<com.jsh.erp.datasource.mappers.TenantMapper: int insert(com.jsh.erp.datasource.entities.Tenant)>", index: "0" }
  - { method: "<com.jsh.erp.datasource.mappers.TenantMapper: int insertSelective(com.jsh.erp.datasource.entities.Tenant)>", index: "0" }
  - { method: "<com.jsh.erp.datasource.mappers.TenantMapper: int updateByPrimaryKeySelective(com.jsh.erp.datasource.entities.Tenant)>", index: "0" }
  - { method: "<com.jsh.erp.datasource.mappers.TenantMapper: int updateByPrimaryKey(com.jsh.erp.datasource.entities.Tenant)>", index: "0" }
  - { method: "<com.jsh.erp.datasource.mappers.TenantMapper: int deleteByPrimaryKey(java.lang.Long)>", index: "0" }
  - { method: "<com.jsh.erp.datasource.mappers.TenantMapper: java.util.List selectByExample(com.jsh.erp.datasource.entities.TenantExample)>", index: "0" }
  - { method: "<com.jsh.erp.datasource.mappers.TenantMapper: com.jsh.erp.datasource.entities.Tenant selectByPrimaryKey(java.lang.Long)>", index: "0" }
  - { method: "<com.jsh.erp.datasource.mappers.MaterialAttributeMapperEx: int batchDeleteMaterialAttributeByIds(java.lang.String[])>", index: "0" }
  - { method: "<com.jsh.erp.datasource.mappers.InOutItemMapper: int insert(com.jsh.erp.datasource.entities.InOutItem)>", index: "0" }
  - { method: "<com.jsh.erp.datasource.mappers.InOutItemMapper: int insertSelective(com.jsh.erp.datasource.entities.InOutItem)>", index: "0" }
  - { method: "<com.jsh.erp.datasource.mappers.InOutItemMapper: int updateByPrimaryKeySelective(com.jsh.erp.datasource.entities.InOutItem)>", index: "0" }
  - { method: "<com.jsh.erp.datasource.mappers.InOutItemMapper: int updateByPrimaryKey(com.jsh.erp.datasource.entities.InOutItem)>", index: "0" }
  - { method: "<com.jsh.erp.datasource.mappers.InOutItemMapper: int deleteByPrimaryKey(java.lang.Long)>", index: "0" }
  - { method: "<com.jsh.erp.datasource.mappers.InOutItemMapper: java.util.List selectByExample(com.jsh.erp.datasource.entities.InOutItemExample)>", index: "0" }
  - { method: "<com.jsh.erp.datasource.mappers.InOutItemMapper: com.jsh.erp.datasource.entities.InOutItem selectByPrimaryKey(java.lang.Long)>", index: "0" }
  - { method: "<com.jsh.erp.datasource.mappers.MaterialCurrentStockMapperEx: int batchInsert(java.util.List)>", index: "0" }
  - { method: "<com.jsh.erp.datasource.mappers.MaterialCurrentStockMapperEx: void batchDeleteByDepots(java.lang.String[])>", index: "0" }
  - { method: "<com.jsh.erp.datasource.mappers.MaterialCurrentStockMapperEx: java.util.List getCurrentStockMapByIdList(java.util.List)>", index: "0" }
  - { method: "<com.jsh.erp.datasource.mappers.MaterialCurrentStockMapperEx: java.math.BigDecimal getCurrentUnitPriceByMId(java.lang.Long)>", index: "0" }
  - { method: "<com.jsh.erp.datasource.mappers.DepotHeadMapper: int insert(com.jsh.erp.datasource.entities.DepotHead)>", index: "0" }
  - { method: "<com.jsh.erp.datasource.mappers.DepotHeadMapper: int insertSelective(com.jsh.erp.datasource.entities.DepotHead)>", index: "0" }
  - { method: "<com.jsh.erp.datasource.mappers.DepotHeadMapper: int updateByPrimaryKeySelective(com.jsh.erp.datasource.entities.DepotHead)>", index: "0" }
  - { method: "<com.jsh.erp.datasource.mappers.DepotHeadMapper: int updateByPrimaryKey(com.jsh.erp.datasource.entities.DepotHead)>", index: "0" }
  - { method: "<com.jsh.erp.datasource.mappers.DepotHeadMapper: int deleteByPrimaryKey(java.lang.Long)>", index: "0" }
  - { method: "<com.jsh.erp.datasource.mappers.DepotHeadMapper: java.util.List selectByExample(com.jsh.erp.datasource.entities.DepotHeadExample)>", index: "0" }
  - { method: "<com.jsh.erp.datasource.mappers.DepotHeadMapper: com.jsh.erp.datasource.entities.DepotHead selectByPrimaryKey(java.lang.Long)>", index: "0" }
  - { method: "<com.jsh.erp.datasource.mappers.RoleMapper: int insert(com.jsh.erp.datasource.entities.Role)>", index: "0" }
  - { method: "<com.jsh.erp.datasource.mappers.RoleMapper: int insertSelective(com.jsh.erp.datasource.entities.Role)>", index: "0" }
  - { method: "<com.jsh.erp.datasource.mappers.RoleMapper: int updateByPrimaryKeySelective(com.jsh.erp.datasource.entities.Role)>", index: "0" }
  - { method: "<com.jsh.erp.datasource.mappers.RoleMapper: int updateByPrimaryKey(com.jsh.erp.datasource.entities.Role)>", index: "0" }
  - { method: "<com.jsh.erp.datasource.mappers.RoleMapper: int deleteByPrimaryKey(java.lang.Long)>", index: "0" }
  - { method: "<com.jsh.erp.datasource.mappers.RoleMapper: java.util.List selectByExample(com.jsh.erp.datasource.entities.RoleExample)>", index: "0" }
  - { method: "<com.jsh.erp.datasource.mappers.RoleMapper: com.jsh.erp.datasource.entities.Role selectByPrimaryKey(java.lang.Long)>", index: "0" }
  - { method: "<com.jsh.erp.datasource.mappers.DepotHeadMapperEx: void setAccountIdToNull(java.lang.Long)>", index: "0" }
  - { method: "<com.jsh.erp.datasource.mappers.DepotHeadMapperEx: java.util.List findMaterialsListMapByHeaderIdList(java.util.List)>", index: "0" }
  - { method: "<com.jsh.erp.datasource.mappers.DepotHeadMapperEx: java.util.List getMaterialCountListByHeaderIdList(java.util.List)>", index: "0" }
  - { method: "<com.jsh.erp.datasource.mappers.DepotHeadMapperEx: java.util.List getDetailByNumber(java.lang.String)>", index: "0" }
  - { method: "<com.jsh.erp.datasource.mappers.DepotHeadMapperEx: java.util.List getDepotHeadListByAccountIds(java.lang.String[])>", index: "0" }
  - { method: "<com.jsh.erp.datasource.mappers.DepotHeadMapperEx: java.util.List getDepotHeadListByOrganIds(java.lang.String[])>", index: "0" }
  - { method: "<com.jsh.erp.datasource.mappers.DepotHeadMapperEx: java.util.List getDepotHeadListByCreator(java.lang.String[])>", index: "0" }
  - { method: "<com.jsh.erp.datasource.mappers.DepotHeadMapperEx: java.util.List getFinishDepositByNumberList(java.util.List)>", index: "0" }
  - { method: "<com.jsh.erp.datasource.mappers.DepotHeadMapperEx: int getSerialNumberBySell(java.lang.String)>", index: "0" }
  - { method: "<com.jsh.erp.datasource.mappers.DepotHeadMapperEx: java.math.BigDecimal getBillAllPriceByOrganId(java.lang.Long)>", index: "0" }
  - { method: "<java.sql.Statement: java.sql.ResultSet executeQuery(java.lang.String)>", index: "0" }
  - { method: "<java.sql.Statement: int executeUpdate(java.lang.String)>", index: "0" }
  - { method: "<java.sql.Statement: boolean execute(java.lang.String)>", index: "0" }
  - { method: "<java.sql.Statement: void addBatch(java.lang.String)>", index: "0" }
  - { method: "<java.sql.Connection: java.sql.PreparedStatement prepareStatement(java.lang.String)>", index: "0" }
  - { method: "<java.sql.Connection: java.sql.CallableStatement prepareCall(java.lang.String)>", index: "0" }
  - { method: "<org.springframework.jdbc.core.JdbcTemplate: java.util.List query(java.lang.String,org.springframework.jdbc.core.RowMapper)>", index: "0" }
  - { method: "<org.springframework.jdbc.core.JdbcTemplate: java.lang.Object queryForObject(java.lang.String,java.lang.Class)>", index: "0" }
  - { method: "<org.springframework.jdbc.core.JdbcTemplate: java.util.List queryForList(java.lang.String,java.lang.Class)>", index: "0" }
  - { method: "<org.springframework.jdbc.core.JdbcTemplate: int update(java.lang.String)>", index: "0" }
  - { method: "<org.springframework.jdbc.core.JdbcTemplate: int[] batchUpdate(java.lang.String[])>", index: "0" }
  - { method: "<java.lang.Runtime: java.lang.Process exec(java.lang.String)>", index: "0" }
  - { method: "<java.lang.Runtime: java.lang.Process exec(java.lang.String[])>", index: "0" }
  - { method: "<java.lang.Runtime: java.lang.Process exec(java.lang.String,java.lang.String[])>", index: "0" }
  - { method: "<java.lang.Runtime: java.lang.Process exec(java.lang.String,java.lang.String[],java.io.File)>", index: "0" }
  - { method: "<java.lang.ProcessBuilder: void <init>(java.lang.String[])>", index: "0" }
  - { method: "<java.lang.ProcessBuilder: void <init>(java.util.List)>", index: "0" }
  - { method: "<java.lang.ProcessBuilder: java.lang.ProcessBuilder command(java.lang.String[])>", index: "0" }
  - { method: "<java.lang.ProcessBuilder: java.lang.ProcessBuilder command(java.util.List)>", index: "0" }
  - { method: "<java.io.File: void <init>(java.lang.String)>", index: "0" }
  - { method: "<java.io.File: void <init>(java.lang.String,java.lang.String)>", index: "0" }
  - { method: "<java.io.File: void <init>(java.lang.String,java.lang.String)>", index: "1" }
  - { method: "<java.io.FileInputStream: void <init>(java.lang.String)>", index: "0" }
  - { method: "<java.io.FileOutputStream: void <init>(java.lang.String)>", index: "0" }
  - { method: "<java.io.FileReader: void <init>(java.lang.String)>", index: "0" }
  - { method: "<java.io.FileWriter: void <init>(java.lang.String)>", index: "0" }
  - { method: "<java.nio.file.Paths: java.nio.file.Path get(java.lang.String,java.lang.String[])>", index: "0" }
  - { method: "<java.nio.file.Path: java.nio.file.Path resolve(java.lang.String)>", index: "0" }
  - { method: "<java.nio.file.Files: java.util.List readAllLines(java.nio.file.Path)>", index: "0" }
  - { method: "<java.nio.file.Files: byte[] readAllBytes(java.nio.file.Path)>", index: "0" }
  - { method: "<java.nio.file.Files: java.nio.file.Path write(java.nio.file.Path,byte[],java.nio.file.OpenOption[])>", index: "0" }
  - { method: "<java.io.PrintWriter: void print(java.lang.String)>", index: "0" }
  - { method: "<java.io.PrintWriter: void println(java.lang.String)>", index: "0" }
  - { method: "<java.io.PrintWriter: void write(java.lang.String)>", index: "0" }
  - { method: "<javax.servlet.ServletOutputStream: void print(java.lang.String)>", index: "0" }
  - { method: "<java.net.URL: void <init>(java.lang.String)>", index: "0" }
  - { method: "<java.net.URI: void <init>(java.lang.String)>", index: "0" }
  - { method: "<java.net.URI: java.net.URI create(java.lang.String)>", index: "0" }
  - { method: "<javax.servlet.http.HttpServletResponse: void sendRedirect(java.lang.String)>", index: "0" }
  - { method: "<javax.servlet.RequestDispatcher: void forward(javax.servlet.ServletRequest,javax.servlet.ServletResponse)>", index: "0" }
  - { method: "<javax.naming.directory.DirContext: javax.naming.NamingEnumeration search(java.lang.String,java.lang.String,javax.naming.directory.SearchControls)>", index: "0" }
  - { method: "<javax.naming.directory.DirContext: javax.naming.NamingEnumeration search(java.lang.String,java.lang.String,javax.naming.directory.SearchControls)>", index: "1" }
  - { method: "<javax.naming.directory.InitialDirContext: javax.naming.NamingEnumeration search(java.lang.String,java.lang.String,javax.naming.directory.SearchControls)>", index: "0" }
  - { method: "<javax.naming.directory.InitialDirContext: javax.naming.NamingEnumeration search(java.lang.String,java.lang.String,javax.naming.directory.SearchControls)>", index: "1" }
  - { method: "<javax.xml.xpath.XPath: java.lang.String evaluate(java.lang.String,java.lang.Object)>", index: "0" }
  - { method: "<javax.xml.xpath.XPath: javax.xml.xpath.XPathExpression compile(java.lang.String)>", index: "0" }
  - { method: "<javax.xml.parsers.DocumentBuilder: org.w3c.dom.Document parse(java.io.InputStream)>", index: "0" }
  - { method: "<javax.xml.parsers.DocumentBuilder: org.w3c.dom.Document parse(java.lang.String)>", index: "0" }
  - { method: "<javax.xml.parsers.SAXParser: void parse(java.io.InputStream,org.xml.sax.helpers.DefaultHandler)>", index: "0" }
  - { method: "<org.xml.sax.XMLReader: void parse(org.xml.sax.InputSource)>", index: "0" }
  - { method: "<java.io.ObjectInputStream: void <init>(java.io.InputStream)>", index: "0" }
  - { method: "<java.lang.Class: java.lang.Class forName(java.lang.String)>", index: "0" }
  - { method: "<java.lang.ClassLoader: java.lang.Class loadClass(java.lang.String)>", index: "0" }
  - { method: "<java.lang.reflect.Method: java.lang.Object invoke(java.lang.Object,java.lang.Object[])>", index: "1" }
  - { method: "<javax.servlet.ServletContext: javax.servlet.RequestDispatcher getRequestDispatcher(java.lang.String)>", index: "0" }
  - { method: "<javax.servlet.http.Cookie: void <init>(java.lang.String,java.lang.String)>", index: "1" }
  - { method: "<javax.servlet.http.Cookie: void setValue(java.lang.String)>", index: "0" }
  - { method: "<javax.servlet.http.HttpServletResponse: void addHeader(java.lang.String,java.lang.String)>", index: "1" }
  - { method: "<javax.servlet.http.HttpServletResponse: void setHeader(java.lang.String,java.lang.String)>", index: "1" }

transfers:
  - { method: "<java.lang.String: java.lang.String concat(java.lang.String)>", from: "base", to: "result", type: "java.lang.String" }
  - { method: "<java.lang.String: java.lang.String concat(java.lang.String)>", from: "0", to: "result", type: "java.lang.String" }
  - { method: "<java.lang.String: java.lang.String substring(int)>", from: "base", to: "result", type: "java.lang.String" }
  - { method: "<java.lang.String: java.lang.String substring(int,int)>", from: "base", to: "result", type: "java.lang.String" }
  - { method: "<java.lang.String: java.lang.String replace(char,char)>", from: "base", to: "result", type: "java.lang.String" }
  - { method: "<java.lang.String: java.lang.String replace(java.lang.CharSequence,java.lang.CharSequence)>", from: "base", to: "result", type: "java.lang.String" }
  - { method: "<java.lang.String: java.lang.String replaceAll(java.lang.String,java.lang.String)>", from: "base", to: "result", type: "java.lang.String" }
  - { method: "<java.lang.String: java.lang.String replaceFirst(java.lang.String,java.lang.String)>", from: "base", to: "result", type: "java.lang.String" }
  - { method: "<java.lang.String: java.lang.String trim()>", from: "base", to: "result", type: "java.lang.String" }
  - { method: "<java.lang.String: java.lang.String strip()>", from: "base", to: "result", type: "java.lang.String" }
  - { method: "<java.lang.String: java.lang.String stripLeading()>", from: "base", to: "result", type: "java.lang.String" }
  - { method: "<java.lang.String: java.lang.String stripTrailing()>", from: "base", to: "result", type: "java.lang.String" }
  - { method: "<java.lang.String: java.lang.String toLowerCase()>", from: "base", to: "result", type: "java.lang.String" }
  - { method: "<java.lang.String: java.lang.String toLowerCase(java.util.Locale)>", from: "base", to: "result", type: "java.lang.String" }
  - { method: "<java.lang.String: java.lang.String toUpperCase()>", from: "base", to: "result", type: "java.lang.String" }
  - { method: "<java.lang.String: java.lang.String toUpperCase(java.util.Locale)>", from: "base", to: "result", type: "java.lang.String" }
  - { method: "<java.lang.String: java.lang.String intern()>", from: "base", to: "result", type: "java.lang.String" }
  - { method: "<java.lang.String: java.lang.String valueOf(java.lang.Object)>", from: "0", to: "result", type: "java.lang.String" }
  - { method: "<java.lang.String: java.lang.String valueOf(char[])>", from: "0", to: "result", type: "java.lang.String" }
  - { method: "<java.lang.String: java.lang.String format(java.lang.String,java.lang.Object[])>", from: "0", to: "result", type: "java.lang.String" }
  - { method: "<java.lang.String: java.lang.String format(java.util.Locale,java.lang.String,java.lang.Object[])>", from: "1", to: "result", type: "java.lang.String" }
  - { method: "<java.lang.String: java.lang.String join(java.lang.CharSequence,java.lang.CharSequence[])>", from: "1", to: "result", type: "java.lang.String" }
  - { method: "<java.lang.String: java.lang.String join(java.lang.CharSequence,java.lang.Iterable)>", from: "1", to: "result", type: "java.lang.String" }
  - { method: "<java.lang.String: char[] toCharArray()>", from: "base", to: "result", type: "char[]" }
  - { method: "<java.lang.StringBuilder: java.lang.StringBuilder append(java.lang.String)>", from: "0", to: "base", type: "java.lang.StringBuilder" }
  - { method: "<java.lang.StringBuilder: java.lang.StringBuilder append(java.lang.Object)>", from: "0", to: "base", type: "java.lang.StringBuilder" }
  - { method: "<java.lang.StringBuilder: java.lang.StringBuilder append(java.lang.CharSequence)>", from: "0", to: "base", type: "java.lang.StringBuilder" }
  - { method: "<java.lang.StringBuilder: java.lang.StringBuilder append(char[])>", from: "0", to: "base", type: "java.lang.StringBuilder" }
  - { method: "<java.lang.StringBuilder: java.lang.StringBuilder append(boolean)>", from: "0", to: "base", type: "java.lang.StringBuilder" }
  - { method: "<java.lang.StringBuilder: java.lang.StringBuilder append(int)>", from: "0", to: "base", type: "java.lang.StringBuilder" }
  - { method: "<java.lang.StringBuilder: java.lang.StringBuilder append(long)>", from: "0", to: "base", type: "java.lang.StringBuilder" }
  - { method: "<java.lang.StringBuilder: java.lang.StringBuilder append(java.lang.String)>", from: "base", to: "result", type: "java.lang.StringBuilder" }
  - { method: "<java.lang.StringBuilder: java.lang.StringBuilder append(java.lang.Object)>", from: "base", to: "result", type: "java.lang.StringBuilder" }
  - { method: "<java.lang.StringBuilder: java.lang.StringBuilder append(java.lang.CharSequence)>", from: "base", to: "result", type: "java.lang.StringBuilder" }
  - { method: "<java.lang.StringBuilder: java.lang.String toString()>", from: "base", to: "result", type: "java.lang.String" }
  - { method: "<java.lang.StringBuilder: java.lang.StringBuilder insert(int,java.lang.String)>", from: "1", to: "base", type: "java.lang.StringBuilder" }
  - { method: "<java.lang.StringBuilder: java.lang.StringBuilder insert(int,java.lang.Object)>", from: "1", to: "base", type: "java.lang.StringBuilder" }
  - { method: "<java.lang.StringBuilder: java.lang.StringBuilder insert(int,java.lang.CharSequence)>", from: "1", to: "base", type: "java.lang.StringBuilder" }
  - { method: "<java.lang.StringBuffer: java.lang.StringBuffer append(java.lang.String)>", from: "0", to: "base", type: "java.lang.StringBuffer" }
  - { method: "<java.lang.StringBuffer: java.lang.StringBuffer append(java.lang.Object)>", from: "0", to: "base", type: "java.lang.StringBuffer" }
  - { method: "<java.lang.StringBuffer: java.lang.StringBuffer append(java.lang.String)>", from: "base", to: "result", type: "java.lang.StringBuffer" }
  - { method: "<java.lang.StringBuffer: java.lang.StringBuffer append(java.lang.Object)>", from: "base", to: "result", type: "java.lang.StringBuffer" }
  - { method: "<java.lang.StringBuffer: java.lang.String toString()>", from: "base", to: "result", type: "java.lang.String" }
  - { method: "<java.util.Map: java.lang.Object get(java.lang.Object)>", from: "base", to: "result", type: "java.lang.Object" }
  - { method: "<java.util.HashMap: java.lang.Object get(java.lang.Object)>", from: "base", to: "result", type: "java.lang.Object" }
  - { method: "<java.util.LinkedHashMap: java.lang.Object get(java.lang.Object)>", from: "base", to: "result", type: "java.lang.Object" }
  - { method: "<java.util.TreeMap: java.lang.Object get(java.lang.Object)>", from: "base", to: "result", type: "java.lang.Object" }
  - { method: "<java.util.concurrent.ConcurrentHashMap: java.lang.Object get(java.lang.Object)>", from: "base", to: "result", type: "java.lang.Object" }
  - { method: "<java.util.Map: java.lang.Object put(java.lang.Object,java.lang.Object)>", from: "1", to: "base", type: "java.util.Map" }
  - { method: "<java.util.HashMap: java.lang.Object put(java.lang.Object,java.lang.Object)>", from: "1", to: "base", type: "java.util.HashMap" }
  - { method: "<java.util.Map: void putAll(java.util.Map)>", from: "0", to: "base", type: "java.util.Map" }
  - { method: "<java.util.Map: java.util.Collection values()>", from: "base", to: "result", type: "java.util.Collection" }
  - { method: "<java.util.Map: java.util.Set entrySet()>", from: "base", to: "result", type: "java.util.Set" }
  - { method: "<java.util.Map$Entry: java.lang.Object getValue()>", from: "base", to: "result", type: "java.lang.Object" }
  - { method: "<java.util.Map$Entry: java.lang.Object getKey()>", from: "base", to: "result", type: "java.lang.Object" }
  - { method: "<java.util.List: java.lang.Object get(int)>", from: "base", to: "result", type: "java.lang.Object" }
  - { method: "<java.util.ArrayList: java.lang.Object get(int)>", from: "base", to: "result", type: "java.lang.Object" }
  - { method: "<java.util.LinkedList: java.lang.Object get(int)>", from: "base", to: "result", type: "java.lang.Object" }
  - { method: "<java.util.List: boolean add(java.lang.Object)>", from: "0", to: "base", type: "java.util.List" }
  - { method: "<java.util.ArrayList: boolean add(java.lang.Object)>", from: "0", to: "base", type: "java.util.ArrayList" }
  - { method: "<java.util.LinkedList: boolean add(java.lang.Object)>", from: "0", to: "base", type: "java.util.LinkedList" }
  - { method: "<java.util.Collection: boolean add(java.lang.Object)>", from: "0", to: "base", type: "java.util.Collection" }
  - { method: "<java.util.Iterator: java.lang.Object next()>", from: "base", to: "result", type: "java.lang.Object" }
  - { method: "<java.util.ListIterator: java.lang.Object next()>", from: "base", to: "result", type: "java.lang.Object" }
  - { method: "<java.util.Optional: java.lang.Object get()>", from: "base", to: "result", type: "java.lang.Object" }
  - { method: "<java.util.Optional: java.lang.Object orElse(java.lang.Object)>", from: "base", to: "result", type: "java.lang.Object" }
  - { method: "<java.util.Optional: java.lang.Object orElseGet(java.util.function.Supplier)>", from: "base", to: "result", type: "java.lang.Object" }
  - { method: "<java.util.Optional: java.util.Optional of(java.lang.Object)>", from: "0", to: "result", type: "java.util.Optional" }
  - { method: "<java.util.Optional: java.util.Optional ofNullable(java.lang.Object)>", from: "0", to: "result", type: "java.util.Optional" }
  - { method: "<java.lang.Object: java.lang.String toString()>", from: "base", to: "result", type: "java.lang.String" }
  - { method: "<javax.servlet.ServletRequest: java.lang.String getParameter(java.lang.String)>", from: "base", to: "result", type: "java.lang.String" }
  - { method: "<javax.servlet.http.HttpServletRequest: java.lang.String getHeader(java.lang.String)>", from: "base", to: "result", type: "java.lang.String" }
  - { method: "<javax.servlet.http.HttpServletRequest: java.lang.String getQueryString()>", from: "base", to: "result", type: "java.lang.String" }
  - { method: "<javax.servlet.http.HttpServletRequest: java.lang.String getRequestURI()>", from: "base", to: "result", type: "java.lang.String" }
  - { method: "<javax.servlet.http.HttpServletRequest: java.lang.StringBuffer getRequestURL()>", from: "base", to: "result", type: "java.lang.StringBuffer" }
  - { method: "<org.apache.shiro.subject.Subject: java.lang.Object getPrincipal()>", from: "base", to: "result", type: "java.lang.Object" }
  - { method: "<org.apache.shiro.subject.Subject: org.apache.shiro.subject.PrincipalCollection getPrincipals()>", from: "base", to: "result", type: "org.apache.shiro.subject.PrincipalCollection" }
  - { method: "<org.apache.shiro.subject.PrincipalCollection: java.lang.Object getPrimaryPrincipal()>", from: "base", to: "result", type: "java.lang.Object" }
  - { method: "<org.apache.shiro.subject.PrincipalCollection: java.util.Collection fromRealm(java.lang.String)>", from: "base", to: "result", type: "java.util.Collection" }
  - { method: "<javax.servlet.http.HttpSession: java.lang.Object getAttribute(java.lang.String)>", from: "base", to: "result", type: "java.lang.Object" }
  - { method: "<javax.servlet.http.HttpSession: java.lang.Object getValue(java.lang.String)>", from: "base", to: "result", type: "java.lang.Object" }
  - { method: "<javax.servlet.http.HttpSession: void setAttribute(java.lang.String,java.lang.Object)>", from: "1", to: "base", type: "javax.servlet.http.HttpSession" }
  - { method: "<java.lang.ThreadLocal: java.lang.Object get()>", from: "base", to: "result", type: "java.lang.Object" }

Initializing global bean mock objects for beans...
Initialized 94 global bean objects.
No bean found for concrete class: org.slf4j.Logger
No bean found for concrete class: org.slf4j.Logger
No bean found for concrete class: org.slf4j.Logger
No bean found for concrete class: org.slf4j.Logger
No bean found for concrete class: org.slf4j.Logger
No bean found for concrete class: org.slf4j.Logger
No bean found for concrete class: org.slf4j.Logger
No bean found for concrete class: org.slf4j.Logger
No bean found for concrete class: org.slf4j.Logger
No bean found for concrete class: org.slf4j.Logger
No bean found for concrete class: org.slf4j.Logger
No bean found for concrete class: org.slf4j.Logger
No bean found for concrete class: org.slf4j.Logger
Concrete class not found for type: org.springframework.web.multipart.support.StandardMultipartFile
No bean found for concrete class: org.slf4j.Logger
Added entry point (Empty): <com.jsh.erp.controller.MaterialController: com.jsh.erp.utils.BaseResponseInfo getMaxBarCode()>
No bean found for concrete class: org.slf4j.Logger
Added entry point (Empty): <com.jsh.erp.controller.MaterialController: com.alibaba.fastjson.JSONArray getMaterialNameList()>
No bean found for concrete class: org.slf4j.Logger
No bean found for concrete class: org.slf4j.Logger
No bean found for concrete class: org.slf4j.Logger
No bean found for concrete class: org.slf4j.Logger
No bean found for concrete class: org.slf4j.Logger
No bean found for concrete class: org.slf4j.Logger
No bean found for concrete class: org.slf4j.Logger
No bean found for concrete class: org.slf4j.Logger
No bean found for concrete class: org.slf4j.Logger
Concrete class not found for type: org.springframework.web.multipart.support.StandardMultipartFile
Concrete class not found for type: org.springframework.web.multipart.support.StandardMultipartFile
Concrete class not found for type: org.springframework.web.multipart.support.StandardMultipartFile
No bean found for concrete class: org.slf4j.Logger
No bean found for concrete class: org.slf4j.Logger
No bean found for concrete class: org.slf4j.Logger
No bean found for concrete class: org.slf4j.Logger
No bean found for concrete class: com.gitee.starblues.integration.operator.PluginOperator
No bean found for concrete class: org.slf4j.Logger
No bean found for concrete class: com.gitee.starblues.integration.operator.PluginOperator
No bean found for concrete class: org.slf4j.Logger
Added entry point (Empty): <com.jsh.erp.controller.PluginController: java.util.Set getPluginFilePaths()>
No bean found for concrete class: com.gitee.starblues.integration.operator.PluginOperator
No bean found for concrete class: org.slf4j.Logger
No bean found for concrete class: com.gitee.starblues.integration.operator.PluginOperator
No bean found for concrete class: org.slf4j.Logger
No bean found for concrete class: com.gitee.starblues.integration.operator.PluginOperator
No bean found for concrete class: org.slf4j.Logger
No bean found for concrete class: com.gitee.starblues.integration.operator.PluginOperator
No bean found for concrete class: org.slf4j.Logger
Concrete class not found for type: org.springframework.web.multipart.support.StandardMultipartFile
Concrete class not found for type: org.springframework.web.multipart.support.StandardMultipartFile
No bean found for concrete class: com.gitee.starblues.integration.operator.PluginOperator
No bean found for concrete class: org.slf4j.Logger
No bean found for concrete class: org.slf4j.Logger
Added entry point (Empty): <com.jsh.erp.controller.PluginController: com.jsh.erp.utils.BaseResponseInfo getMacWithSecret()>
No bean found for concrete class: com.gitee.starblues.integration.operator.PluginOperator
No bean found for concrete class: org.slf4j.Logger
No bean found for concrete class: org.slf4j.Logger
No bean found for concrete class: org.slf4j.Logger
No bean found for concrete class: org.slf4j.Logger
No bean found for concrete class: org.slf4j.Logger
No bean found for concrete class: org.slf4j.Logger
No bean found for concrete class: org.slf4j.Logger
No bean found for concrete class: org.slf4j.Logger
No bean found for concrete class: org.slf4j.Logger
No bean found for concrete class: org.slf4j.Logger
No bean found for concrete class: org.slf4j.Logger
No bean found for concrete class: org.slf4j.Logger
No bean found for concrete class: org.slf4j.Logger
No bean found for concrete class: org.slf4j.Logger
No bean found for concrete class: org.slf4j.Logger
No bean found for concrete class: org.slf4j.Logger
No bean found for concrete class: org.slf4j.Logger
No bean found for concrete class: org.slf4j.Logger
No bean found for concrete class: org.slf4j.Logger
No bean found for concrete class: org.slf4j.Logger
No bean found for concrete class: org.slf4j.Logger
No bean found for concrete class: org.slf4j.Logger
No bean found for concrete class: org.slf4j.Logger
No bean found for concrete class: org.slf4j.Logger
No bean found for concrete class: org.slf4j.Logger
No bean found for concrete class: org.slf4j.Logger
Concrete class not found for type: org.springframework.web.multipart.support.StandardMultipartFile
No bean found for concrete class: org.slf4j.Logger
No bean found for concrete class: org.slf4j.Logger
No bean found for concrete class: org.slf4j.Logger
No bean found for concrete class: org.slf4j.Logger
No bean found for concrete class: org.slf4j.Logger
No bean found for concrete class: org.slf4j.Logger
No bean found for concrete class: org.slf4j.Logger
No bean found for concrete class: org.slf4j.Logger
No bean found for concrete class: org.slf4j.Logger
No bean found for concrete class: org.slf4j.Logger
No bean found for concrete class: org.slf4j.Logger
No bean found for concrete class: org.slf4j.Logger
No bean found for concrete class: org.slf4j.Logger
No bean found for concrete class: org.slf4j.Logger
No bean found for concrete class: org.slf4j.Logger
No bean found for concrete class: org.slf4j.Logger
No bean found for concrete class: org.slf4j.Logger
No bean found for concrete class: org.slf4j.Logger
Added entry point (Empty): <com.jsh.erp.controller.UserController: com.alibaba.fastjson.JSONArray getOrganizationUserTree()>
No bean found for concrete class: org.slf4j.Logger
Initializing global aspect mock objects...
No bean found for concrete class: org.slf4j.Logger
No bean found for concrete class: org.slf4j.Logger
No bean found for concrete class: org.slf4j.Logger
No bean found for concrete class: org.slf4j.Logger
No bean found for concrete class: org.slf4j.Logger
No bean found for concrete class: org.slf4j.Logger
No bean found for concrete class: org.slf4j.Logger
No bean found for concrete class: org.slf4j.Logger
No bean found for concrete class: org.slf4j.Logger
No bean found for concrete class: org.slf4j.Logger
No bean found for concrete class: org.slf4j.Logger
No bean found for concrete class: org.slf4j.Logger
No bean found for concrete class: org.slf4j.Logger
No bean found for concrete class: org.slf4j.Logger
No bean found for concrete class: org.slf4j.Logger
No bean found for concrete class: org.slf4j.Logger
No bean found for concrete class: org.slf4j.Logger
No bean found for concrete class: org.slf4j.Logger
No bean found for concrete class: org.slf4j.Logger
No bean found for concrete class: org.slf4j.Logger
No bean found for concrete class: org.slf4j.Logger
No bean found for concrete class: org.springframework.data.redis.core.RedisTemplate
No bean found for concrete class: org.slf4j.Logger
No bean found for concrete class: org.slf4j.Logger
No bean found for concrete class: org.slf4j.Logger
No bean found for concrete class: org.slf4j.Logger
No bean found for concrete class: org.slf4j.Logger
No bean found for concrete class: org.slf4j.Logger
No bean found for concrete class: org.slf4j.Logger
No bean found for concrete class: org.slf4j.Logger
No bean found for concrete class: org.slf4j.Logger
No bean found for concrete class: org.slf4j.Logger
No bean found for concrete class: org.springframework.data.redis.core.RedisTemplate
No bean found for concrete class: org.springframework.data.redis.core.RedisTemplate
No bean found for concrete class: org.slf4j.Logger
No bean found for concrete class: org.springframework.data.redis.core.RedisTemplate
No bean found for concrete class: org.springframework.data.redis.core.RedisTemplate
No bean found for concrete class: org.springframework.data.redis.core.RedisTemplate
No bean found for concrete class: org.slf4j.Logger
No bean found for concrete class: org.springframework.data.redis.core.RedisTemplate
No bean found for concrete class: org.slf4j.Logger
No bean found for concrete class: org.slf4j.Logger
No bean found for concrete class: org.springframework.data.redis.core.RedisTemplate
No bean found for concrete class: org.slf4j.Logger
No bean found for concrete class: org.slf4j.Logger
[Pointer analysis] elapsed time: 0.19s
Detected 43 taint flow(s):
TaintFlow{<com.jsh.erp.controller.AccountHeadController: com.jsh.erp.utils.BaseResponseInfo getDetailByNumber(java.lang.String,javax.servlet.http.HttpServletRequest)>/0 -> <com.jsh.erp.service.AccountHeadService: java.util.List getDetailByNumber(java.lang.String)>[4@L380] r32 = invokeinterface $r3.getDetailByNumber(billNo)/0}
TaintFlow{<com.jsh.erp.controller.AccountHeadController: com.jsh.erp.utils.BaseResponseInfo getFinancialBillNoByBillId(java.lang.Long,javax.servlet.http.HttpServletRequest)>/0 -> <com.jsh.erp.service.AccountHeadService: java.util.List getFinancialBillNoByBillId(java.lang.Long)>[1@L418] $r3 = invokeinterface $r2.getFinancialBillNoByBillId(billId)/0}
TaintFlow{<com.jsh.erp.controller.AccountItemController: com.jsh.erp.utils.BaseResponseInfo getDetailList(java.lang.Long,javax.servlet.http.HttpServletRequest)>/0 -> <com.jsh.erp.service.AccountItemService: java.util.List getDetailList(java.lang.Long)>[2@L102] r5 = invokeinterface $r2.getDetailList(headerId)/0}
TaintFlow{<com.jsh.erp.controller.DepotHeadController: com.jsh.erp.utils.BaseResponseInfo findInOutDetail(java.lang.Integer,java.lang.Integer,java.lang.Integer,java.lang.String,java.lang.String,java.lang.Long,java.lang.String,java.lang.String,java.lang.String,java.lang.Long,java.lang.Long,java.lang.Long,java.lang.String,java.lang.String,java.lang.String,javax.servlet.http.HttpServletRequest)>/10 -> <com.jsh.erp.service.MaterialService: java.util.List getListByParentId(java.lang.Long)>[3@L379] $r4 = invokeinterface $r3.getListByParentId(parentId)/0}
TaintFlow{<com.jsh.erp.controller.DepotHeadController: com.jsh.erp.utils.BaseResponseInfo findInOutDetail(java.lang.Integer,java.lang.Integer,java.lang.Integer,java.lang.String,java.lang.String,java.lang.Long,java.lang.String,java.lang.String,java.lang.String,java.lang.Long,java.lang.Long,java.lang.Long,java.lang.String,java.lang.String,java.lang.String,javax.servlet.http.HttpServletRequest)>/10 -> <com.jsh.erp.service.MaterialService: java.util.List getIdListByParentId(java.util.List,java.lang.Long)>[1@L388] $r3 = invokeinterface $r2.getListByParentId(parentId)/0}
TaintFlow{<com.jsh.erp.controller.DepotHeadController: com.jsh.erp.utils.BaseResponseInfo findInOutMaterialCount(java.lang.Integer,java.lang.Integer,java.lang.Integer,java.lang.String,java.lang.Long,java.lang.Long,java.lang.Long,java.lang.String,java.lang.String,java.lang.String,java.lang.String,java.lang.String,javax.servlet.http.HttpServletRequest)>/5 -> <com.jsh.erp.service.MaterialService: java.util.List getListByParentId(java.lang.Long)>[3@L379] $r4 = invokeinterface $r3.getListByParentId(parentId)/0}
TaintFlow{<com.jsh.erp.controller.DepotHeadController: com.jsh.erp.utils.BaseResponseInfo findInOutMaterialCount(java.lang.Integer,java.lang.Integer,java.lang.Integer,java.lang.String,java.lang.Long,java.lang.Long,java.lang.Long,java.lang.String,java.lang.String,java.lang.String,java.lang.String,java.lang.String,javax.servlet.http.HttpServletRequest)>/5 -> <com.jsh.erp.service.MaterialService: java.util.List getIdListByParentId(java.util.List,java.lang.Long)>[1@L388] $r3 = invokeinterface $r2.getListByParentId(parentId)/0}
TaintFlow{<com.jsh.erp.controller.DepotHeadController: com.jsh.erp.utils.BaseResponseInfo findallocationDetail(java.lang.Integer,java.lang.Integer,java.lang.String,java.lang.String,java.lang.Long,java.lang.Long,java.lang.Long,java.lang.Long,java.lang.String,java.lang.String,java.lang.String,java.lang.String,java.lang.String,java.lang.String,javax.servlet.http.HttpServletRequest)>/6 -> <com.jsh.erp.service.MaterialService: java.util.List getListByParentId(java.lang.Long)>[3@L379] $r4 = invokeinterface $r3.getListByParentId(parentId)/0}
TaintFlow{<com.jsh.erp.controller.DepotHeadController: com.jsh.erp.utils.BaseResponseInfo findallocationDetail(java.lang.Integer,java.lang.Integer,java.lang.String,java.lang.String,java.lang.Long,java.lang.Long,java.lang.Long,java.lang.Long,java.lang.String,java.lang.String,java.lang.String,java.lang.String,java.lang.String,java.lang.String,javax.servlet.http.HttpServletRequest)>/6 -> <com.jsh.erp.service.MaterialService: java.util.List getIdListByParentId(java.util.List,java.lang.Long)>[1@L388] $r3 = invokeinterface $r2.getListByParentId(parentId)/0}
TaintFlow{<com.jsh.erp.controller.DepotHeadController: com.jsh.erp.utils.BaseResponseInfo getDetailByNumber(java.lang.String,javax.servlet.http.HttpServletRequest)>/0 -> <com.jsh.erp.service.DepotHeadService: java.util.List getDetailByNumber(java.lang.String,javax.servlet.http.HttpServletRequest)>[13@L977] $r14 = invokeinterface $r13.getDetailByNumber(number)/0}
TaintFlow{<com.jsh.erp.controller.DepotItemController: com.jsh.erp.utils.BaseResponseInfo buyIn(java.lang.Integer,java.lang.Integer,java.lang.String,java.lang.String,java.lang.Long,java.lang.Long,java.lang.Long,java.lang.Long,java.lang.String,java.lang.String,javax.servlet.http.HttpServletRequest)>/6 -> <com.jsh.erp.service.MaterialService: java.util.List getListByParentId(java.lang.Long)>[3@L379] $r4 = invokeinterface $r3.getListByParentId(parentId)/0}
TaintFlow{<com.jsh.erp.controller.DepotItemController: com.jsh.erp.utils.BaseResponseInfo buyIn(java.lang.Integer,java.lang.Integer,java.lang.String,java.lang.String,java.lang.Long,java.lang.Long,java.lang.Long,java.lang.Long,java.lang.String,java.lang.String,javax.servlet.http.HttpServletRequest)>/6 -> <com.jsh.erp.service.MaterialService: java.util.List getIdListByParentId(java.util.List,java.lang.Long)>[1@L388] $r3 = invokeinterface $r2.getListByParentId(parentId)/0}
TaintFlow{<com.jsh.erp.controller.DepotItemController: com.jsh.erp.utils.BaseResponseInfo findStockWarningCount(java.lang.Integer,java.lang.Integer,java.lang.String,java.lang.Long,java.lang.Long,java.lang.String)>/4 -> <com.jsh.erp.service.MaterialService: java.util.List getListByParentId(java.lang.Long)>[3@L379] $r4 = invokeinterface $r3.getListByParentId(parentId)/0}
TaintFlow{<com.jsh.erp.controller.DepotItemController: com.jsh.erp.utils.BaseResponseInfo findStockWarningCount(java.lang.Integer,java.lang.Integer,java.lang.String,java.lang.Long,java.lang.Long,java.lang.String)>/4 -> <com.jsh.erp.service.MaterialService: java.util.List getIdListByParentId(java.util.List,java.lang.Long)>[1@L388] $r3 = invokeinterface $r2.getListByParentId(parentId)/0}
TaintFlow{<com.jsh.erp.controller.DepotItemController: com.jsh.erp.utils.BaseResponseInfo getDetailList(java.lang.Long,java.lang.String,java.lang.String,java.lang.String,javax.servlet.http.HttpServletRequest)>/0 -> <com.jsh.erp.service.DepotItemService: java.util.List getDetailList(java.lang.Long)>[2@L288] r5 = invokeinterface $r2.getDetailList(headerId)/0}
TaintFlow{<com.jsh.erp.controller.DepotItemController: com.jsh.erp.utils.BaseResponseInfo getInOutStock(java.lang.Integer,java.lang.Integer,java.lang.String,java.lang.Long,java.lang.String,java.lang.String,java.lang.String,java.lang.String,javax.servlet.http.HttpServletRequest)>/3 -> <com.jsh.erp.service.MaterialService: java.util.List getListByParentId(java.lang.Long)>[3@L379] $r4 = invokeinterface $r3.getListByParentId(parentId)/0}
TaintFlow{<com.jsh.erp.controller.DepotItemController: com.jsh.erp.utils.BaseResponseInfo getInOutStock(java.lang.Integer,java.lang.Integer,java.lang.String,java.lang.Long,java.lang.String,java.lang.String,java.lang.String,java.lang.String,javax.servlet.http.HttpServletRequest)>/3 -> <com.jsh.erp.service.MaterialService: java.util.List getIdListByParentId(java.util.List,java.lang.Long)>[1@L388] $r3 = invokeinterface $r2.getListByParentId(parentId)/0}
TaintFlow{<com.jsh.erp.controller.DepotItemController: com.jsh.erp.utils.BaseResponseInfo getInOutStockCountMoney(java.lang.String,java.lang.Long,java.lang.String,java.lang.String,javax.servlet.http.HttpServletRequest)>/1 -> <com.jsh.erp.service.MaterialService: java.util.List getListByParentId(java.lang.Long)>[3@L379] $r4 = invokeinterface $r3.getListByParentId(parentId)/0}
TaintFlow{<com.jsh.erp.controller.DepotItemController: com.jsh.erp.utils.BaseResponseInfo getInOutStockCountMoney(java.lang.String,java.lang.Long,java.lang.String,java.lang.String,javax.servlet.http.HttpServletRequest)>/1 -> <com.jsh.erp.service.MaterialService: java.util.List getIdListByParentId(java.util.List,java.lang.Long)>[1@L388] $r3 = invokeinterface $r2.getListByParentId(parentId)/0}
TaintFlow{<com.jsh.erp.controller.DepotItemController: com.jsh.erp.utils.BaseResponseInfo retailOut(java.lang.Integer,java.lang.Integer,java.lang.String,java.lang.String,java.lang.Long,java.lang.Long,java.lang.Long,java.lang.Long,java.lang.String,java.lang.String,javax.servlet.http.HttpServletRequest)>/6 -> <com.jsh.erp.service.MaterialService: java.util.List getListByParentId(java.lang.Long)>[3@L379] $r4 = invokeinterface $r3.getListByParentId(parentId)/0}
TaintFlow{<com.jsh.erp.controller.DepotItemController: com.jsh.erp.utils.BaseResponseInfo retailOut(java.lang.Integer,java.lang.Integer,java.lang.String,java.lang.String,java.lang.Long,java.lang.Long,java.lang.Long,java.lang.Long,java.lang.String,java.lang.String,javax.servlet.http.HttpServletRequest)>/6 -> <com.jsh.erp.service.MaterialService: java.util.List getIdListByParentId(java.util.List,java.lang.Long)>[1@L388] $r3 = invokeinterface $r2.getListByParentId(parentId)/0}
TaintFlow{<com.jsh.erp.controller.DepotItemController: com.jsh.erp.utils.BaseResponseInfo saleOut(java.lang.Integer,java.lang.Integer,java.lang.String,java.lang.String,java.lang.Long,java.lang.Long,java.lang.Long,java.lang.Long,java.lang.String,java.lang.String,javax.servlet.http.HttpServletRequest)>/6 -> <com.jsh.erp.service.MaterialService: java.util.List getListByParentId(java.lang.Long)>[3@L379] $r4 = invokeinterface $r3.getListByParentId(parentId)/0}
TaintFlow{<com.jsh.erp.controller.DepotItemController: com.jsh.erp.utils.BaseResponseInfo saleOut(java.lang.Integer,java.lang.Integer,java.lang.String,java.lang.String,java.lang.Long,java.lang.Long,java.lang.Long,java.lang.Long,java.lang.String,java.lang.String,javax.servlet.http.HttpServletRequest)>/6 -> <com.jsh.erp.service.MaterialService: java.util.List getIdListByParentId(java.util.List,java.lang.Long)>[1@L388] $r3 = invokeinterface $r2.getListByParentId(parentId)/0}
TaintFlow{<com.jsh.erp.controller.LogController: java.lang.String deleteResource(java.lang.Long,javax.servlet.http.HttpServletRequest)>/0 -> <com.jsh.erp.service.LogService: int deleteLog(java.lang.Long,javax.servlet.http.HttpServletRequest)>[2@L110] i0 = invokeinterface $r2.deleteByPrimaryKey(id)/0}
TaintFlow{<com.jsh.erp.controller.MaterialCategoryController: com.alibaba.fastjson.JSONArray getMaterialCategoryTree(java.lang.Long)>/0 -> <com.jsh.erp.service.MaterialCategoryService: java.util.List getMaterialCategoryTree(java.lang.Long)>[2@L243] r5 = invokeinterface $r2.getNodeTree(id)/0}
TaintFlow{<com.jsh.erp.controller.MaterialController: com.alibaba.fastjson.JSONObject findBySelect(java.lang.Long,java.lang.String,java.lang.String,java.lang.String,java.lang.Long,java.lang.String,java.lang.String,java.lang.String,java.lang.String,java.lang.String,java.lang.String,java.lang.String,java.lang.String,java.lang.Integer,java.lang.Integer,javax.servlet.http.HttpServletRequest)>/0 -> <com.jsh.erp.service.MaterialService: java.util.List getListByParentId(java.lang.Long)>[3@L379] $r4 = invokeinterface $r3.getListByParentId(parentId)/0}
TaintFlow{<com.jsh.erp.controller.MaterialController: com.alibaba.fastjson.JSONObject findBySelect(java.lang.Long,java.lang.String,java.lang.String,java.lang.String,java.lang.Long,java.lang.String,java.lang.String,java.lang.String,java.lang.String,java.lang.String,java.lang.String,java.lang.String,java.lang.String,java.lang.Integer,java.lang.Integer,javax.servlet.http.HttpServletRequest)>/0 -> <com.jsh.erp.service.MaterialService: java.util.List getIdListByParentId(java.util.List,java.lang.Long)>[1@L388] $r3 = invokeinterface $r2.getListByParentId(parentId)/0}
TaintFlow{<com.jsh.erp.controller.MaterialController: com.alibaba.fastjson.JSONObject getMaterialByMeId(java.lang.Long,java.lang.String,javax.servlet.http.HttpServletRequest)>/0 -> <com.jsh.erp.service.MaterialService: java.util.List getMaterialByMeId(java.lang.Long)>[5@L1322] r6 = invokeinterface $r3.getMaterialByMeId(meId)/0}
TaintFlow{<com.jsh.erp.controller.MaterialController: com.alibaba.fastjson.JSONObject getMaterialEnableSerialNumberList(java.lang.String,java.lang.Integer,java.lang.Integer,javax.servlet.http.HttpServletRequest,javax.servlet.http.HttpServletResponse)>/0 -> <com.jsh.erp.service.MaterialService: java.lang.Long getMaterialEnableSerialNumberCount(java.lang.String)>[2@L1174] r5 = invokeinterface $r2.getMaterialEnableSerialNumberCount(q)/0}
TaintFlow{<com.jsh.erp.controller.MaterialController: com.jsh.erp.utils.BaseResponseInfo findById(java.lang.Long,javax.servlet.http.HttpServletRequest)>/0 -> <com.jsh.erp.service.MaterialService: java.util.List findById(java.lang.Long)>[2@L360] r5 = invokeinterface $r2.findById(id)/0}
TaintFlow{<com.jsh.erp.controller.MaterialController: com.jsh.erp.utils.BaseResponseInfo findByIdWithBarCode(java.lang.Long,java.lang.String,javax.servlet.http.HttpServletRequest)>/0 -> <com.jsh.erp.service.MaterialService: java.util.List findByIdWithBarCode(java.lang.Long)>[2@L370] r5 = invokeinterface $r2.findByIdWithBarCode(meId)/0}
TaintFlow{<com.jsh.erp.controller.MaterialController: com.jsh.erp.utils.BaseResponseInfo getListWithStock(java.lang.Integer,java.lang.Integer,java.lang.String,java.lang.Long,java.lang.String,java.lang.String,java.lang.Integer,java.lang.String,java.lang.String,javax.servlet.http.HttpServletRequest)>/3 -> <com.jsh.erp.service.MaterialService: java.util.List getListByParentId(java.lang.Long)>[3@L379] $r4 = invokeinterface $r3.getListByParentId(parentId)/0}
TaintFlow{<com.jsh.erp.controller.MaterialController: com.jsh.erp.utils.BaseResponseInfo getListWithStock(java.lang.Integer,java.lang.Integer,java.lang.String,java.lang.Long,java.lang.String,java.lang.String,java.lang.Integer,java.lang.String,java.lang.String,javax.servlet.http.HttpServletRequest)>/3 -> <com.jsh.erp.service.MaterialService: java.util.List getIdListByParentId(java.util.List,java.lang.Long)>[1@L388] $r3 = invokeinterface $r2.getListByParentId(parentId)/0}
TaintFlow{<com.jsh.erp.controller.MaterialController: com.jsh.erp.utils.BaseResponseInfo getMaterialByBarCode(java.lang.String,java.lang.Long,java.lang.Long,java.lang.String,java.lang.String,javax.servlet.http.HttpServletRequest)>/0 -> <com.jsh.erp.service.MaterialService: com.jsh.erp.datasource.entities.MaterialExtend getMaterialExtendBySerialNumber(java.lang.String)>[1@L1472] $r3 = invokeinterface $r2.getMaterialExtendBySerialNumber(serialNumber)/0}
TaintFlow{<com.jsh.erp.controller.MaterialController: com.jsh.erp.utils.BaseResponseInfo getMaterialByParam(java.lang.String,javax.servlet.http.HttpServletRequest)>/0 -> <com.jsh.erp.service.MaterialService: com.alibaba.fastjson.JSONArray getMaterialByParam(java.lang.String)>[3@L400] $r4 = invokeinterface $r3.getMaterialByParam(materialParam)/0}
TaintFlow{<com.jsh.erp.controller.MaterialExtendController: com.jsh.erp.utils.BaseResponseInfo getDetailList(java.lang.Long,javax.servlet.http.HttpServletRequest)>/0 -> <com.jsh.erp.service.MaterialExtendService: java.util.List getDetailList(java.lang.Long)>[2@L54] r5 = invokeinterface $r2.getDetailList(materialId)/0}
TaintFlow{<com.jsh.erp.controller.MsgController: java.lang.String deleteResource(java.lang.Long,javax.servlet.http.HttpServletRequest)>/0 -> <com.jsh.erp.service.MsgService: int deleteMsg(java.lang.Long,javax.servlet.http.HttpServletRequest)>[1@L146] $i0 = invokeinterface $r2.deleteByPrimaryKey(id)/0}
TaintFlow{<com.jsh.erp.controller.OrganizationController: com.alibaba.fastjson.JSONArray getOrganizationTree(java.lang.Long)>/0 -> <com.jsh.erp.service.OrganizationService: java.util.List getOrganizationTree(java.lang.Long)>[2@L143] r5 = invokeinterface $r2.getNodeTree(id)/0}
TaintFlow{<com.jsh.erp.controller.PlatformConfigController: java.lang.String deleteResource(java.lang.Long,javax.servlet.http.HttpServletRequest)>/0 -> <com.jsh.erp.service.PlatformConfigService: int deletePlatformConfig(java.lang.Long,javax.servlet.http.HttpServletRequest)>[9@L114] i0 = invokeinterface $r6.deleteByPrimaryKey(id)/0}
TaintFlow{<com.jsh.erp.controller.PluginController: java.lang.String install(java.lang.String)>/0 -> <com.jsh.erp.controller.PluginController: java.lang.String install(java.lang.String)>[9@L223] $r8 = invokestatic java.nio.file.Paths.get(path, $r6)/0}
TaintFlow{<com.jsh.erp.controller.SupplierController: com.jsh.erp.utils.BaseResponseInfo getBeginNeedByOrganId(java.lang.Long,javax.servlet.http.HttpServletRequest)>/0 -> <com.jsh.erp.service.SupplierService: java.util.Map getBeginNeedByOrganId(java.lang.Long)>[18@L419] $r10 = invokeinterface $r9.getFinishDebtByOrganId(organId)/0}
TaintFlow{<com.jsh.erp.controller.TenantController: java.lang.String deleteResource(java.lang.Long,javax.servlet.http.HttpServletRequest)>/0 -> <com.jsh.erp.service.TenantService: int deleteTenant(java.lang.Long,javax.servlet.http.HttpServletRequest)>[9@L138] i0 = invokeinterface $r6.deleteByPrimaryKey(id)/0}
TaintFlow{<com.jsh.erp.controller.UserController: java.lang.Object registerUser(com.jsh.erp.datasource.entities.UserEx,javax.servlet.http.HttpServletRequest)>/0 -> <com.jsh.erp.service.UserService: void registerUser(com.jsh.erp.datasource.entities.UserEx,java.lang.Integer,javax.servlet.http.HttpServletRequest)>[22@L627] invokeinterface $r8.insertSelective(ue)/0}
TFGDumper starts ...
Source nodes:
VarNode{<com.jsh.erp.controller.MaterialAttributeController: java.lang.String checkIsNameExist(java.lang.Long,java.lang.String,javax.servlet.http.HttpServletRequest)>/id}
VarNode{<com.jsh.erp.controller.PlatformConfigController: com.jsh.erp.utils.BaseResponseInfo getInfoByKey(java.lang.String,javax.servlet.http.HttpServletRequest)>/platformKey}
VarNode{<com.jsh.erp.controller.UnitController: java.lang.String addResource(com.alibaba.fastjson.JSONObject,javax.servlet.http.HttpServletRequest)>/obj}
VarNode{<com.jsh.erp.controller.InOutItemController: java.lang.String getList(java.lang.Long,javax.servlet.http.HttpServletRequest)>/id}
VarNode{<com.jsh.erp.controller.UnitController: java.lang.String deleteResource(java.lang.Long,javax.servlet.http.HttpServletRequest)>/id}
VarNode{<com.jsh.erp.controller.SupplierController: com.alibaba.fastjson.JSONArray findBySelectRetail(com.alibaba.fastjson.JSONObject,javax.servlet.http.HttpServletRequest)>/jsonObject}
VarNode{<com.jsh.erp.controller.DepotHeadController: com.jsh.erp.utils.BaseResponseInfo findallocationDetail(java.lang.Integer,java.lang.Integer,java.lang.String,java.lang.String,java.lang.Long,java.lang.Long,java.lang.Long,java.lang.Long,java.lang.String,java.lang.String,java.lang.String,java.lang.String,java.lang.String,java.lang.String,javax.servlet.http.HttpServletRequest)>/pageSize}
VarNode{<com.jsh.erp.controller.LogController: java.lang.String updateResource(com.alibaba.fastjson.JSONObject,javax.servlet.http.HttpServletRequest)>/obj}
VarNode{<com.jsh.erp.controller.MaterialExtendController: com.jsh.erp.utils.BaseResponseInfo getInfoByBarCode(java.lang.String,javax.servlet.http.HttpServletRequest)>/barCode}
VarNode{<com.jsh.erp.controller.DepotItemController: com.jsh.erp.utils.BaseResponseInfo saleOut(java.lang.Integer,java.lang.Integer,java.lang.String,java.lang.String,java.lang.Long,java.lang.Long,java.lang.Long,java.lang.Long,java.lang.String,java.lang.String,javax.servlet.http.HttpServletRequest)>/organId}
VarNode{<com.jsh.erp.controller.UnitController: com.jsh.erp.base.TableDataInfo getList(java.lang.String,javax.servlet.http.HttpServletRequest)>/search}
VarNode{<com.jsh.erp.controller.PluginController: com.jsh.erp.utils.BaseResponseInfo getPluginInfo(java.lang.String,java.lang.Integer,java.lang.Integer,javax.servlet.http.HttpServletRequest)>/name}
VarNode{<com.jsh.erp.controller.MaterialController: com.alibaba.fastjson.JSONObject getMaterialByMeId(java.lang.Long,java.lang.String,javax.servlet.http.HttpServletRequest)>/meId}
VarNode{<com.jsh.erp.controller.MaterialAttributeController: java.lang.String getList(java.lang.Long,javax.servlet.http.HttpServletRequest)>/id}
VarNode{<com.jsh.erp.controller.MaterialCategoryController: com.jsh.erp.utils.BaseResponseInfo findById(java.lang.Long,javax.servlet.http.HttpServletRequest)>/id}
VarNode{<com.jsh.erp.controller.DepotHeadController: com.jsh.erp.utils.BaseResponseInfo findallocationDetail(java.lang.Integer,java.lang.Integer,java.lang.String,java.lang.String,java.lang.Long,java.lang.Long,java.lang.Long,java.lang.Long,java.lang.String,java.lang.String,java.lang.String,java.lang.String,java.lang.String,java.lang.String,javax.servlet.http.HttpServletRequest)>/materialParam}
VarNode{<com.jsh.erp.controller.DepotItemController: com.jsh.erp.utils.BaseResponseInfo buyIn(java.lang.Integer,java.lang.Integer,java.lang.String,java.lang.String,java.lang.Long,java.lang.Long,java.lang.Long,java.lang.Long,java.lang.String,java.lang.String,javax.servlet.http.HttpServletRequest)>/organId}
VarNode{<com.jsh.erp.controller.MaterialController: com.alibaba.fastjson.JSONObject getMaterialEnableSerialNumberList(java.lang.String,java.lang.Integer,java.lang.Integer,javax.servlet.http.HttpServletRequest,javax.servlet.http.HttpServletResponse)>/q}
VarNode{<com.jsh.erp.controller.UserController: java.lang.String addResource(com.alibaba.fastjson.JSONObject,javax.servlet.http.HttpServletRequest)>/obj}
VarNode{<com.jsh.erp.controller.DepotHeadController: com.jsh.erp.utils.BaseResponseInfo findallocationDetail(java.lang.Integer,java.lang.Integer,java.lang.String,java.lang.String,java.lang.Long,java.lang.Long,java.lang.Long,java.lang.Long,java.lang.String,java.lang.String,java.lang.String,java.lang.String,java.lang.String,java.lang.String,javax.servlet.http.HttpServletRequest)>/beginTime}
VarNode{<com.jsh.erp.controller.UserController: java.lang.String deleteResource(java.lang.Long,javax.servlet.http.HttpServletRequest)>/id}
VarNode{<com.jsh.erp.controller.PlatformConfigController: java.lang.String batchDeleteResource(java.lang.String,javax.servlet.http.HttpServletRequest)>/ids}
VarNode{<org.springframework.web.context.request.RequestContextHolder: org.springframework.web.context.request.RequestAttributes getRequestAttributes()>/$r1}
VarNode{<com.jsh.erp.controller.UserController: com.alibaba.fastjson.JSONArray getUserWithChecked(java.lang.String,java.lang.String,javax.servlet.http.HttpServletRequest)>/oneValue}
VarNode{<com.jsh.erp.controller.DepotItemController: com.jsh.erp.utils.BaseResponseInfo getDetailList(java.lang.Long,java.lang.String,java.lang.String,java.lang.String,javax.servlet.http.HttpServletRequest)>/linkType}
VarNode{<com.jsh.erp.controller.MaterialController: com.jsh.erp.utils.BaseResponseInfo getMaterialByBarCode(java.lang.String,java.lang.Long,java.lang.Long,java.lang.String,java.lang.String,javax.servlet.http.HttpServletRequest)>/organId}
VarNode{<com.jsh.erp.controller.MaterialController: com.alibaba.fastjson.JSONObject findBySelect(java.lang.Long,java.lang.String,java.lang.String,java.lang.String,java.lang.Long,java.lang.String,java.lang.String,java.lang.String,java.lang.String,java.lang.String,java.lang.String,java.lang.String,java.lang.String,java.lang.Integer,java.lang.Integer,javax.servlet.http.HttpServletRequest)>/otherField2}
VarNode{<com.jsh.erp.controller.DepotItemController: com.jsh.erp.utils.BaseResponseInfo retailOut(java.lang.Integer,java.lang.Integer,java.lang.String,java.lang.String,java.lang.Long,java.lang.Long,java.lang.Long,java.lang.Long,java.lang.String,java.lang.String,javax.servlet.http.HttpServletRequest)>/mpList}
VarNode{<com.jsh.erp.controller.DepotItemController: com.jsh.erp.utils.BaseResponseInfo buyIn(java.lang.Integer,java.lang.Integer,java.lang.String,java.lang.String,java.lang.Long,java.lang.Long,java.lang.Long,java.lang.Long,java.lang.String,java.lang.String,javax.servlet.http.HttpServletRequest)>/endTime}
VarNode{<com.jsh.erp.controller.DepotItemController: com.jsh.erp.utils.BaseResponseInfo getInOutStock(java.lang.Integer,java.lang.Integer,java.lang.String,java.lang.Long,java.lang.String,java.lang.String,java.lang.String,java.lang.String,javax.servlet.http.HttpServletRequest)>/beginTime}
VarNode{<com.jsh.erp.controller.InOutItemController: java.lang.String checkIsNameExist(java.lang.Long,java.lang.String,javax.servlet.http.HttpServletRequest)>/id}
VarNode{<com.jsh.erp.controller.MaterialController: java.lang.String updateResource(com.alibaba.fastjson.JSONObject,javax.servlet.http.HttpServletRequest)>/obj}
VarNode{<com.jsh.erp.controller.PlatformConfigController: java.lang.String updatePlatformConfigByKey(com.alibaba.fastjson.JSONObject,javax.servlet.http.HttpServletRequest)>/object}
VarNode{<com.jsh.erp.controller.PluginController: java.lang.String install(java.lang.String)>/path}
VarNode{<com.jsh.erp.controller.DepotHeadController: java.lang.String deleteResource(java.lang.Long,javax.servlet.http.HttpServletRequest)>/id}
VarNode{<com.jsh.erp.controller.DepotHeadController: com.jsh.erp.utils.BaseResponseInfo findallocationDetail(java.lang.Integer,java.lang.Integer,java.lang.String,java.lang.String,java.lang.Long,java.lang.Long,java.lang.Long,java.lang.Long,java.lang.String,java.lang.String,java.lang.String,java.lang.String,java.lang.String,java.lang.String,javax.servlet.http.HttpServletRequest)>/order}
VarNode{<com.jsh.erp.controller.SupplierController: java.lang.String addResource(com.alibaba.fastjson.JSONObject,javax.servlet.http.HttpServletRequest)>/obj}
VarNode{<com.jsh.erp.controller.MaterialController: com.alibaba.fastjson.JSONObject findBySelect(java.lang.Long,java.lang.String,java.lang.String,java.lang.String,java.lang.Long,java.lang.String,java.lang.String,java.lang.String,java.lang.String,java.lang.String,java.lang.String,java.lang.String,java.lang.String,java.lang.Integer,java.lang.Integer,javax.servlet.http.HttpServletRequest)>/enableSerialNumber}
VarNode{<com.jsh.erp.controller.OrganizationController: java.lang.String addResource(com.alibaba.fastjson.JSONObject,javax.servlet.http.HttpServletRequest)>/obj}
VarNode{<com.jsh.erp.controller.MaterialController: com.alibaba.fastjson.JSONObject findBySelect(java.lang.Long,java.lang.String,java.lang.String,java.lang.String,java.lang.Long,java.lang.String,java.lang.String,java.lang.String,java.lang.String,java.lang.String,java.lang.String,java.lang.String,java.lang.String,java.lang.Integer,java.lang.Integer,javax.servlet.http.HttpServletRequest)>/brand}
VarNode{<com.jsh.erp.controller.DepotHeadController: java.lang.String waitBillList(java.lang.String,java.lang.Integer,java.lang.Integer,javax.servlet.http.HttpServletRequest)>/pageSize}
VarNode{<com.jsh.erp.controller.UserBusinessController: java.lang.String checkIsValueExist(java.lang.String,java.lang.String,javax.servlet.http.HttpServletRequest)>/type}
VarNode{<com.jsh.erp.controller.DepotItemController: com.jsh.erp.utils.BaseResponseInfo getBatchNumberList(java.lang.String,java.lang.Long,java.lang.Long,java.lang.String,java.lang.String,javax.servlet.http.HttpServletRequest)>/depotItemId}
VarNode{<com.jsh.erp.controller.DepotItemController: java.lang.String findDetailByDepotIdsAndMaterialId(java.lang.Integer,java.lang.Integer,java.lang.String,java.lang.String,java.lang.String,java.lang.String,java.lang.String,java.lang.String,java.lang.Long,javax.servlet.http.HttpServletRequest)>/currentPage}
VarNode{<com.jsh.erp.controller.SystemConfigController: java.lang.String checkIsNameExist(java.lang.Long,java.lang.String,javax.servlet.http.HttpServletRequest)>/name}
VarNode{<com.jsh.erp.controller.MsgController: com.jsh.erp.utils.BaseResponseInfo batchUpdateStatus(com.alibaba.fastjson.JSONObject,javax.servlet.http.HttpServletRequest)>/jsonObject}
VarNode{<com.jsh.erp.controller.UserController: java.lang.String updatePwd(com.alibaba.fastjson.JSONObject,javax.servlet.http.HttpServletRequest)>/jsonObject}
VarNode{<com.jsh.erp.controller.SerialNumberController: java.lang.String batAddSerialNumber(com.alibaba.fastjson.JSONObject,javax.servlet.http.HttpServletRequest)>/jsonObject}
VarNode{<com.jsh.erp.controller.AccountController: java.lang.String updateResource(com.alibaba.fastjson.JSONObject,javax.servlet.http.HttpServletRequest)>/obj}
VarNode{<com.jsh.erp.controller.UserController: java.lang.Object registerUser(com.jsh.erp.datasource.entities.UserEx,javax.servlet.http.HttpServletRequest)>/ue}
VarNode{<com.jsh.erp.controller.DepotItemController: com.jsh.erp.utils.BaseResponseInfo getInOutStockCountMoney(java.lang.String,java.lang.Long,java.lang.String,java.lang.String,javax.servlet.http.HttpServletRequest)>/endTime}
VarNode{<com.jsh.erp.controller.RoleController: java.lang.String addResource(com.alibaba.fastjson.JSONObject,javax.servlet.http.HttpServletRequest)>/obj}
VarNode{<com.jsh.erp.controller.DepotController: com.jsh.erp.base.TableDataInfo getList(java.lang.String,javax.servlet.http.HttpServletRequest)>/search}
VarNode{<com.jsh.erp.controller.OrganizationController: com.alibaba.fastjson.JSONArray getOrganizationTree(java.lang.Long)>/id}
VarNode{<com.jsh.erp.controller.MaterialController: com.jsh.erp.utils.BaseResponseInfo getListWithStock(java.lang.Integer,java.lang.Integer,java.lang.String,java.lang.Long,java.lang.String,java.lang.String,java.lang.Integer,java.lang.String,java.lang.String,javax.servlet.http.HttpServletRequest)>/position}
VarNode{<com.jsh.erp.controller.AccountHeadController: com.jsh.erp.utils.BaseResponseInfo getDetailByNumber(java.lang.String,javax.servlet.http.HttpServletRequest)>/billNo}
VarNode{<com.jsh.erp.controller.PersonController: java.lang.String updateResource(com.alibaba.fastjson.JSONObject,javax.servlet.http.HttpServletRequest)>/obj}
VarNode{<com.jsh.erp.controller.DepotHeadController: com.jsh.erp.utils.BaseResponseInfo findInOutMaterialCount(java.lang.Integer,java.lang.Integer,java.lang.Integer,java.lang.String,java.lang.Long,java.lang.Long,java.lang.Long,java.lang.String,java.lang.String,java.lang.String,java.lang.String,java.lang.String,javax.servlet.http.HttpServletRequest)>/organizationId}
VarNode{<com.jsh.erp.controller.InOutItemController: com.jsh.erp.base.TableDataInfo getList(java.lang.String,javax.servlet.http.HttpServletRequest)>/search}
VarNode{<com.jsh.erp.controller.TenantController: java.lang.String checkIsNameExist(java.lang.Long,java.lang.String,javax.servlet.http.HttpServletRequest)>/name}
VarNode{<com.jsh.erp.controller.MaterialController: com.jsh.erp.utils.BaseResponseInfo getMaterialByBarCode(java.lang.String,java.lang.Long,java.lang.Long,java.lang.String,java.lang.String,javax.servlet.http.HttpServletRequest)>/mpList}
VarNode{<com.jsh.erp.controller.DepotItemController: java.lang.String findDetailByDepotIdsAndMaterialId(java.lang.Integer,java.lang.Integer,java.lang.String,java.lang.String,java.lang.String,java.lang.String,java.lang.String,java.lang.String,java.lang.Long,javax.servlet.http.HttpServletRequest)>/endTime}
VarNode{<com.jsh.erp.controller.SupplierController: java.lang.String batchSetAdvanceIn(com.alibaba.fastjson.JSONObject,javax.servlet.http.HttpServletRequest)>/jsonObject}
VarNode{<com.jsh.erp.controller.DepotItemController: com.jsh.erp.utils.BaseResponseInfo retailOut(java.lang.Integer,java.lang.Integer,java.lang.String,java.lang.String,java.lang.Long,java.lang.Long,java.lang.Long,java.lang.Long,java.lang.String,java.lang.String,javax.servlet.http.HttpServletRequest)>/pageSize}
VarNode{<com.jsh.erp.controller.AccountController: java.lang.String addResource(com.alibaba.fastjson.JSONObject,javax.servlet.http.HttpServletRequest)>/obj}
VarNode{<com.jsh.erp.controller.MaterialCategoryController: com.jsh.erp.base.TableDataInfo getList(java.lang.String,javax.servlet.http.HttpServletRequest)>/search}
VarNode{<com.jsh.erp.controller.InOutItemController: java.lang.String checkIsNameExist(java.lang.Long,java.lang.String,javax.servlet.http.HttpServletRequest)>/name}
VarNode{<com.jsh.erp.controller.MaterialController: void exportExcel(java.lang.String,java.lang.String,java.lang.String,java.lang.String,java.lang.String,java.lang.String,java.lang.String,java.lang.String,java.lang.String,java.lang.String,java.lang.String,javax.servlet.http.HttpServletRequest,javax.servlet.http.HttpServletResponse)>/categoryId}
VarNode{<com.jsh.erp.controller.MaterialController: java.lang.String checkIsExist(java.lang.Long,java.lang.String,java.lang.String,java.lang.String,java.lang.String,java.lang.String,java.lang.String,java.lang.String,java.lang.String,java.lang.String,java.lang.Long,javax.servlet.http.HttpServletRequest)>/color}
VarNode{<com.jsh.erp.controller.MaterialCategoryController: com.alibaba.fastjson.JSONArray getMaterialCategoryTree(java.lang.Long)>/id}
VarNode{<com.jsh.erp.controller.MsgController: java.lang.String checkIsNameExist(java.lang.Long,java.lang.String,javax.servlet.http.HttpServletRequest)>/id}
VarNode{<com.jsh.erp.controller.MaterialController: java.lang.String checkIsExist(java.lang.Long,java.lang.String,java.lang.String,java.lang.String,java.lang.String,java.lang.String,java.lang.String,java.lang.String,java.lang.String,java.lang.String,java.lang.Long,javax.servlet.http.HttpServletRequest)>/otherField3}
VarNode{<com.jsh.erp.controller.SupplierController: void exportExcel(java.lang.String,java.lang.String,java.lang.String,java.lang.String,javax.servlet.http.HttpServletRequest,javax.servlet.http.HttpServletResponse)>/telephone}
VarNode{<com.jsh.erp.controller.MaterialController: com.jsh.erp.utils.BaseResponseInfo getListWithStock(java.lang.Integer,java.lang.Integer,java.lang.String,java.lang.Long,java.lang.String,java.lang.String,java.lang.Integer,java.lang.String,java.lang.String,javax.servlet.http.HttpServletRequest)>/categoryId}
VarNode{<com.jsh.erp.controller.MaterialExtendController: java.lang.String getList(java.lang.Long,javax.servlet.http.HttpServletRequest)>/id}
VarNode{<com.jsh.erp.controller.UnitController: java.lang.String updateResource(com.alibaba.fastjson.JSONObject,javax.servlet.http.HttpServletRequest)>/obj}
VarNode{<com.jsh.erp.controller.SupplierController: java.lang.String checkIsNameAndTypeExist(java.lang.Long,java.lang.String,java.lang.String,javax.servlet.http.HttpServletRequest)>/name}
VarNode{<com.jsh.erp.controller.MaterialController: com.jsh.erp.utils.BaseResponseInfo getListWithStock(java.lang.Integer,java.lang.Integer,java.lang.String,java.lang.Long,java.lang.String,java.lang.String,java.lang.Integer,java.lang.String,java.lang.String,javax.servlet.http.HttpServletRequest)>/pageSize}
VarNode{<com.jsh.erp.controller.UserBusinessController: java.lang.String checkIsNameExist(java.lang.Long,java.lang.String,javax.servlet.http.HttpServletRequest)>/id}
VarNode{<com.jsh.erp.controller.DepotController: java.lang.String getList(java.lang.Long,javax.servlet.http.HttpServletRequest)>/id}
VarNode{<com.jsh.erp.controller.MaterialController: com.alibaba.fastjson.JSONObject findBySelect(java.lang.Long,java.lang.String,java.lang.String,java.lang.String,java.lang.Long,java.lang.String,java.lang.String,java.lang.String,java.lang.String,java.lang.String,java.lang.String,java.lang.String,java.lang.String,java.lang.Integer,java.lang.Integer,javax.servlet.http.HttpServletRequest)>/currentPage}
VarNode{<com.jsh.erp.controller.DepotHeadController: com.jsh.erp.utils.BaseResponseInfo getStatementAccount(java.lang.Integer,java.lang.Integer,java.lang.String,java.lang.String,java.lang.Integer,java.lang.Integer,java.lang.String,javax.servlet.http.HttpServletRequest)>/hasDebt}
VarNode{<com.jsh.erp.controller.SupplierController: java.lang.String getInfoByName(java.lang.String,java.lang.String,javax.servlet.http.HttpServletRequest)>/type}
VarNode{<com.jsh.erp.controller.UserController: java.lang.Object updateUser(com.alibaba.fastjson.JSONObject,javax.servlet.http.HttpServletRequest)>/obj}
VarNode{<com.jsh.erp.controller.AccountController: com.jsh.erp.base.TableDataInfo getList(java.lang.String,javax.servlet.http.HttpServletRequest)>/search}
VarNode{<com.jsh.erp.controller.MaterialController: com.alibaba.fastjson.JSONObject getMaterialEnableSerialNumberList(java.lang.String,java.lang.Integer,java.lang.Integer,javax.servlet.http.HttpServletRequest,javax.servlet.http.HttpServletResponse)>/pageSize}
VarNode{<com.jsh.erp.controller.MaterialController: com.alibaba.fastjson.JSONObject findBySelect(java.lang.Long,java.lang.String,java.lang.String,java.lang.String,java.lang.Long,java.lang.String,java.lang.String,java.lang.String,java.lang.String,java.lang.String,java.lang.String,java.lang.String,java.lang.String,java.lang.Integer,java.lang.Integer,javax.servlet.http.HttpServletRequest)>/standardOrModel}
VarNode{<com.jsh.erp.controller.RoleController: java.lang.String batchSetStatus(com.alibaba.fastjson.JSONObject,javax.servlet.http.HttpServletRequest)>/jsonObject}
VarNode{<com.jsh.erp.controller.AccountHeadController: java.lang.String deleteResource(java.lang.Long,javax.servlet.http.HttpServletRequest)>/id}
VarNode{<com.jsh.erp.controller.DepotHeadController: com.jsh.erp.utils.BaseResponseInfo findInOutDetail(java.lang.Integer,java.lang.Integer,java.lang.Integer,java.lang.String,java.lang.String,java.lang.Long,java.lang.String,java.lang.String,java.lang.String,java.lang.Long,java.lang.Long,java.lang.Long,java.lang.String,java.lang.String,java.lang.String,javax.servlet.http.HttpServletRequest)>/column}
VarNode{<com.jsh.erp.controller.DepotItemController: com.jsh.erp.utils.BaseResponseInfo getBatchNumberList(java.lang.String,java.lang.Long,java.lang.Long,java.lang.String,java.lang.String,javax.servlet.http.HttpServletRequest)>/name}
VarNode{<com.jsh.erp.controller.DepotHeadController: com.jsh.erp.utils.BaseResponseInfo findInOutMaterialCount(java.lang.Integer,java.lang.Integer,java.lang.Integer,java.lang.String,java.lang.Long,java.lang.Long,java.lang.Long,java.lang.String,java.lang.String,java.lang.String,java.lang.String,java.lang.String,javax.servlet.http.HttpServletRequest)>/type}
VarNode{<com.jsh.erp.controller.DepotHeadController: com.jsh.erp.utils.BaseResponseInfo getStatementAccount(java.lang.Integer,java.lang.Integer,java.lang.String,java.lang.String,java.lang.Integer,java.lang.Integer,java.lang.String,javax.servlet.http.HttpServletRequest)>/supplierType}
VarNode{<com.jsh.erp.controller.DepotItemController: com.jsh.erp.utils.BaseResponseInfo findStockWarningCount(java.lang.Integer,java.lang.Integer,java.lang.String,java.lang.Long,java.lang.Long,java.lang.String)>/materialParam}
VarNode{<com.jsh.erp.controller.UnitController: java.lang.String batchSetStatus(com.alibaba.fastjson.JSONObject,javax.servlet.http.HttpServletRequest)>/jsonObject}
VarNode{<com.jsh.erp.controller.UserBusinessController: java.lang.String checkIsNameExist(java.lang.Long,java.lang.String,javax.servlet.http.HttpServletRequest)>/name}
VarNode{<com.jsh.erp.controller.RoleController: com.jsh.erp.base.TableDataInfo getList(java.lang.String,javax.servlet.http.HttpServletRequest)>/search}
VarNode{<com.jsh.erp.controller.DepotItemController: com.jsh.erp.utils.BaseResponseInfo getInOutStock(java.lang.Integer,java.lang.Integer,java.lang.String,java.lang.Long,java.lang.String,java.lang.String,java.lang.String,java.lang.String,javax.servlet.http.HttpServletRequest)>/pageSize}
VarNode{<com.jsh.erp.controller.UserBusinessController: java.lang.String batchDeleteResource(java.lang.String,javax.servlet.http.HttpServletRequest)>/ids}
VarNode{<com.jsh.erp.controller.DepotHeadController: void debtExport(java.lang.Long,java.lang.String,java.lang.String,java.lang.String,java.lang.String,java.lang.String,java.lang.String,java.lang.String,java.lang.String,javax.servlet.http.HttpServletRequest,javax.servlet.http.HttpServletResponse)>/subType}
VarNode{<com.jsh.erp.controller.DepotItemController: java.lang.String getMaterialDepotStockByParam(java.lang.String,java.lang.Long,java.math.BigDecimal,java.lang.String,java.lang.String,javax.servlet.http.HttpServletRequest)>/beginTime}
VarNode{<com.jsh.erp.controller.UserController: java.lang.String weixinBind(com.alibaba.fastjson.JSONObject,javax.servlet.http.HttpServletRequest)>/jsonObject}
VarNode{<com.jsh.erp.controller.AccountController: com.jsh.erp.utils.BaseResponseInfo findAccountInOutList(java.lang.Integer,java.lang.Integer,java.lang.Long,java.math.BigDecimal,java.lang.String,java.lang.String,java.lang.String,javax.servlet.http.HttpServletRequest)>/currentPage}
VarNode{<com.jsh.erp.controller.MaterialPropertyController: java.lang.String checkIsNameExist(java.lang.Long,java.lang.String,javax.servlet.http.HttpServletRequest)>/name}
VarNode{<com.jsh.erp.controller.UserBusinessController: com.jsh.erp.utils.BaseResponseInfo getBasicData(java.lang.String,java.lang.String,javax.servlet.http.HttpServletRequest)>/type}
VarNode{<com.jsh.erp.controller.AccountController: java.lang.String getList(java.lang.Long,javax.servlet.http.HttpServletRequest)>/id}
VarNode{<com.jsh.erp.controller.DepotHeadController: com.jsh.erp.utils.BaseResponseInfo findallocationDetail(java.lang.Integer,java.lang.Integer,java.lang.String,java.lang.String,java.lang.Long,java.lang.Long,java.lang.Long,java.lang.Long,java.lang.String,java.lang.String,java.lang.String,java.lang.String,java.lang.String,java.lang.String,javax.servlet.http.HttpServletRequest)>/endTime}
VarNode{<com.jsh.erp.controller.PersonController: java.lang.String batchDeleteResource(java.lang.String,javax.servlet.http.HttpServletRequest)>/ids}
VarNode{<com.jsh.erp.controller.TenantController: java.lang.String batchSetStatus(com.alibaba.fastjson.JSONObject,javax.servlet.http.HttpServletRequest)>/jsonObject}
VarNode{<com.jsh.erp.controller.DepotHeadController: com.jsh.erp.utils.BaseResponseInfo findallocationDetail(java.lang.Integer,java.lang.Integer,java.lang.String,java.lang.String,java.lang.Long,java.lang.Long,java.lang.Long,java.lang.Long,java.lang.String,java.lang.String,java.lang.String,java.lang.String,java.lang.String,java.lang.String,javax.servlet.http.HttpServletRequest)>/column}
VarNode{<com.jsh.erp.controller.MaterialController: java.lang.String checkIsExist(java.lang.Long,java.lang.String,java.lang.String,java.lang.String,java.lang.String,java.lang.String,java.lang.String,java.lang.String,java.lang.String,java.lang.String,java.lang.Long,javax.servlet.http.HttpServletRequest)>/standard}
VarNode{<com.jsh.erp.controller.DepotItemController: java.lang.String getMaterialDepotStockByParam(java.lang.String,java.lang.Long,java.math.BigDecimal,java.lang.String,java.lang.String,javax.servlet.http.HttpServletRequest)>/endTime}
VarNode{<com.jsh.erp.controller.DepotItemController: com.jsh.erp.utils.BaseResponseInfo getInOutStock(java.lang.Integer,java.lang.Integer,java.lang.String,java.lang.Long,java.lang.String,java.lang.String,java.lang.String,java.lang.String,javax.servlet.http.HttpServletRequest)>/materialParam}
VarNode{<com.jsh.erp.controller.FunctionController: java.lang.String checkIsNumberExist(java.lang.Long,java.lang.String,javax.servlet.http.HttpServletRequest)>/id}
VarNode{<com.jsh.erp.controller.DepotHeadController: com.jsh.erp.utils.BaseResponseInfo getStatementAccount(java.lang.Integer,java.lang.Integer,java.lang.String,java.lang.String,java.lang.Integer,java.lang.Integer,java.lang.String,javax.servlet.http.HttpServletRequest)>/currentPage}
VarNode{<com.jsh.erp.controller.DepotHeadController: com.jsh.erp.utils.BaseResponseInfo findallocationDetail(java.lang.Integer,java.lang.Integer,java.lang.String,java.lang.String,java.lang.Long,java.lang.Long,java.lang.Long,java.lang.Long,java.lang.String,java.lang.String,java.lang.String,java.lang.String,java.lang.String,java.lang.String,javax.servlet.http.HttpServletRequest)>/categoryId}
VarNode{<com.jsh.erp.controller.OrganizationController: java.lang.String getList(java.lang.Long,javax.servlet.http.HttpServletRequest)>/id}
VarNode{<com.jsh.erp.controller.DepotController: java.lang.String checkIsNameExist(java.lang.Long,java.lang.String,javax.servlet.http.HttpServletRequest)>/name}
VarNode{<com.jsh.erp.controller.MaterialCategoryController: java.lang.String checkIsNameExist(java.lang.Long,java.lang.String,java.lang.Long,javax.servlet.http.HttpServletRequest)>/id}
VarNode{<com.jsh.erp.controller.DepotHeadController: void debtExport(java.lang.Long,java.lang.String,java.lang.String,java.lang.String,java.lang.String,java.lang.String,java.lang.String,java.lang.String,java.lang.String,javax.servlet.http.HttpServletRequest,javax.servlet.http.HttpServletResponse)>/materialParam}
VarNode{<com.jsh.erp.controller.MsgController: java.lang.String batchDeleteResource(java.lang.String,javax.servlet.http.HttpServletRequest)>/ids}
VarNode{<com.jsh.erp.controller.AccountController: com.jsh.erp.utils.BaseResponseInfo findAccountInOutList(java.lang.Integer,java.lang.Integer,java.lang.Long,java.math.BigDecimal,java.lang.String,java.lang.String,java.lang.String,javax.servlet.http.HttpServletRequest)>/beginTime}
VarNode{<com.jsh.erp.controller.SupplierController: com.alibaba.fastjson.JSONArray findBySelectOrgan(com.alibaba.fastjson.JSONObject,javax.servlet.http.HttpServletRequest)>/jsonObject}
VarNode{<com.jsh.erp.controller.DepotHeadController: com.jsh.erp.utils.BaseResponseInfo findInOutDetail(java.lang.Integer,java.lang.Integer,java.lang.Integer,java.lang.String,java.lang.String,java.lang.Long,java.lang.String,java.lang.String,java.lang.String,java.lang.Long,java.lang.Long,java.lang.Long,java.lang.String,java.lang.String,java.lang.String,javax.servlet.http.HttpServletRequest)>/currentPage}
VarNode{<com.jsh.erp.controller.SupplierController: com.jsh.erp.base.TableDataInfo getList(java.lang.String,javax.servlet.http.HttpServletRequest)>/search}
VarNode{<com.jsh.erp.controller.MsgController: com.jsh.erp.utils.BaseResponseInfo getMsgCountByStatus(java.lang.String,javax.servlet.http.HttpServletRequest)>/status}
VarNode{<com.jsh.erp.controller.DepotItemController: com.jsh.erp.utils.BaseResponseInfo importItemExcel(org.springframework.web.multipart.MultipartFile,java.lang.String,javax.servlet.http.HttpServletRequest,javax.servlet.http.HttpServletResponse)>/prefixNo}
VarNode{<com.jsh.erp.controller.PlatformConfigController: java.lang.String updateResource(com.alibaba.fastjson.JSONObject,javax.servlet.http.HttpServletRequest)>/obj}
VarNode{<com.jsh.erp.controller.MaterialController: void exportExcel(java.lang.String,java.lang.String,java.lang.String,java.lang.String,java.lang.String,java.lang.String,java.lang.String,java.lang.String,java.lang.String,java.lang.String,java.lang.String,javax.servlet.http.HttpServletRequest,javax.servlet.http.HttpServletResponse)>/mpList}
VarNode{<com.jsh.erp.controller.DepotHeadController: com.jsh.erp.utils.BaseResponseInfo getBillListByLinkNumber(java.lang.String,javax.servlet.http.HttpServletRequest)>/number}
VarNode{<com.jsh.erp.controller.MaterialPropertyController: java.lang.String addResource(com.alibaba.fastjson.JSONObject,javax.servlet.http.HttpServletRequest)>/obj}
VarNode{<com.jsh.erp.controller.UserController: com.jsh.erp.utils.BaseResponseInfo weixinLogin(com.alibaba.fastjson.JSONObject,javax.servlet.http.HttpServletRequest)>/jsonObject}
VarNode{<com.jsh.erp.controller.MaterialController: java.lang.String checkIsExist(java.lang.Long,java.lang.String,java.lang.String,java.lang.String,java.lang.String,java.lang.String,java.lang.String,java.lang.String,java.lang.String,java.lang.String,java.lang.Long,javax.servlet.http.HttpServletRequest)>/name}
VarNode{<com.jsh.erp.controller.FunctionController: java.lang.String batchDeleteResource(java.lang.String,javax.servlet.http.HttpServletRequest)>/ids}
VarNode{<com.jsh.erp.controller.SupplierController: com.alibaba.fastjson.JSONArray findBySelectSup(com.alibaba.fastjson.JSONObject,javax.servlet.http.HttpServletRequest)>/jsonObject}
VarNode{<com.jsh.erp.controller.SupplierController: java.lang.String batchDeleteResource(java.lang.String,javax.servlet.http.HttpServletRequest)>/ids}
VarNode{<com.jsh.erp.controller.DepotController: java.lang.String deleteResource(java.lang.Long,javax.servlet.http.HttpServletRequest)>/id}
VarNode{<com.jsh.erp.controller.DepotItemController: java.lang.String findDetailByDepotIdsAndMaterialId(java.lang.Integer,java.lang.Integer,java.lang.String,java.lang.String,java.lang.String,java.lang.String,java.lang.String,java.lang.String,java.lang.Long,javax.servlet.http.HttpServletRequest)>/number}
VarNode{<com.jsh.erp.controller.LogController: com.jsh.erp.base.TableDataInfo getList(java.lang.String,javax.servlet.http.HttpServletRequest)>/search}
VarNode{<com.jsh.erp.controller.RoleController: java.lang.String batchDeleteResource(java.lang.String,javax.servlet.http.HttpServletRequest)>/ids}
VarNode{<com.jsh.erp.controller.SupplierController: com.alibaba.fastjson.JSONObject getUserCustomerValue(java.lang.String,java.lang.String,javax.servlet.http.HttpServletRequest)>/type}
VarNode{<com.jsh.erp.controller.DepotItemController: com.jsh.erp.utils.BaseResponseInfo getInOutStockCountMoney(java.lang.String,java.lang.Long,java.lang.String,java.lang.String,javax.servlet.http.HttpServletRequest)>/depotIds}
VarNode{<com.jsh.erp.controller.AccountController: com.jsh.erp.utils.BaseResponseInfo findAccountInOutList(java.lang.Integer,java.lang.Integer,java.lang.Long,java.math.BigDecimal,java.lang.String,java.lang.String,java.lang.String,javax.servlet.http.HttpServletRequest)>/endTime}
VarNode{<com.jsh.erp.controller.MaterialController: com.jsh.erp.utils.BaseResponseInfo getMaterialByBarCode(java.lang.String,java.lang.Long,java.lang.Long,java.lang.String,java.lang.String,javax.servlet.http.HttpServletRequest)>/prefixNo}
VarNode{<com.jsh.erp.controller.MaterialController: void exportExcel(java.lang.String,java.lang.String,java.lang.String,java.lang.String,java.lang.String,java.lang.String,java.lang.String,java.lang.String,java.lang.String,java.lang.String,java.lang.String,javax.servlet.http.HttpServletRequest,javax.servlet.http.HttpServletResponse)>/enabled}
VarNode{<com.jsh.erp.controller.MaterialController: com.jsh.erp.utils.BaseResponseInfo getListWithStock(java.lang.Integer,java.lang.Integer,java.lang.String,java.lang.Long,java.lang.String,java.lang.String,java.lang.Integer,java.lang.String,java.lang.String,javax.servlet.http.HttpServletRequest)>/order}
VarNode{<com.jsh.erp.controller.MaterialPropertyController: com.jsh.erp.base.TableDataInfo getList(java.lang.String,javax.servlet.http.HttpServletRequest)>/search}
VarNode{<com.jsh.erp.controller.RoleController: java.lang.String updateResource(com.alibaba.fastjson.JSONObject,javax.servlet.http.HttpServletRequest)>/obj}
VarNode{<com.jsh.erp.controller.InOutItemController: java.lang.String addResource(com.alibaba.fastjson.JSONObject,javax.servlet.http.HttpServletRequest)>/obj}
VarNode{<com.jsh.erp.controller.MaterialController: java.lang.String getList(java.lang.Long,javax.servlet.http.HttpServletRequest)>/id}
VarNode{<com.jsh.erp.controller.MaterialController: java.lang.String checkIsExist(java.lang.Long,java.lang.String,java.lang.String,java.lang.String,java.lang.String,java.lang.String,java.lang.String,java.lang.String,java.lang.String,java.lang.String,java.lang.Long,javax.servlet.http.HttpServletRequest)>/otherField2}
VarNode{<com.jsh.erp.controller.UserBusinessController: com.jsh.erp.utils.BaseResponseInfo updateBtnStr(com.alibaba.fastjson.JSONObject,javax.servlet.http.HttpServletRequest)>/jsonObject}
VarNode{<com.jsh.erp.controller.OrganizationController: java.lang.String checkIsNameExist(java.lang.Long,java.lang.String,javax.servlet.http.HttpServletRequest)>/id}
VarNode{<com.jsh.erp.controller.MaterialController: com.alibaba.fastjson.JSONObject findBySelect(java.lang.Long,java.lang.String,java.lang.String,java.lang.String,java.lang.Long,java.lang.String,java.lang.String,java.lang.String,java.lang.String,java.lang.String,java.lang.String,java.lang.String,java.lang.String,java.lang.Integer,java.lang.Integer,javax.servlet.http.HttpServletRequest)>/categoryId}
VarNode{<com.jsh.erp.controller.UserController: java.lang.String batchDeleteResource(java.lang.String,javax.servlet.http.HttpServletRequest)>/ids}
VarNode{<com.jsh.erp.controller.SupplierController: java.lang.String getInfoByName(java.lang.String,java.lang.String,javax.servlet.http.HttpServletRequest)>/name}
VarNode{<com.jsh.erp.controller.SupplierController: void exportExcel(java.lang.String,java.lang.String,java.lang.String,java.lang.String,javax.servlet.http.HttpServletRequest,javax.servlet.http.HttpServletResponse)>/type}
VarNode{<com.jsh.erp.controller.MaterialController: java.lang.String batchUpdate(com.alibaba.fastjson.JSONObject,javax.servlet.http.HttpServletRequest)>/jsonObject}
VarNode{<com.jsh.erp.controller.DepotItemController: com.jsh.erp.utils.BaseResponseInfo saleOut(java.lang.Integer,java.lang.Integer,java.lang.String,java.lang.String,java.lang.Long,java.lang.Long,java.lang.Long,java.lang.Long,java.lang.String,java.lang.String,javax.servlet.http.HttpServletRequest)>/mpList}
VarNode{<com.jsh.erp.controller.DepotHeadController: java.lang.Object updateDepotHeadAndDetail(com.jsh.erp.datasource.entities.DepotHeadVo4Body,javax.servlet.http.HttpServletRequest)>/body}
VarNode{<com.jsh.erp.controller.TenantController: java.lang.String batchDeleteResource(java.lang.String,javax.servlet.http.HttpServletRequest)>/ids}
VarNode{<com.jsh.erp.controller.SupplierController: com.alibaba.fastjson.JSONArray findBySelectCus(com.alibaba.fastjson.JSONObject,javax.servlet.http.HttpServletRequest)>/jsonObject}
VarNode{<com.jsh.erp.controller.DepotHeadController: com.jsh.erp.utils.BaseResponseInfo findInOutDetail(java.lang.Integer,java.lang.Integer,java.lang.Integer,java.lang.String,java.lang.String,java.lang.Long,java.lang.String,java.lang.String,java.lang.String,java.lang.Long,java.lang.Long,java.lang.Long,java.lang.String,java.lang.String,java.lang.String,javax.servlet.http.HttpServletRequest)>/depotId}
VarNode{<com.jsh.erp.controller.DepotHeadController: void debtExport(java.lang.Long,java.lang.String,java.lang.String,java.lang.String,java.lang.String,java.lang.String,java.lang.String,java.lang.String,java.lang.String,javax.servlet.http.HttpServletRequest,javax.servlet.http.HttpServletResponse)>/status}
VarNode{<com.jsh.erp.controller.DepotHeadController: com.jsh.erp.utils.BaseResponseInfo findInOutDetail(java.lang.Integer,java.lang.Integer,java.lang.Integer,java.lang.String,java.lang.String,java.lang.Long,java.lang.String,java.lang.String,java.lang.String,java.lang.Long,java.lang.Long,java.lang.Long,java.lang.String,java.lang.String,java.lang.String,javax.servlet.http.HttpServletRequest)>/order}
VarNode{<com.jsh.erp.controller.RoleController: java.lang.String deleteResource(java.lang.Long,javax.servlet.http.HttpServletRequest)>/id}
VarNode{<com.jsh.erp.controller.SystemConfigController: java.lang.String updateResource(com.alibaba.fastjson.JSONObject,javax.servlet.http.HttpServletRequest)>/obj}
VarNode{<com.jsh.erp.controller.DepotItemController: com.jsh.erp.utils.BaseResponseInfo saleOut(java.lang.Integer,java.lang.Integer,java.lang.String,java.lang.String,java.lang.Long,java.lang.Long,java.lang.Long,java.lang.Long,java.lang.String,java.lang.String,javax.servlet.http.HttpServletRequest)>/materialParam}
VarNode{<com.jsh.erp.controller.SupplierController: java.lang.String checkIsNameExist(java.lang.Long,java.lang.String,javax.servlet.http.HttpServletRequest)>/name}
VarNode{<com.jsh.erp.controller.DepotItemController: com.jsh.erp.utils.BaseResponseInfo saleOut(java.lang.Integer,java.lang.Integer,java.lang.String,java.lang.String,java.lang.Long,java.lang.Long,java.lang.Long,java.lang.Long,java.lang.String,java.lang.String,javax.servlet.http.HttpServletRequest)>/depotId}
VarNode{<com.jsh.erp.controller.PersonController: java.lang.String checkIsNameExist(java.lang.Long,java.lang.String,javax.servlet.http.HttpServletRequest)>/id}
VarNode{<com.jsh.erp.controller.DepotHeadController: com.jsh.erp.utils.BaseResponseInfo findallocationDetail(java.lang.Integer,java.lang.Integer,java.lang.String,java.lang.String,java.lang.Long,java.lang.Long,java.lang.Long,java.lang.Long,java.lang.String,java.lang.String,java.lang.String,java.lang.String,java.lang.String,java.lang.String,javax.servlet.http.HttpServletRequest)>/currentPage}
VarNode{<com.jsh.erp.controller.DepotHeadController: void debtExport(java.lang.Long,java.lang.String,java.lang.String,java.lang.String,java.lang.String,java.lang.String,java.lang.String,java.lang.String,java.lang.String,javax.servlet.http.HttpServletRequest,javax.servlet.http.HttpServletResponse)>/type}
VarNode{<com.jsh.erp.controller.DepotItemController: com.jsh.erp.utils.BaseResponseInfo buyIn(java.lang.Integer,java.lang.Integer,java.lang.String,java.lang.String,java.lang.Long,java.lang.Long,java.lang.Long,java.lang.Long,java.lang.String,java.lang.String,javax.servlet.http.HttpServletRequest)>/mpList}
VarNode{<com.jsh.erp.controller.DepotHeadController: com.jsh.erp.utils.BaseResponseInfo findInOutMaterialCount(java.lang.Integer,java.lang.Integer,java.lang.Integer,java.lang.String,java.lang.Long,java.lang.Long,java.lang.Long,java.lang.String,java.lang.String,java.lang.String,java.lang.String,java.lang.String,javax.servlet.http.HttpServletRequest)>/depotId}
VarNode{<com.jsh.erp.controller.DepotItemController: com.jsh.erp.utils.BaseResponseInfo retailOut(java.lang.Integer,java.lang.Integer,java.lang.String,java.lang.String,java.lang.Long,java.lang.Long,java.lang.Long,java.lang.Long,java.lang.String,java.lang.String,javax.servlet.http.HttpServletRequest)>/organId}
VarNode{<com.jsh.erp.controller.DepotHeadController: com.jsh.erp.utils.BaseResponseInfo findInOutMaterialCount(java.lang.Integer,java.lang.Integer,java.lang.Integer,java.lang.String,java.lang.Long,java.lang.Long,java.lang.Long,java.lang.String,java.lang.String,java.lang.String,java.lang.String,java.lang.String,javax.servlet.http.HttpServletRequest)>/order}
VarNode{<com.jsh.erp.controller.DepotHeadController: com.jsh.erp.utils.BaseResponseInfo findInOutDetail(java.lang.Integer,java.lang.Integer,java.lang.Integer,java.lang.String,java.lang.String,java.lang.Long,java.lang.String,java.lang.String,java.lang.String,java.lang.Long,java.lang.Long,java.lang.Long,java.lang.String,java.lang.String,java.lang.String,javax.servlet.http.HttpServletRequest)>/materialParam}
VarNode{<com.jsh.erp.controller.InOutItemController: java.lang.String deleteResource(java.lang.Long,javax.servlet.http.HttpServletRequest)>/id}
VarNode{<com.jsh.erp.controller.MaterialAttributeController: java.lang.String deleteResource(java.lang.Long,javax.servlet.http.HttpServletRequest)>/id}
VarNode{<com.jsh.erp.controller.MsgController: java.lang.String checkIsNameExist(java.lang.Long,java.lang.String,javax.servlet.http.HttpServletRequest)>/name}
VarNode{<com.jsh.erp.controller.DepotItemController: com.jsh.erp.utils.BaseResponseInfo importItemExcel(org.springframework.web.multipart.MultipartFile,java.lang.String,javax.servlet.http.HttpServletRequest,javax.servlet.http.HttpServletResponse)>/file}
VarNode{<com.jsh.erp.controller.MaterialController: com.jsh.erp.base.TableDataInfo getMaterialDepotStock(java.lang.String,java.lang.Long,javax.servlet.http.HttpServletRequest)>/mId}
VarNode{<com.jsh.erp.controller.DepotItemController: com.jsh.erp.utils.BaseResponseInfo buyIn(java.lang.Integer,java.lang.Integer,java.lang.String,java.lang.String,java.lang.Long,java.lang.Long,java.lang.Long,java.lang.Long,java.lang.String,java.lang.String,javax.servlet.http.HttpServletRequest)>/depotId}
VarNode{<com.jsh.erp.controller.MaterialCategoryController: java.lang.String deleteResource(java.lang.Long,javax.servlet.http.HttpServletRequest)>/id}
VarNode{<com.jsh.erp.controller.MaterialController: java.lang.String checkIsExist(java.lang.Long,java.lang.String,java.lang.String,java.lang.String,java.lang.String,java.lang.String,java.lang.String,java.lang.String,java.lang.String,java.lang.String,java.lang.Long,javax.servlet.http.HttpServletRequest)>/model}
VarNode{<com.jsh.erp.controller.UnitController: java.lang.String checkIsNameExist(java.lang.Long,java.lang.String,javax.servlet.http.HttpServletRequest)>/name}
VarNode{<com.jsh.erp.controller.SupplierController: com.jsh.erp.utils.BaseResponseInfo getBeginNeedByOrganId(java.lang.Long,javax.servlet.http.HttpServletRequest)>/organId}
VarNode{<com.jsh.erp.controller.AccountController: java.lang.String checkIsNameExist(java.lang.Long,java.lang.String,javax.servlet.http.HttpServletRequest)>/name}
VarNode{<com.jsh.erp.controller.DepotItemController: java.lang.String findDetailByDepotIdsAndMaterialId(java.lang.Integer,java.lang.Integer,java.lang.String,java.lang.String,java.lang.String,java.lang.String,java.lang.String,java.lang.String,java.lang.Long,javax.servlet.http.HttpServletRequest)>/mId}
VarNode{<com.jsh.erp.controller.DepotItemController: com.jsh.erp.utils.BaseResponseInfo getInOutStock(java.lang.Integer,java.lang.Integer,java.lang.String,java.lang.Long,java.lang.String,java.lang.String,java.lang.String,java.lang.String,javax.servlet.http.HttpServletRequest)>/currentPage}
VarNode{<com.jsh.erp.controller.TenantController: java.lang.String updateResource(com.alibaba.fastjson.JSONObject,javax.servlet.http.HttpServletRequest)>/obj}
VarNode{<com.jsh.erp.controller.DepotHeadController: java.lang.String forceClosePurchaseBatch(com.alibaba.fastjson.JSONObject,javax.servlet.http.HttpServletRequest)>/jsonObject}
VarNode{<com.jsh.erp.controller.MaterialController: void exportExcel(java.lang.String,java.lang.String,java.lang.String,java.lang.String,java.lang.String,java.lang.String,java.lang.String,java.lang.String,java.lang.String,java.lang.String,java.lang.String,javax.servlet.http.HttpServletRequest,javax.servlet.http.HttpServletResponse)>/enableBatchNumber}
VarNode{<com.jsh.erp.controller.MaterialController: void exportExcel(java.lang.String,java.lang.String,java.lang.String,java.lang.String,java.lang.String,java.lang.String,java.lang.String,java.lang.String,java.lang.String,java.lang.String,java.lang.String,javax.servlet.http.HttpServletRequest,javax.servlet.http.HttpServletResponse)>/enableSerialNumber}
VarNode{<com.jsh.erp.controller.MaterialController: com.alibaba.fastjson.JSONObject findBySelect(java.lang.Long,java.lang.String,java.lang.String,java.lang.String,java.lang.Long,java.lang.String,java.lang.String,java.lang.String,java.lang.String,java.lang.String,java.lang.String,java.lang.String,java.lang.String,java.lang.Integer,java.lang.Integer,javax.servlet.http.HttpServletRequest)>/enableBatchNumber}
VarNode{<com.jsh.erp.controller.FunctionController: java.lang.String deleteResource(java.lang.Long,javax.servlet.http.HttpServletRequest)>/id}
VarNode{<com.jsh.erp.controller.DepotItemController: com.jsh.erp.utils.BaseResponseInfo buyIn(java.lang.Integer,java.lang.Integer,java.lang.String,java.lang.String,java.lang.Long,java.lang.Long,java.lang.Long,java.lang.Long,java.lang.String,java.lang.String,javax.servlet.http.HttpServletRequest)>/organizationId}
VarNode{<com.jsh.erp.controller.DepotItemController: com.jsh.erp.utils.BaseResponseInfo getBatchNumberList(java.lang.String,java.lang.Long,java.lang.Long,java.lang.String,java.lang.String,javax.servlet.http.HttpServletRequest)>/batchNumber}
VarNode{<com.jsh.erp.controller.DepotItemController: com.jsh.erp.utils.BaseResponseInfo buyIn(java.lang.Integer,java.lang.Integer,java.lang.String,java.lang.String,java.lang.Long,java.lang.Long,java.lang.Long,java.lang.Long,java.lang.String,java.lang.String,javax.servlet.http.HttpServletRequest)>/currentPage}
VarNode{<com.jsh.erp.controller.MaterialController: com.jsh.erp.utils.BaseResponseInfo findByIdWithBarCode(java.lang.Long,java.lang.String,javax.servlet.http.HttpServletRequest)>/meId}
VarNode{<com.jsh.erp.controller.PlatformConfigController: java.lang.String addResource(com.alibaba.fastjson.JSONObject,javax.servlet.http.HttpServletRequest)>/obj}
VarNode{<com.jsh.erp.controller.MaterialController: java.lang.String checkIsExist(java.lang.Long,java.lang.String,java.lang.String,java.lang.String,java.lang.String,java.lang.String,java.lang.String,java.lang.String,java.lang.String,java.lang.String,java.lang.Long,javax.servlet.http.HttpServletRequest)>/unit}
VarNode{<com.jsh.erp.controller.DepotHeadController: com.jsh.erp.utils.BaseResponseInfo findInOutMaterialCount(java.lang.Integer,java.lang.Integer,java.lang.Integer,java.lang.String,java.lang.Long,java.lang.Long,java.lang.Long,java.lang.String,java.lang.String,java.lang.String,java.lang.String,java.lang.String,javax.servlet.http.HttpServletRequest)>/oId}
VarNode{<com.jsh.erp.controller.DepotItemController: com.jsh.erp.utils.BaseResponseInfo retailOut(java.lang.Integer,java.lang.Integer,java.lang.String,java.lang.String,java.lang.Long,java.lang.Long,java.lang.Long,java.lang.Long,java.lang.String,java.lang.String,javax.servlet.http.HttpServletRequest)>/endTime}
VarNode{<com.jsh.erp.controller.AccountHeadController: java.lang.Object addAccountHeadAndDetail(com.jsh.erp.datasource.entities.AccountHeadVo4Body,javax.servlet.http.HttpServletRequest)>/body}
VarNode{<com.jsh.erp.controller.DepotItemController: java.lang.String getMaterialDepotStockByParam(java.lang.String,java.lang.Long,java.math.BigDecimal,java.lang.String,java.lang.String,javax.servlet.http.HttpServletRequest)>/depotIds}
VarNode{<com.jsh.erp.controller.TenantController: java.lang.String deleteResource(java.lang.Long,javax.servlet.http.HttpServletRequest)>/id}
VarNode{<com.jsh.erp.controller.DepotHeadController: void debtExport(java.lang.Long,java.lang.String,java.lang.String,java.lang.String,java.lang.String,java.lang.String,java.lang.String,java.lang.String,java.lang.String,javax.servlet.http.HttpServletRequest,javax.servlet.http.HttpServletResponse)>/organId}
VarNode{<com.jsh.erp.controller.SupplierController: java.lang.String checkIsNameAndTypeExist(java.lang.Long,java.lang.String,java.lang.String,javax.servlet.http.HttpServletRequest)>/id}
VarNode{<com.jsh.erp.controller.AccountHeadController: com.jsh.erp.utils.BaseResponseInfo getFinancialBillNoByBillId(java.lang.Long,javax.servlet.http.HttpServletRequest)>/billId}
VarNode{<com.jsh.erp.controller.DepotItemController: com.jsh.erp.utils.BaseResponseInfo findStockWarningCount(java.lang.Integer,java.lang.Integer,java.lang.String,java.lang.Long,java.lang.Long,java.lang.String)>/currentPage}
VarNode{<com.jsh.erp.controller.AccountController: com.jsh.erp.utils.BaseResponseInfo findAccountInOutList(java.lang.Integer,java.lang.Integer,java.lang.Long,java.math.BigDecimal,java.lang.String,java.lang.String,java.lang.String,javax.servlet.http.HttpServletRequest)>/pageSize}
VarNode{<com.jsh.erp.controller.DepotHeadController: java.lang.String batchSetStatus(com.alibaba.fastjson.JSONObject,javax.servlet.http.HttpServletRequest)>/jsonObject}
VarNode{<com.jsh.erp.controller.MaterialController: com.alibaba.fastjson.JSONObject getMaterialByMeId(java.lang.Long,java.lang.String,javax.servlet.http.HttpServletRequest)>/mpList}
VarNode{<com.jsh.erp.controller.AccountController: com.jsh.erp.base.TableDataInfo listWithBalance(java.lang.String,java.lang.String,javax.servlet.http.HttpServletRequest)>/serialNo}
VarNode{<com.jsh.erp.controller.DepotHeadController: com.jsh.erp.utils.BaseResponseInfo getNeedCount(java.lang.String,javax.servlet.http.HttpServletRequest)>/type}
VarNode{<com.jsh.erp.controller.UserController: com.jsh.erp.utils.BaseResponseInfo login(com.jsh.erp.datasource.entities.UserEx,javax.servlet.http.HttpServletRequest)>/userParam}
VarNode{<com.jsh.erp.controller.DepotHeadController: void debtExport(java.lang.Long,java.lang.String,java.lang.String,java.lang.String,java.lang.String,java.lang.String,java.lang.String,java.lang.String,java.lang.String,javax.servlet.http.HttpServletRequest,javax.servlet.http.HttpServletResponse)>/number}
VarNode{<com.jsh.erp.controller.MaterialController: void exportExcel(java.lang.String,java.lang.String,java.lang.String,java.lang.String,java.lang.String,java.lang.String,java.lang.String,java.lang.String,java.lang.String,java.lang.String,java.lang.String,javax.servlet.http.HttpServletRequest,javax.servlet.http.HttpServletResponse)>/materialParam}
VarNode{<com.jsh.erp.controller.FunctionController: java.lang.String getList(java.lang.Long,javax.servlet.http.HttpServletRequest)>/id}
VarNode{<com.jsh.erp.controller.DepotHeadController: java.lang.Object batchAddDepotHeadAndDetail(com.alibaba.fastjson.JSONObject,javax.servlet.http.HttpServletRequest)>/jsonObject}
VarNode{<com.jsh.erp.controller.MaterialController: com.alibaba.fastjson.JSONObject findBySelect(java.lang.Long,java.lang.String,java.lang.String,java.lang.String,java.lang.Long,java.lang.String,java.lang.String,java.lang.String,java.lang.String,java.lang.String,java.lang.String,java.lang.String,java.lang.String,java.lang.Integer,java.lang.Integer,javax.servlet.http.HttpServletRequest)>/otherField3}
VarNode{<com.jsh.erp.controller.DepotHeadController: void debtExport(java.lang.Long,java.lang.String,java.lang.String,java.lang.String,java.lang.String,java.lang.String,java.lang.String,java.lang.String,java.lang.String,javax.servlet.http.HttpServletRequest,javax.servlet.http.HttpServletResponse)>/beginTime}
VarNode{<com.jsh.erp.controller.MaterialController: com.jsh.erp.utils.BaseResponseInfo getListWithStock(java.lang.Integer,java.lang.Integer,java.lang.String,java.lang.Long,java.lang.String,java.lang.String,java.lang.Integer,java.lang.String,java.lang.String,javax.servlet.http.HttpServletRequest)>/column}
VarNode{<com.jsh.erp.controller.DepotItemController: java.lang.String getMaterialDepotStockByParam(java.lang.String,java.lang.Long,java.math.BigDecimal,java.lang.String,java.lang.String,javax.servlet.http.HttpServletRequest)>/mId}
VarNode{<com.jsh.erp.controller.MaterialController: void exportExcel(java.lang.String,java.lang.String,java.lang.String,java.lang.String,java.lang.String,java.lang.String,java.lang.String,java.lang.String,java.lang.String,java.lang.String,java.lang.String,javax.servlet.http.HttpServletRequest,javax.servlet.http.HttpServletResponse)>/color}
VarNode{<com.jsh.erp.controller.DepotHeadController: java.lang.String debtList(java.lang.String,java.lang.Integer,java.lang.Integer,javax.servlet.http.HttpServletRequest)>/pageSize}
VarNode{<com.jsh.erp.controller.MaterialController: java.lang.String checkIsNameExist(java.lang.Long,java.lang.String,javax.servlet.http.HttpServletRequest)>/name}
VarNode{<com.jsh.erp.controller.DepotItemController: java.lang.String findDetailByDepotIdsAndMaterialId(java.lang.Integer,java.lang.Integer,java.lang.String,java.lang.String,java.lang.String,java.lang.String,java.lang.String,java.lang.String,java.lang.Long,javax.servlet.http.HttpServletRequest)>/sku}
VarNode{<com.jsh.erp.controller.TenantController: java.lang.String checkIsNameExist(java.lang.Long,java.lang.String,javax.servlet.http.HttpServletRequest)>/id}
VarNode{<com.jsh.erp.controller.MaterialPropertyController: java.lang.String getList(java.lang.Long,javax.servlet.http.HttpServletRequest)>/id}
VarNode{<com.jsh.erp.controller.MsgController: com.jsh.erp.utils.BaseResponseInfo getMsgByStatus(java.lang.String,javax.servlet.http.HttpServletRequest)>/status}
VarNode{<com.jsh.erp.controller.MaterialController: java.lang.String batchSetMaterialCurrentUnitPrice(com.alibaba.fastjson.JSONObject,javax.servlet.http.HttpServletRequest)>/jsonObject}
VarNode{<com.jsh.erp.controller.DepotHeadController: com.jsh.erp.utils.BaseResponseInfo findallocationDetail(java.lang.Integer,java.lang.Integer,java.lang.String,java.lang.String,java.lang.Long,java.lang.Long,java.lang.Long,java.lang.Long,java.lang.String,java.lang.String,java.lang.String,java.lang.String,java.lang.String,java.lang.String,javax.servlet.http.HttpServletRequest)>/organizationId}
VarNode{<com.jsh.erp.controller.MaterialExtendController: java.lang.String updateResource(com.alibaba.fastjson.JSONObject,javax.servlet.http.HttpServletRequest)>/obj}
VarNode{<com.jsh.erp.controller.DepotHeadController: void debtExport(java.lang.Long,java.lang.String,java.lang.String,java.lang.String,java.lang.String,java.lang.String,java.lang.String,java.lang.String,java.lang.String,javax.servlet.http.HttpServletRequest,javax.servlet.http.HttpServletResponse)>/endTime}
VarNode{<com.jsh.erp.controller.PluginController: com.jsh.erp.utils.BaseResponseInfo start(java.lang.String)>/id}
VarNode{<com.jsh.erp.controller.PluginController: com.jsh.erp.utils.BaseResponseInfo uninstall(java.lang.String)>/id}
VarNode{<com.jsh.erp.controller.UserController: java.lang.String checkIsNameExist(java.lang.Long,java.lang.String,javax.servlet.http.HttpServletRequest)>/name}
VarNode{<com.jsh.erp.controller.MaterialController: void exportExcel(java.lang.String,java.lang.String,java.lang.String,java.lang.String,java.lang.String,java.lang.String,java.lang.String,java.lang.String,java.lang.String,java.lang.String,java.lang.String,javax.servlet.http.HttpServletRequest,javax.servlet.http.HttpServletResponse)>/expiryNum}
VarNode{<com.jsh.erp.controller.FunctionController: java.lang.String checkIsNameExist(java.lang.Long,java.lang.String,javax.servlet.http.HttpServletRequest)>/name}
VarNode{<com.jsh.erp.controller.FunctionController: java.lang.String addResource(com.alibaba.fastjson.JSONObject,javax.servlet.http.HttpServletRequest)>/obj}
VarNode{<com.jsh.erp.controller.MaterialController: com.jsh.erp.utils.BaseResponseInfo getListWithStock(java.lang.Integer,java.lang.Integer,java.lang.String,java.lang.Long,java.lang.String,java.lang.String,java.lang.Integer,java.lang.String,java.lang.String,javax.servlet.http.HttpServletRequest)>/currentPage}
VarNode{<com.jsh.erp.controller.DepotItemController: com.jsh.erp.utils.BaseResponseInfo getDetailList(java.lang.Long,java.lang.String,java.lang.String,java.lang.String,javax.servlet.http.HttpServletRequest)>/headerId}
VarNode{<com.jsh.erp.controller.DepotHeadController: com.jsh.erp.utils.BaseResponseInfo findInOutMaterialCount(java.lang.Integer,java.lang.Integer,java.lang.Integer,java.lang.String,java.lang.Long,java.lang.Long,java.lang.Long,java.lang.String,java.lang.String,java.lang.String,java.lang.String,java.lang.String,javax.servlet.http.HttpServletRequest)>/endTime}
VarNode{<com.jsh.erp.controller.TenantController: com.jsh.erp.base.TableDataInfo getList(java.lang.String,javax.servlet.http.HttpServletRequest)>/search}
VarNode{<com.jsh.erp.controller.DepotItemController: com.jsh.erp.utils.BaseResponseInfo retailOut(java.lang.Integer,java.lang.Integer,java.lang.String,java.lang.String,java.lang.Long,java.lang.Long,java.lang.Long,java.lang.Long,java.lang.String,java.lang.String,javax.servlet.http.HttpServletRequest)>/currentPage}
VarNode{<com.jsh.erp.controller.SupplierController: java.lang.String deleteResource(java.lang.Long,javax.servlet.http.HttpServletRequest)>/id}
VarNode{<com.jsh.erp.controller.PluginController: com.jsh.erp.utils.BaseResponseInfo getPluginInfo(java.lang.String,java.lang.Integer,java.lang.Integer,javax.servlet.http.HttpServletRequest)>/pageSize}
VarNode{<com.jsh.erp.controller.SupplierController: java.lang.String checkIsNameExist(java.lang.Long,java.lang.String,javax.servlet.http.HttpServletRequest)>/id}
VarNode{<com.jsh.erp.controller.DepotItemController: com.jsh.erp.utils.BaseResponseInfo findStockWarningCount(java.lang.Integer,java.lang.Integer,java.lang.String,java.lang.Long,java.lang.Long,java.lang.String)>/pageSize}
VarNode{<com.jsh.erp.controller.MaterialExtendController: java.lang.String addResource(com.alibaba.fastjson.JSONObject,javax.servlet.http.HttpServletRequest)>/obj}
VarNode{<com.jsh.erp.controller.AccountController: java.lang.String checkIsNameExist(java.lang.Long,java.lang.String,javax.servlet.http.HttpServletRequest)>/id}
VarNode{<com.jsh.erp.controller.MaterialExtendController: java.lang.String batchDeleteResource(java.lang.String,javax.servlet.http.HttpServletRequest)>/ids}
VarNode{<com.jsh.erp.controller.DepotItemController: com.jsh.erp.utils.BaseResponseInfo buyIn(java.lang.Integer,java.lang.Integer,java.lang.String,java.lang.String,java.lang.Long,java.lang.Long,java.lang.Long,java.lang.Long,java.lang.String,java.lang.String,javax.servlet.http.HttpServletRequest)>/beginTime}
VarNode{<com.jsh.erp.controller.UserBusinessController: com.jsh.erp.utils.BaseResponseInfo updateOneValueByKeyIdAndType(com.alibaba.fastjson.JSONObject,javax.servlet.http.HttpServletRequest)>/jsonObject}
VarNode{<com.jsh.erp.controller.PlatformConfigController: java.lang.String deleteResource(java.lang.Long,javax.servlet.http.HttpServletRequest)>/id}
VarNode{<com.jsh.erp.controller.MaterialController: com.alibaba.fastjson.JSONObject findBySelect(java.lang.Long,java.lang.String,java.lang.String,java.lang.String,java.lang.Long,java.lang.String,java.lang.String,java.lang.String,java.lang.String,java.lang.String,java.lang.String,java.lang.String,java.lang.String,java.lang.Integer,java.lang.Integer,javax.servlet.http.HttpServletRequest)>/color}
VarNode{<com.jsh.erp.controller.FunctionController: com.alibaba.fastjson.JSONArray findRoleFunction(java.lang.String,java.lang.String,javax.servlet.http.HttpServletRequest)>/type}
VarNode{<com.jsh.erp.controller.DepotHeadController: com.jsh.erp.utils.BaseResponseInfo getDetailByNumber(java.lang.String,javax.servlet.http.HttpServletRequest)>/number}
VarNode{<com.jsh.erp.controller.UserController: com.alibaba.fastjson.JSONArray getUserWithChecked(java.lang.String,java.lang.String,javax.servlet.http.HttpServletRequest)>/type}
VarNode{<com.jsh.erp.controller.AccountController: java.lang.String updateIsDefault(com.alibaba.fastjson.JSONObject,javax.servlet.http.HttpServletRequest)>/object}
VarNode{<com.jsh.erp.controller.FunctionController: com.alibaba.fastjson.JSONArray findMenuByPNumber(com.alibaba.fastjson.JSONObject,javax.servlet.http.HttpServletRequest)>/jsonObject}
VarNode{<com.jsh.erp.controller.AccountHeadController: com.jsh.erp.base.TableDataInfo getList(java.lang.String,javax.servlet.http.HttpServletRequest)>/search}
VarNode{<com.jsh.erp.controller.AccountController: com.jsh.erp.utils.BaseResponseInfo findAccountInOutList(java.lang.Integer,java.lang.Integer,java.lang.Long,java.math.BigDecimal,java.lang.String,java.lang.String,java.lang.String,javax.servlet.http.HttpServletRequest)>/initialAmount}
VarNode{<com.jsh.erp.controller.MaterialController: com.alibaba.fastjson.JSONObject findBySelect(java.lang.Long,java.lang.String,java.lang.String,java.lang.String,java.lang.Long,java.lang.String,java.lang.String,java.lang.String,java.lang.String,java.lang.String,java.lang.String,java.lang.String,java.lang.String,java.lang.Integer,java.lang.Integer,javax.servlet.http.HttpServletRequest)>/mpList}
VarNode{<com.jsh.erp.controller.MaterialAttributeController: java.lang.String batchDeleteResource(java.lang.String,javax.servlet.http.HttpServletRequest)>/ids}
VarNode{<com.jsh.erp.controller.PlatformConfigController: java.lang.String getList(java.lang.Long,javax.servlet.http.HttpServletRequest)>/id}
VarNode{<com.jsh.erp.controller.DepotItemController: com.jsh.erp.utils.BaseResponseInfo saleOut(java.lang.Integer,java.lang.Integer,java.lang.String,java.lang.String,java.lang.Long,java.lang.Long,java.lang.Long,java.lang.Long,java.lang.String,java.lang.String,javax.servlet.http.HttpServletRequest)>/organizationId}
VarNode{<com.jsh.erp.controller.MaterialController: java.lang.String deleteResource(java.lang.Long,javax.servlet.http.HttpServletRequest)>/id}
VarNode{<com.jsh.erp.controller.MaterialController: void exportExcel(java.lang.String,java.lang.String,java.lang.String,java.lang.String,java.lang.String,java.lang.String,java.lang.String,java.lang.String,java.lang.String,java.lang.String,java.lang.String,javax.servlet.http.HttpServletRequest,javax.servlet.http.HttpServletResponse)>/weight}
VarNode{<org.springframework.web.context.request.RequestContextHolder: org.springframework.web.context.request.RequestAttributes getRequestAttributes()>/$r3}
VarNode{<com.jsh.erp.controller.AccountHeadController: java.lang.String getList(java.lang.Long,javax.servlet.http.HttpServletRequest)>/id}
VarNode{<com.jsh.erp.controller.MaterialController: com.jsh.erp.utils.BaseResponseInfo getListWithStock(java.lang.Integer,java.lang.Integer,java.lang.String,java.lang.Long,java.lang.String,java.lang.String,java.lang.Integer,java.lang.String,java.lang.String,javax.servlet.http.HttpServletRequest)>/materialParam}
VarNode{<com.jsh.erp.controller.DepotItemController: com.jsh.erp.utils.BaseResponseInfo getInOutStock(java.lang.Integer,java.lang.Integer,java.lang.String,java.lang.Long,java.lang.String,java.lang.String,java.lang.String,java.lang.String,javax.servlet.http.HttpServletRequest)>/depotIds}
VarNode{<com.jsh.erp.controller.MsgController: com.jsh.erp.utils.BaseResponseInfo getMsgCountByType(java.lang.String,javax.servlet.http.HttpServletRequest)>/type}
VarNode{<com.jsh.erp.controller.MsgController: com.jsh.erp.base.TableDataInfo getList(java.lang.String,javax.servlet.http.HttpServletRequest)>/search}
VarNode{<com.jsh.erp.controller.DepotHeadController: java.lang.String waitBillList(java.lang.String,java.lang.Integer,java.lang.Integer,javax.servlet.http.HttpServletRequest)>/currentPage}
VarNode{<com.jsh.erp.controller.DepotItemController: com.jsh.erp.utils.BaseResponseInfo retailOut(java.lang.Integer,java.lang.Integer,java.lang.String,java.lang.String,java.lang.Long,java.lang.Long,java.lang.Long,java.lang.Long,java.lang.String,java.lang.String,javax.servlet.http.HttpServletRequest)>/beginTime}
VarNode{<com.jsh.erp.controller.MaterialController: com.jsh.erp.utils.BaseResponseInfo getMaterialByParam(java.lang.String,javax.servlet.http.HttpServletRequest)>/q}
VarNode{<com.jsh.erp.controller.DepotItemController: com.jsh.erp.utils.BaseResponseInfo findStockWarningCount(java.lang.Integer,java.lang.Integer,java.lang.String,java.lang.Long,java.lang.Long,java.lang.String)>/depotId}
VarNode{<com.jsh.erp.controller.DepotHeadController: com.jsh.erp.utils.BaseResponseInfo findInOutDetail(java.lang.Integer,java.lang.Integer,java.lang.Integer,java.lang.String,java.lang.String,java.lang.Long,java.lang.String,java.lang.String,java.lang.String,java.lang.Long,java.lang.Long,java.lang.Long,java.lang.String,java.lang.String,java.lang.String,javax.servlet.http.HttpServletRequest)>/type}
VarNode{<com.jsh.erp.controller.MaterialController: com.jsh.erp.base.TableDataInfo getList(java.lang.String,javax.servlet.http.HttpServletRequest)>/search}
VarNode{<com.jsh.erp.controller.UserController: java.lang.String getList(java.lang.Long,javax.servlet.http.HttpServletRequest)>/id}
VarNode{<com.jsh.erp.controller.DepotItemController: com.jsh.erp.utils.BaseResponseInfo buyIn(java.lang.Integer,java.lang.Integer,java.lang.String,java.lang.String,java.lang.Long,java.lang.Long,java.lang.Long,java.lang.Long,java.lang.String,java.lang.String,javax.servlet.http.HttpServletRequest)>/pageSize}
VarNode{<com.jsh.erp.controller.SystemConfigController: void exportExcelByParam(com.alibaba.fastjson.JSONObject,javax.servlet.http.HttpServletResponse)>/jsonObject}
VarNode{<com.jsh.erp.controller.FunctionController: java.lang.String checkIsNameExist(java.lang.Long,java.lang.String,javax.servlet.http.HttpServletRequest)>/id}
VarNode{<com.jsh.erp.controller.AccountController: com.jsh.erp.utils.BaseResponseInfo getStatistics(java.lang.String,java.lang.String,javax.servlet.http.HttpServletRequest)>/name}
VarNode{<com.jsh.erp.controller.MaterialAttributeController: java.lang.String checkIsNameExist(java.lang.Long,java.lang.String,javax.servlet.http.HttpServletRequest)>/name}
VarNode{<com.jsh.erp.controller.MaterialController: java.lang.String batchSetMaterialCurrentStock(com.alibaba.fastjson.JSONObject,javax.servlet.http.HttpServletRequest)>/jsonObject}
VarNode{<com.jsh.erp.controller.MsgController: java.lang.String deleteResource(java.lang.Long,javax.servlet.http.HttpServletRequest)>/id}
VarNode{<com.jsh.erp.controller.DepotHeadController: com.jsh.erp.utils.BaseResponseInfo findInOutDetail(java.lang.Integer,java.lang.Integer,java.lang.Integer,java.lang.String,java.lang.String,java.lang.Long,java.lang.String,java.lang.String,java.lang.String,java.lang.Long,java.lang.Long,java.lang.Long,java.lang.String,java.lang.String,java.lang.String,javax.servlet.http.HttpServletRequest)>/endTime}
VarNode{<com.jsh.erp.controller.DepotItemController: com.jsh.erp.utils.BaseResponseInfo saleOut(java.lang.Integer,java.lang.Integer,java.lang.String,java.lang.String,java.lang.Long,java.lang.Long,java.lang.Long,java.lang.Long,java.lang.String,java.lang.String,javax.servlet.http.HttpServletRequest)>/categoryId}
VarNode{<com.jsh.erp.controller.DepotItemController: com.jsh.erp.utils.BaseResponseInfo retailOut(java.lang.Integer,java.lang.Integer,java.lang.String,java.lang.String,java.lang.Long,java.lang.Long,java.lang.Long,java.lang.Long,java.lang.String,java.lang.String,javax.servlet.http.HttpServletRequest)>/categoryId}
VarNode{<com.jsh.erp.controller.InOutItemController: java.lang.String updateResource(com.alibaba.fastjson.JSONObject,javax.servlet.http.HttpServletRequest)>/obj}
VarNode{<com.jsh.erp.controller.MaterialController: com.alibaba.fastjson.JSONObject findBySelect(java.lang.Long,java.lang.String,java.lang.String,java.lang.String,java.lang.Long,java.lang.String,java.lang.String,java.lang.String,java.lang.String,java.lang.String,java.lang.String,java.lang.String,java.lang.String,java.lang.Integer,java.lang.Integer,javax.servlet.http.HttpServletRequest)>/mfrs}
VarNode{<com.jsh.erp.controller.MaterialCategoryController: java.lang.String updateResource(com.alibaba.fastjson.JSONObject,javax.servlet.http.HttpServletRequest)>/obj}
VarNode{<com.jsh.erp.controller.DepotItemController: com.jsh.erp.utils.BaseResponseInfo getInOutStockCountMoney(java.lang.String,java.lang.Long,java.lang.String,java.lang.String,javax.servlet.http.HttpServletRequest)>/categoryId}
VarNode{<com.jsh.erp.controller.MaterialController: java.lang.String checkIsExist(java.lang.Long,java.lang.String,java.lang.String,java.lang.String,java.lang.String,java.lang.String,java.lang.String,java.lang.String,java.lang.String,java.lang.String,java.lang.Long,javax.servlet.http.HttpServletRequest)>/otherField1}
VarNode{<com.jsh.erp.controller.SystemConfigController: java.lang.String addResource(com.alibaba.fastjson.JSONObject,javax.servlet.http.HttpServletRequest)>/obj}
VarNode{<com.jsh.erp.controller.DepotController: java.lang.String updateResource(com.alibaba.fastjson.JSONObject,javax.servlet.http.HttpServletRequest)>/obj}
VarNode{<com.jsh.erp.controller.DepotController: java.lang.String checkIsNameExist(java.lang.Long,java.lang.String,javax.servlet.http.HttpServletRequest)>/id}
VarNode{<com.jsh.erp.controller.SystemConfigController: com.jsh.erp.base.TableDataInfo getList(java.lang.String,javax.servlet.http.HttpServletRequest)>/search}
VarNode{<com.jsh.erp.controller.PersonController: com.jsh.erp.base.TableDataInfo getList(java.lang.String,javax.servlet.http.HttpServletRequest)>/search}
VarNode{<com.jsh.erp.controller.UserBusinessController: com.jsh.erp.utils.BaseResponseInfo getBasicData(java.lang.String,java.lang.String,javax.servlet.http.HttpServletRequest)>/keyId}
VarNode{<com.jsh.erp.controller.UserController: com.jsh.erp.base.TableDataInfo getList(java.lang.String,javax.servlet.http.HttpServletRequest)>/search}
VarNode{<com.jsh.erp.controller.InOutItemController: java.lang.String findBySelect(java.lang.String,javax.servlet.http.HttpServletRequest)>/type}
VarNode{<com.jsh.erp.controller.AccountController: java.lang.String batchSetStatus(com.alibaba.fastjson.JSONObject,javax.servlet.http.HttpServletRequest)>/jsonObject}
VarNode{<com.jsh.erp.controller.PersonController: com.alibaba.fastjson.JSONArray getPersonByNumType(java.lang.String,javax.servlet.http.HttpServletRequest)>/typeNum}
VarNode{<com.jsh.erp.controller.LogController: java.lang.String deleteResource(java.lang.Long,javax.servlet.http.HttpServletRequest)>/id}
VarNode{<com.jsh.erp.controller.MaterialCategoryController: java.lang.String checkIsNameExist(java.lang.Long,java.lang.String,java.lang.Long,javax.servlet.http.HttpServletRequest)>/parentId}
VarNode{<com.jsh.erp.controller.MaterialController: com.jsh.erp.utils.BaseResponseInfo changeNameToPinYin(com.alibaba.fastjson.JSONObject)>/jsonObject}
VarNode{<com.jsh.erp.controller.DepotItemController: java.lang.String findDetailByDepotIdsAndMaterialId(java.lang.Integer,java.lang.Integer,java.lang.String,java.lang.String,java.lang.String,java.lang.String,java.lang.String,java.lang.String,java.lang.Long,javax.servlet.http.HttpServletRequest)>/beginTime}
VarNode{<com.jsh.erp.controller.DepotItemController: com.jsh.erp.utils.BaseResponseInfo getBatchNumberList(java.lang.String,java.lang.Long,java.lang.Long,java.lang.String,java.lang.String,javax.servlet.http.HttpServletRequest)>/depotId}
VarNode{<com.jsh.erp.controller.DepotHeadController: java.lang.String debtList(java.lang.String,java.lang.Integer,java.lang.Integer,javax.servlet.http.HttpServletRequest)>/currentPage}
VarNode{<com.jsh.erp.controller.MaterialCategoryController: java.lang.String checkIsNameExist(java.lang.Long,java.lang.String,java.lang.Long,javax.servlet.http.HttpServletRequest)>/name}
VarNode{<com.jsh.erp.controller.DepotItemController: com.jsh.erp.utils.BaseResponseInfo findStockByDepotAndBarCode(java.lang.Long,java.lang.String,javax.servlet.http.HttpServletRequest)>/depotId}
VarNode{<com.jsh.erp.controller.DepotItemController: com.jsh.erp.utils.BaseResponseInfo getInOutStock(java.lang.Integer,java.lang.Integer,java.lang.String,java.lang.Long,java.lang.String,java.lang.String,java.lang.String,java.lang.String,javax.servlet.http.HttpServletRequest)>/categoryId}
VarNode{<com.jsh.erp.controller.DepotHeadController: com.jsh.erp.utils.BaseResponseInfo findInOutDetail(java.lang.Integer,java.lang.Integer,java.lang.Integer,java.lang.String,java.lang.String,java.lang.Long,java.lang.String,java.lang.String,java.lang.String,java.lang.Long,java.lang.Long,java.lang.Long,java.lang.String,java.lang.String,java.lang.String,javax.servlet.http.HttpServletRequest)>/creator}
VarNode{<com.jsh.erp.controller.UnitController: java.lang.String batchDeleteResource(java.lang.String,javax.servlet.http.HttpServletRequest)>/ids}
VarNode{<com.jsh.erp.controller.MaterialAttributeController: java.lang.String addResource(com.alibaba.fastjson.JSONObject,javax.servlet.http.HttpServletRequest)>/obj}
VarNode{<com.jsh.erp.controller.MaterialCategoryController: java.lang.String batchDeleteResource(java.lang.String,javax.servlet.http.HttpServletRequest)>/ids}
VarNode{<com.jsh.erp.controller.AccountHeadController: java.lang.String batchDeleteResource(java.lang.String,javax.servlet.http.HttpServletRequest)>/ids}
VarNode{<com.jsh.erp.controller.RoleController: java.lang.String checkIsNameExist(java.lang.Long,java.lang.String,javax.servlet.http.HttpServletRequest)>/id}
VarNode{<com.jsh.erp.controller.DepotHeadController: com.jsh.erp.utils.BaseResponseInfo findInOutDetail(java.lang.Integer,java.lang.Integer,java.lang.Integer,java.lang.String,java.lang.String,java.lang.Long,java.lang.String,java.lang.String,java.lang.String,java.lang.Long,java.lang.Long,java.lang.Long,java.lang.String,java.lang.String,java.lang.String,javax.servlet.http.HttpServletRequest)>/pageSize}
VarNode{<com.jsh.erp.controller.DepotHeadController: com.jsh.erp.utils.BaseResponseInfo findInOutDetail(java.lang.Integer,java.lang.Integer,java.lang.Integer,java.lang.String,java.lang.String,java.lang.Long,java.lang.String,java.lang.String,java.lang.String,java.lang.Long,java.lang.Long,java.lang.Long,java.lang.String,java.lang.String,java.lang.String,javax.servlet.http.HttpServletRequest)>/organizationId}
VarNode{<com.jsh.erp.controller.MaterialCategoryController: com.jsh.erp.utils.BaseResponseInfo getAllList(java.lang.Long,javax.servlet.http.HttpServletRequest)>/parentId}
VarNode{<com.jsh.erp.controller.PersonController: java.lang.String deleteResource(java.lang.Long,javax.servlet.http.HttpServletRequest)>/id}
VarNode{<com.jsh.erp.controller.PlatformConfigController: com.jsh.erp.base.TableDataInfo getList(java.lang.String,javax.servlet.http.HttpServletRequest)>/search}
VarNode{<com.jsh.erp.controller.MaterialPropertyController: java.lang.String addOrUpdate(com.alibaba.fastjson.JSONObject,javax.servlet.http.HttpServletRequest)>/obj}
VarNode{<com.jsh.erp.controller.DepotHeadController: com.jsh.erp.utils.BaseResponseInfo findallocationDetail(java.lang.Integer,java.lang.Integer,java.lang.String,java.lang.String,java.lang.Long,java.lang.Long,java.lang.Long,java.lang.Long,java.lang.String,java.lang.String,java.lang.String,java.lang.String,java.lang.String,java.lang.String,javax.servlet.http.HttpServletRequest)>/number}
VarNode{<com.jsh.erp.controller.DepotHeadController: com.jsh.erp.utils.BaseResponseInfo findInOutMaterialCount(java.lang.Integer,java.lang.Integer,java.lang.Integer,java.lang.String,java.lang.Long,java.lang.Long,java.lang.Long,java.lang.String,java.lang.String,java.lang.String,java.lang.String,java.lang.String,javax.servlet.http.HttpServletRequest)>/categoryId}
VarNode{<com.jsh.erp.controller.DepotHeadController: void debtExport(java.lang.Long,java.lang.String,java.lang.String,java.lang.String,java.lang.String,java.lang.String,java.lang.String,java.lang.String,java.lang.String,javax.servlet.http.HttpServletRequest,javax.servlet.http.HttpServletResponse)>/mpList}
VarNode{<com.jsh.erp.controller.SystemConfigController: java.lang.String deleteResource(java.lang.Long,javax.servlet.http.HttpServletRequest)>/id}
VarNode{<com.jsh.erp.controller.AccountController: java.lang.String batchDeleteResource(java.lang.String,javax.servlet.http.HttpServletRequest)>/ids}
VarNode{<com.jsh.erp.controller.MaterialController: java.lang.String checkIsExist(java.lang.Long,java.lang.String,java.lang.String,java.lang.String,java.lang.String,java.lang.String,java.lang.String,java.lang.String,java.lang.String,java.lang.String,java.lang.Long,javax.servlet.http.HttpServletRequest)>/id}
VarNode{<com.jsh.erp.controller.DepotHeadController: com.jsh.erp.utils.BaseResponseInfo findallocationDetail(java.lang.Integer,java.lang.Integer,java.lang.String,java.lang.String,java.lang.Long,java.lang.Long,java.lang.Long,java.lang.Long,java.lang.String,java.lang.String,java.lang.String,java.lang.String,java.lang.String,java.lang.String,javax.servlet.http.HttpServletRequest)>/subType}
VarNode{<com.jsh.erp.controller.PersonController: java.lang.String addResource(com.alibaba.fastjson.JSONObject,javax.servlet.http.HttpServletRequest)>/obj}
VarNode{<com.jsh.erp.controller.OrganizationController: java.lang.String updateResource(com.alibaba.fastjson.JSONObject,javax.servlet.http.HttpServletRequest)>/obj}
VarNode{<com.jsh.erp.controller.MaterialExtendController: com.jsh.erp.utils.BaseResponseInfo checkIsBarCodeExist(java.lang.Long,java.lang.String,javax.servlet.http.HttpServletRequest)>/id}
VarNode{<com.jsh.erp.controller.DepotHeadController: com.jsh.erp.utils.BaseResponseInfo findallocationDetail(java.lang.Integer,java.lang.Integer,java.lang.String,java.lang.String,java.lang.Long,java.lang.Long,java.lang.Long,java.lang.Long,java.lang.String,java.lang.String,java.lang.String,java.lang.String,java.lang.String,java.lang.String,javax.servlet.http.HttpServletRequest)>/remark}
VarNode{<com.jsh.erp.controller.SupplierController: java.lang.String getList(java.lang.Long,javax.servlet.http.HttpServletRequest)>/id}
VarNode{<com.jsh.erp.controller.MsgController: java.lang.String updateResource(com.alibaba.fastjson.JSONObject,javax.servlet.http.HttpServletRequest)>/obj}
VarNode{<com.jsh.erp.controller.PersonController: java.lang.String batchSetStatus(com.alibaba.fastjson.JSONObject,javax.servlet.http.HttpServletRequest)>/jsonObject}
VarNode{<com.jsh.erp.controller.SystemConfigController: java.lang.String batchDeleteResource(java.lang.String,javax.servlet.http.HttpServletRequest)>/ids}
VarNode{<com.jsh.erp.controller.DepotHeadController: com.jsh.erp.utils.BaseResponseInfo findInOutDetail(java.lang.Integer,java.lang.Integer,java.lang.Integer,java.lang.String,java.lang.String,java.lang.Long,java.lang.String,java.lang.String,java.lang.String,java.lang.Long,java.lang.Long,java.lang.Long,java.lang.String,java.lang.String,java.lang.String,javax.servlet.http.HttpServletRequest)>/remark}
VarNode{<com.jsh.erp.controller.DepotItemController: com.jsh.erp.utils.BaseResponseInfo retailOut(java.lang.Integer,java.lang.Integer,java.lang.String,java.lang.String,java.lang.Long,java.lang.Long,java.lang.Long,java.lang.Long,java.lang.String,java.lang.String,javax.servlet.http.HttpServletRequest)>/materialParam}
VarNode{<com.jsh.erp.controller.DepotController: java.lang.String batchDeleteResource(java.lang.String,javax.servlet.http.HttpServletRequest)>/ids}
VarNode{<com.jsh.erp.controller.MaterialCategoryController: java.lang.String addResource(com.alibaba.fastjson.JSONObject,javax.servlet.http.HttpServletRequest)>/obj}
VarNode{<com.jsh.erp.controller.MaterialController: com.alibaba.fastjson.JSONObject findBySelect(java.lang.Long,java.lang.String,java.lang.String,java.lang.String,java.lang.Long,java.lang.String,java.lang.String,java.lang.String,java.lang.String,java.lang.String,java.lang.String,java.lang.String,java.lang.String,java.lang.Integer,java.lang.Integer,javax.servlet.http.HttpServletRequest)>/pageSize}
VarNode{<com.jsh.erp.controller.DepotHeadController: java.lang.String forceCloseBatch(com.alibaba.fastjson.JSONObject,javax.servlet.http.HttpServletRequest)>/jsonObject}
VarNode{<com.jsh.erp.controller.DepotItemController: com.jsh.erp.utils.BaseResponseInfo buyIn(java.lang.Integer,java.lang.Integer,java.lang.String,java.lang.String,java.lang.Long,java.lang.Long,java.lang.Long,java.lang.Long,java.lang.String,java.lang.String,javax.servlet.http.HttpServletRequest)>/categoryId}
VarNode{<com.jsh.erp.controller.MaterialAttributeController: com.jsh.erp.base.TableDataInfo getList(java.lang.String,javax.servlet.http.HttpServletRequest)>/search}
VarNode{<com.jsh.erp.controller.AccountHeadController: java.lang.Object updateAccountHeadAndDetail(com.jsh.erp.datasource.entities.AccountHeadVo4Body,javax.servlet.http.HttpServletRequest)>/body}
VarNode{<com.jsh.erp.controller.TenantController: java.lang.String addResource(com.alibaba.fastjson.JSONObject,javax.servlet.http.HttpServletRequest)>/obj}
VarNode{<com.jsh.erp.controller.DepotItemController: com.jsh.erp.utils.BaseResponseInfo getInOutStock(java.lang.Integer,java.lang.Integer,java.lang.String,java.lang.Long,java.lang.String,java.lang.String,java.lang.String,java.lang.String,javax.servlet.http.HttpServletRequest)>/endTime}
VarNode{<com.jsh.erp.controller.DepotItemController: java.lang.String findDetailByDepotIdsAndMaterialId(java.lang.Integer,java.lang.Integer,java.lang.String,java.lang.String,java.lang.String,java.lang.String,java.lang.String,java.lang.String,java.lang.Long,javax.servlet.http.HttpServletRequest)>/pageSize}
VarNode{<com.jsh.erp.controller.DepotHeadController: com.jsh.erp.utils.BaseResponseInfo findallocationDetail(java.lang.Integer,java.lang.Integer,java.lang.String,java.lang.String,java.lang.Long,java.lang.Long,java.lang.Long,java.lang.Long,java.lang.String,java.lang.String,java.lang.String,java.lang.String,java.lang.String,java.lang.String,javax.servlet.http.HttpServletRequest)>/depotIdF}
VarNode{<com.jsh.erp.controller.DepotItemController: com.jsh.erp.utils.BaseResponseInfo findStockWarningCount(java.lang.Integer,java.lang.Integer,java.lang.String,java.lang.Long,java.lang.Long,java.lang.String)>/categoryId}
VarNode{<com.jsh.erp.controller.MsgController: java.lang.String getList(java.lang.Long,javax.servlet.http.HttpServletRequest)>/id}
VarNode{<com.jsh.erp.controller.OrganizationController: java.lang.String deleteResource(java.lang.Long,javax.servlet.http.HttpServletRequest)>/id}
VarNode{<com.jsh.erp.controller.DepotItemController: com.jsh.erp.utils.BaseResponseInfo retailOut(java.lang.Integer,java.lang.Integer,java.lang.String,java.lang.String,java.lang.Long,java.lang.Long,java.lang.Long,java.lang.Long,java.lang.String,java.lang.String,javax.servlet.http.HttpServletRequest)>/organizationId}
VarNode{<com.jsh.erp.controller.MaterialController: java.lang.String checkIsExist(java.lang.Long,java.lang.String,java.lang.String,java.lang.String,java.lang.String,java.lang.String,java.lang.String,java.lang.String,java.lang.String,java.lang.String,java.lang.Long,javax.servlet.http.HttpServletRequest)>/unitId}
VarNode{<com.jsh.erp.controller.MaterialController: java.lang.String batchDeleteResource(java.lang.String,javax.servlet.http.HttpServletRequest)>/ids}
VarNode{<com.jsh.erp.controller.DepotHeadController: com.jsh.erp.utils.BaseResponseInfo findInOutMaterialCount(java.lang.Integer,java.lang.Integer,java.lang.Integer,java.lang.String,java.lang.Long,java.lang.Long,java.lang.Long,java.lang.String,java.lang.String,java.lang.String,java.lang.String,java.lang.String,javax.servlet.http.HttpServletRequest)>/pageSize}
VarNode{<com.jsh.erp.controller.SupplierController: com.alibaba.fastjson.JSONObject getUserCustomerValue(java.lang.String,java.lang.String,javax.servlet.http.HttpServletRequest)>/keyId}
VarNode{<com.jsh.erp.controller.DepotHeadController: java.lang.String debtList(java.lang.String,java.lang.Integer,java.lang.Integer,javax.servlet.http.HttpServletRequest)>/search}
VarNode{<com.jsh.erp.controller.DepotHeadController: com.jsh.erp.utils.BaseResponseInfo findInOutMaterialCount(java.lang.Integer,java.lang.Integer,java.lang.Integer,java.lang.String,java.lang.Long,java.lang.Long,java.lang.Long,java.lang.String,java.lang.String,java.lang.String,java.lang.String,java.lang.String,javax.servlet.http.HttpServletRequest)>/beginTime}
VarNode{<com.jsh.erp.controller.SupplierController: java.lang.String checkIsNameAndTypeExist(java.lang.Long,java.lang.String,java.lang.String,javax.servlet.http.HttpServletRequest)>/type}
VarNode{<com.jsh.erp.controller.DepotItemController: com.jsh.erp.utils.BaseResponseInfo getDetailList(java.lang.Long,java.lang.String,java.lang.String,java.lang.String,javax.servlet.http.HttpServletRequest)>/mpList}
VarNode{<com.jsh.erp.controller.OrganizationController: java.lang.String batchDeleteResource(java.lang.String,javax.servlet.http.HttpServletRequest)>/ids}
VarNode{<com.jsh.erp.controller.DepotHeadController: com.jsh.erp.utils.BaseResponseInfo getStatementAccount(java.lang.Integer,java.lang.Integer,java.lang.String,java.lang.String,java.lang.Integer,java.lang.Integer,java.lang.String,javax.servlet.http.HttpServletRequest)>/pageSize}
VarNode{<com.jsh.erp.controller.SupplierController: com.jsh.erp.base.TableDataInfo getAllCustomer(java.lang.String,javax.servlet.http.HttpServletRequest)>/search}
VarNode{<com.jsh.erp.controller.DepotHeadController: java.lang.String getList(java.lang.Long,javax.servlet.http.HttpServletRequest)>/id}
VarNode{<com.jsh.erp.controller.RoleController: java.lang.String getList(java.lang.Long,javax.servlet.http.HttpServletRequest)>/id}
VarNode{<com.jsh.erp.controller.DepotController: com.alibaba.fastjson.JSONArray findUserDepot(java.lang.String,java.lang.String,javax.servlet.http.HttpServletRequest)>/type}
VarNode{<com.jsh.erp.controller.PersonController: java.lang.String getList(java.lang.Long,javax.servlet.http.HttpServletRequest)>/id}
VarNode{<com.jsh.erp.controller.DepotItemController: com.jsh.erp.utils.BaseResponseInfo getInOutStock(java.lang.Integer,java.lang.Integer,java.lang.String,java.lang.Long,java.lang.String,java.lang.String,java.lang.String,java.lang.String,javax.servlet.http.HttpServletRequest)>/mpList}
VarNode{<com.jsh.erp.controller.RoleController: com.alibaba.fastjson.JSONArray findUserRole(java.lang.String,java.lang.String,javax.servlet.http.HttpServletRequest)>/type}
VarNode{<com.jsh.erp.controller.SystemConfigController: java.lang.String checkIsNameExist(java.lang.Long,java.lang.String,javax.servlet.http.HttpServletRequest)>/id}
VarNode{<com.jsh.erp.controller.SystemConfigController: java.lang.String getList(java.lang.Long,javax.servlet.http.HttpServletRequest)>/id}
VarNode{<com.jsh.erp.controller.FunctionController: java.lang.String checkIsNumberExist(java.lang.Long,java.lang.String,javax.servlet.http.HttpServletRequest)>/number}
VarNode{<com.jsh.erp.controller.InOutItemController: java.lang.String batchDeleteResource(java.lang.String,javax.servlet.http.HttpServletRequest)>/ids}
VarNode{<com.jsh.erp.controller.DepotItemController: java.lang.String findDetailByDepotIdsAndMaterialId(java.lang.Integer,java.lang.Integer,java.lang.String,java.lang.String,java.lang.String,java.lang.String,java.lang.String,java.lang.String,java.lang.Long,javax.servlet.http.HttpServletRequest)>/batchNumber}
VarNode{<com.jsh.erp.controller.MsgController: java.lang.String addResource(com.alibaba.fastjson.JSONObject,javax.servlet.http.HttpServletRequest)>/obj}
VarNode{<com.jsh.erp.controller.DepotHeadController: java.lang.String waitBillList(java.lang.String,java.lang.Integer,java.lang.Integer,javax.servlet.http.HttpServletRequest)>/search}
VarNode{<com.jsh.erp.controller.MaterialController: void exportExcel(java.lang.String,java.lang.String,java.lang.String,java.lang.String,java.lang.String,java.lang.String,java.lang.String,java.lang.String,java.lang.String,java.lang.String,java.lang.String,javax.servlet.http.HttpServletRequest,javax.servlet.http.HttpServletResponse)>/materialOther}
VarNode{<com.jsh.erp.controller.RoleController: java.lang.String checkIsNameExist(java.lang.Long,java.lang.String,javax.servlet.http.HttpServletRequest)>/name}
VarNode{<com.jsh.erp.controller.MaterialController: com.jsh.erp.base.TableDataInfo getMaterialDepotStock(java.lang.String,java.lang.Long,javax.servlet.http.HttpServletRequest)>/depotIds}
VarNode{<com.jsh.erp.controller.DepotHeadController: com.jsh.erp.utils.BaseResponseInfo findInOutDetail(java.lang.Integer,java.lang.Integer,java.lang.Integer,java.lang.String,java.lang.String,java.lang.Long,java.lang.String,java.lang.String,java.lang.String,java.lang.Long,java.lang.Long,java.lang.Long,java.lang.String,java.lang.String,java.lang.String,javax.servlet.http.HttpServletRequest)>/number}
VarNode{<com.jsh.erp.controller.OrganizationController: java.lang.String checkIsNameExist(java.lang.Long,java.lang.String,javax.servlet.http.HttpServletRequest)>/name}
VarNode{<com.jsh.erp.controller.OrganizationController: com.jsh.erp.utils.BaseResponseInfo findById(java.lang.Long,javax.servlet.http.HttpServletRequest)>/id}
VarNode{<com.jsh.erp.controller.UserController: java.lang.String batchSetStatus(com.alibaba.fastjson.JSONObject,javax.servlet.http.HttpServletRequest)>/jsonObject}
VarNode{<com.jsh.erp.controller.SerialNumberController: com.jsh.erp.utils.BaseResponseInfo getEnableSerialNumberList(com.alibaba.fastjson.JSONObject,javax.servlet.http.HttpServletRequest)>/jsonObject}
VarNode{<com.jsh.erp.controller.DepotHeadController: java.lang.String batchDeleteResource(java.lang.String,javax.servlet.http.HttpServletRequest)>/ids}
VarNode{<com.jsh.erp.controller.DepotItemController: com.jsh.erp.utils.BaseResponseInfo saleOut(java.lang.Integer,java.lang.Integer,java.lang.String,java.lang.String,java.lang.Long,java.lang.Long,java.lang.Long,java.lang.Long,java.lang.String,java.lang.String,javax.servlet.http.HttpServletRequest)>/currentPage}
VarNode{<com.jsh.erp.controller.DepotItemController: com.jsh.erp.utils.BaseResponseInfo saleOut(java.lang.Integer,java.lang.Integer,java.lang.String,java.lang.String,java.lang.Long,java.lang.Long,java.lang.Long,java.lang.Long,java.lang.String,java.lang.String,javax.servlet.http.HttpServletRequest)>/beginTime}
VarNode{<com.jsh.erp.controller.DepotItemController: com.jsh.erp.utils.BaseResponseInfo findStockWarningCount(java.lang.Integer,java.lang.Integer,java.lang.String,java.lang.Long,java.lang.Long,java.lang.String)>/mpList}
VarNode{<com.jsh.erp.controller.DepotHeadController: com.jsh.erp.utils.BaseResponseInfo findInOutMaterialCount(java.lang.Integer,java.lang.Integer,java.lang.Integer,java.lang.String,java.lang.Long,java.lang.Long,java.lang.Long,java.lang.String,java.lang.String,java.lang.String,java.lang.String,java.lang.String,javax.servlet.http.HttpServletRequest)>/currentPage}
VarNode{<com.jsh.erp.controller.PersonController: com.jsh.erp.utils.BaseResponseInfo getPersonByIds(java.lang.String,javax.servlet.http.HttpServletRequest)>/personIds}
VarNode{<com.jsh.erp.controller.FunctionController: com.jsh.erp.utils.BaseResponseInfo findByIds(java.lang.Long,javax.servlet.http.HttpServletRequest)>/roleId}
VarNode{<com.jsh.erp.controller.MaterialExtendController: com.jsh.erp.utils.BaseResponseInfo getDetailList(java.lang.Long,javax.servlet.http.HttpServletRequest)>/materialId}
VarNode{<com.jsh.erp.controller.DepotHeadController: com.jsh.erp.utils.BaseResponseInfo findallocationDetail(java.lang.Integer,java.lang.Integer,java.lang.String,java.lang.String,java.lang.Long,java.lang.Long,java.lang.Long,java.lang.Long,java.lang.String,java.lang.String,java.lang.String,java.lang.String,java.lang.String,java.lang.String,javax.servlet.http.HttpServletRequest)>/depotId}
VarNode{<com.jsh.erp.controller.DepotItemController: com.jsh.erp.utils.BaseResponseInfo saleOut(java.lang.Integer,java.lang.Integer,java.lang.String,java.lang.String,java.lang.Long,java.lang.Long,java.lang.Long,java.lang.Long,java.lang.String,java.lang.String,javax.servlet.http.HttpServletRequest)>/pageSize}
VarNode{<com.jsh.erp.controller.AccountController: com.jsh.erp.base.TableDataInfo listWithBalance(java.lang.String,java.lang.String,javax.servlet.http.HttpServletRequest)>/name}
VarNode{<com.jsh.erp.controller.PluginController: com.jsh.erp.utils.BaseResponseInfo getPluginInfo(java.lang.String,java.lang.Integer,java.lang.Integer,javax.servlet.http.HttpServletRequest)>/currentPage}
VarNode{<com.jsh.erp.controller.PluginController: com.jsh.erp.utils.BaseResponseInfo checkByTag(java.lang.String)>/pluginIds}
VarNode{<com.jsh.erp.controller.UserBusinessController: java.lang.String updateResource(com.alibaba.fastjson.JSONObject,javax.servlet.http.HttpServletRequest)>/obj}
VarNode{<com.jsh.erp.controller.DepotController: java.lang.String batchSetStatus(com.alibaba.fastjson.JSONObject,javax.servlet.http.HttpServletRequest)>/jsonObject}
VarNode{<com.jsh.erp.controller.MaterialController: com.jsh.erp.utils.BaseResponseInfo getMaterialByBarCode(java.lang.String,java.lang.Long,java.lang.Long,java.lang.String,java.lang.String,javax.servlet.http.HttpServletRequest)>/depotId}
VarNode{<com.jsh.erp.controller.DepotHeadController: com.jsh.erp.utils.BaseResponseInfo findInOutDetail(java.lang.Integer,java.lang.Integer,java.lang.Integer,java.lang.String,java.lang.String,java.lang.Long,java.lang.String,java.lang.String,java.lang.String,java.lang.Long,java.lang.Long,java.lang.Long,java.lang.String,java.lang.String,java.lang.String,javax.servlet.http.HttpServletRequest)>/beginTime}
VarNode{<com.jsh.erp.controller.MaterialController: com.jsh.erp.utils.BaseResponseInfo findById(java.lang.Long,javax.servlet.http.HttpServletRequest)>/id}
VarNode{<com.jsh.erp.controller.TenantController: java.lang.String getList(java.lang.Long,javax.servlet.http.HttpServletRequest)>/id}
VarNode{<com.jsh.erp.controller.LogController: java.lang.String getList(java.lang.Long,javax.servlet.http.HttpServletRequest)>/id}
VarNode{<com.jsh.erp.controller.LogController: java.lang.String batchDeleteResource(java.lang.String,javax.servlet.http.HttpServletRequest)>/ids}
VarNode{<com.jsh.erp.controller.MaterialAttributeController: com.alibaba.fastjson.JSONArray getValueListById(java.lang.Long,javax.servlet.http.HttpServletRequest)>/id}
VarNode{<com.jsh.erp.controller.MaterialController: com.jsh.erp.utils.BaseResponseInfo getListWithStock(java.lang.Integer,java.lang.Integer,java.lang.String,java.lang.Long,java.lang.String,java.lang.String,java.lang.Integer,java.lang.String,java.lang.String,javax.servlet.http.HttpServletRequest)>/depotIds}
VarNode{<com.jsh.erp.controller.LogController: java.lang.String addResource(com.alibaba.fastjson.JSONObject,javax.servlet.http.HttpServletRequest)>/obj}
VarNode{<com.jsh.erp.controller.MaterialController: java.lang.String checkIsExist(java.lang.Long,java.lang.String,java.lang.String,java.lang.String,java.lang.String,java.lang.String,java.lang.String,java.lang.String,java.lang.String,java.lang.String,java.lang.Long,javax.servlet.http.HttpServletRequest)>/mfrs}
VarNode{<com.jsh.erp.controller.MaterialController: com.jsh.erp.utils.BaseResponseInfo getListWithStock(java.lang.Integer,java.lang.Integer,java.lang.String,java.lang.Long,java.lang.String,java.lang.String,java.lang.Integer,java.lang.String,java.lang.String,javax.servlet.http.HttpServletRequest)>/zeroStock}
VarNode{<com.jsh.erp.controller.MaterialController: java.lang.String batchSetStatus(com.alibaba.fastjson.JSONObject,javax.servlet.http.HttpServletRequest)>/jsonObject}
VarNode{<com.jsh.erp.controller.DepotHeadController: java.lang.String waitBillCount(java.lang.String,javax.servlet.http.HttpServletRequest)>/search}
VarNode{<com.jsh.erp.controller.AccountHeadController: java.lang.String batchSetStatus(com.alibaba.fastjson.JSONObject,javax.servlet.http.HttpServletRequest)>/jsonObject}
VarNode{<com.jsh.erp.controller.InOutItemController: java.lang.String batchSetStatus(com.alibaba.fastjson.JSONObject,javax.servlet.http.HttpServletRequest)>/jsonObject}
VarNode{<com.jsh.erp.controller.UserBusinessController: java.lang.String checkIsValueExist(java.lang.String,java.lang.String,javax.servlet.http.HttpServletRequest)>/keyId}
VarNode{<com.jsh.erp.controller.UserBusinessController: java.lang.String addResource(com.alibaba.fastjson.JSONObject,javax.servlet.http.HttpServletRequest)>/obj}
VarNode{<com.jsh.erp.controller.AccountController: java.lang.String deleteResource(java.lang.Long,javax.servlet.http.HttpServletRequest)>/id}
VarNode{<com.jsh.erp.controller.UserController: java.lang.String resetPwd(com.alibaba.fastjson.JSONObject,javax.servlet.http.HttpServletRequest)>/jsonObject}
VarNode{<com.jsh.erp.controller.DepotItemController: com.jsh.erp.utils.BaseResponseInfo saleOut(java.lang.Integer,java.lang.Integer,java.lang.String,java.lang.String,java.lang.Long,java.lang.Long,java.lang.Long,java.lang.Long,java.lang.String,java.lang.String,javax.servlet.http.HttpServletRequest)>/endTime}
VarNode{<com.jsh.erp.controller.MaterialPropertyController: java.lang.String updateResource(com.alibaba.fastjson.JSONObject,javax.servlet.http.HttpServletRequest)>/obj}
VarNode{<com.jsh.erp.controller.MaterialController: void exportExcel(java.lang.String,java.lang.String,java.lang.String,java.lang.String,java.lang.String,java.lang.String,java.lang.String,java.lang.String,java.lang.String,java.lang.String,java.lang.String,javax.servlet.http.HttpServletRequest,javax.servlet.http.HttpServletResponse)>/remark}
VarNode{<com.jsh.erp.controller.UserController: java.lang.String updateResource(com.alibaba.fastjson.JSONObject,javax.servlet.http.HttpServletRequest)>/obj}
VarNode{<com.jsh.erp.controller.MaterialCategoryController: java.lang.String getList(java.lang.Long,javax.servlet.http.HttpServletRequest)>/id}
VarNode{<com.jsh.erp.controller.DepotHeadController: com.jsh.erp.utils.BaseResponseInfo findInOutDetail(java.lang.Integer,java.lang.Integer,java.lang.Integer,java.lang.String,java.lang.String,java.lang.Long,java.lang.String,java.lang.String,java.lang.String,java.lang.Long,java.lang.Long,java.lang.Long,java.lang.String,java.lang.String,java.lang.String,javax.servlet.http.HttpServletRequest)>/oId}
VarNode{<com.jsh.erp.controller.DepotItemController: java.lang.String getMaterialDepotStockByParam(java.lang.String,java.lang.Long,java.math.BigDecimal,java.lang.String,java.lang.String,javax.servlet.http.HttpServletRequest)>/unitPrice}
VarNode{<com.jsh.erp.controller.MaterialController: com.alibaba.fastjson.JSONObject findBySelect(java.lang.Long,java.lang.String,java.lang.String,java.lang.String,java.lang.Long,java.lang.String,java.lang.String,java.lang.String,java.lang.String,java.lang.String,java.lang.String,java.lang.String,java.lang.String,java.lang.Integer,java.lang.Integer,javax.servlet.http.HttpServletRequest)>/otherField1}
VarNode{<com.jsh.erp.controller.DepotController: com.alibaba.fastjson.JSONArray findUserDepot(java.lang.String,java.lang.String,javax.servlet.http.HttpServletRequest)>/keyId}
VarNode{<com.jsh.erp.controller.AccountController: com.jsh.erp.utils.BaseResponseInfo getStatistics(java.lang.String,java.lang.String,javax.servlet.http.HttpServletRequest)>/serialNo}
VarNode{<com.jsh.erp.controller.PluginController: com.jsh.erp.utils.BaseResponseInfo stop(java.lang.String)>/id}
VarNode{<com.jsh.erp.controller.MaterialController: com.alibaba.fastjson.JSONObject findBySelect(java.lang.Long,java.lang.String,java.lang.String,java.lang.String,java.lang.Long,java.lang.String,java.lang.String,java.lang.String,java.lang.String,java.lang.String,java.lang.String,java.lang.String,java.lang.String,java.lang.Integer,java.lang.Integer,javax.servlet.http.HttpServletRequest)>/depotId}
VarNode{<com.jsh.erp.controller.MaterialController: com.alibaba.fastjson.JSONObject getMaterialEnableSerialNumberList(java.lang.String,java.lang.Integer,java.lang.Integer,javax.servlet.http.HttpServletRequest,javax.servlet.http.HttpServletResponse)>/currentPage}
VarNode{<com.jsh.erp.controller.FunctionController: com.alibaba.fastjson.JSONArray findRoleFunction(java.lang.String,java.lang.String,javax.servlet.http.HttpServletRequest)>/keyId}
VarNode{<com.jsh.erp.controller.DepotHeadController: com.jsh.erp.utils.BaseResponseInfo getStatementAccount(java.lang.Integer,java.lang.Integer,java.lang.String,java.lang.String,java.lang.Integer,java.lang.Integer,java.lang.String,javax.servlet.http.HttpServletRequest)>/beginTime}
VarNode{<com.jsh.erp.controller.DepotItemController: com.jsh.erp.utils.BaseResponseInfo getDetailList(java.lang.Long,java.lang.String,java.lang.String,java.lang.String,javax.servlet.http.HttpServletRequest)>/isReadOnly}
VarNode{<com.jsh.erp.controller.AccountController: com.jsh.erp.utils.BaseResponseInfo findAccountInOutList(java.lang.Integer,java.lang.Integer,java.lang.Long,java.math.BigDecimal,java.lang.String,java.lang.String,java.lang.String,javax.servlet.http.HttpServletRequest)>/accountId}
VarNode{<com.jsh.erp.controller.SupplierController: void exportExcel(java.lang.String,java.lang.String,java.lang.String,java.lang.String,javax.servlet.http.HttpServletRequest,javax.servlet.http.HttpServletResponse)>/supplier}
VarNode{<com.jsh.erp.controller.MaterialPropertyController: java.lang.String batchDeleteResource(java.lang.String,javax.servlet.http.HttpServletRequest)>/ids}
VarNode{<com.jsh.erp.controller.AccountController: com.jsh.erp.utils.BaseResponseInfo findAccountInOutList(java.lang.Integer,java.lang.Integer,java.lang.Long,java.math.BigDecimal,java.lang.String,java.lang.String,java.lang.String,javax.servlet.http.HttpServletRequest)>/number}
VarNode{<com.jsh.erp.controller.MaterialController: com.jsh.erp.utils.BaseResponseInfo getMaterialByBarCode(java.lang.String,java.lang.Long,java.lang.Long,java.lang.String,java.lang.String,javax.servlet.http.HttpServletRequest)>/barCode}
VarNode{<com.jsh.erp.controller.DepotItemController: java.lang.String findDetailByDepotIdsAndMaterialId(java.lang.Integer,java.lang.Integer,java.lang.String,java.lang.String,java.lang.String,java.lang.String,java.lang.String,java.lang.String,java.lang.Long,javax.servlet.http.HttpServletRequest)>/depotIds}
VarNode{<com.jsh.erp.controller.MaterialController: com.alibaba.fastjson.JSONObject findBySelect(java.lang.Long,java.lang.String,java.lang.String,java.lang.String,java.lang.Long,java.lang.String,java.lang.String,java.lang.String,java.lang.String,java.lang.String,java.lang.String,java.lang.String,java.lang.String,java.lang.Integer,java.lang.Integer,javax.servlet.http.HttpServletRequest)>/q}
VarNode{<com.jsh.erp.controller.MaterialAttributeController: java.lang.String updateResource(com.alibaba.fastjson.JSONObject,javax.servlet.http.HttpServletRequest)>/obj}
VarNode{<com.jsh.erp.controller.DepotHeadController: com.jsh.erp.utils.BaseResponseInfo findInOutMaterialCount(java.lang.Integer,java.lang.Integer,java.lang.Integer,java.lang.String,java.lang.Long,java.lang.Long,java.lang.Long,java.lang.String,java.lang.String,java.lang.String,java.lang.String,java.lang.String,javax.servlet.http.HttpServletRequest)>/materialParam}
VarNode{<com.jsh.erp.controller.MaterialController: com.jsh.erp.utils.BaseResponseInfo findByIdWithBarCode(java.lang.Long,java.lang.String,javax.servlet.http.HttpServletRequest)>/mpList}
VarNode{<com.jsh.erp.controller.UnitController: java.lang.String getList(java.lang.Long,javax.servlet.http.HttpServletRequest)>/id}
VarNode{<com.jsh.erp.controller.DepotHeadController: java.lang.Object addDepotHeadAndDetail(com.jsh.erp.datasource.entities.DepotHeadVo4Body,javax.servlet.http.HttpServletRequest)>/body}
VarNode{<com.jsh.erp.controller.DepotItemController: com.jsh.erp.utils.BaseResponseInfo buyIn(java.lang.Integer,java.lang.Integer,java.lang.String,java.lang.String,java.lang.Long,java.lang.Long,java.lang.Long,java.lang.Long,java.lang.String,java.lang.String,javax.servlet.http.HttpServletRequest)>/materialParam}
VarNode{<com.jsh.erp.controller.DepotController: java.lang.String updateIsDefault(com.alibaba.fastjson.JSONObject,javax.servlet.http.HttpServletRequest)>/object}
VarNode{<com.jsh.erp.controller.UnitController: java.lang.String checkIsNameExist(java.lang.Long,java.lang.String,javax.servlet.http.HttpServletRequest)>/id}
VarNode{<com.jsh.erp.controller.PluginController: java.lang.String backupPlugin(java.lang.String)>/pluginId}
VarNode{<com.jsh.erp.controller.MaterialPropertyController: java.lang.String deleteResource(java.lang.Long,javax.servlet.http.HttpServletRequest)>/id}
VarNode{<com.jsh.erp.controller.DepotHeadController: com.jsh.erp.utils.BaseResponseInfo getStatementAccount(java.lang.Integer,java.lang.Integer,java.lang.String,java.lang.String,java.lang.Integer,java.lang.Integer,java.lang.String,javax.servlet.http.HttpServletRequest)>/organId}
VarNode{<com.jsh.erp.controller.RoleController: com.alibaba.fastjson.JSONArray findUserRole(java.lang.String,java.lang.String,javax.servlet.http.HttpServletRequest)>/keyId}
VarNode{<com.jsh.erp.controller.DepotHeadController: com.jsh.erp.base.TableDataInfo getList(java.lang.String,javax.servlet.http.HttpServletRequest)>/search}
VarNode{<com.jsh.erp.controller.DepotItemController: com.jsh.erp.utils.BaseResponseInfo findStockByDepotAndBarCode(java.lang.Long,java.lang.String,javax.servlet.http.HttpServletRequest)>/barCode}
VarNode{<com.jsh.erp.controller.DepotController: java.lang.String addResource(com.alibaba.fastjson.JSONObject,javax.servlet.http.HttpServletRequest)>/obj}
VarNode{<com.jsh.erp.controller.MaterialPropertyController: java.lang.String checkIsNameExist(java.lang.Long,java.lang.String,javax.servlet.http.HttpServletRequest)>/id}
VarNode{<com.jsh.erp.controller.SupplierController: java.lang.String batchSetStatus(com.alibaba.fastjson.JSONObject,javax.servlet.http.HttpServletRequest)>/jsonObject}
VarNode{<com.jsh.erp.controller.DepotController: com.jsh.erp.utils.BaseResponseInfo getAllList(java.lang.Long,javax.servlet.http.HttpServletRequest)>/mId}
VarNode{<com.jsh.erp.controller.MaterialController: java.lang.String checkIsNameExist(java.lang.Long,java.lang.String,javax.servlet.http.HttpServletRequest)>/id}
VarNode{<com.jsh.erp.controller.MaterialExtendController: java.lang.String deleteResource(java.lang.Long,javax.servlet.http.HttpServletRequest)>/id}
VarNode{<com.jsh.erp.controller.UserController: java.lang.String checkIsNameExist(java.lang.Long,java.lang.String,javax.servlet.http.HttpServletRequest)>/id}
VarNode{<com.jsh.erp.controller.DepotItemController: com.jsh.erp.utils.BaseResponseInfo getInOutStockCountMoney(java.lang.String,java.lang.Long,java.lang.String,java.lang.String,javax.servlet.http.HttpServletRequest)>/materialParam}
VarNode{<com.jsh.erp.controller.UserController: java.lang.Object addUser(com.alibaba.fastjson.JSONObject,javax.servlet.http.HttpServletRequest)>/obj}
VarNode{<com.jsh.erp.controller.DepotItemController: com.jsh.erp.utils.BaseResponseInfo retailOut(java.lang.Integer,java.lang.Integer,java.lang.String,java.lang.String,java.lang.Long,java.lang.Long,java.lang.Long,java.lang.Long,java.lang.String,java.lang.String,javax.servlet.http.HttpServletRequest)>/depotId}
VarNode{<com.jsh.erp.controller.DepotHeadController: com.jsh.erp.utils.BaseResponseInfo findInOutMaterialCount(java.lang.Integer,java.lang.Integer,java.lang.Integer,java.lang.String,java.lang.Long,java.lang.Long,java.lang.Long,java.lang.String,java.lang.String,java.lang.String,java.lang.String,java.lang.String,javax.servlet.http.HttpServletRequest)>/column}
VarNode{<com.jsh.erp.controller.AccountItemController: com.jsh.erp.utils.BaseResponseInfo getDetailList(java.lang.Long,javax.servlet.http.HttpServletRequest)>/headerId}
VarNode{<com.jsh.erp.controller.DepotHeadController: com.jsh.erp.utils.BaseResponseInfo findInOutDetail(java.lang.Integer,java.lang.Integer,java.lang.Integer,java.lang.String,java.lang.String,java.lang.Long,java.lang.String,java.lang.String,java.lang.String,java.lang.Long,java.lang.Long,java.lang.Long,java.lang.String,java.lang.String,java.lang.String,javax.servlet.http.HttpServletRequest)>/categoryId}
VarNode{<com.jsh.erp.controller.SupplierController: void exportExcel(java.lang.String,java.lang.String,java.lang.String,java.lang.String,javax.servlet.http.HttpServletRequest,javax.servlet.http.HttpServletResponse)>/phonenum}
VarNode{<com.jsh.erp.controller.FunctionController: com.jsh.erp.base.TableDataInfo getList(java.lang.String,javax.servlet.http.HttpServletRequest)>/search}
VarNode{<com.jsh.erp.controller.UserBusinessController: java.lang.String deleteResource(java.lang.Long,javax.servlet.http.HttpServletRequest)>/id}
VarNode{<com.jsh.erp.controller.PersonController: java.lang.String checkIsNameExist(java.lang.Long,java.lang.String,javax.servlet.http.HttpServletRequest)>/name}
VarNode{<com.jsh.erp.controller.PersonController: com.jsh.erp.utils.BaseResponseInfo getPersonByType(java.lang.String,javax.servlet.http.HttpServletRequest)>/type}
VarNode{<com.jsh.erp.controller.SupplierController: java.lang.String updateResource(com.alibaba.fastjson.JSONObject,javax.servlet.http.HttpServletRequest)>/obj}
VarNode{<com.jsh.erp.controller.MaterialExtendController: com.jsh.erp.utils.BaseResponseInfo checkIsBarCodeExist(java.lang.Long,java.lang.String,javax.servlet.http.HttpServletRequest)>/barCode}
VarNode{<com.jsh.erp.controller.FunctionController: java.lang.String updateResource(com.alibaba.fastjson.JSONObject,javax.servlet.http.HttpServletRequest)>/obj}
VarNode{<com.jsh.erp.controller.MaterialController: java.lang.String addResource(com.alibaba.fastjson.JSONObject,javax.servlet.http.HttpServletRequest)>/obj}
VarNode{<com.jsh.erp.controller.DepotHeadController: com.jsh.erp.utils.BaseResponseInfo getStatementAccount(java.lang.Integer,java.lang.Integer,java.lang.String,java.lang.String,java.lang.Integer,java.lang.Integer,java.lang.String,javax.servlet.http.HttpServletRequest)>/endTime}
VarNode{<com.jsh.erp.controller.DepotItemController: com.jsh.erp.utils.BaseResponseInfo getBatchNumberList(java.lang.String,java.lang.Long,java.lang.Long,java.lang.String,java.lang.String,javax.servlet.http.HttpServletRequest)>/barCode}
VarNode{<com.jsh.erp.controller.UserBusinessController: java.lang.String getList(java.lang.Long,javax.servlet.http.HttpServletRequest)>/id}
Sink nodes:
VarNode{<com.jsh.erp.service.DepotHeadService: java.util.List getDetailByNumber(java.lang.String,javax.servlet.http.HttpServletRequest)>/number}
VarNode{<com.jsh.erp.service.OrganizationService: java.util.List getOrganizationTree(java.lang.Long)>/id}
VarNode{<com.jsh.erp.service.MaterialExtendService: java.util.List getDetailList(java.lang.Long)>/materialId}
VarNode{<com.jsh.erp.service.DepotItemService: java.util.List getDetailList(java.lang.Long)>/headerId}
VarNode{<com.jsh.erp.service.MaterialService: java.util.List findByIdWithBarCode(java.lang.Long)>/meId}
VarNode{<com.jsh.erp.service.MaterialService: java.lang.Long getMaterialEnableSerialNumberCount(java.lang.String)>/q}
VarNode{<com.jsh.erp.service.MaterialService: java.util.List findById(java.lang.Long)>/id}
VarNode{<com.jsh.erp.service.AccountHeadService: java.util.List getFinancialBillNoByBillId(java.lang.Long)>/billId}
VarNode{<com.jsh.erp.service.UserService: void registerUser(com.jsh.erp.datasource.entities.UserEx,java.lang.Integer,javax.servlet.http.HttpServletRequest)>/ue}
VarNode{<com.jsh.erp.service.MaterialService: com.jsh.erp.datasource.entities.MaterialExtend getMaterialExtendBySerialNumber(java.lang.String)>/serialNumber}
VarNode{<com.jsh.erp.service.AccountItemService: java.util.List getDetailList(java.lang.Long)>/headerId}
VarNode{<com.jsh.erp.service.MaterialService: com.alibaba.fastjson.JSONArray getMaterialByParam(java.lang.String)>/materialParam}
VarNode{<com.jsh.erp.controller.PluginController: java.lang.String install(java.lang.String)>/path}
VarNode{<com.jsh.erp.service.PlatformConfigService: int deletePlatformConfig(java.lang.Long,javax.servlet.http.HttpServletRequest)>/id}
VarNode{<com.jsh.erp.service.MaterialService: java.util.List getIdListByParentId(java.util.List,java.lang.Long)>/parentId}
VarNode{<com.jsh.erp.service.SupplierService: java.util.Map getBeginNeedByOrganId(java.lang.Long)>/organId}
VarNode{<com.jsh.erp.service.MaterialService: java.util.List getListByParentId(java.lang.Long)>/parentId}
VarNode{<com.jsh.erp.service.MaterialService: java.util.List getMaterialByMeId(java.lang.Long)>/meId}
VarNode{<com.jsh.erp.service.LogService: int deleteLog(java.lang.Long,javax.servlet.http.HttpServletRequest)>/id}
VarNode{<com.jsh.erp.service.AccountHeadService: java.util.List getDetailByNumber(java.lang.String)>/billNo}
VarNode{<com.jsh.erp.service.MaterialCategoryService: java.util.List getMaterialCategoryTree(java.lang.Long)>/id}
VarNode{<com.jsh.erp.service.TenantService: int deleteTenant(java.lang.Long,javax.servlet.http.HttpServletRequest)>/id}
VarNode{<com.jsh.erp.service.MsgService: int deleteMsg(java.lang.Long,javax.servlet.http.HttpServletRequest)>/id}
Dumping /Users/yuntsy/My/Projects/Java/WebAnalyzer/output/taint-flow-graph.dot
TFGDumper finishes, elapsed time: 0.09s
-------------- Pointer analysis statistics: --------------
#var pointers:                2,1503 (insens) / 2,1503 (sens)
#objects:                     4872 (insens) / 4872 (sens)
#var points-to:               3,3398 (insens) / 3,3398 (sens)
#static field points-to:      122 (sens)
#instance field points-to:    2780 (sens)
#array points-to:             148 (sens)
#reachable methods:           2154 (insens) / 2154 (sens)
#call graph edges:            7387 (insens) / 7387 (sens)
----------------------------------------
pta finishes, elapsed time: 0.54s
cg starts ...
Call graph has 2154 reachable methods and 7387 edges
Dumping call graph to /Users/yuntsy/My/Projects/Java/WebAnalyzer/output/call-graph.dot
Dumping reachable methods to /Users/yuntsy/My/Projects/Java/WebAnalyzer/output/reachable-methods.txt
Dumping call edges to /Users/yuntsy/My/Projects/Java/WebAnalyzer/output/call-edges.txt
cg finishes, elapsed time: 0.20s
Tai-e finishes, elapsed time: 37.55s
