Writing log to /Users/yuntsy/My/Projects/Java/WebAnalyzer/output/tai-e.log
java.version: 17.0.11
java.version.date: 2024-04-16
java.runtime.version: 17.0.11+7-LTS-207
java.vendor: Oracle Corporation
java.vendor.version: null
os.name: Mac OS X
os.version: 26.3
os.arch: aarch64
Tai-e Version: 0.5.1
Tai-e Commit: a086cc6200102f74b303a2cb800dad4e1b8b3af5
Writing analysis plan to /Users/yuntsy/My/Projects/Java/WebAnalyzer/output/tai-e-plan.yml
WorldBuilder starts ...
Warning: main class was not given!
10871 classes with 104572 methods in the world
WorldBuilder finishes, elapsed time: 2.96s
ir-dumper starts ...
Dumping IR in /Users/yuntsy/My/Projects/Java/WebAnalyzer/output/tir
395 classes in scope (APP) of class analyses
ir-dumper finishes, elapsed time: 0.35s
routerAnalysis starts ...
Router analysis started at: 2026-02-27 20:03:04
Router analysis completed at: 2026-02-27 20:03:04 (Duration: 4ms)
routerAnalysis finishes, elapsed time: 0.01s
beanAnalysis starts ...
beanAnalysis finishes, elapsed time: 0.00s
injectPointsAnalysis starts ...
injectPointsAnalysis finishes, elapsed time: 0.00s
aspectAnalysis starts ...
Starting AOP aspect analysis...
aspectAnalysis finishes, elapsed time: 0.00s
resultAnalysis starts ...
============================================================
                 Spring Analysis Result Summary             
============================================================
Router Methods (Endpoints)     : 171
Spring Beans                   : 176
Aspect Methods (Advice)        : 0
============================================================
resultAnalysis finishes, elapsed time: 0.00s
srfaAnalysis starts ...
SRFA Analysis started at: 2026-02-27 20:03:04
Loaded 68 controller classes from RouterAnalysis
Discovering mapper paths from 12 appClassPath entries
Extracting XML from fat jar: mall4cloud-auth.jar
Extracted 0 XML files from mall4cloud-auth.jar
Extracted 1 XML files (plain jar) from mall4cloud-auth.jar
Extracting XML from fat jar: mall4cloud-biz.jar
Extracted 0 XML files from mall4cloud-biz.jar
Extracted 2 XML files (plain jar) from mall4cloud-biz.jar
Extracting XML from fat jar: mall4cloud-gateway.jar
Extracted 0 XML files from mall4cloud-gateway.jar
Extracting XML from fat jar: mall4cloud-leaf.jar
Extracted 0 XML files from mall4cloud-leaf.jar
Extracting XML from fat jar: mall4cloud-multishop.jar
Extracted 0 XML files from mall4cloud-multishop.jar
Extracted 4 XML files (plain jar) from mall4cloud-multishop.jar
Extracting XML from fat jar: mall4cloud-order.jar
Extracted 0 XML files from mall4cloud-order.jar
Extracted 4 XML files (plain jar) from mall4cloud-order.jar
Extracting XML from fat jar: mall4cloud-payment.jar
Extracted 0 XML files from mall4cloud-payment.jar
Extracted 1 XML files (plain jar) from mall4cloud-payment.jar
Extracting XML from fat jar: mall4cloud-platform.jar
Extracted 0 XML files from mall4cloud-platform.jar
Extracted 2 XML files (plain jar) from mall4cloud-platform.jar
Extracting XML from fat jar: mall4cloud-product.jar
Extracted 0 XML files from mall4cloud-product.jar
Extracted 15 XML files (plain jar) from mall4cloud-product.jar
Extracting XML from fat jar: mall4cloud-rbac.jar
Extracted 0 XML files from mall4cloud-rbac.jar
Extracted 5 XML files (plain jar) from mall4cloud-rbac.jar
Extracting XML from fat jar: mall4cloud-search.jar
Extracted 0 XML files from mall4cloud-search.jar
Extracting XML from fat jar: mall4cloud-user.jar
Extracted 0 XML files from mall4cloud-user.jar
Extracted 3 XML files (plain jar) from mall4cloud-user.jar
Auto-discovered 9 mapper path(s)
  - /var/folders/n9/gm62bg6x77xgx7pk8ttb_v640000gn/T/srfa-mapper-cache/mall4cloud-auth_1731057264000/mapper
  - /var/folders/n9/gm62bg6x77xgx7pk8ttb_v640000gn/T/srfa-mapper-cache/mall4cloud-biz_1731057264000/mapper
  - /var/folders/n9/gm62bg6x77xgx7pk8ttb_v640000gn/T/srfa-mapper-cache/mall4cloud-multishop_1731057264000/mapper
  - /var/folders/n9/gm62bg6x77xgx7pk8ttb_v640000gn/T/srfa-mapper-cache/mall4cloud-order_1731057264000/mapper
  - /var/folders/n9/gm62bg6x77xgx7pk8ttb_v640000gn/T/srfa-mapper-cache/mall4cloud-payment_1731057264000/mapper
  - /var/folders/n9/gm62bg6x77xgx7pk8ttb_v640000gn/T/srfa-mapper-cache/mall4cloud-platform_1731057264000/mapper
  - /var/folders/n9/gm62bg6x77xgx7pk8ttb_v640000gn/T/srfa-mapper-cache/mall4cloud-product_1731057264000/mapper
  - /var/folders/n9/gm62bg6x77xgx7pk8ttb_v640000gn/T/srfa-mapper-cache/mall4cloud-rbac_1731057264000/mapper
  - /var/folders/n9/gm62bg6x77xgx7pk8ttb_v640000gn/T/srfa-mapper-cache/mall4cloud-user_1731057265000/mapper
Using 9 mapper search path(s):
  - /var/folders/n9/gm62bg6x77xgx7pk8ttb_v640000gn/T/srfa-mapper-cache/mall4cloud-auth_1731057264000/mapper
  - /var/folders/n9/gm62bg6x77xgx7pk8ttb_v640000gn/T/srfa-mapper-cache/mall4cloud-biz_1731057264000/mapper
  - /var/folders/n9/gm62bg6x77xgx7pk8ttb_v640000gn/T/srfa-mapper-cache/mall4cloud-multishop_1731057264000/mapper
  - /var/folders/n9/gm62bg6x77xgx7pk8ttb_v640000gn/T/srfa-mapper-cache/mall4cloud-order_1731057264000/mapper
  - /var/folders/n9/gm62bg6x77xgx7pk8ttb_v640000gn/T/srfa-mapper-cache/mall4cloud-payment_1731057264000/mapper
  - /var/folders/n9/gm62bg6x77xgx7pk8ttb_v640000gn/T/srfa-mapper-cache/mall4cloud-platform_1731057264000/mapper
  - /var/folders/n9/gm62bg6x77xgx7pk8ttb_v640000gn/T/srfa-mapper-cache/mall4cloud-product_1731057264000/mapper
  - /var/folders/n9/gm62bg6x77xgx7pk8ttb_v640000gn/T/srfa-mapper-cache/mall4cloud-rbac_1731057264000/mapper
  - /var/folders/n9/gm62bg6x77xgx7pk8ttb_v640000gn/T/srfa-mapper-cache/mall4cloud-user_1731057265000/mapper
Parsed 37 MyBatis mapper files
Parsed 37 MyBatis mapper files
  Mapper namespace: com.mall4j.cloud.auth.mapper.AuthAccountMapper
    Operation: id=getAuthAccountInVerifyByInputUserName, type=select, hasDollar=false
    Operation: id=getByUserIdAndType, type=select, hasDollar=false
    Operation: id=getByUid, type=select, hasDollar=false
    Operation: id=getAccountByInputUserName, type=select, hasDollar=false
    Operation: id=getByUsernameAndSysType, type=select, hasDollar=false
    Operation: id=getMerchantInfoByTenantId, type=select, hasDollar=false
    Operation: id=updatePassword, type=update, hasDollar=false
    Operation: id=updateAccountInfo, type=update, hasDollar=false
    Operation: id=deleteByUserIdAndSysType, type=update, hasDollar=false
    Operation: id=updateUserInfoByUserId, type=update, hasDollar=false
    Operation: id=save, type=insert, hasDollar=false
  Mapper namespace: com.mall4j.cloud.biz.mapper.AttachFileMapper
    Operation: id=list, type=select, hasDollar=false
    Operation: id=getById, type=select, hasDollar=false
    Operation: id=deleteById, type=delete, hasDollar=false
    Operation: id=update, type=update, hasDollar=false
    Operation: id=updateBatchByAttachFileGroupId, type=update, hasDollar=false
    Operation: id=save, type=insert, hasDollar=false
  Mapper namespace: com.mall4j.cloud.biz.mapper.AttachFileGroupMapper
    Operation: id=list, type=select, hasDollar=false
    Operation: id=getByAttachFileGroupId, type=select, hasDollar=false
    Operation: id=deleteById, type=delete, hasDollar=false
    Operation: id=update, type=update, hasDollar=false
    Operation: id=save, type=insert, hasDollar=false
  Mapper namespace: com.mall4j.cloud.multishop.mapper.HotSearchMapper
    Operation: id=list, type=select, hasDollar=false
    Operation: id=getByHotSearchId, type=select, hasDollar=false
    Operation: id=listByShopId, type=select, hasDollar=false
    Operation: id=deleteById, type=delete, hasDollar=false
    Operation: id=update, type=update, hasDollar=false
    Operation: id=save, type=insert, hasDollar=false
  Mapper namespace: com.mall4j.cloud.multishop.mapper.ShopDetailMapper
    Operation: id=list, type=select, hasDollar=false
    Operation: id=getByShopId, type=select, hasDollar=false
    Operation: id=getShoExtensionsByShopId, type=select, hasDollar=false
    Operation: id=listByShopIds, type=select, hasDollar=false
    Operation: id=shopSearchList, type=select, hasDollar=false
    Operation: id=countShopName, type=select, hasDollar=false
    Operation: id=shopExtensionData, type=select, hasDollar=false
    Operation: id=getShopDetailByShopIdAndShopName, type=select, hasDollar=false
    Operation: id=deleteById, type=delete, hasDollar=false
    Operation: id=update, type=update, hasDollar=false
    Operation: id=changeSpuStatus, type=update, hasDollar=false
    Operation: id=save, type=insert, hasDollar=false
  Mapper namespace: com.mall4j.cloud.multishop.mapper.IndexImgMapper
    Operation: id=list, type=select, hasDollar=false
    Operation: id=getByImgId, type=select, hasDollar=false
    Operation: id=getListByShopId, type=select, hasDollar=false
    Operation: id=deleteByIdAndShopId, type=delete, hasDollar=false
    Operation: id=update, type=update, hasDollar=false
    Operation: id=clearSpuIdBySpuId, type=update, hasDollar=false
    Operation: id=save, type=insert, hasDollar=false
  Mapper namespace: com.mall4j.cloud.multishop.mapper.ShopUserMapper
    Operation: id=getByUserId, type=select, hasDollar=false
    Operation: id=listByShopId, type=select, hasDollar=false
    Operation: id=getUserIdByShopId, type=select, hasDollar=false
    Operation: id=deleteById, type=delete, hasDollar=false
    Operation: id=update, type=update, hasDollar=false
    Operation: id=save, type=insert, hasDollar=false
  Mapper namespace: com.mall4j.cloud.order.mapper.OrderMapper
    Operation: id=getOrdersStatus, type=select, hasDollar=false
    Operation: id=getOrdersActualAmount, type=select, hasDollar=false
    Operation: id=getOrdersSimpleAmountInfo, type=select, hasDollar=false
    Operation: id=getOrderByOrderIdAndUserId, type=select, hasDollar=false
    Operation: id=getOrderByOrderIdAndShopId, type=select, hasDollar=false
    Operation: id=getOrderAndOrderItemData, type=select, hasDollar=false
    Operation: id=getSubmitOrderPayAmountInfo, type=select, hasDollar=false
    Operation: id=getEsOrder, type=select, hasDollar=false
    Operation: id=countNumberOfStatus, type=select, hasDollar=false
    Operation: id=deleteById, type=delete, hasDollar=false
    Operation: id=update, type=update, hasDollar=false
    Operation: id=updateByToPaySuccess, type=update, hasDollar=false
    Operation: id=cancelOrders, type=update, hasDollar=false
    Operation: id=receiptOrder, type=update, hasDollar=false
    Operation: id=deleteOrder, type=update, hasDollar=false
    Operation: id=saveBatch, type=insert, hasDollar=false
  Mapper namespace: com.mall4j.cloud.order.mapper.OrderPayInfoMapper
    Operation: id=deleteById, type=delete, hasDollar=false
    Operation: id=update, type=update, hasDollar=false
    Operation: id=save, type=insert, hasDollar=false
  Mapper namespace: com.mall4j.cloud.order.mapper.OrderAddrMapper
    Operation: id=getByOrderAddrId, type=select, hasDollar=false
    Operation: id=deleteById, type=delete, hasDollar=false
    Operation: id=update, type=update, hasDollar=false
    Operation: id=save, type=insert, hasDollar=false
  Mapper namespace: com.mall4j.cloud.order.mapper.OrderItemMapper
    Operation: id=listOrderItemsByOrderId, type=select, hasDollar=false
    Operation: id=getSpuNameListByOrderIds, type=select, hasDollar=false
    Operation: id=countByOrderId, type=select, hasDollar=false
    Operation: id=deleteById, type=delete, hasDollar=false
    Operation: id=update, type=update, hasDollar=false
    Operation: id=save, type=insert, hasDollar=false
    Operation: id=saveBatch, type=insert, hasDollar=false
  Mapper namespace: com.mall4j.cloud.payment.mapper.PayInfoMapper
    Operation: id=getByPayId, type=select, hasDollar=false
    Operation: id=getPayStatusByOrderIds, type=select, hasDollar=false
    Operation: id=isPay, type=select, hasDollar=false
    Operation: id=deleteById, type=delete, hasDollar=false
    Operation: id=update, type=update, hasDollar=false
    Operation: id=save, type=insert, hasDollar=false
  Mapper namespace: com.mall4j.cloud.platform.mapper.SysUserMapper
    Operation: id=getSimpleByUserId, type=select, hasDollar=false
    Operation: id=getByUserId, type=select, hasDollar=false
    Operation: id=listByShopId, type=select, hasDollar=false
    Operation: id=deleteById, type=delete, hasDollar=false
    Operation: id=update, type=update, hasDollar=false
    Operation: id=save, type=insert, hasDollar=false
  Mapper namespace: com.mall4j.cloud.platform.mapper.SysConfigMapper
    Operation: id=getById, type=select, hasDollar=false
    Operation: id=countByKey, type=select, hasDollar=false
    Operation: id=queryByKey, type=select, hasDollar=false
    Operation: id=deleteById, type=delete, hasDollar=false
    Operation: id=update, type=update, hasDollar=false
    Operation: id=save, type=insert, hasDollar=false
  Mapper namespace: com.mall4j.cloud.product.mapper.SpuExtensionMapper
    Operation: id=getBySpuExtendId, type=select, hasDollar=false
    Operation: id=getBySpuId, type=select, hasDollar=false
    Operation: id=deleteById, type=delete, hasDollar=false
    Operation: id=updateStock, type=update, hasDollar=false
    Operation: id=reduceStockByOrder, type=update, hasDollar=false
    Operation: id=addStockByOrder, type=update, hasDollar=false
    Operation: id=reduceActualStockByOrder, type=update, hasDollar=false
    Operation: id=reduceActualStockByCancelOrder, type=update, hasDollar=false
    Operation: id=save, type=insert, hasDollar=false
  Mapper namespace: com.mall4j.cloud.product.mapper.BrandMapper
    Operation: id=list, type=select, hasDollar=false
    Operation: id=getByBrandId, type=select, hasDollar=false
    Operation: id=getUseNum, type=select, hasDollar=false
    Operation: id=getBrandByCategoryId, type=select, hasDollar=false
    Operation: id=listByCategory, type=select, hasDollar=false
    Operation: id=deleteById, type=delete, hasDollar=false
    Operation: id=update, type=update, hasDollar=false
    Operation: id=updateBrandStatus, type=update, hasDollar=false
    Operation: id=save, type=insert, hasDollar=false
  Mapper namespace: com.mall4j.cloud.product.mapper.CategoryBrandMapper
    Operation: id=getCategoryIdsByBrandId, type=select, hasDollar=false
    Operation: id=deleteByBrandId, type=delete, hasDollar=false
    Operation: id=deleteByBrandIdAndCategoryIds, type=delete, hasDollar=false
    Operation: id=saveBatch, type=insert, hasDollar=false
  Mapper namespace: com.mall4j.cloud.product.mapper.SpuDetailMapper
    Operation: id=deleteById, type=delete, hasDollar=false
    Operation: id=update, type=update, hasDollar=false
    Operation: id=save, type=insert, hasDollar=false
  Mapper namespace: com.mall4j.cloud.product.mapper.ShopCartItemMapper
    Operation: id=getByCartId, type=select, hasDollar=false
    Operation: id=getShopCartItems, type=select, hasDollar=false
    Operation: id=listUserIdBySpuId, type=select, hasDollar=false
    Operation: id=getShopCartItemCount, type=select, hasDollar=false
    Operation: id=deleteById, type=delete, hasDollar=false
    Operation: id=deleteShopCartItemsByShopCartItemIds, type=delete, hasDollar=false
    Operation: id=deleteAllShopCartItems, type=delete, hasDollar=false
    Operation: id=update, type=update, hasDollar=false
    Operation: id=checkShopCartItems, type=update, hasDollar=false
    Operation: id=save, type=insert, hasDollar=false
  Mapper namespace: com.mall4j.cloud.product.mapper.AttrMapper
    Operation: id=list, type=select, hasDollar=false
    Operation: id=countAttr, type=select, hasDollar=false
    Operation: id=getByAttrId, type=select, hasDollar=false
    Operation: id=getAttrsByCategoryIdAndAttrType, type=select, hasDollar=false
    Operation: id=getShopAttrs, type=select, hasDollar=false
    Operation: id=deleteById, type=delete, hasDollar=false
    Operation: id=update, type=update, hasDollar=false
    Operation: id=save, type=insert, hasDollar=false
  Mapper namespace: com.mall4j.cloud.product.mapper.SkuStockMapper
    Operation: id=listBySkuList, type=select, hasDollar=false
    Operation: id=deleteById, type=delete, hasDollar=false
    Operation: id=deleteBySkuIds, type=delete, hasDollar=false
    Operation: id=update, type=update, hasDollar=false
    Operation: id=updateStock, type=update, hasDollar=false
    Operation: id=reduceStockByOrder, type=update, hasDollar=false
    Operation: id=addStockByOrder, type=update, hasDollar=false
    Operation: id=reduceActualStockByOrder, type=update, hasDollar=false
    Operation: id=reduceActualStockByCancelOrder, type=update, hasDollar=false
    Operation: id=save, type=insert, hasDollar=false
    Operation: id=saveBatch, type=insert, hasDollar=false
  Mapper namespace: com.mall4j.cloud.product.mapper.SpuSkuAttrValueMapper
    Operation: id=deleteById, type=delete, hasDollar=false
    Operation: id=updateBySpuId, type=update, hasDollar=false
    Operation: id=updateBatch, type=update, hasDollar=false
    Operation: id=update, type=update, hasDollar=false
    Operation: id=changeStatusBySkuId, type=update, hasDollar=false
    Operation: id=save, type=insert, hasDollar=false
    Operation: id=saveBatch, type=insert, hasDollar=false
  Mapper namespace: com.mall4j.cloud.product.mapper.AttrValueMapper
    Operation: id=getIdListByAttrId, type=select, hasDollar=false
    Operation: id=deleteBatch, type=delete, hasDollar=false
    Operation: id=updateBatch, type=update, hasDollar=false
    Operation: id=updateBatchOfSpuAttrValue, type=update, hasDollar=false
    Operation: id=updateBatchOfSpuSkuAttrValue, type=update, hasDollar=false
    Operation: id=saveBatch, type=insert, hasDollar=false
  Mapper namespace: com.mall4j.cloud.product.mapper.SpuMapper
    Operation: id=list, type=select, hasDollar=false
    Operation: id=getBySpuId, type=select, hasDollar=false
    Operation: id=loadEsProductBO, type=select, hasDollar=false
    Operation: id=getSpuIdsBySpuUpdateDTO, type=select, hasDollar=false
    Operation: id=listBySpuIds, type=select, hasDollar=false
    Operation: id=pageByLangAndTagId, type=select, hasDollar=false
    Operation: id=listIdsByCidListAndTypeAndShopId, type=select, hasDollar=false
    Operation: id=deleteById, type=delete, hasDollar=false
    Operation: id=updateStatusBySpuId, type=update, hasDollar=false
    Operation: id=update, type=update, hasDollar=false
    Operation: id=changeSpuStatus, type=update, hasDollar=false
    Operation: id=updateSpuUpdateTime, type=update, hasDollar=false
    Operation: id=batchChangeSpuStatusBySpuIdsAndStatus, type=update, hasDollar=false
    Operation: id=save, type=insert, hasDollar=false
  Mapper namespace: com.mall4j.cloud.product.mapper.AttrCategoryMapper
    Operation: id=getCategoryIdsByAttrId, type=select, hasDollar=false
    Operation: id=listByAttrId, type=select, hasDollar=false
    Operation: id=deleteBatch, type=delete, hasDollar=false
    Operation: id=saveBatch, type=insert, hasDollar=false
  Mapper namespace: com.mall4j.cloud.product.mapper.SkuMapper
    Operation: id=listBySpuIdAndExtendInfo, type=select, hasDollar=false
    Operation: id=listBySpuId, type=select, hasDollar=false
    Operation: id=getSkuBySkuId, type=select, hasDollar=false
    Operation: id=getSkuBySpuId, type=select, hasDollar=false
    Operation: id=deleteById, type=delete, hasDollar=false
    Operation: id=update, type=update, hasDollar=false
    Operation: id=updateBySpuId, type=update, hasDollar=false
    Operation: id=updateBatch, type=update, hasDollar=false
    Operation: id=save, type=insert, hasDollar=false
    Operation: id=saveBatch, type=insert, hasDollar=false
  Mapper namespace: com.mall4j.cloud.product.mapper.SkuStockLockMapper
    Operation: id=getById, type=select, hasDollar=false
    Operation: id=listByOrderIds, type=select, hasDollar=false
    Operation: id=listUnLockByOrderIds, type=select, hasDollar=false
    Operation: id=deleteById, type=delete, hasDollar=false
    Operation: id=update, type=update, hasDollar=false
    Operation: id=unLockByIds, type=update, hasDollar=false
    Operation: id=markerStockUse, type=update, hasDollar=false
    Operation: id=save, type=insert, hasDollar=false
    Operation: id=saveBatch, type=insert, hasDollar=false
  Mapper namespace: com.mall4j.cloud.product.mapper.SpuAttrValueMapper
    Operation: id=getSpuAttrsBySpuId, type=select, hasDollar=false
    Operation: id=getShopIdByAttrValueIds, type=select, hasDollar=false
    Operation: id=deleteByAttIdAndCategoryIds, type=delete, hasDollar=false
    Operation: id=deleteBatch, type=delete, hasDollar=false
    Operation: id=deleteBySpuId, type=update, hasDollar=false
    Operation: id=update, type=update, hasDollar=false
    Operation: id=updateBatch, type=update, hasDollar=false
    Operation: id=batchUpdateSpuAttrValue, type=update, hasDollar=false
    Operation: id=save, type=insert, hasDollar=false
    Operation: id=saveBatch, type=insert, hasDollar=false
  Mapper namespace: com.mall4j.cloud.product.mapper.CategoryMapper
    Operation: id=getById, type=select, hasDollar=false
    Operation: id=getCategoryUseNum, type=select, hasDollar=false
    Operation: id=list, type=select, hasDollar=false
    Operation: id=listByShopIdAndParenId, type=select, hasDollar=false
    Operation: id=getChildCategory, type=select, hasDollar=false
    Operation: id=existCategoryName, type=select, hasDollar=false
    Operation: id=getListByCategoryIds, type=select, hasDollar=false
    Operation: id=listCategoryId, type=select, hasDollar=false
    Operation: id=getCategoryAndChildCatogory, type=select, hasDollar=false
    Operation: id=deleteById, type=delete, hasDollar=false
    Operation: id=update, type=update, hasDollar=false
    Operation: id=updateBatchOfStatus, type=update, hasDollar=false
    Operation: id=save, type=insert, hasDollar=false
  Mapper namespace: com.mall4j.cloud.rbac.mapper.MenuMapper
    Operation: id=getByMenuId, type=select, hasDollar=false
    Operation: id=listBySysType, type=select, hasDollar=false
    Operation: id=listSimpleMenuBySytType, type=select, hasDollar=false
    Operation: id=listWithPermissions, type=select, hasDollar=false
    Operation: id=listMenuIds, type=select, hasDollar=false
    Operation: id=deleteById, type=delete, hasDollar=false
    Operation: id=update, type=update, hasDollar=false
    Operation: id=save, type=insert, hasDollar=false
  Mapper namespace: com.mall4j.cloud.rbac.mapper.RoleMenuMapper
    Operation: id=getByRoleId, type=select, hasDollar=false
    Operation: id=deleteByRoleId, type=delete, hasDollar=false
    Operation: id=insertBatch, type=insert, hasDollar=false
  Mapper namespace: com.mall4j.cloud.rbac.mapper.MenuPermissionMapper
    Operation: id=list, type=select, hasDollar=false
    Operation: id=getByMenuPermissionId, type=select, hasDollar=false
    Operation: id=listAllPermissionBySysType, type=select, hasDollar=false
    Operation: id=listPermissionByUserIdAndSysType, type=select, hasDollar=false
    Operation: id=listUriPermissionInfo, type=select, hasDollar=false
    Operation: id=listByMenuId, type=select, hasDollar=false
    Operation: id=getByPermission, type=select, hasDollar=false
    Operation: id=deleteById, type=delete, hasDollar=false
    Operation: id=update, type=update, hasDollar=false
    Operation: id=save, type=insert, hasDollar=false
  Mapper namespace: com.mall4j.cloud.rbac.mapper.RoleMapper
    Operation: id=list, type=select, hasDollar=false
    Operation: id=getByRoleId, type=select, hasDollar=false
    Operation: id=getBizType, type=select, hasDollar=false
    Operation: id=deleteById, type=delete, hasDollar=false
    Operation: id=update, type=update, hasDollar=false
    Operation: id=save, type=insert, hasDollar=false
  Mapper namespace: com.mall4j.cloud.rbac.mapper.UserRoleMapper
    Operation: id=getRoleIds, type=select, hasDollar=false
    Operation: id=deleteByUserId, type=delete, hasDollar=false
    Operation: id=deleteByRoleId, type=delete, hasDollar=false
    Operation: id=insertUserAndUserRole, type=insert, hasDollar=false
  Mapper namespace: com.mall4j.cloud.user.mapper.AreaMapper
    Operation: id=getByAreaId, type=select, hasDollar=false
    Operation: id=countByAreaId, type=select, hasDollar=false
    Operation: id=listByPid, type=select, hasDollar=false
    Operation: id=deleteById, type=delete, hasDollar=false
    Operation: id=update, type=update, hasDollar=false
    Operation: id=save, type=insert, hasDollar=false
  Mapper namespace: com.mall4j.cloud.user.mapper.UserMapper
    Operation: id=getByUserId, type=select, hasDollar=false
    Operation: id=getUserAndOpenIdsByUserId, type=select, hasDollar=false
    Operation: id=getUserByUserIds, type=select, hasDollar=false
    Operation: id=update, type=update, hasDollar=false
    Operation: id=save, type=insert, hasDollar=false
  Mapper namespace: com.mall4j.cloud.user.mapper.UserAddrMapper
    Operation: id=list, type=select, hasDollar=false
    Operation: id=getByAddrId, type=select, hasDollar=false
    Operation: id=countByUserId, type=select, hasDollar=false
    Operation: id=getUserDefaultAddrByUserId, type=select, hasDollar=false
    Operation: id=deleteById, type=delete, hasDollar=false
    Operation: id=update, type=update, hasDollar=false
    Operation: id=removeDefaultUserAddr, type=update, hasDollar=false
    Operation: id=setDefaultUserAddr, type=update, hasDollar=false
    Operation: id=save, type=insert, hasDollar=false
Collected 181 write field names from INSERT/UPDATE operations
Extracted 161 source metadata entries (before filtering)
Resolving 37 mapper namespaces...
  Namespace resolve: com.mall4j.cloud.auth.mapper.AuthAccountMapper -> com.mall4j.cloud.auth.mapper.AuthAccountMapper
  Namespace resolve: com.mall4j.cloud.biz.mapper.AttachFileMapper -> com.mall4j.cloud.biz.mapper.AttachFileMapper
  Namespace resolve: com.mall4j.cloud.biz.mapper.AttachFileGroupMapper -> com.mall4j.cloud.biz.mapper.AttachFileGroupMapper
  Namespace resolve: com.mall4j.cloud.multishop.mapper.HotSearchMapper -> com.mall4j.cloud.multishop.mapper.HotSearchMapper
  Namespace resolve: com.mall4j.cloud.multishop.mapper.ShopDetailMapper -> com.mall4j.cloud.multishop.mapper.ShopDetailMapper
  Namespace resolve: com.mall4j.cloud.multishop.mapper.IndexImgMapper -> com.mall4j.cloud.multishop.mapper.IndexImgMapper
  Namespace resolve: com.mall4j.cloud.multishop.mapper.ShopUserMapper -> com.mall4j.cloud.multishop.mapper.ShopUserMapper
  Namespace resolve: com.mall4j.cloud.order.mapper.OrderMapper -> com.mall4j.cloud.order.mapper.OrderMapper
  Namespace resolve: com.mall4j.cloud.order.mapper.OrderPayInfoMapper -> com.mall4j.cloud.order.mapper.OrderPayInfoMapper
  Namespace resolve: com.mall4j.cloud.order.mapper.OrderAddrMapper -> com.mall4j.cloud.order.mapper.OrderAddrMapper
  Namespace resolve: com.mall4j.cloud.order.mapper.OrderItemMapper -> com.mall4j.cloud.order.mapper.OrderItemMapper
  Namespace resolve: com.mall4j.cloud.payment.mapper.PayInfoMapper -> com.mall4j.cloud.payment.mapper.PayInfoMapper
  Namespace resolve: com.mall4j.cloud.platform.mapper.SysUserMapper -> com.mall4j.cloud.platform.mapper.SysUserMapper
  Namespace resolve: com.mall4j.cloud.platform.mapper.SysConfigMapper -> com.mall4j.cloud.platform.mapper.SysConfigMapper
  Namespace resolve: com.mall4j.cloud.product.mapper.SpuExtensionMapper -> com.mall4j.cloud.product.mapper.SpuExtensionMapper
  Namespace resolve: com.mall4j.cloud.product.mapper.BrandMapper -> com.mall4j.cloud.product.mapper.BrandMapper
  Namespace resolve: com.mall4j.cloud.product.mapper.CategoryBrandMapper -> com.mall4j.cloud.product.mapper.CategoryBrandMapper
  Namespace resolve: com.mall4j.cloud.product.mapper.SpuDetailMapper -> com.mall4j.cloud.product.mapper.SpuDetailMapper
  Namespace resolve: com.mall4j.cloud.product.mapper.ShopCartItemMapper -> com.mall4j.cloud.product.mapper.ShopCartItemMapper
  Namespace resolve: com.mall4j.cloud.product.mapper.AttrMapper -> com.mall4j.cloud.product.mapper.AttrMapper
  Namespace resolve: com.mall4j.cloud.product.mapper.SkuStockMapper -> com.mall4j.cloud.product.mapper.SkuStockMapper
  Namespace resolve: com.mall4j.cloud.product.mapper.SpuSkuAttrValueMapper -> com.mall4j.cloud.product.mapper.SpuSkuAttrValueMapper
  Namespace resolve: com.mall4j.cloud.product.mapper.AttrValueMapper -> com.mall4j.cloud.product.mapper.AttrValueMapper
  Namespace resolve: com.mall4j.cloud.product.mapper.SpuMapper -> com.mall4j.cloud.product.mapper.SpuMapper
  Namespace resolve: com.mall4j.cloud.product.mapper.AttrCategoryMapper -> com.mall4j.cloud.product.mapper.AttrCategoryMapper
  Namespace resolve: com.mall4j.cloud.product.mapper.SkuMapper -> com.mall4j.cloud.product.mapper.SkuMapper
  Namespace resolve: com.mall4j.cloud.product.mapper.SkuStockLockMapper -> com.mall4j.cloud.product.mapper.SkuStockLockMapper
  Namespace resolve: com.mall4j.cloud.product.mapper.SpuAttrValueMapper -> com.mall4j.cloud.product.mapper.SpuAttrValueMapper
  Namespace resolve: com.mall4j.cloud.product.mapper.CategoryMapper -> com.mall4j.cloud.product.mapper.CategoryMapper
  Namespace resolve: com.mall4j.cloud.rbac.mapper.MenuMapper -> com.mall4j.cloud.rbac.mapper.MenuMapper
  Namespace resolve: com.mall4j.cloud.rbac.mapper.RoleMenuMapper -> com.mall4j.cloud.rbac.mapper.RoleMenuMapper
  Namespace resolve: com.mall4j.cloud.rbac.mapper.MenuPermissionMapper -> com.mall4j.cloud.rbac.mapper.MenuPermissionMapper
  Namespace resolve: com.mall4j.cloud.rbac.mapper.RoleMapper -> com.mall4j.cloud.rbac.mapper.RoleMapper
  Namespace resolve: com.mall4j.cloud.rbac.mapper.UserRoleMapper -> com.mall4j.cloud.rbac.mapper.UserRoleMapper
  Namespace resolve: com.mall4j.cloud.user.mapper.AreaMapper -> com.mall4j.cloud.user.mapper.AreaMapper
  Namespace resolve: com.mall4j.cloud.user.mapper.UserMapper -> com.mall4j.cloud.user.mapper.UserMapper
  Namespace resolve: com.mall4j.cloud.user.mapper.UserAddrMapper -> com.mall4j.cloud.user.mapper.UserAddrMapper
Extracted 225 sink metadata entries (deduplicated, before risk filtering)
Sources: 161 generated, 0 filtered, 0 deduplicated
Sinks: 225 generated (risky), 0 filtered (safe), 0 deduplicated
  Note: 'risky' means uses string concatenation ($), 'safe' means uses prepared statement (#)
Written taint config to: output/taint-config-generated.yml
  Sources: 161 (SRFA param) + framework call sources
  Sinks: 225
  Transfers: standard set included
SRFA Analysis completed at: 2026-02-27 20:03:04 (Duration: 130ms)
srfaAnalysis finishes, elapsed time: 0.13s
pta starts ...
Loading taint config from /Users/yuntsy/My/Projects/Java/WebAnalyzer/output/taint-config-generated.yml
Ignore {"method":"<org.apache.shiro.SecurityUtils: org.apache.shiro.subject.Subject getSubject()>","type":"org.apache.shiro.subject.Subject"} due to missing source "kind"
Ignore {"method":"<org.apache.shiro.subject.Subject: java.lang.Object getPrincipal()>","type":"java.lang.Object"} due to missing source "kind"
Ignore {"method":"<org.apache.shiro.subject.Subject: org.apache.shiro.subject.PrincipalCollection getPrincipals()>","type":"org.apache.shiro.subject.PrincipalCollection"} due to missing source "kind"
Ignore {"method":"<org.apache.shiro.subject.PrincipalCollection: java.lang.Object getPrimaryPrincipal()>","type":"java.lang.Object"} due to missing source "kind"
Ignore {"method":"<org.springframework.security.core.context.SecurityContextHolder: org.springframework.security.core.context.SecurityContext getContext()>","type":"org.springframework.security.core.context.SecurityContext"} due to missing source "kind"
Ignore {"method":"<org.springframework.security.core.context.SecurityContext: org.springframework.security.core.Authentication getAuthentication()>","type":"org.springframework.security.core.Authentication"} due to missing source "kind"
Ignore {"method":"<org.springframework.security.core.Authentication: java.lang.Object getPrincipal()>","type":"java.lang.Object"} due to missing source "kind"
Ignore {"method":"<org.springframework.security.core.Authentication: java.lang.Object getDetails()>","type":"java.lang.Object"} due to missing source "kind"
Ignore {"method":"<org.springframework.security.core.Authentication: java.lang.String getName()>","type":"java.lang.String"} due to missing source "kind"
Ignore {"method":"<org.springframework.security.core.Authentication: java.util.Collection getAuthorities()>","type":"java.util.Collection"} due to missing source "kind"
Ignore {"method":"<org.springframework.security.core.userdetails.UserDetails: java.lang.String getUsername()>","type":"java.lang.String"} due to missing source "kind"
Ignore {"method":"<javax.servlet.http.HttpSession: java.lang.Object getAttribute(java.lang.String)>","type":"java.lang.Object"} due to missing source "kind"
Ignore {"method":"<javax.servlet.http.HttpSession: java.lang.Object getValue(java.lang.String)>","type":"java.lang.Object"} due to missing source "kind"
Ignore {"method":"<javax.servlet.http.HttpServletRequest: javax.servlet.http.HttpSession getSession()>","type":"javax.servlet.http.HttpSession"} due to missing source "kind"
Ignore {"method":"<javax.servlet.http.HttpServletRequest: javax.servlet.http.HttpSession getSession(boolean)>","type":"javax.servlet.http.HttpSession"} due to missing source "kind"
Ignore {"method":"<javax.servlet.http.HttpServletRequest: java.security.Principal getUserPrincipal()>","type":"java.security.Principal"} due to missing source "kind"
Ignore {"method":"<java.security.Principal: java.lang.String getName()>","type":"java.lang.String"} due to missing source "kind"
Ignore {"method":"<javax.servlet.http.HttpServletRequest: java.lang.Object getAttribute(java.lang.String)>","type":"java.lang.Object"} due to missing source "kind"
Ignore {"method":"<javax.servlet.ServletRequest: java.lang.Object getAttribute(java.lang.String)>","type":"java.lang.Object"} due to missing source "kind"
Ignore {"method":"<java.lang.ThreadLocal: java.lang.Object get()>","type":"java.lang.Object"} due to missing source "kind"
Ignore {"method":"<java.lang.InheritableThreadLocal: java.lang.Object get()>","type":"java.lang.Object"} due to missing source "kind"
Cannot find taint-transfer method '<java.util.LinkedHashMap: java.lang.Object put(java.lang.Object,java.lang.Object)>'
Cannot find taint-transfer method '<javax.servlet.http.HttpServletRequest: java.lang.String getParameter(java.lang.String)>'
Cannot find taint-transfer method '<javax.servlet.ServletRequest: java.lang.String getParameter(java.lang.String)>'
Cannot find taint-transfer method '<javax.servlet.http.HttpServletRequest: java.lang.String[] getParameterValues(java.lang.String)>'
Cannot find taint-transfer method '<javax.servlet.http.HttpServletRequest: java.lang.String getHeader(java.lang.String)>'
Cannot find taint-transfer method '<javax.servlet.http.HttpServletRequest: java.lang.String getQueryString()>'
Cannot find taint-transfer method '<javax.servlet.http.HttpServletRequest: java.lang.String getRequestURI()>'
Cannot find taint-transfer method '<javax.servlet.http.HttpServletRequest: java.lang.StringBuffer getRequestURL()>'
Cannot find taint-transfer method '<javax.servlet.http.HttpServletRequest: java.lang.String getRemoteAddr()>'
Cannot find taint-transfer method '<javax.servlet.http.HttpServletRequest: java.lang.Object getAttribute(java.lang.String)>'
Cannot find taint-transfer method '<org.apache.shiro.subject.Subject: java.lang.Object getPrincipal()>'
Cannot find taint-transfer method '<org.apache.shiro.subject.Subject: org.apache.shiro.subject.PrincipalCollection getPrincipals()>'
Cannot find taint-transfer method '<org.apache.shiro.subject.PrincipalCollection: java.lang.Object getPrimaryPrincipal()>'
Cannot find taint-transfer method '<org.apache.shiro.subject.PrincipalCollection: java.util.Collection fromRealm(java.lang.String)>'
Cannot find taint-transfer method '<org.springframework.security.core.context.SecurityContext: org.springframework.security.core.Authentication getAuthentication()>'
Cannot find taint-transfer method '<org.springframework.security.core.Authentication: java.lang.Object getPrincipal()>'
Cannot find taint-transfer method '<org.springframework.security.core.Authentication: java.lang.Object getDetails()>'
Cannot find taint-transfer method '<org.springframework.security.core.Authentication: java.lang.String getName()>'
Cannot find taint-transfer method '<org.springframework.security.core.Authentication: java.util.Collection getAuthorities()>'
Cannot find taint-transfer method '<org.springframework.security.core.userdetails.UserDetails: java.lang.String getUsername()>'
Cannot find taint-transfer method '<org.springframework.security.core.GrantedAuthority: java.lang.String getAuthority()>'
Cannot find taint-transfer method '<javax.servlet.http.HttpSession: java.lang.Object getAttribute(java.lang.String)>'
Cannot find taint-transfer method '<javax.servlet.http.HttpSession: java.lang.Object getValue(java.lang.String)>'
Cannot find taint-transfer method '<javax.servlet.http.HttpSession: void setAttribute(java.lang.String,java.lang.Object)>'
Cannot find taint-transfer method '<java.lang.InheritableThreadLocal: java.lang.Object get()>'
TaintConfig:
sources:
  - { kind: "param", method: "<com.mall4j.cloud.auth.controller.CaptchaController: com.mall4j.cloud.common.response.ServerResponseEntity get(com.anji.captcha.model.vo.CaptchaVO)>", index: "0", type: "com.anji.captcha.model.vo.CaptchaVO" }
  - { kind: "param", method: "<com.mall4j.cloud.auth.controller.CaptchaController: com.mall4j.cloud.common.response.ServerResponseEntity check(com.anji.captcha.model.vo.CaptchaVO)>", index: "0", type: "com.anji.captcha.model.vo.CaptchaVO" }
  - { kind: "param", method: "<com.mall4j.cloud.auth.controller.LoginController: com.mall4j.cloud.common.response.ServerResponseEntity login(com.mall4j.cloud.auth.dto.AuthenticationDTO)>", index: "0", type: "com.mall4j.cloud.auth.dto.AuthenticationDTO" }
  - { kind: "param", method: "<com.mall4j.cloud.auth.controller.PasswordController: com.mall4j.cloud.common.response.ServerResponseEntity updatePassword(com.mall4j.cloud.auth.dto.UpdatePasswordDTO)>", index: "0", type: "com.mall4j.cloud.auth.dto.UpdatePasswordDTO" }
  - { kind: "param", method: "<com.mall4j.cloud.auth.controller.TokenController: com.mall4j.cloud.common.response.ServerResponseEntity refreshToken(com.mall4j.cloud.auth.dto.RefreshTokenDTO)>", index: "0", type: "com.mall4j.cloud.auth.dto.RefreshTokenDTO" }
  - { kind: "param", method: "<com.mall4j.cloud.biz.controller.OssController: com.mall4j.cloud.common.response.ServerResponseEntity info(java.lang.Integer)>", index: "0", type: "java.lang.Integer" }
  - { kind: "param", method: "<com.mall4j.cloud.biz.controller.OssController: com.mall4j.cloud.common.response.ServerResponseEntity uploadFile(org.springframework.web.multipart.MultipartFile)>", index: "0", type: "org.springframework.web.multipart.MultipartFile" }
  - { kind: "param", method: "<com.mall4j.cloud.biz.controller.multishop.AttachFileController: com.mall4j.cloud.common.response.ServerResponseEntity page(com.mall4j.cloud.common.database.dto.PageDTO,java.lang.String,java.lang.Long)>", index: "0", type: "com.mall4j.cloud.common.database.dto.PageDTO" }
  - { kind: "param", method: "<com.mall4j.cloud.biz.controller.multishop.AttachFileController: com.mall4j.cloud.common.response.ServerResponseEntity page(com.mall4j.cloud.common.database.dto.PageDTO,java.lang.String,java.lang.Long)>", index: "1", type: "java.lang.String" }
  - { kind: "param", method: "<com.mall4j.cloud.biz.controller.multishop.AttachFileController: com.mall4j.cloud.common.response.ServerResponseEntity page(com.mall4j.cloud.common.database.dto.PageDTO,java.lang.String,java.lang.Long)>", index: "2", type: "java.lang.Long" }
  - { kind: "param", method: "<com.mall4j.cloud.biz.controller.multishop.AttachFileController: com.mall4j.cloud.common.response.ServerResponseEntity save(java.util.List)>", index: "0", type: "java.util.List" }
  - { kind: "param", method: "<com.mall4j.cloud.biz.controller.multishop.AttachFileController: com.mall4j.cloud.common.response.ServerResponseEntity updateFileName(com.mall4j.cloud.biz.dto.AttachFileDTO)>", index: "0", type: "com.mall4j.cloud.biz.dto.AttachFileDTO" }
  - { kind: "param", method: "<com.mall4j.cloud.biz.controller.multishop.AttachFileController: com.mall4j.cloud.common.response.ServerResponseEntity delete(java.lang.Long)>", index: "0", type: "java.lang.Long" }
  - { kind: "param", method: "<com.mall4j.cloud.biz.controller.multishop.AttachFileGroupController: com.mall4j.cloud.common.response.ServerResponseEntity getByAttachFileGroupId(java.lang.Long)>", index: "0", type: "java.lang.Long" }
  - { kind: "param", method: "<com.mall4j.cloud.biz.controller.multishop.AttachFileGroupController: com.mall4j.cloud.common.response.ServerResponseEntity save(com.mall4j.cloud.biz.dto.AttachFileGroupDTO)>", index: "0", type: "com.mall4j.cloud.biz.dto.AttachFileGroupDTO" }
  - { kind: "param", method: "<com.mall4j.cloud.biz.controller.multishop.AttachFileGroupController: com.mall4j.cloud.common.response.ServerResponseEntity update(com.mall4j.cloud.biz.dto.AttachFileGroupDTO)>", index: "0", type: "com.mall4j.cloud.biz.dto.AttachFileGroupDTO" }
  - { kind: "param", method: "<com.mall4j.cloud.biz.controller.multishop.AttachFileGroupController: com.mall4j.cloud.common.response.ServerResponseEntity delete(java.lang.Long)>", index: "0", type: "java.lang.Long" }
  - { kind: "param", method: "<com.mall4j.cloud.multishop.controller.ShopUserAccountController: com.mall4j.cloud.common.response.ServerResponseEntity getAccount(java.lang.Long)>", index: "0", type: "java.lang.Long" }
  - { kind: "param", method: "<com.mall4j.cloud.multishop.controller.ShopUserAccountController: com.mall4j.cloud.common.response.ServerResponseEntity addAccount(com.mall4j.cloud.multishop.dto.ChangeAccountDTO)>", index: "0", type: "com.mall4j.cloud.multishop.dto.ChangeAccountDTO" }
  - { kind: "param", method: "<com.mall4j.cloud.multishop.controller.ShopUserAccountController: com.mall4j.cloud.common.response.ServerResponseEntity updateAccount(com.mall4j.cloud.multishop.dto.ChangeAccountDTO)>", index: "0", type: "com.mall4j.cloud.multishop.dto.ChangeAccountDTO" }
  - { kind: "param", method: "<com.mall4j.cloud.multishop.controller.admin.HotSearchController: com.mall4j.cloud.common.response.ServerResponseEntity page(com.mall4j.cloud.common.database.dto.PageDTO,com.mall4j.cloud.multishop.dto.HotSearchDTO)>", index: "0", type: "com.mall4j.cloud.common.database.dto.PageDTO" }
  - { kind: "param", method: "<com.mall4j.cloud.multishop.controller.admin.HotSearchController: com.mall4j.cloud.common.response.ServerResponseEntity page(com.mall4j.cloud.common.database.dto.PageDTO,com.mall4j.cloud.multishop.dto.HotSearchDTO)>", index: "1", type: "com.mall4j.cloud.multishop.dto.HotSearchDTO" }
  - { kind: "param", method: "<com.mall4j.cloud.multishop.controller.admin.HotSearchController: com.mall4j.cloud.common.response.ServerResponseEntity getByHotSearchId(java.lang.Long)>", index: "0", type: "java.lang.Long" }
  - { kind: "param", method: "<com.mall4j.cloud.multishop.controller.admin.HotSearchController: com.mall4j.cloud.common.response.ServerResponseEntity save(com.mall4j.cloud.multishop.dto.HotSearchDTO)>", index: "0", type: "com.mall4j.cloud.multishop.dto.HotSearchDTO" }
  - { kind: "param", method: "<com.mall4j.cloud.multishop.controller.admin.HotSearchController: com.mall4j.cloud.common.response.ServerResponseEntity update(com.mall4j.cloud.multishop.dto.HotSearchDTO)>", index: "0", type: "com.mall4j.cloud.multishop.dto.HotSearchDTO" }
  - { kind: "param", method: "<com.mall4j.cloud.multishop.controller.admin.HotSearchController: com.mall4j.cloud.common.response.ServerResponseEntity delete(java.lang.Long)>", index: "0", type: "java.lang.Long" }
  - { kind: "param", method: "<com.mall4j.cloud.multishop.controller.admin.IndexImgController: com.mall4j.cloud.common.response.ServerResponseEntity page(com.mall4j.cloud.common.database.dto.PageDTO,com.mall4j.cloud.multishop.dto.IndexImgDTO)>", index: "0", type: "com.mall4j.cloud.common.database.dto.PageDTO" }
  - { kind: "param", method: "<com.mall4j.cloud.multishop.controller.admin.IndexImgController: com.mall4j.cloud.common.response.ServerResponseEntity page(com.mall4j.cloud.common.database.dto.PageDTO,com.mall4j.cloud.multishop.dto.IndexImgDTO)>", index: "1", type: "com.mall4j.cloud.multishop.dto.IndexImgDTO" }
  - { kind: "param", method: "<com.mall4j.cloud.multishop.controller.admin.IndexImgController: com.mall4j.cloud.common.response.ServerResponseEntity getByImgId(java.lang.Long)>", index: "0", type: "java.lang.Long" }
  - { kind: "param", method: "<com.mall4j.cloud.multishop.controller.admin.IndexImgController: com.mall4j.cloud.common.response.ServerResponseEntity save(com.mall4j.cloud.multishop.dto.IndexImgDTO)>", index: "0", type: "com.mall4j.cloud.multishop.dto.IndexImgDTO" }
  - { kind: "param", method: "<com.mall4j.cloud.multishop.controller.admin.IndexImgController: com.mall4j.cloud.common.response.ServerResponseEntity update(com.mall4j.cloud.multishop.dto.IndexImgDTO)>", index: "0", type: "com.mall4j.cloud.multishop.dto.IndexImgDTO" }
  - { kind: "param", method: "<com.mall4j.cloud.multishop.controller.admin.IndexImgController: com.mall4j.cloud.common.response.ServerResponseEntity delete(java.lang.Long)>", index: "0", type: "java.lang.Long" }
  - { kind: "param", method: "<com.mall4j.cloud.multishop.controller.app.HotSearchController: com.mall4j.cloud.common.response.ServerResponseEntity listByShopId(java.lang.Long)>", index: "0", type: "java.lang.Long" }
  - { kind: "param", method: "<com.mall4j.cloud.multishop.controller.app.IndexImgController: com.mall4j.cloud.common.response.ServerResponseEntity getList(java.lang.Long)>", index: "0", type: "java.lang.Long" }
  - { kind: "param", method: "<com.mall4j.cloud.multishop.controller.app.MyShopDetailController: com.mall4j.cloud.common.response.ServerResponseEntity create(com.mall4j.cloud.multishop.dto.ShopDetailDTO)>", index: "0", type: "com.mall4j.cloud.multishop.dto.ShopDetailDTO" }
  - { kind: "param", method: "<com.mall4j.cloud.multishop.controller.app.ShopDetailController: com.mall4j.cloud.common.response.ServerResponseEntity checkShopName(java.lang.String)>", index: "0", type: "java.lang.String" }
  - { kind: "param", method: "<com.mall4j.cloud.multishop.controller.app.ShopDetailController: com.mall4j.cloud.common.response.ServerResponseEntity getShopHeadInfo(java.lang.Long)>", index: "0", type: "java.lang.Long" }
  - { kind: "param", method: "<com.mall4j.cloud.multishop.controller.multishop.ShopUserController: com.mall4j.cloud.common.response.ServerResponseEntity page(com.mall4j.cloud.common.database.dto.PageDTO,java.lang.String)>", index: "0", type: "com.mall4j.cloud.common.database.dto.PageDTO" }
  - { kind: "param", method: "<com.mall4j.cloud.multishop.controller.multishop.ShopUserController: com.mall4j.cloud.common.response.ServerResponseEntity page(com.mall4j.cloud.common.database.dto.PageDTO,java.lang.String)>", index: "1", type: "java.lang.String" }
  - { kind: "param", method: "<com.mall4j.cloud.multishop.controller.multishop.ShopUserController: com.mall4j.cloud.common.response.ServerResponseEntity detail(java.lang.Long)>", index: "0", type: "java.lang.Long" }
  - { kind: "param", method: "<com.mall4j.cloud.multishop.controller.multishop.ShopUserController: com.mall4j.cloud.common.response.ServerResponseEntity save(com.mall4j.cloud.multishop.dto.ShopUserDTO)>", index: "0", type: "com.mall4j.cloud.multishop.dto.ShopUserDTO" }
  - { kind: "param", method: "<com.mall4j.cloud.multishop.controller.multishop.ShopUserController: com.mall4j.cloud.common.response.ServerResponseEntity update(com.mall4j.cloud.multishop.dto.ShopUserDTO)>", index: "0", type: "com.mall4j.cloud.multishop.dto.ShopUserDTO" }
  - { kind: "param", method: "<com.mall4j.cloud.multishop.controller.multishop.ShopUserController: com.mall4j.cloud.common.response.ServerResponseEntity delete(java.lang.Long)>", index: "0", type: "java.lang.Long" }
  - { kind: "param", method: "<com.mall4j.cloud.multishop.controller.platform.ShopDetailController: com.mall4j.cloud.common.response.ServerResponseEntity getShopAuditingPage(com.mall4j.cloud.common.database.dto.PageDTO,com.mall4j.cloud.multishop.dto.ShopDetailDTO)>", index: "0", type: "com.mall4j.cloud.common.database.dto.PageDTO" }
  - { kind: "param", method: "<com.mall4j.cloud.multishop.controller.platform.ShopDetailController: com.mall4j.cloud.common.response.ServerResponseEntity getShopAuditingPage(com.mall4j.cloud.common.database.dto.PageDTO,com.mall4j.cloud.multishop.dto.ShopDetailDTO)>", index: "1", type: "com.mall4j.cloud.multishop.dto.ShopDetailDTO" }
  - { kind: "param", method: "<com.mall4j.cloud.multishop.controller.platform.ShopDetailController: com.mall4j.cloud.common.response.ServerResponseEntity getInfo(java.lang.Long)>", index: "0", type: "java.lang.Long" }
  - { kind: "param", method: "<com.mall4j.cloud.multishop.controller.platform.ShopDetailController: com.mall4j.cloud.common.response.ServerResponseEntity createShop(com.mall4j.cloud.multishop.dto.ShopDetailDTO)>", index: "0", type: "com.mall4j.cloud.multishop.dto.ShopDetailDTO" }
  - { kind: "param", method: "<com.mall4j.cloud.multishop.controller.platform.ShopDetailController: com.mall4j.cloud.common.response.ServerResponseEntity updateShop(com.mall4j.cloud.multishop.dto.ShopDetailDTO)>", index: "0", type: "com.mall4j.cloud.multishop.dto.ShopDetailDTO" }
  - { kind: "param", method: "<com.mall4j.cloud.order.controller.app.MyOrderController: com.mall4j.cloud.common.response.ServerResponseEntity orderDetail(java.lang.Long)>", index: "0", type: "java.lang.Long" }
  - { kind: "param", method: "<com.mall4j.cloud.order.controller.app.MyOrderController: com.mall4j.cloud.common.response.ServerResponseEntity searchOrder(com.mall4j.cloud.common.dto.OrderSearchDTO)>", index: "0", type: "com.mall4j.cloud.common.dto.OrderSearchDTO" }
  - { kind: "param", method: "<com.mall4j.cloud.order.controller.app.MyOrderController: com.mall4j.cloud.common.response.ServerResponseEntity cancel(java.lang.Long)>", index: "0", type: "java.lang.Long" }
  - { kind: "param", method: "<com.mall4j.cloud.order.controller.app.MyOrderController: com.mall4j.cloud.common.response.ServerResponseEntity receipt(java.lang.Long)>", index: "0", type: "java.lang.Long" }
  - { kind: "param", method: "<com.mall4j.cloud.order.controller.app.MyOrderController: com.mall4j.cloud.common.response.ServerResponseEntity delete(java.lang.Long)>", index: "0", type: "java.lang.Long" }
  - { kind: "param", method: "<com.mall4j.cloud.order.controller.app.OrderController: com.mall4j.cloud.common.response.ServerResponseEntity confirm(com.mall4j.cloud.order.dto.app.OrderDTO)>", index: "0", type: "com.mall4j.cloud.order.dto.app.OrderDTO" }
  - { kind: "param", method: "<com.mall4j.cloud.order.controller.app.OrderController: com.mall4j.cloud.common.response.ServerResponseEntity getOrderPayInfoByOrderNumber(java.lang.String)>", index: "0", type: "java.lang.String" }
  - { kind: "param", method: "<com.mall4j.cloud.order.controller.multishop.OrderController: com.mall4j.cloud.common.response.ServerResponseEntity page(com.mall4j.cloud.common.dto.OrderSearchDTO)>", index: "0", type: "com.mall4j.cloud.common.dto.OrderSearchDTO" }
  - { kind: "param", method: "<com.mall4j.cloud.order.controller.multishop.OrderController: com.mall4j.cloud.common.response.ServerResponseEntity info(java.lang.Long)>", index: "0", type: "java.lang.Long" }
  - { kind: "param", method: "<com.mall4j.cloud.order.controller.multishop.OrderController: com.mall4j.cloud.common.response.ServerResponseEntity getOrderAddr(java.lang.Long)>", index: "0", type: "java.lang.Long" }
  - { kind: "param", method: "<com.mall4j.cloud.order.controller.multishop.OrderController: com.mall4j.cloud.common.response.ServerResponseEntity getOrderItemAndAddress(java.lang.Long)>", index: "0", type: "java.lang.Long" }
  - { kind: "param", method: "<com.mall4j.cloud.order.controller.multishop.OrderController: com.mall4j.cloud.common.response.ServerResponseEntity delivery(com.mall4j.cloud.api.order.dto.DeliveryOrderDTO)>", index: "0", type: "com.mall4j.cloud.api.order.dto.DeliveryOrderDTO" }
  - { kind: "param", method: "<com.mall4j.cloud.payment.controller.PayController: com.mall4j.cloud.common.response.ServerResponseEntity pay(javax.servlet.http.HttpServletRequest,com.mall4j.cloud.payment.dto.PayInfoDTO)>", index: "1", type: "com.mall4j.cloud.payment.dto.PayInfoDTO" }
  - { kind: "param", method: "<com.mall4j.cloud.payment.controller.PayController: org.springframework.http.ResponseEntity isPay(java.lang.String)>", index: "0", type: "java.lang.String" }
  - { kind: "param", method: "<com.mall4j.cloud.payment.controller.PayNoticeController: org.springframework.http.ResponseEntity submit(java.lang.Long)>", index: "0", type: "java.lang.Long" }
  - { kind: "param", method: "<com.mall4j.cloud.platform.controller.SysConfigController: com.mall4j.cloud.common.response.ServerResponseEntity info(java.lang.String)>", index: "0", type: "java.lang.String" }
  - { kind: "param", method: "<com.mall4j.cloud.platform.controller.SysConfigController: com.mall4j.cloud.common.response.ServerResponseEntity save(com.mall4j.cloud.platform.model.SysConfig)>", index: "0", type: "com.mall4j.cloud.platform.model.SysConfig" }
  - { kind: "param", method: "<com.mall4j.cloud.platform.controller.SysUserAccountController: com.mall4j.cloud.common.response.ServerResponseEntity getAccount(java.lang.Long)>", index: "0", type: "java.lang.Long" }
  - { kind: "param", method: "<com.mall4j.cloud.platform.controller.SysUserAccountController: com.mall4j.cloud.common.response.ServerResponseEntity addAccount(com.mall4j.cloud.platform.dto.ChangeAccountDTO)>", index: "0", type: "com.mall4j.cloud.platform.dto.ChangeAccountDTO" }
  - { kind: "param", method: "<com.mall4j.cloud.platform.controller.SysUserAccountController: com.mall4j.cloud.common.response.ServerResponseEntity updateAccount(com.mall4j.cloud.platform.dto.ChangeAccountDTO)>", index: "0", type: "com.mall4j.cloud.platform.dto.ChangeAccountDTO" }
  - { kind: "param", method: "<com.mall4j.cloud.platform.controller.SysUserController: com.mall4j.cloud.common.response.ServerResponseEntity page(com.mall4j.cloud.common.database.dto.PageDTO,java.lang.String)>", index: "0", type: "com.mall4j.cloud.common.database.dto.PageDTO" }
  - { kind: "param", method: "<com.mall4j.cloud.platform.controller.SysUserController: com.mall4j.cloud.common.response.ServerResponseEntity page(com.mall4j.cloud.common.database.dto.PageDTO,java.lang.String)>", index: "1", type: "java.lang.String" }
  - { kind: "param", method: "<com.mall4j.cloud.platform.controller.SysUserController: com.mall4j.cloud.common.response.ServerResponseEntity detail(java.lang.Long)>", index: "0", type: "java.lang.Long" }
  - { kind: "param", method: "<com.mall4j.cloud.platform.controller.SysUserController: com.mall4j.cloud.common.response.ServerResponseEntity save(com.mall4j.cloud.platform.dto.SysUserDTO)>", index: "0", type: "com.mall4j.cloud.platform.dto.SysUserDTO" }
  - { kind: "param", method: "<com.mall4j.cloud.platform.controller.SysUserController: com.mall4j.cloud.common.response.ServerResponseEntity update(com.mall4j.cloud.platform.dto.SysUserDTO)>", index: "0", type: "com.mall4j.cloud.platform.dto.SysUserDTO" }
  - { kind: "param", method: "<com.mall4j.cloud.platform.controller.SysUserController: com.mall4j.cloud.common.response.ServerResponseEntity delete(java.lang.Long)>", index: "0", type: "java.lang.Long" }
  - { kind: "param", method: "<com.mall4j.cloud.product.controller.admin.AttrController: com.mall4j.cloud.common.response.ServerResponseEntity page(com.mall4j.cloud.common.database.dto.PageDTO,com.mall4j.cloud.product.dto.AttrDTO)>", index: "0", type: "com.mall4j.cloud.common.database.dto.PageDTO" }
  - { kind: "param", method: "<com.mall4j.cloud.product.controller.admin.AttrController: com.mall4j.cloud.common.response.ServerResponseEntity page(com.mall4j.cloud.common.database.dto.PageDTO,com.mall4j.cloud.product.dto.AttrDTO)>", index: "1", type: "com.mall4j.cloud.product.dto.AttrDTO" }
  - { kind: "param", method: "<com.mall4j.cloud.product.controller.admin.AttrController: com.mall4j.cloud.common.response.ServerResponseEntity getByAttrId(java.lang.Long)>", index: "0", type: "java.lang.Long" }
  - { kind: "param", method: "<com.mall4j.cloud.product.controller.admin.AttrController: com.mall4j.cloud.common.response.ServerResponseEntity save(com.mall4j.cloud.product.dto.AttrDTO)>", index: "0", type: "com.mall4j.cloud.product.dto.AttrDTO" }
  - { kind: "param", method: "<com.mall4j.cloud.product.controller.admin.AttrController: com.mall4j.cloud.common.response.ServerResponseEntity update(com.mall4j.cloud.product.dto.AttrDTO)>", index: "0", type: "com.mall4j.cloud.product.dto.AttrDTO" }
  - { kind: "param", method: "<com.mall4j.cloud.product.controller.admin.AttrController: com.mall4j.cloud.common.response.ServerResponseEntity delete(java.lang.Long)>", index: "0", type: "java.lang.Long" }
  - { kind: "param", method: "<com.mall4j.cloud.product.controller.admin.AttrController: com.mall4j.cloud.common.response.ServerResponseEntity getAttrsByCategoryId(java.lang.Long)>", index: "0", type: "java.lang.Long" }
  - { kind: "param", method: "<com.mall4j.cloud.product.controller.admin.BrandController: com.mall4j.cloud.common.response.ServerResponseEntity getBrandByCategoryId(java.lang.Long)>", index: "0", type: "java.lang.Long" }
  - { kind: "param", method: "<com.mall4j.cloud.product.controller.admin.CategoryController: com.mall4j.cloud.common.response.ServerResponseEntity getByCategoryId(java.lang.Long)>", index: "0", type: "java.lang.Long" }
  - { kind: "param", method: "<com.mall4j.cloud.product.controller.admin.CategoryController: com.mall4j.cloud.common.response.ServerResponseEntity save(com.mall4j.cloud.product.dto.CategoryDTO)>", index: "0", type: "com.mall4j.cloud.product.dto.CategoryDTO" }
  - { kind: "param", method: "<com.mall4j.cloud.product.controller.admin.CategoryController: com.mall4j.cloud.common.response.ServerResponseEntity update(com.mall4j.cloud.product.dto.CategoryDTO)>", index: "0", type: "com.mall4j.cloud.product.dto.CategoryDTO" }
  - { kind: "param", method: "<com.mall4j.cloud.product.controller.admin.CategoryController: com.mall4j.cloud.common.response.ServerResponseEntity delete(java.lang.Long)>", index: "0", type: "java.lang.Long" }
  - { kind: "param", method: "<com.mall4j.cloud.product.controller.admin.CategoryController: com.mall4j.cloud.common.response.ServerResponseEntity getListByParentId(java.lang.Long)>", index: "0", type: "java.lang.Long" }
  - { kind: "param", method: "<com.mall4j.cloud.product.controller.admin.CategoryController: com.mall4j.cloud.common.response.ServerResponseEntity categoryEnableOrDisable(com.mall4j.cloud.product.dto.CategoryDTO)>", index: "0", type: "com.mall4j.cloud.product.dto.CategoryDTO" }
  - { kind: "param", method: "<com.mall4j.cloud.product.controller.admin.SkuStockLockController: com.mall4j.cloud.common.response.ServerResponseEntity page(com.mall4j.cloud.common.database.dto.PageDTO)>", index: "0", type: "com.mall4j.cloud.common.database.dto.PageDTO" }
  - { kind: "param", method: "<com.mall4j.cloud.product.controller.admin.SkuStockLockController: com.mall4j.cloud.common.response.ServerResponseEntity getById(java.lang.Long)>", index: "0", type: "java.lang.Long" }
  - { kind: "param", method: "<com.mall4j.cloud.product.controller.admin.SkuStockLockController: com.mall4j.cloud.common.response.ServerResponseEntity save(com.mall4j.cloud.product.dto.SkuStockLockDTO)>", index: "0", type: "com.mall4j.cloud.product.dto.SkuStockLockDTO" }
  - { kind: "param", method: "<com.mall4j.cloud.product.controller.admin.SkuStockLockController: com.mall4j.cloud.common.response.ServerResponseEntity update(com.mall4j.cloud.product.dto.SkuStockLockDTO)>", index: "0", type: "com.mall4j.cloud.product.dto.SkuStockLockDTO" }
  - { kind: "param", method: "<com.mall4j.cloud.product.controller.admin.SkuStockLockController: com.mall4j.cloud.common.response.ServerResponseEntity delete(java.lang.Long)>", index: "0", type: "java.lang.Long" }
  - { kind: "param", method: "<com.mall4j.cloud.product.controller.admin.SpuController: com.mall4j.cloud.common.response.ServerResponseEntity platformPage(com.mall4j.cloud.common.database.dto.PageDTO,com.mall4j.cloud.product.dto.SpuPageSearchDTO)>", index: "0", type: "com.mall4j.cloud.common.database.dto.PageDTO" }
  - { kind: "param", method: "<com.mall4j.cloud.product.controller.admin.SpuController: com.mall4j.cloud.common.response.ServerResponseEntity platformPage(com.mall4j.cloud.common.database.dto.PageDTO,com.mall4j.cloud.product.dto.SpuPageSearchDTO)>", index: "1", type: "com.mall4j.cloud.product.dto.SpuPageSearchDTO" }
  - { kind: "param", method: "<com.mall4j.cloud.product.controller.admin.SpuController: com.mall4j.cloud.common.response.ServerResponseEntity page(com.mall4j.cloud.common.database.dto.PageDTO,com.mall4j.cloud.product.dto.SpuPageSearchDTO)>", index: "0", type: "com.mall4j.cloud.common.database.dto.PageDTO" }
  - { kind: "param", method: "<com.mall4j.cloud.product.controller.admin.SpuController: com.mall4j.cloud.common.response.ServerResponseEntity page(com.mall4j.cloud.common.database.dto.PageDTO,com.mall4j.cloud.product.dto.SpuPageSearchDTO)>", index: "1", type: "com.mall4j.cloud.product.dto.SpuPageSearchDTO" }
  - { kind: "param", method: "<com.mall4j.cloud.product.controller.admin.SpuController: com.mall4j.cloud.common.response.ServerResponseEntity getBySpuId(java.lang.Long)>", index: "0", type: "java.lang.Long" }
  - { kind: "param", method: "<com.mall4j.cloud.product.controller.admin.SpuController: com.mall4j.cloud.common.response.ServerResponseEntity save(com.mall4j.cloud.product.dto.SpuDTO)>", index: "0", type: "com.mall4j.cloud.product.dto.SpuDTO" }
  - { kind: "param", method: "<com.mall4j.cloud.product.controller.admin.SpuController: com.mall4j.cloud.common.response.ServerResponseEntity update(com.mall4j.cloud.product.dto.SpuDTO)>", index: "0", type: "com.mall4j.cloud.product.dto.SpuDTO" }
  - { kind: "param", method: "<com.mall4j.cloud.product.controller.admin.SpuController: com.mall4j.cloud.common.response.ServerResponseEntity delete(java.lang.Long)>", index: "0", type: "java.lang.Long" }
  - { kind: "param", method: "<com.mall4j.cloud.product.controller.admin.SpuController: com.mall4j.cloud.common.response.ServerResponseEntity updateSpuData(com.mall4j.cloud.product.dto.SpuDTO)>", index: "0", type: "com.mall4j.cloud.product.dto.SpuDTO" }
  - { kind: "param", method: "<com.mall4j.cloud.product.controller.admin.SpuController: com.mall4j.cloud.common.response.ServerResponseEntity spuChangeStatus(com.mall4j.cloud.product.dto.SpuDTO)>", index: "0", type: "com.mall4j.cloud.product.dto.SpuDTO" }
  - { kind: "param", method: "<com.mall4j.cloud.product.controller.app.AttrController: com.mall4j.cloud.common.response.ServerResponseEntity getByAttrId(java.lang.Long)>", index: "0", type: "java.lang.Long" }
  - { kind: "param", method: "<com.mall4j.cloud.product.controller.app.BrandController: com.mall4j.cloud.common.response.ServerResponseEntity page(com.mall4j.cloud.common.database.dto.PageDTO,com.mall4j.cloud.product.dto.BrandDTO)>", index: "0", type: "com.mall4j.cloud.common.database.dto.PageDTO" }
  - { kind: "param", method: "<com.mall4j.cloud.product.controller.app.BrandController: com.mall4j.cloud.common.response.ServerResponseEntity page(com.mall4j.cloud.common.database.dto.PageDTO,com.mall4j.cloud.product.dto.BrandDTO)>", index: "1", type: "com.mall4j.cloud.product.dto.BrandDTO" }
  - { kind: "param", method: "<com.mall4j.cloud.product.controller.app.BrandController: com.mall4j.cloud.common.response.ServerResponseEntity getTopBrandList(java.lang.Long)>", index: "0", type: "java.lang.Long" }
  - { kind: "param", method: "<com.mall4j.cloud.product.controller.app.CategoryController: com.mall4j.cloud.common.response.ServerResponseEntity categoryList(java.lang.Long,java.lang.Long)>", index: "0", type: "java.lang.Long" }
  - { kind: "param", method: "<com.mall4j.cloud.product.controller.app.CategoryController: com.mall4j.cloud.common.response.ServerResponseEntity categoryList(java.lang.Long,java.lang.Long)>", index: "1", type: "java.lang.Long" }
  - { kind: "param", method: "<com.mall4j.cloud.product.controller.app.CategoryController: com.mall4j.cloud.common.response.ServerResponseEntity shopCategoryList(java.lang.Long)>", index: "0", type: "java.lang.Long" }
  - { kind: "param", method: "<com.mall4j.cloud.product.controller.app.ShopCartController: com.mall4j.cloud.common.response.ServerResponseEntity deleteItem(java.util.List)>", index: "0", type: "java.util.List" }
  - { kind: "param", method: "<com.mall4j.cloud.product.controller.app.ShopCartController: com.mall4j.cloud.common.response.ServerResponseEntity checkItems(java.util.List)>", index: "0", type: "java.util.List" }
  - { kind: "param", method: "<com.mall4j.cloud.product.controller.app.ShopCartController: com.mall4j.cloud.common.response.ServerResponseEntity addItem(com.mall4j.cloud.product.dto.shopcart.ChangeShopCartItemDTO)>", index: "0", type: "com.mall4j.cloud.product.dto.shopcart.ChangeShopCartItemDTO" }
  - { kind: "param", method: "<com.mall4j.cloud.product.controller.app.SkuStockLockController: com.mall4j.cloud.common.response.ServerResponseEntity page(com.mall4j.cloud.common.database.dto.PageDTO)>", index: "0", type: "com.mall4j.cloud.common.database.dto.PageDTO" }
  - { kind: "param", method: "<com.mall4j.cloud.product.controller.app.SkuStockLockController: com.mall4j.cloud.common.response.ServerResponseEntity getById(java.lang.Long)>", index: "0", type: "java.lang.Long" }
  - { kind: "param", method: "<com.mall4j.cloud.product.controller.app.SkuStockLockController: com.mall4j.cloud.common.response.ServerResponseEntity save(com.mall4j.cloud.product.dto.SkuStockLockDTO)>", index: "0", type: "com.mall4j.cloud.product.dto.SkuStockLockDTO" }
  - { kind: "param", method: "<com.mall4j.cloud.product.controller.app.SkuStockLockController: com.mall4j.cloud.common.response.ServerResponseEntity update(com.mall4j.cloud.product.dto.SkuStockLockDTO)>", index: "0", type: "com.mall4j.cloud.product.dto.SkuStockLockDTO" }
  - { kind: "param", method: "<com.mall4j.cloud.product.controller.app.SkuStockLockController: com.mall4j.cloud.common.response.ServerResponseEntity delete(java.lang.Long)>", index: "0", type: "java.lang.Long" }
  - { kind: "param", method: "<com.mall4j.cloud.product.controller.app.SpuController: com.mall4j.cloud.common.response.ServerResponseEntity prodInfo(java.lang.Long)>", index: "0", type: "java.lang.Long" }
  - { kind: "param", method: "<com.mall4j.cloud.product.controller.platform.BrandController: com.mall4j.cloud.common.response.ServerResponseEntity page(com.mall4j.cloud.common.database.dto.PageDTO,com.mall4j.cloud.product.dto.BrandDTO)>", index: "0", type: "com.mall4j.cloud.common.database.dto.PageDTO" }
  - { kind: "param", method: "<com.mall4j.cloud.product.controller.platform.BrandController: com.mall4j.cloud.common.response.ServerResponseEntity page(com.mall4j.cloud.common.database.dto.PageDTO,com.mall4j.cloud.product.dto.BrandDTO)>", index: "1", type: "com.mall4j.cloud.product.dto.BrandDTO" }
  - { kind: "param", method: "<com.mall4j.cloud.product.controller.platform.BrandController: com.mall4j.cloud.common.response.ServerResponseEntity getByBrandId(java.lang.Long)>", index: "0", type: "java.lang.Long" }
  - { kind: "param", method: "<com.mall4j.cloud.product.controller.platform.BrandController: com.mall4j.cloud.common.response.ServerResponseEntity save(com.mall4j.cloud.product.dto.BrandDTO)>", index: "0", type: "com.mall4j.cloud.product.dto.BrandDTO" }
  - { kind: "param", method: "<com.mall4j.cloud.product.controller.platform.BrandController: com.mall4j.cloud.common.response.ServerResponseEntity update(com.mall4j.cloud.product.dto.BrandDTO)>", index: "0", type: "com.mall4j.cloud.product.dto.BrandDTO" }
  - { kind: "param", method: "<com.mall4j.cloud.product.controller.platform.BrandController: com.mall4j.cloud.common.response.ServerResponseEntity delete(java.lang.Long)>", index: "0", type: "java.lang.Long" }
  - { kind: "param", method: "<com.mall4j.cloud.product.controller.platform.BrandController: com.mall4j.cloud.common.response.ServerResponseEntity updateBrandStatus(com.mall4j.cloud.product.dto.BrandDTO)>", index: "0", type: "com.mall4j.cloud.product.dto.BrandDTO" }
  - { kind: "param", method: "<com.mall4j.cloud.rbac.controller.MenuController: com.mall4j.cloud.common.response.ServerResponseEntity route(java.lang.Integer)>", index: "0", type: "java.lang.Integer" }
  - { kind: "param", method: "<com.mall4j.cloud.rbac.controller.MenuController: com.mall4j.cloud.common.response.ServerResponseEntity getByMenuId(java.lang.Long)>", index: "0", type: "java.lang.Long" }
  - { kind: "param", method: "<com.mall4j.cloud.rbac.controller.MenuController: com.mall4j.cloud.common.response.ServerResponseEntity save(com.mall4j.cloud.rbac.dto.MenuDTO)>", index: "0", type: "com.mall4j.cloud.rbac.dto.MenuDTO" }
  - { kind: "param", method: "<com.mall4j.cloud.rbac.controller.MenuController: com.mall4j.cloud.common.response.ServerResponseEntity update(com.mall4j.cloud.rbac.dto.MenuDTO)>", index: "0", type: "com.mall4j.cloud.rbac.dto.MenuDTO" }
  - { kind: "param", method: "<com.mall4j.cloud.rbac.controller.MenuController: com.mall4j.cloud.common.response.ServerResponseEntity delete(java.lang.Long,java.lang.Integer)>", index: "0", type: "java.lang.Long" }
  - { kind: "param", method: "<com.mall4j.cloud.rbac.controller.MenuController: com.mall4j.cloud.common.response.ServerResponseEntity delete(java.lang.Long,java.lang.Integer)>", index: "1", type: "java.lang.Integer" }
  - { kind: "param", method: "<com.mall4j.cloud.rbac.controller.MenuPermissionController: com.mall4j.cloud.common.response.ServerResponseEntity listByMenuId(java.lang.Long)>", index: "0", type: "java.lang.Long" }
  - { kind: "param", method: "<com.mall4j.cloud.rbac.controller.MenuPermissionController: com.mall4j.cloud.common.response.ServerResponseEntity getByMenuPermissionId(java.lang.Long)>", index: "0", type: "java.lang.Long" }
  - { kind: "param", method: "<com.mall4j.cloud.rbac.controller.MenuPermissionController: com.mall4j.cloud.common.response.ServerResponseEntity save(com.mall4j.cloud.rbac.dto.MenuPermissionDTO)>", index: "0", type: "com.mall4j.cloud.rbac.dto.MenuPermissionDTO" }
  - { kind: "param", method: "<com.mall4j.cloud.rbac.controller.MenuPermissionController: com.mall4j.cloud.common.response.ServerResponseEntity update(com.mall4j.cloud.rbac.dto.MenuPermissionDTO)>", index: "0", type: "com.mall4j.cloud.rbac.dto.MenuPermissionDTO" }
  - { kind: "param", method: "<com.mall4j.cloud.rbac.controller.MenuPermissionController: com.mall4j.cloud.common.response.ServerResponseEntity delete(java.lang.Long)>", index: "0", type: "java.lang.Long" }
  - { kind: "param", method: "<com.mall4j.cloud.rbac.controller.MenuPermissionController: com.mall4j.cloud.common.response.ServerResponseEntity pagePermissions(com.mall4j.cloud.common.database.dto.PageDTO)>", index: "0", type: "com.mall4j.cloud.common.database.dto.PageDTO" }
  - { kind: "param", method: "<com.mall4j.cloud.rbac.controller.RoleController: com.mall4j.cloud.common.response.ServerResponseEntity page(com.mall4j.cloud.common.database.dto.PageDTO)>", index: "0", type: "com.mall4j.cloud.common.database.dto.PageDTO" }
  - { kind: "param", method: "<com.mall4j.cloud.rbac.controller.RoleController: com.mall4j.cloud.common.response.ServerResponseEntity getByRoleId(java.lang.Long)>", index: "0", type: "java.lang.Long" }
  - { kind: "param", method: "<com.mall4j.cloud.rbac.controller.RoleController: com.mall4j.cloud.common.response.ServerResponseEntity save(com.mall4j.cloud.rbac.dto.RoleDTO)>", index: "0", type: "com.mall4j.cloud.rbac.dto.RoleDTO" }
  - { kind: "param", method: "<com.mall4j.cloud.rbac.controller.RoleController: com.mall4j.cloud.common.response.ServerResponseEntity update(com.mall4j.cloud.rbac.dto.RoleDTO)>", index: "0", type: "com.mall4j.cloud.rbac.dto.RoleDTO" }
  - { kind: "param", method: "<com.mall4j.cloud.rbac.controller.RoleController: com.mall4j.cloud.common.response.ServerResponseEntity delete(java.lang.Long)>", index: "0", type: "java.lang.Long" }
  - { kind: "param", method: "<com.mall4j.cloud.search.controller.app.ProductSearchController: com.mall4j.cloud.common.response.ServerResponseEntity page(com.mall4j.cloud.api.dto.EsPageDTO,com.mall4j.cloud.api.dto.ProductSearchDTO)>", index: "0", type: "com.mall4j.cloud.api.dto.EsPageDTO" }
  - { kind: "param", method: "<com.mall4j.cloud.search.controller.app.ProductSearchController: com.mall4j.cloud.common.response.ServerResponseEntity page(com.mall4j.cloud.api.dto.EsPageDTO,com.mall4j.cloud.api.dto.ProductSearchDTO)>", index: "1", type: "com.mall4j.cloud.api.dto.ProductSearchDTO" }
  - { kind: "param", method: "<com.mall4j.cloud.search.controller.app.ProductSearchController: com.mall4j.cloud.common.response.ServerResponseEntity simplePage(com.mall4j.cloud.api.dto.EsPageDTO,com.mall4j.cloud.api.dto.ProductSearchDTO)>", index: "0", type: "com.mall4j.cloud.api.dto.EsPageDTO" }
  - { kind: "param", method: "<com.mall4j.cloud.search.controller.app.ProductSearchController: com.mall4j.cloud.common.response.ServerResponseEntity simplePage(com.mall4j.cloud.api.dto.EsPageDTO,com.mall4j.cloud.api.dto.ProductSearchDTO)>", index: "1", type: "com.mall4j.cloud.api.dto.ProductSearchDTO" }
  - { kind: "param", method: "<com.mall4j.cloud.search.controller.multishop.ProductSearchController: com.mall4j.cloud.common.response.ServerResponseEntity page(com.mall4j.cloud.api.dto.EsPageDTO,com.mall4j.cloud.api.dto.ProductSearchDTO)>", index: "0", type: "com.mall4j.cloud.api.dto.EsPageDTO" }
  - { kind: "param", method: "<com.mall4j.cloud.search.controller.multishop.ProductSearchController: com.mall4j.cloud.common.response.ServerResponseEntity page(com.mall4j.cloud.api.dto.EsPageDTO,com.mall4j.cloud.api.dto.ProductSearchDTO)>", index: "1", type: "com.mall4j.cloud.api.dto.ProductSearchDTO" }
  - { kind: "param", method: "<com.mall4j.cloud.search.controller.platform.ProductSearchController: com.mall4j.cloud.common.response.ServerResponseEntity adminPage(com.mall4j.cloud.api.dto.EsPageDTO,com.mall4j.cloud.api.dto.ProductSearchDTO)>", index: "0", type: "com.mall4j.cloud.api.dto.EsPageDTO" }
  - { kind: "param", method: "<com.mall4j.cloud.search.controller.platform.ProductSearchController: com.mall4j.cloud.common.response.ServerResponseEntity adminPage(com.mall4j.cloud.api.dto.EsPageDTO,com.mall4j.cloud.api.dto.ProductSearchDTO)>", index: "1", type: "com.mall4j.cloud.api.dto.ProductSearchDTO" }
  - { kind: "param", method: "<com.mall4j.cloud.user.controller.app.AreaController: com.mall4j.cloud.common.response.ServerResponseEntity listByPid(java.lang.Long)>", index: "0", type: "java.lang.Long" }
  - { kind: "param", method: "<com.mall4j.cloud.user.controller.app.UserAddrController: com.mall4j.cloud.common.response.ServerResponseEntity getByAddrId(java.lang.Long)>", index: "0", type: "java.lang.Long" }
  - { kind: "param", method: "<com.mall4j.cloud.user.controller.app.UserAddrController: com.mall4j.cloud.common.response.ServerResponseEntity save(com.mall4j.cloud.user.dto.UserAddrDTO)>", index: "0", type: "com.mall4j.cloud.user.dto.UserAddrDTO" }
  - { kind: "param", method: "<com.mall4j.cloud.user.controller.app.UserAddrController: com.mall4j.cloud.common.response.ServerResponseEntity update(com.mall4j.cloud.user.dto.UserAddrDTO)>", index: "0", type: "com.mall4j.cloud.user.dto.UserAddrDTO" }
  - { kind: "param", method: "<com.mall4j.cloud.user.controller.app.UserAddrController: com.mall4j.cloud.common.response.ServerResponseEntity delete(java.lang.Long)>", index: "0", type: "java.lang.Long" }
  - { kind: "param", method: "<com.mall4j.cloud.user.controller.app.UserController: com.mall4j.cloud.common.response.ServerResponseEntity updateUser(com.mall4j.cloud.api.user.vo.UserApiVO)>", index: "0", type: "com.mall4j.cloud.api.user.vo.UserApiVO" }
  - { kind: "param", method: "<com.mall4j.cloud.user.controller.app.UserRegisterController: com.mall4j.cloud.common.response.ServerResponseEntity register(com.mall4j.cloud.user.dto.UserRegisterDTO)>", index: "0", type: "com.mall4j.cloud.user.dto.UserRegisterDTO" }
  - { kind: "param", method: "<com.mall4j.cloud.user.controller.multishop.UserController: com.mall4j.cloud.common.response.ServerResponseEntity page(com.mall4j.cloud.common.database.dto.PageDTO)>", index: "0", type: "com.mall4j.cloud.common.database.dto.PageDTO" }
  - { kind: "param", method: "<com.mall4j.cloud.user.controller.multishop.UserController: com.mall4j.cloud.common.response.ServerResponseEntity getByUserId(java.lang.Long)>", index: "0", type: "java.lang.Long" }
  - { kind: "param", method: "<com.mall4j.cloud.user.controller.multishop.UserController: com.mall4j.cloud.common.response.ServerResponseEntity update(com.mall4j.cloud.user.dto.UserDTO)>", index: "0", type: "com.mall4j.cloud.user.dto.UserDTO" }

sinks:
  - { method: "<com.mall4j.cloud.auth.mapper.AuthAccountMapper: com.mall4j.cloud.auth.model.AuthAccount getByUid(java.lang.Long)>", index: "0" }
  - { method: "<com.mall4j.cloud.auth.mapper.AuthAccountMapper: com.mall4j.cloud.api.auth.vo.AuthAccountVO getMerchantInfoByTenantId(java.lang.Long)>", index: "0" }
  - { method: "<com.mall4j.cloud.auth.mapper.AuthAccountMapper: void updateAccountInfo(com.mall4j.cloud.auth.model.AuthAccount)>", index: "0" }
  - { method: "<com.mall4j.cloud.auth.mapper.AuthAccountMapper: void save(com.mall4j.cloud.auth.model.AuthAccount)>", index: "0" }
  - { method: "<com.mall4j.cloud.biz.mapper.AttachFileMapper: com.mall4j.cloud.biz.model.AttachFile getById(java.lang.Long)>", index: "0" }
  - { method: "<com.mall4j.cloud.biz.mapper.AttachFileMapper: void deleteById(java.lang.Long)>", index: "0" }
  - { method: "<com.mall4j.cloud.biz.mapper.AttachFileMapper: void update(com.mall4j.cloud.biz.model.AttachFile)>", index: "0" }
  - { method: "<com.mall4j.cloud.biz.mapper.AttachFileMapper: void updateBatchByAttachFileGroupId(java.lang.Long)>", index: "0" }
  - { method: "<com.mall4j.cloud.biz.mapper.AttachFileGroupMapper: java.util.List list(java.lang.Long)>", index: "0" }
  - { method: "<com.mall4j.cloud.biz.mapper.AttachFileGroupMapper: com.mall4j.cloud.biz.vo.AttachFileGroupVO getByAttachFileGroupId(java.lang.Long)>", index: "0" }
  - { method: "<com.mall4j.cloud.biz.mapper.AttachFileGroupMapper: void deleteById(java.lang.Long)>", index: "0" }
  - { method: "<com.mall4j.cloud.biz.mapper.AttachFileGroupMapper: void update(com.mall4j.cloud.biz.model.AttachFileGroup)>", index: "0" }
  - { method: "<com.mall4j.cloud.biz.mapper.AttachFileGroupMapper: void save(com.mall4j.cloud.biz.model.AttachFileGroup)>", index: "0" }
  - { method: "<com.mall4j.cloud.multishop.mapper.HotSearchMapper: java.util.List list(com.mall4j.cloud.multishop.dto.HotSearchDTO)>", index: "0" }
  - { method: "<com.mall4j.cloud.multishop.mapper.HotSearchMapper: com.mall4j.cloud.multishop.vo.HotSearchVO getByHotSearchId(java.lang.Long)>", index: "0" }
  - { method: "<com.mall4j.cloud.multishop.mapper.HotSearchMapper: java.util.List listByShopId(java.lang.Long)>", index: "0" }
  - { method: "<com.mall4j.cloud.multishop.mapper.HotSearchMapper: void update(com.mall4j.cloud.multishop.model.HotSearch)>", index: "0" }
  - { method: "<com.mall4j.cloud.multishop.mapper.HotSearchMapper: void save(com.mall4j.cloud.multishop.model.HotSearch)>", index: "0" }
  - { method: "<com.mall4j.cloud.multishop.mapper.ShopDetailMapper: java.util.List list(com.mall4j.cloud.multishop.dto.ShopDetailDTO)>", index: "0" }
  - { method: "<com.mall4j.cloud.multishop.mapper.ShopDetailMapper: com.mall4j.cloud.api.multishop.vo.ShopDetailVO getByShopId(java.lang.Long)>", index: "0" }
  - { method: "<com.mall4j.cloud.multishop.mapper.ShopDetailMapper: com.mall4j.cloud.api.multishop.vo.ShopDetailVO getShoExtensionsByShopId(java.lang.Long)>", index: "0" }
  - { method: "<com.mall4j.cloud.multishop.mapper.ShopDetailMapper: java.util.List listByShopIds(java.util.List)>", index: "0" }
  - { method: "<com.mall4j.cloud.multishop.mapper.ShopDetailMapper: java.util.List shopSearchList(com.mall4j.cloud.multishop.dto.ShopDetailDTO)>", index: "0" }
  - { method: "<com.mall4j.cloud.multishop.mapper.ShopDetailMapper: com.mall4j.cloud.api.multishop.bo.EsShopDetailBO shopExtensionData(java.lang.Long)>", index: "0" }
  - { method: "<com.mall4j.cloud.multishop.mapper.ShopDetailMapper: void deleteById(java.lang.Long)>", index: "0" }
  - { method: "<com.mall4j.cloud.multishop.mapper.ShopDetailMapper: void update(com.mall4j.cloud.multishop.model.ShopDetail)>", index: "0" }
  - { method: "<com.mall4j.cloud.multishop.mapper.ShopDetailMapper: void save(com.mall4j.cloud.multishop.model.ShopDetail)>", index: "0" }
  - { method: "<com.mall4j.cloud.multishop.mapper.IndexImgMapper: java.util.List list(com.mall4j.cloud.multishop.dto.IndexImgDTO)>", index: "0" }
  - { method: "<com.mall4j.cloud.multishop.mapper.IndexImgMapper: com.mall4j.cloud.multishop.vo.IndexImgVO getByImgId(java.lang.Long)>", index: "0" }
  - { method: "<com.mall4j.cloud.multishop.mapper.IndexImgMapper: java.util.List getListByShopId(java.lang.Long)>", index: "0" }
  - { method: "<com.mall4j.cloud.multishop.mapper.IndexImgMapper: void update(com.mall4j.cloud.multishop.model.IndexImg)>", index: "0" }
  - { method: "<com.mall4j.cloud.multishop.mapper.IndexImgMapper: void clearSpuIdBySpuId(java.lang.Long)>", index: "0" }
  - { method: "<com.mall4j.cloud.multishop.mapper.IndexImgMapper: void save(com.mall4j.cloud.multishop.model.IndexImg)>", index: "0" }
  - { method: "<com.mall4j.cloud.multishop.mapper.ShopUserMapper: com.mall4j.cloud.multishop.vo.ShopUserVO getByUserId(java.lang.Long)>", index: "0" }
  - { method: "<com.mall4j.cloud.multishop.mapper.ShopUserMapper: java.lang.Long getUserIdByShopId(java.lang.Long)>", index: "0" }
  - { method: "<com.mall4j.cloud.multishop.mapper.ShopUserMapper: void deleteById(java.lang.Long)>", index: "0" }
  - { method: "<com.mall4j.cloud.multishop.mapper.ShopUserMapper: void update(com.mall4j.cloud.multishop.model.ShopUser)>", index: "0" }
  - { method: "<com.mall4j.cloud.multishop.mapper.ShopUserMapper: void save(com.mall4j.cloud.multishop.model.ShopUser)>", index: "0" }
  - { method: "<com.mall4j.cloud.order.mapper.OrderMapper: java.util.List getOrdersStatus(java.util.List)>", index: "0" }
  - { method: "<com.mall4j.cloud.order.mapper.OrderMapper: com.mall4j.cloud.api.order.vo.OrderAmountVO getOrdersActualAmount(java.util.List)>", index: "0" }
  - { method: "<com.mall4j.cloud.order.mapper.OrderMapper: java.util.List getOrdersSimpleAmountInfo(java.util.List)>", index: "0" }
  - { method: "<com.mall4j.cloud.order.mapper.OrderMapper: com.mall4j.cloud.order.bo.SubmitOrderPayAmountInfoBO getSubmitOrderPayAmountInfo(long[])>", index: "0" }
  - { method: "<com.mall4j.cloud.order.mapper.OrderMapper: com.mall4j.cloud.api.order.bo.EsOrderBO getEsOrder(java.lang.Long)>", index: "0" }
  - { method: "<com.mall4j.cloud.order.mapper.OrderMapper: com.mall4j.cloud.order.vo.OrderCountVO countNumberOfStatus(java.lang.Long)>", index: "0" }
  - { method: "<com.mall4j.cloud.order.mapper.OrderMapper: void deleteById(java.lang.Long)>", index: "0" }
  - { method: "<com.mall4j.cloud.order.mapper.OrderMapper: void update(com.mall4j.cloud.order.model.Order)>", index: "0" }
  - { method: "<com.mall4j.cloud.order.mapper.OrderMapper: void updateByToPaySuccess(java.util.List)>", index: "0" }
  - { method: "<com.mall4j.cloud.order.mapper.OrderMapper: void cancelOrders(java.util.List)>", index: "0" }
  - { method: "<com.mall4j.cloud.order.mapper.OrderMapper: int receiptOrder(java.lang.Long)>", index: "0" }
  - { method: "<com.mall4j.cloud.order.mapper.OrderMapper: void deleteOrder(java.lang.Long)>", index: "0" }
  - { method: "<com.mall4j.cloud.order.mapper.OrderMapper: void saveBatch(java.util.List)>", index: "0" }
  - { method: "<com.mall4j.cloud.order.mapper.OrderPayInfoMapper: void deleteById(java.lang.Long)>", index: "0" }
  - { method: "<com.mall4j.cloud.order.mapper.OrderPayInfoMapper: void update(com.mall4j.cloud.order.model.OrderPayInfo)>", index: "0" }
  - { method: "<com.mall4j.cloud.order.mapper.OrderPayInfoMapper: void save(com.mall4j.cloud.order.model.OrderPayInfo)>", index: "0" }
  - { method: "<com.mall4j.cloud.order.mapper.OrderAddrMapper: com.mall4j.cloud.order.model.OrderAddr getByOrderAddrId(java.lang.Long)>", index: "0" }
  - { method: "<com.mall4j.cloud.order.mapper.OrderAddrMapper: void deleteById(java.lang.Long)>", index: "0" }
  - { method: "<com.mall4j.cloud.order.mapper.OrderAddrMapper: void update(com.mall4j.cloud.order.model.OrderAddr)>", index: "0" }
  - { method: "<com.mall4j.cloud.order.mapper.OrderAddrMapper: void save(com.mall4j.cloud.order.model.OrderAddr)>", index: "0" }
  - { method: "<com.mall4j.cloud.order.mapper.OrderItemMapper: java.util.List listOrderItemsByOrderId(java.lang.Long)>", index: "0" }
  - { method: "<com.mall4j.cloud.order.mapper.OrderItemMapper: java.util.List getSpuNameListByOrderIds(long[])>", index: "0" }
  - { method: "<com.mall4j.cloud.order.mapper.OrderItemMapper: java.lang.Integer countByOrderId(java.lang.Long)>", index: "0" }
  - { method: "<com.mall4j.cloud.order.mapper.OrderItemMapper: void deleteById(java.lang.Long)>", index: "0" }
  - { method: "<com.mall4j.cloud.order.mapper.OrderItemMapper: void update(com.mall4j.cloud.order.model.OrderItem)>", index: "0" }
  - { method: "<com.mall4j.cloud.order.mapper.OrderItemMapper: void save(com.mall4j.cloud.order.model.OrderItem)>", index: "0" }
  - { method: "<com.mall4j.cloud.order.mapper.OrderItemMapper: void saveBatch(java.util.List)>", index: "0" }
  - { method: "<com.mall4j.cloud.payment.mapper.PayInfoMapper: com.mall4j.cloud.payment.model.PayInfo getByPayId(java.lang.Long)>", index: "0" }
  - { method: "<com.mall4j.cloud.payment.mapper.PayInfoMapper: java.lang.Integer getPayStatusByOrderIds(java.lang.String)>", index: "0" }
  - { method: "<com.mall4j.cloud.payment.mapper.PayInfoMapper: void deleteById(java.lang.Long)>", index: "0" }
  - { method: "<com.mall4j.cloud.payment.mapper.PayInfoMapper: void update(com.mall4j.cloud.payment.model.PayInfo)>", index: "0" }
  - { method: "<com.mall4j.cloud.payment.mapper.PayInfoMapper: void save(com.mall4j.cloud.payment.model.PayInfo)>", index: "0" }
  - { method: "<com.mall4j.cloud.platform.mapper.SysUserMapper: com.mall4j.cloud.platform.vo.SysUserSimpleVO getSimpleByUserId(java.lang.Long)>", index: "0" }
  - { method: "<com.mall4j.cloud.platform.mapper.SysUserMapper: com.mall4j.cloud.platform.vo.SysUserVO getByUserId(java.lang.Long)>", index: "0" }
  - { method: "<com.mall4j.cloud.platform.mapper.SysUserMapper: void deleteById(java.lang.Long)>", index: "0" }
  - { method: "<com.mall4j.cloud.platform.mapper.SysUserMapper: void update(com.mall4j.cloud.platform.model.SysUser)>", index: "0" }
  - { method: "<com.mall4j.cloud.platform.mapper.SysUserMapper: void save(com.mall4j.cloud.platform.model.SysUser)>", index: "0" }
  - { method: "<com.mall4j.cloud.platform.mapper.SysConfigMapper: com.mall4j.cloud.platform.vo.SysConfigVO getById(java.lang.Long)>", index: "0" }
  - { method: "<com.mall4j.cloud.platform.mapper.SysConfigMapper: int countByKey(java.lang.String)>", index: "0" }
  - { method: "<com.mall4j.cloud.platform.mapper.SysConfigMapper: com.mall4j.cloud.platform.model.SysConfig queryByKey(java.lang.String)>", index: "0" }
  - { method: "<com.mall4j.cloud.platform.mapper.SysConfigMapper: void update(com.mall4j.cloud.platform.model.SysConfig)>", index: "0" }
  - { method: "<com.mall4j.cloud.platform.mapper.SysConfigMapper: void save(com.mall4j.cloud.platform.model.SysConfig)>", index: "0" }
  - { method: "<com.mall4j.cloud.product.mapper.SpuExtensionMapper: com.mall4j.cloud.product.vo.SpuExtensionVO getBySpuExtendId(java.lang.Long)>", index: "0" }
  - { method: "<com.mall4j.cloud.product.mapper.SpuExtensionMapper: com.mall4j.cloud.product.model.SpuExtension getBySpuId(java.lang.Long)>", index: "0" }
  - { method: "<com.mall4j.cloud.product.mapper.SpuExtensionMapper: void deleteById(java.lang.Long)>", index: "0" }
  - { method: "<com.mall4j.cloud.product.mapper.SpuExtensionMapper: void addStockByOrder(java.util.List)>", index: "0" }
  - { method: "<com.mall4j.cloud.product.mapper.SpuExtensionMapper: void reduceActualStockByOrder(java.util.List)>", index: "0" }
  - { method: "<com.mall4j.cloud.product.mapper.SpuExtensionMapper: void reduceActualStockByCancelOrder(java.util.List)>", index: "0" }
  - { method: "<com.mall4j.cloud.product.mapper.SpuExtensionMapper: void save(com.mall4j.cloud.product.model.SpuExtension)>", index: "0" }
  - { method: "<com.mall4j.cloud.product.mapper.BrandMapper: java.util.List list(com.mall4j.cloud.product.dto.BrandDTO)>", index: "0" }
  - { method: "<com.mall4j.cloud.product.mapper.BrandMapper: com.mall4j.cloud.api.product.vo.BrandVO getByBrandId(java.lang.Long)>", index: "0" }
  - { method: "<com.mall4j.cloud.product.mapper.BrandMapper: int getUseNum(java.lang.Long)>", index: "0" }
  - { method: "<com.mall4j.cloud.product.mapper.BrandMapper: java.util.List getBrandByCategoryId(java.lang.Long)>", index: "0" }
  - { method: "<com.mall4j.cloud.product.mapper.BrandMapper: java.util.List listByCategory(java.lang.Long)>", index: "0" }
  - { method: "<com.mall4j.cloud.product.mapper.BrandMapper: void deleteById(java.lang.Long)>", index: "0" }
  - { method: "<com.mall4j.cloud.product.mapper.BrandMapper: void update(com.mall4j.cloud.product.model.Brand)>", index: "0" }
  - { method: "<com.mall4j.cloud.product.mapper.BrandMapper: void updateBrandStatus(com.mall4j.cloud.product.dto.BrandDTO)>", index: "0" }
  - { method: "<com.mall4j.cloud.product.mapper.BrandMapper: void save(com.mall4j.cloud.product.model.Brand)>", index: "0" }
  - { method: "<com.mall4j.cloud.product.mapper.CategoryBrandMapper: java.util.List getCategoryIdsByBrandId(java.lang.Long)>", index: "0" }
  - { method: "<com.mall4j.cloud.product.mapper.CategoryBrandMapper: void deleteByBrandId(java.lang.Long)>", index: "0" }
  - { method: "<com.mall4j.cloud.product.mapper.CategoryBrandMapper: void saveBatch(java.util.List)>", index: "0" }
  - { method: "<com.mall4j.cloud.product.mapper.SpuDetailMapper: void deleteById(java.lang.Long)>", index: "0" }
  - { method: "<com.mall4j.cloud.product.mapper.SpuDetailMapper: void update(com.mall4j.cloud.product.model.SpuDetail)>", index: "0" }
  - { method: "<com.mall4j.cloud.product.mapper.SpuDetailMapper: void save(com.mall4j.cloud.product.model.SpuDetail)>", index: "0" }
  - { method: "<com.mall4j.cloud.product.mapper.ShopCartItemMapper: com.mall4j.cloud.common.order.vo.ShopCartItemVO getByCartId(java.lang.Long)>", index: "0" }
  - { method: "<com.mall4j.cloud.product.mapper.ShopCartItemMapper: java.util.List listUserIdBySpuId(java.lang.Long)>", index: "0" }
  - { method: "<com.mall4j.cloud.product.mapper.ShopCartItemMapper: java.lang.Integer getShopCartItemCount(java.lang.Long)>", index: "0" }
  - { method: "<com.mall4j.cloud.product.mapper.ShopCartItemMapper: void deleteById(java.lang.Long)>", index: "0" }
  - { method: "<com.mall4j.cloud.product.mapper.ShopCartItemMapper: void deleteAllShopCartItems(java.lang.Long)>", index: "0" }
  - { method: "<com.mall4j.cloud.product.mapper.ShopCartItemMapper: void update(com.mall4j.cloud.product.model.ShopCartItem)>", index: "0" }
  - { method: "<com.mall4j.cloud.product.mapper.ShopCartItemMapper: void save(com.mall4j.cloud.product.model.ShopCartItem)>", index: "0" }
  - { method: "<com.mall4j.cloud.product.mapper.AttrMapper: java.lang.Long countAttr(com.mall4j.cloud.product.dto.AttrDTO)>", index: "0" }
  - { method: "<com.mall4j.cloud.product.mapper.AttrMapper: com.mall4j.cloud.api.product.vo.AttrVO getByAttrId(java.lang.Long)>", index: "0" }
  - { method: "<com.mall4j.cloud.product.mapper.AttrMapper: java.util.List getAttrsByCategoryIdAndAttrType(java.lang.Long)>", index: "0" }
  - { method: "<com.mall4j.cloud.product.mapper.AttrMapper: java.util.List getShopAttrs(java.lang.Long)>", index: "0" }
  - { method: "<com.mall4j.cloud.product.mapper.AttrMapper: void deleteById(java.lang.Long)>", index: "0" }
  - { method: "<com.mall4j.cloud.product.mapper.AttrMapper: void update(com.mall4j.cloud.product.model.Attr)>", index: "0" }
  - { method: "<com.mall4j.cloud.product.mapper.AttrMapper: void save(com.mall4j.cloud.product.model.Attr)>", index: "0" }
  - { method: "<com.mall4j.cloud.product.mapper.SkuStockMapper: java.util.List listBySkuList(java.util.List)>", index: "0" }
  - { method: "<com.mall4j.cloud.product.mapper.SkuStockMapper: void deleteById(java.lang.Long)>", index: "0" }
  - { method: "<com.mall4j.cloud.product.mapper.SkuStockMapper: void deleteBySkuIds(java.util.List)>", index: "0" }
  - { method: "<com.mall4j.cloud.product.mapper.SkuStockMapper: void update(com.mall4j.cloud.product.model.SkuStock)>", index: "0" }
  - { method: "<com.mall4j.cloud.product.mapper.SkuStockMapper: void updateStock(java.util.List)>", index: "0" }
  - { method: "<com.mall4j.cloud.product.mapper.SkuStockMapper: void addStockByOrder(java.util.List)>", index: "0" }
  - { method: "<com.mall4j.cloud.product.mapper.SkuStockMapper: void reduceActualStockByOrder(java.util.List)>", index: "0" }
  - { method: "<com.mall4j.cloud.product.mapper.SkuStockMapper: void reduceActualStockByCancelOrder(java.util.List)>", index: "0" }
  - { method: "<com.mall4j.cloud.product.mapper.SkuStockMapper: void save(com.mall4j.cloud.product.model.SkuStock)>", index: "0" }
  - { method: "<com.mall4j.cloud.product.mapper.SkuStockMapper: void saveBatch(java.util.List)>", index: "0" }
  - { method: "<com.mall4j.cloud.product.mapper.SpuSkuAttrValueMapper: void deleteById(java.lang.Long)>", index: "0" }
  - { method: "<com.mall4j.cloud.product.mapper.SpuSkuAttrValueMapper: void updateBySpuId(java.lang.Long)>", index: "0" }
  - { method: "<com.mall4j.cloud.product.mapper.SpuSkuAttrValueMapper: void updateBatch(java.util.List)>", index: "0" }
  - { method: "<com.mall4j.cloud.product.mapper.SpuSkuAttrValueMapper: void update(com.mall4j.cloud.product.model.SpuSkuAttrValue)>", index: "0" }
  - { method: "<com.mall4j.cloud.product.mapper.SpuSkuAttrValueMapper: void save(com.mall4j.cloud.product.model.SpuSkuAttrValue)>", index: "0" }
  - { method: "<com.mall4j.cloud.product.mapper.SpuSkuAttrValueMapper: void saveBatch(java.util.List)>", index: "0" }
  - { method: "<com.mall4j.cloud.product.mapper.AttrValueMapper: java.util.List getIdListByAttrId(java.lang.Long)>", index: "0" }
  - { method: "<com.mall4j.cloud.product.mapper.AttrValueMapper: void deleteBatch(java.util.List)>", index: "0" }
  - { method: "<com.mall4j.cloud.product.mapper.AttrValueMapper: void updateBatch(java.util.List)>", index: "0" }
  - { method: "<com.mall4j.cloud.product.mapper.AttrValueMapper: void updateBatchOfSpuAttrValue(java.util.List)>", index: "0" }
  - { method: "<com.mall4j.cloud.product.mapper.AttrValueMapper: void updateBatchOfSpuSkuAttrValue(java.util.List)>", index: "0" }
  - { method: "<com.mall4j.cloud.product.mapper.AttrValueMapper: void saveBatch(java.util.List)>", index: "0" }
  - { method: "<com.mall4j.cloud.product.mapper.SpuMapper: java.util.List list(com.mall4j.cloud.product.dto.SpuPageSearchDTO)>", index: "0" }
  - { method: "<com.mall4j.cloud.product.mapper.SpuMapper: com.mall4j.cloud.api.product.vo.SpuVO getBySpuId(java.lang.Long)>", index: "0" }
  - { method: "<com.mall4j.cloud.product.mapper.SpuMapper: com.mall4j.cloud.api.product.bo.EsProductBO loadEsProductBO(java.lang.Long)>", index: "0" }
  - { method: "<com.mall4j.cloud.product.mapper.SpuMapper: void deleteById(java.lang.Long)>", index: "0" }
  - { method: "<com.mall4j.cloud.product.mapper.SpuMapper: void updateStatusBySpuId(java.lang.Long)>", index: "0" }
  - { method: "<com.mall4j.cloud.product.mapper.SpuMapper: void update(com.mall4j.cloud.product.model.Spu)>", index: "0" }
  - { method: "<com.mall4j.cloud.product.mapper.SpuMapper: void save(com.mall4j.cloud.product.model.Spu)>", index: "0" }
  - { method: "<com.mall4j.cloud.product.mapper.AttrCategoryMapper: java.util.List getCategoryIdsByAttrId(java.lang.Long)>", index: "0" }
  - { method: "<com.mall4j.cloud.product.mapper.AttrCategoryMapper: java.util.List listByAttrId(java.lang.Long)>", index: "0" }
  - { method: "<com.mall4j.cloud.product.mapper.SkuMapper: java.util.List listBySpuIdAndExtendInfo(java.lang.Long)>", index: "0" }
  - { method: "<com.mall4j.cloud.product.mapper.SkuMapper: java.util.List listBySpuId(java.lang.Long)>", index: "0" }
  - { method: "<com.mall4j.cloud.product.mapper.SkuMapper: com.mall4j.cloud.api.product.vo.SkuVO getSkuBySkuId(java.lang.Long)>", index: "0" }
  - { method: "<com.mall4j.cloud.product.mapper.SkuMapper: java.util.List getSkuBySpuId(java.lang.Long)>", index: "0" }
  - { method: "<com.mall4j.cloud.product.mapper.SkuMapper: void deleteById(java.lang.Long)>", index: "0" }
  - { method: "<com.mall4j.cloud.product.mapper.SkuMapper: void update(com.mall4j.cloud.product.model.Sku)>", index: "0" }
  - { method: "<com.mall4j.cloud.product.mapper.SkuMapper: void updateBySpuId(java.lang.Long)>", index: "0" }
  - { method: "<com.mall4j.cloud.product.mapper.SkuMapper: void updateBatch(java.util.List)>", index: "0" }
  - { method: "<com.mall4j.cloud.product.mapper.SkuMapper: void save(com.mall4j.cloud.product.model.Sku)>", index: "0" }
  - { method: "<com.mall4j.cloud.product.mapper.SkuMapper: void saveBatch(java.util.List)>", index: "0" }
  - { method: "<com.mall4j.cloud.product.mapper.SkuStockLockMapper: com.mall4j.cloud.product.model.SkuStockLock getById(java.lang.Long)>", index: "0" }
  - { method: "<com.mall4j.cloud.product.mapper.SkuStockLockMapper: java.util.List listByOrderIds(java.util.List)>", index: "0" }
  - { method: "<com.mall4j.cloud.product.mapper.SkuStockLockMapper: java.util.List listUnLockByOrderIds(java.util.List)>", index: "0" }
  - { method: "<com.mall4j.cloud.product.mapper.SkuStockLockMapper: void deleteById(java.lang.Long)>", index: "0" }
  - { method: "<com.mall4j.cloud.product.mapper.SkuStockLockMapper: void update(com.mall4j.cloud.product.model.SkuStockLock)>", index: "0" }
  - { method: "<com.mall4j.cloud.product.mapper.SkuStockLockMapper: void unLockByIds(java.util.List)>", index: "0" }
  - { method: "<com.mall4j.cloud.product.mapper.SkuStockLockMapper: void markerStockUse(java.util.List)>", index: "0" }
  - { method: "<com.mall4j.cloud.product.mapper.SkuStockLockMapper: void save(com.mall4j.cloud.product.model.SkuStockLock)>", index: "0" }
  - { method: "<com.mall4j.cloud.product.mapper.SkuStockLockMapper: void saveBatch(java.util.List)>", index: "0" }
  - { method: "<com.mall4j.cloud.product.mapper.SpuAttrValueMapper: java.util.List getSpuAttrsBySpuId(java.lang.Long)>", index: "0" }
  - { method: "<com.mall4j.cloud.product.mapper.SpuAttrValueMapper: java.util.List getShopIdByAttrValueIds(java.util.List)>", index: "0" }
  - { method: "<com.mall4j.cloud.product.mapper.SpuAttrValueMapper: void deleteBatch(java.util.List)>", index: "0" }
  - { method: "<com.mall4j.cloud.product.mapper.SpuAttrValueMapper: void deleteBySpuId(java.lang.Long)>", index: "0" }
  - { method: "<com.mall4j.cloud.product.mapper.SpuAttrValueMapper: void update(com.mall4j.cloud.product.model.SpuAttrValue)>", index: "0" }
  - { method: "<com.mall4j.cloud.product.mapper.SpuAttrValueMapper: void updateBatch(java.util.List)>", index: "0" }
  - { method: "<com.mall4j.cloud.product.mapper.SpuAttrValueMapper: void batchUpdateSpuAttrValue(java.util.List)>", index: "0" }
  - { method: "<com.mall4j.cloud.product.mapper.SpuAttrValueMapper: void save(com.mall4j.cloud.product.model.SpuAttrValue)>", index: "0" }
  - { method: "<com.mall4j.cloud.product.mapper.SpuAttrValueMapper: void saveBatch(java.util.List)>", index: "0" }
  - { method: "<com.mall4j.cloud.product.mapper.CategoryMapper: com.mall4j.cloud.api.product.vo.CategoryVO getById(java.lang.Long)>", index: "0" }
  - { method: "<com.mall4j.cloud.product.mapper.CategoryMapper: int getCategoryUseNum(java.lang.Long)>", index: "0" }
  - { method: "<com.mall4j.cloud.product.mapper.CategoryMapper: java.util.List list(java.lang.Long)>", index: "0" }
  - { method: "<com.mall4j.cloud.product.mapper.CategoryMapper: java.util.List getChildCategory(java.lang.Long)>", index: "0" }
  - { method: "<com.mall4j.cloud.product.mapper.CategoryMapper: int existCategoryName(com.mall4j.cloud.product.model.Category)>", index: "0" }
  - { method: "<com.mall4j.cloud.product.mapper.CategoryMapper: java.util.List getListByCategoryIds(java.util.Set)>", index: "0" }
  - { method: "<com.mall4j.cloud.product.mapper.CategoryMapper: void deleteById(java.lang.Long)>", index: "0" }
  - { method: "<com.mall4j.cloud.product.mapper.CategoryMapper: int update(com.mall4j.cloud.product.model.Category)>", index: "0" }
  - { method: "<com.mall4j.cloud.product.mapper.CategoryMapper: void save(com.mall4j.cloud.product.model.Category)>", index: "0" }
  - { method: "<com.mall4j.cloud.rbac.mapper.MenuMapper: com.mall4j.cloud.rbac.vo.MenuVO getByMenuId(java.lang.Long)>", index: "0" }
  - { method: "<com.mall4j.cloud.rbac.mapper.MenuMapper: java.util.List listBySysType(java.lang.Integer)>", index: "0" }
  - { method: "<com.mall4j.cloud.rbac.mapper.MenuMapper: java.util.List listSimpleMenuBySytType(java.lang.Integer)>", index: "0" }
  - { method: "<com.mall4j.cloud.rbac.mapper.MenuMapper: java.util.List listWithPermissions(java.lang.Integer)>", index: "0" }
  - { method: "<com.mall4j.cloud.rbac.mapper.MenuMapper: java.util.List listMenuIds(java.lang.Long)>", index: "0" }
  - { method: "<com.mall4j.cloud.rbac.mapper.MenuMapper: void update(com.mall4j.cloud.rbac.model.Menu)>", index: "0" }
  - { method: "<com.mall4j.cloud.rbac.mapper.MenuMapper: void save(com.mall4j.cloud.rbac.model.Menu)>", index: "0" }
  - { method: "<com.mall4j.cloud.rbac.mapper.RoleMenuMapper: java.util.List getByRoleId(java.lang.Long)>", index: "0" }
  - { method: "<com.mall4j.cloud.rbac.mapper.RoleMenuMapper: void deleteByRoleId(java.lang.Long)>", index: "0" }
  - { method: "<com.mall4j.cloud.rbac.mapper.RoleMenuMapper: void insertBatch(java.util.List)>", index: "0" }
  - { method: "<com.mall4j.cloud.rbac.mapper.MenuPermissionMapper: java.util.List list(java.lang.Integer)>", index: "0" }
  - { method: "<com.mall4j.cloud.rbac.mapper.MenuPermissionMapper: com.mall4j.cloud.rbac.vo.MenuPermissionVO getByMenuPermissionId(java.lang.Long)>", index: "0" }
  - { method: "<com.mall4j.cloud.rbac.mapper.MenuPermissionMapper: java.util.List listAllPermissionBySysType(java.lang.Integer)>", index: "0" }
  - { method: "<com.mall4j.cloud.rbac.mapper.MenuPermissionMapper: java.util.List listUriPermissionInfo(java.lang.Integer)>", index: "0" }
  - { method: "<com.mall4j.cloud.rbac.mapper.MenuPermissionMapper: java.util.List listByMenuId(java.lang.Long)>", index: "0" }
  - { method: "<com.mall4j.cloud.rbac.mapper.MenuPermissionMapper: void update(com.mall4j.cloud.rbac.model.MenuPermission)>", index: "0" }
  - { method: "<com.mall4j.cloud.rbac.mapper.MenuPermissionMapper: void save(com.mall4j.cloud.rbac.model.MenuPermission)>", index: "0" }
  - { method: "<com.mall4j.cloud.rbac.mapper.RoleMapper: com.mall4j.cloud.rbac.vo.RoleVO getByRoleId(java.lang.Long)>", index: "0" }
  - { method: "<com.mall4j.cloud.rbac.mapper.RoleMapper: java.lang.Integer getBizType(java.lang.Long)>", index: "0" }
  - { method: "<com.mall4j.cloud.rbac.mapper.RoleMapper: void update(com.mall4j.cloud.rbac.model.Role)>", index: "0" }
  - { method: "<com.mall4j.cloud.rbac.mapper.RoleMapper: void save(com.mall4j.cloud.rbac.model.Role)>", index: "0" }
  - { method: "<com.mall4j.cloud.rbac.mapper.UserRoleMapper: java.util.List getRoleIds(java.lang.Long)>", index: "0" }
  - { method: "<com.mall4j.cloud.rbac.mapper.UserRoleMapper: void deleteByUserId(java.lang.Long)>", index: "0" }
  - { method: "<com.mall4j.cloud.rbac.mapper.UserRoleMapper: void deleteByRoleId(java.lang.Long)>", index: "0" }
  - { method: "<com.mall4j.cloud.user.mapper.AreaMapper: com.mall4j.cloud.api.user.vo.AreaVO getByAreaId(java.lang.Long)>", index: "0" }
  - { method: "<com.mall4j.cloud.user.mapper.AreaMapper: int countByAreaId(java.lang.Long)>", index: "0" }
  - { method: "<com.mall4j.cloud.user.mapper.AreaMapper: java.util.List listByPid(java.lang.Long)>", index: "0" }
  - { method: "<com.mall4j.cloud.user.mapper.AreaMapper: void deleteById(java.lang.Long)>", index: "0" }
  - { method: "<com.mall4j.cloud.user.mapper.AreaMapper: void update(com.mall4j.cloud.user.model.Area)>", index: "0" }
  - { method: "<com.mall4j.cloud.user.mapper.AreaMapper: void save(com.mall4j.cloud.user.model.Area)>", index: "0" }
  - { method: "<com.mall4j.cloud.user.mapper.UserMapper: com.mall4j.cloud.api.user.vo.UserApiVO getByUserId(java.lang.Long)>", index: "0" }
  - { method: "<com.mall4j.cloud.user.mapper.UserMapper: com.mall4j.cloud.api.user.vo.UserApiVO getUserAndOpenIdsByUserId(java.lang.Long)>", index: "0" }
  - { method: "<com.mall4j.cloud.user.mapper.UserMapper: java.util.List getUserByUserIds(java.util.List)>", index: "0" }
  - { method: "<com.mall4j.cloud.user.mapper.UserMapper: void update(com.mall4j.cloud.user.model.User)>", index: "0" }
  - { method: "<com.mall4j.cloud.user.mapper.UserMapper: void save(com.mall4j.cloud.user.model.User)>", index: "0" }
  - { method: "<com.mall4j.cloud.user.mapper.UserAddrMapper: java.util.List list(java.lang.Long)>", index: "0" }
  - { method: "<com.mall4j.cloud.user.mapper.UserAddrMapper: int countByUserId(java.lang.Long)>", index: "0" }
  - { method: "<com.mall4j.cloud.user.mapper.UserAddrMapper: com.mall4j.cloud.common.order.vo.UserAddrVO getUserDefaultAddrByUserId(java.lang.Long)>", index: "0" }
  - { method: "<com.mall4j.cloud.user.mapper.UserAddrMapper: void update(com.mall4j.cloud.user.model.UserAddr)>", index: "0" }
  - { method: "<com.mall4j.cloud.user.mapper.UserAddrMapper: void removeDefaultUserAddr(java.lang.Long)>", index: "0" }
  - { method: "<com.mall4j.cloud.user.mapper.UserAddrMapper: void save(com.mall4j.cloud.user.model.UserAddr)>", index: "0" }

transfers:
  - { method: "<java.lang.String: java.lang.String concat(java.lang.String)>", from: "base", to: "result", type: "java.lang.String" }
  - { method: "<java.lang.String: java.lang.String concat(java.lang.String)>", from: "0", to: "result", type: "java.lang.String" }
  - { method: "<java.lang.String: java.lang.String substring(int)>", from: "base", to: "result", type: "java.lang.String" }
  - { method: "<java.lang.String: java.lang.String substring(int,int)>", from: "base", to: "result", type: "java.lang.String" }
  - { method: "<java.lang.String: java.lang.String replace(char,char)>", from: "base", to: "result", type: "java.lang.String" }
  - { method: "<java.lang.String: java.lang.String replace(java.lang.CharSequence,java.lang.CharSequence)>", from: "base", to: "result", type: "java.lang.String" }
  - { method: "<java.lang.String: java.lang.String replaceAll(java.lang.String,java.lang.String)>", from: "base", to: "result", type: "java.lang.String" }
  - { method: "<java.lang.String: java.lang.String replaceFirst(java.lang.String,java.lang.String)>", from: "base", to: "result", type: "java.lang.String" }
  - { method: "<java.lang.String: java.lang.String trim()>", from: "base", to: "result", type: "java.lang.String" }
  - { method: "<java.lang.String: java.lang.String strip()>", from: "base", to: "result", type: "java.lang.String" }
  - { method: "<java.lang.String: java.lang.String stripLeading()>", from: "base", to: "result", type: "java.lang.String" }
  - { method: "<java.lang.String: java.lang.String stripTrailing()>", from: "base", to: "result", type: "java.lang.String" }
  - { method: "<java.lang.String: java.lang.String toLowerCase()>", from: "base", to: "result", type: "java.lang.String" }
  - { method: "<java.lang.String: java.lang.String toLowerCase(java.util.Locale)>", from: "base", to: "result", type: "java.lang.String" }
  - { method: "<java.lang.String: java.lang.String toUpperCase()>", from: "base", to: "result", type: "java.lang.String" }
  - { method: "<java.lang.String: java.lang.String toUpperCase(java.util.Locale)>", from: "base", to: "result", type: "java.lang.String" }
  - { method: "<java.lang.String: java.lang.String intern()>", from: "base", to: "result", type: "java.lang.String" }
  - { method: "<java.lang.String: java.lang.String valueOf(java.lang.Object)>", from: "0", to: "result", type: "java.lang.String" }
  - { method: "<java.lang.String: java.lang.String valueOf(char[])>", from: "0", to: "result", type: "java.lang.String" }
  - { method: "<java.lang.String: java.lang.String format(java.lang.String,java.lang.Object[])>", from: "0", to: "result", type: "java.lang.String" }
  - { method: "<java.lang.String: java.lang.String format(java.util.Locale,java.lang.String,java.lang.Object[])>", from: "1", to: "result", type: "java.lang.String" }
  - { method: "<java.lang.String: java.lang.String join(java.lang.CharSequence,java.lang.CharSequence[])>", from: "1", to: "result", type: "java.lang.String" }
  - { method: "<java.lang.String: java.lang.String join(java.lang.CharSequence,java.lang.Iterable)>", from: "1", to: "result", type: "java.lang.String" }
  - { method: "<java.lang.String: char[] toCharArray()>", from: "base", to: "result", type: "char[]" }
  - { method: "<java.lang.StringBuilder: java.lang.StringBuilder append(java.lang.String)>", from: "0", to: "base", type: "java.lang.StringBuilder" }
  - { method: "<java.lang.StringBuilder: java.lang.StringBuilder append(java.lang.Object)>", from: "0", to: "base", type: "java.lang.StringBuilder" }
  - { method: "<java.lang.StringBuilder: java.lang.StringBuilder append(java.lang.CharSequence)>", from: "0", to: "base", type: "java.lang.StringBuilder" }
  - { method: "<java.lang.StringBuilder: java.lang.StringBuilder append(char[])>", from: "0", to: "base", type: "java.lang.StringBuilder" }
  - { method: "<java.lang.StringBuilder: java.lang.StringBuilder append(boolean)>", from: "0", to: "base", type: "java.lang.StringBuilder" }
  - { method: "<java.lang.StringBuilder: java.lang.StringBuilder append(int)>", from: "0", to: "base", type: "java.lang.StringBuilder" }
  - { method: "<java.lang.StringBuilder: java.lang.StringBuilder append(long)>", from: "0", to: "base", type: "java.lang.StringBuilder" }
  - { method: "<java.lang.StringBuilder: java.lang.StringBuilder append(java.lang.String)>", from: "base", to: "result", type: "java.lang.StringBuilder" }
  - { method: "<java.lang.StringBuilder: java.lang.StringBuilder append(java.lang.Object)>", from: "base", to: "result", type: "java.lang.StringBuilder" }
  - { method: "<java.lang.StringBuilder: java.lang.StringBuilder append(java.lang.CharSequence)>", from: "base", to: "result", type: "java.lang.StringBuilder" }
  - { method: "<java.lang.StringBuilder: java.lang.String toString()>", from: "base", to: "result", type: "java.lang.String" }
  - { method: "<java.lang.StringBuilder: java.lang.StringBuilder insert(int,java.lang.String)>", from: "1", to: "base", type: "java.lang.StringBuilder" }
  - { method: "<java.lang.StringBuilder: java.lang.StringBuilder insert(int,java.lang.Object)>", from: "1", to: "base", type: "java.lang.StringBuilder" }
  - { method: "<java.lang.StringBuilder: java.lang.StringBuilder insert(int,java.lang.CharSequence)>", from: "1", to: "base", type: "java.lang.StringBuilder" }
  - { method: "<java.lang.StringBuffer: java.lang.StringBuffer append(java.lang.String)>", from: "0", to: "base", type: "java.lang.StringBuffer" }
  - { method: "<java.lang.StringBuffer: java.lang.StringBuffer append(java.lang.Object)>", from: "0", to: "base", type: "java.lang.StringBuffer" }
  - { method: "<java.lang.StringBuffer: java.lang.StringBuffer append(java.lang.String)>", from: "base", to: "result", type: "java.lang.StringBuffer" }
  - { method: "<java.lang.StringBuffer: java.lang.StringBuffer append(java.lang.Object)>", from: "base", to: "result", type: "java.lang.StringBuffer" }
  - { method: "<java.lang.StringBuffer: java.lang.String toString()>", from: "base", to: "result", type: "java.lang.String" }
  - { method: "<java.util.Map: java.lang.Object get(java.lang.Object)>", from: "base", to: "result", type: "java.lang.Object" }
  - { method: "<java.util.HashMap: java.lang.Object get(java.lang.Object)>", from: "base", to: "result", type: "java.lang.Object" }
  - { method: "<java.util.LinkedHashMap: java.lang.Object get(java.lang.Object)>", from: "base", to: "result", type: "java.lang.Object" }
  - { method: "<java.util.TreeMap: java.lang.Object get(java.lang.Object)>", from: "base", to: "result", type: "java.lang.Object" }
  - { method: "<java.util.concurrent.ConcurrentHashMap: java.lang.Object get(java.lang.Object)>", from: "base", to: "result", type: "java.lang.Object" }
  - { method: "<java.util.Map: java.lang.Object put(java.lang.Object,java.lang.Object)>", from: "1", to: "base", type: "java.util.Map" }
  - { method: "<java.util.HashMap: java.lang.Object put(java.lang.Object,java.lang.Object)>", from: "1", to: "base", type: "java.util.HashMap" }
  - { method: "<java.util.Map: void putAll(java.util.Map)>", from: "0", to: "base", type: "java.util.Map" }
  - { method: "<java.util.Map: java.util.Collection values()>", from: "base", to: "result", type: "java.util.Collection" }
  - { method: "<java.util.Map: java.util.Set entrySet()>", from: "base", to: "result", type: "java.util.Set" }
  - { method: "<java.util.Map$Entry: java.lang.Object getValue()>", from: "base", to: "result", type: "java.lang.Object" }
  - { method: "<java.util.Map$Entry: java.lang.Object getKey()>", from: "base", to: "result", type: "java.lang.Object" }
  - { method: "<java.util.List: java.lang.Object get(int)>", from: "base", to: "result", type: "java.lang.Object" }
  - { method: "<java.util.ArrayList: java.lang.Object get(int)>", from: "base", to: "result", type: "java.lang.Object" }
  - { method: "<java.util.LinkedList: java.lang.Object get(int)>", from: "base", to: "result", type: "java.lang.Object" }
  - { method: "<java.util.List: boolean add(java.lang.Object)>", from: "0", to: "base", type: "java.util.List" }
  - { method: "<java.util.ArrayList: boolean add(java.lang.Object)>", from: "0", to: "base", type: "java.util.ArrayList" }
  - { method: "<java.util.LinkedList: boolean add(java.lang.Object)>", from: "0", to: "base", type: "java.util.LinkedList" }
  - { method: "<java.util.Collection: boolean add(java.lang.Object)>", from: "0", to: "base", type: "java.util.Collection" }
  - { method: "<java.util.Iterator: java.lang.Object next()>", from: "base", to: "result", type: "java.lang.Object" }
  - { method: "<java.util.ListIterator: java.lang.Object next()>", from: "base", to: "result", type: "java.lang.Object" }
  - { method: "<java.util.Optional: java.lang.Object get()>", from: "base", to: "result", type: "java.lang.Object" }
  - { method: "<java.util.Optional: java.lang.Object orElse(java.lang.Object)>", from: "base", to: "result", type: "java.lang.Object" }
  - { method: "<java.util.Optional: java.lang.Object orElseGet(java.util.function.Supplier)>", from: "base", to: "result", type: "java.lang.Object" }
  - { method: "<java.util.Optional: java.util.Optional of(java.lang.Object)>", from: "0", to: "result", type: "java.util.Optional" }
  - { method: "<java.util.Optional: java.util.Optional ofNullable(java.lang.Object)>", from: "0", to: "result", type: "java.util.Optional" }
  - { method: "<java.lang.Object: java.lang.String toString()>", from: "base", to: "result", type: "java.lang.String" }
  - { method: "<java.lang.ThreadLocal: java.lang.Object get()>", from: "base", to: "result", type: "java.lang.Object" }

Initializing global bean mock objects for beans...
Initialized 137 global bean objects.
Added entry point (Empty): <com.mall4j.cloud.auth.controller.LoginController: com.mall4j.cloud.common.response.ServerResponseEntity loginOut()>
No bean found for concrete class: org.springframework.security.crypto.password.PasswordEncoder
No bean found for concrete class: ma.glasnost.orika.MapperFacade
No bean found for concrete class: com.mall4j.cloud.biz.config.OssConfig
Concrete class not found for type: org.springframework.web.multipart.support.StandardMultipartFile
No bean found for concrete class: ma.glasnost.orika.MapperFacade
No bean found for concrete class: ma.glasnost.orika.MapperFacade
Added entry point (Empty): <com.mall4j.cloud.biz.controller.multishop.AttachFileGroupController: com.mall4j.cloud.common.response.ServerResponseEntity list()>
No bean found for concrete class: ma.glasnost.orika.MapperFacade
No bean found for concrete class: ma.glasnost.orika.MapperFacade
Added entry point (Empty): <com.mall4j.cloud.gateway.handler.SwaggerHandler: reactor.core.publisher.Mono securityConfiguration()>
Added entry point (Empty): <com.mall4j.cloud.gateway.handler.SwaggerHandler: reactor.core.publisher.Mono uiConfiguration()>
Added entry point (Empty): <com.mall4j.cloud.gateway.handler.SwaggerHandler: reactor.core.publisher.Mono swaggerResources()>
No bean found for concrete class: ma.glasnost.orika.MapperFacade
No bean found for concrete class: ma.glasnost.orika.MapperFacade
No bean found for concrete class: ma.glasnost.orika.MapperFacade
No bean found for concrete class: ma.glasnost.orika.MapperFacade
Added entry point (Empty): <com.mall4j.cloud.multishop.controller.app.MyShopDetailController: com.mall4j.cloud.common.response.ServerResponseEntity get()>
Added entry point (Empty): <com.mall4j.cloud.multishop.controller.multishop.ShopDetailController: com.mall4j.cloud.common.response.ServerResponseEntity info()>
Added entry point (Empty): <com.mall4j.cloud.multishop.controller.multishop.ShopUserController: com.mall4j.cloud.common.response.ServerResponseEntity info()>
No bean found for concrete class: ma.glasnost.orika.MapperFacade
No bean found for concrete class: ma.glasnost.orika.MapperFacade
No bean found for concrete class: ma.glasnost.orika.MapperFacade
No bean found for concrete class: ma.glasnost.orika.MapperFacade
Added entry point (Empty): <com.mall4j.cloud.order.controller.app.MyOrderController: com.mall4j.cloud.common.response.ServerResponseEntity orderCount()>
No bean found for concrete class: com.mall4j.cloud.api.product.manager.ShopCartAdapter
No bean found for concrete class: com.mall4j.cloud.common.cache.util.CacheManagerUtil
No bean found for concrete class: com.mall4j.cloud.common.cache.util.CacheManagerUtil
Added entry point (Empty): <com.mall4j.cloud.order.controller.app.OrderController: com.mall4j.cloud.common.response.ServerResponseEntity submitOrders()>
No bean found for concrete class: ma.glasnost.orika.MapperFacade
No bean found for concrete class: ma.glasnost.orika.MapperFacade
No bean found for concrete class: ma.glasnost.orika.MapperFacade
Concrete class not found for type: javax.servlet.http.HttpServletRequestWrapper
Added entry point (Empty): <com.mall4j.cloud.platform.controller.SysUserController: com.mall4j.cloud.common.response.ServerResponseEntity info()>
No bean found for concrete class: ma.glasnost.orika.MapperFacade
No bean found for concrete class: ma.glasnost.orika.MapperFacade
No bean found for concrete class: ma.glasnost.orika.MapperFacade
No bean found for concrete class: ma.glasnost.orika.MapperFacade
Added entry point (Empty): <com.mall4j.cloud.product.controller.admin.AttrController: com.mall4j.cloud.common.response.ServerResponseEntity getShopAttrs()>
No bean found for concrete class: ma.glasnost.orika.MapperFacade
No bean found for concrete class: ma.glasnost.orika.MapperFacade
Added entry point (Empty): <com.mall4j.cloud.product.controller.admin.CategoryController: com.mall4j.cloud.common.response.ServerResponseEntity platformCategories()>
Added entry point (Empty): <com.mall4j.cloud.product.controller.admin.CategoryController: com.mall4j.cloud.common.response.ServerResponseEntity shopCategories()>
No bean found for concrete class: ma.glasnost.orika.MapperFacade
No bean found for concrete class: ma.glasnost.orika.MapperFacade
Added entry point (Empty): <com.mall4j.cloud.product.controller.app.BrandController: com.mall4j.cloud.common.response.ServerResponseEntity topBrandList()>
No bean found for concrete class: com.mall4j.cloud.api.product.manager.ShopCartAdapter
Added entry point (Empty): <com.mall4j.cloud.product.controller.app.ShopCartController: com.mall4j.cloud.common.response.ServerResponseEntity info()>
No bean found for concrete class: com.mall4j.cloud.api.product.manager.ShopCartAdapter
No bean found for concrete class: ma.glasnost.orika.MapperFacade
Added entry point (Empty): <com.mall4j.cloud.product.controller.app.ShopCartController: com.mall4j.cloud.common.response.ServerResponseEntity amountInfo()>
Added entry point (Empty): <com.mall4j.cloud.product.controller.app.ShopCartController: com.mall4j.cloud.common.response.ServerResponseEntity deleteAll()>
Added entry point (Empty): <com.mall4j.cloud.product.controller.app.ShopCartController: com.mall4j.cloud.common.response.ServerResponseEntity prodCount()>
Added entry point (Empty): <com.mall4j.cloud.product.controller.app.ShopCartController: com.mall4j.cloud.common.response.ServerResponseEntity expiryProdList()>
No bean found for concrete class: ma.glasnost.orika.MapperFacade
No bean found for concrete class: ma.glasnost.orika.MapperFacade
No bean found for concrete class: ma.glasnost.orika.MapperFacade
No bean found for concrete class: ma.glasnost.orika.MapperFacade
No bean found for concrete class: ma.glasnost.orika.MapperFacade
Added entry point (Empty): <com.mall4j.cloud.rbac.controller.MenuController: com.mall4j.cloud.common.response.ServerResponseEntity listWithPermissions()>
Added entry point (Empty): <com.mall4j.cloud.rbac.controller.MenuController: com.mall4j.cloud.common.response.ServerResponseEntity listMenuIds()>
No bean found for concrete class: ma.glasnost.orika.MapperFacade
No bean found for concrete class: ma.glasnost.orika.MapperFacade
Added entry point (Empty): <com.mall4j.cloud.rbac.controller.MenuPermissionController: com.mall4j.cloud.common.response.ServerResponseEntity permissions()>
Added entry point (Empty): <com.mall4j.cloud.rbac.controller.RoleController: com.mall4j.cloud.common.response.ServerResponseEntity list()>
No bean found for concrete class: ma.glasnost.orika.MapperFacade
No bean found for concrete class: ma.glasnost.orika.MapperFacade
Added entry point (Empty): <com.mall4j.cloud.user.controller.app.AreaController: com.mall4j.cloud.common.response.ServerResponseEntity list()>
Added entry point (Empty): <com.mall4j.cloud.user.controller.app.UserAddrController: com.mall4j.cloud.common.response.ServerResponseEntity list()>
No bean found for concrete class: ma.glasnost.orika.MapperFacade
No bean found for concrete class: ma.glasnost.orika.MapperFacade
Added entry point (Empty): <com.mall4j.cloud.user.controller.app.UserController: com.mall4j.cloud.common.response.ServerResponseEntity getByAddrId()>
Added entry point (Empty): <com.mall4j.cloud.user.controller.app.UserController: com.mall4j.cloud.common.response.ServerResponseEntity getUserDetailInfo()>
No bean found for concrete class: ma.glasnost.orika.MapperFacade
No bean found for concrete class: ma.glasnost.orika.MapperFacade
Initializing global aspect mock objects...
No bean found for concrete class: org.springframework.security.crypto.password.PasswordEncoder
No bean found for concrete class: ma.glasnost.orika.MapperFacade
No bean found for concrete class: org.springframework.data.redis.core.RedisTemplate
No bean found for concrete class: org.springframework.data.redis.core.StringRedisTemplate
No bean found for concrete class: org.springframework.security.crypto.password.PasswordEncoder
No bean found for concrete class: org.springframework.data.redis.core.StringRedisTemplate
No bean found for concrete class: ma.glasnost.orika.MapperFacade
No bean found for concrete class: ma.glasnost.orika.MapperFacade
No bean found for concrete class: ma.glasnost.orika.MapperFacade
No bean found for concrete class: ma.glasnost.orika.MapperFacade
No bean found for concrete class: ma.glasnost.orika.MapperFacade
No bean found for concrete class: ma.glasnost.orika.MapperFacade
No bean found for concrete class: org.springframework.security.crypto.password.PasswordEncoder
No bean found for concrete class: org.springframework.security.crypto.password.PasswordEncoder
No bean found for concrete class: org.springframework.data.redis.core.RedisTemplate
No bean found for concrete class: org.springframework.data.redis.core.StringRedisTemplate
No bean found for concrete class: org.springframework.data.redis.core.RedisTemplate
No bean found for concrete class: io.minio.MinioClient
No bean found for concrete class: com.mall4j.cloud.biz.config.OssConfig
No bean found for concrete class: org.springframework.cloud.gateway.route.RouteLocator
No bean found for concrete class: org.springframework.cloud.gateway.config.GatewayProperties
No bean found for concrete class: ma.glasnost.orika.MapperFacade
No bean found for concrete class: ma.glasnost.orika.MapperFacade
No bean found for concrete class: ma.glasnost.orika.MapperFacade
No bean found for concrete class: ma.glasnost.orika.MapperFacade
No bean found for concrete class: ma.glasnost.orika.MapperFacade
No bean found for concrete class: ma.glasnost.orika.MapperFacade
No bean found for concrete class: io.minio.MinioClient
No bean found for concrete class: com.mall4j.cloud.biz.config.OssConfig
No bean found for concrete class: ma.glasnost.orika.MapperFacade
No bean found for concrete class: org.springframework.security.crypto.password.PasswordEncoder
No bean found for concrete class: org.springframework.data.redis.core.StringRedisTemplate
No bean found for concrete class: org.springframework.data.redis.core.RedisTemplate
No implementation found for interface: com.mall4j.cloud.leaf.IDGen
[Pointer analysis] elapsed time: 0.11s
Detected 75 taint flow(s):
TaintFlow{<com.mall4j.cloud.biz.controller.multishop.AttachFileController: com.mall4j.cloud.common.response.ServerResponseEntity delete(java.lang.Long)>/0 -> <com.mall4j.cloud.biz.service.impl.AttachFileServiceImpl: void deleteById(java.lang.Long)>[1@L56] $r3 = invokeinterface $r2.getById(fileId)/0}
TaintFlow{<com.mall4j.cloud.biz.controller.multishop.AttachFileController: com.mall4j.cloud.common.response.ServerResponseEntity delete(java.lang.Long)>/0 -> <com.mall4j.cloud.biz.service.impl.AttachFileServiceImpl: void deleteById(java.lang.Long)>[5@L58] invokeinterface $r5.deleteById(fileId)/0}
TaintFlow{<com.mall4j.cloud.biz.controller.multishop.AttachFileGroupController: com.mall4j.cloud.common.response.ServerResponseEntity delete(java.lang.Long)>/0 -> <com.mall4j.cloud.biz.service.impl.AttachFileGroupServiceImpl: void deleteById(java.lang.Long)>[1@L54] invokeinterface $r2.deleteById(attachFileGroupId)/0}
TaintFlow{<com.mall4j.cloud.biz.controller.multishop.AttachFileGroupController: com.mall4j.cloud.common.response.ServerResponseEntity delete(java.lang.Long)>/0 -> <com.mall4j.cloud.biz.service.impl.AttachFileGroupServiceImpl: void deleteById(java.lang.Long)>[3@L55] invokeinterface $r3.updateBatchByAttachFileGroupId(attachFileGroupId)/0}
TaintFlow{<com.mall4j.cloud.biz.controller.multishop.AttachFileGroupController: com.mall4j.cloud.common.response.ServerResponseEntity getByAttachFileGroupId(java.lang.Long)>/0 -> <com.mall4j.cloud.biz.service.impl.AttachFileGroupServiceImpl: com.mall4j.cloud.biz.vo.AttachFileGroupVO getByAttachFileGroupId(java.lang.Long)>[1@L37] $r3 = invokeinterface $r2.getByAttachFileGroupId(attachFileGroupId)/0}
TaintFlow{<com.mall4j.cloud.multishop.controller.admin.HotSearchController: com.mall4j.cloud.common.response.ServerResponseEntity getByHotSearchId(java.lang.Long)>/0 -> <com.mall4j.cloud.multishop.service.impl.HotSearchServiceImpl: com.mall4j.cloud.multishop.vo.HotSearchVO getByHotSearchId(java.lang.Long)>[1@L39] $r3 = invokeinterface $r2.getByHotSearchId(hotSearchId)/0}
TaintFlow{<com.mall4j.cloud.multishop.controller.admin.IndexImgController: com.mall4j.cloud.common.response.ServerResponseEntity getByImgId(java.lang.Long)>/0 -> <com.mall4j.cloud.multishop.service.impl.IndexImgServiceImpl: com.mall4j.cloud.multishop.vo.IndexImgVO getByImgId(java.lang.Long)>[1@L40] $r3 = invokeinterface $r2.getByImgId(imgId)/0}
TaintFlow{<com.mall4j.cloud.multishop.controller.app.HotSearchController: com.mall4j.cloud.common.response.ServerResponseEntity listByShopId(java.lang.Long)>/0 -> <com.mall4j.cloud.multishop.service.impl.HotSearchServiceImpl: java.util.List listByShopId(java.lang.Long)>[1@L60] $r3 = invokeinterface $r2.listByShopId(shopId)/0}
TaintFlow{<com.mall4j.cloud.multishop.controller.app.IndexImgController: com.mall4j.cloud.common.response.ServerResponseEntity getList(java.lang.Long)>/0 -> <com.mall4j.cloud.multishop.service.impl.IndexImgServiceImpl: java.util.List getListByShopId(java.lang.Long)>[1@L64] $r3 = invokeinterface $r2.getListByShopId(shopId)/0}
TaintFlow{<com.mall4j.cloud.multishop.controller.app.ShopDetailController: com.mall4j.cloud.common.response.ServerResponseEntity getShopHeadInfo(java.lang.Long)>/0 -> <com.mall4j.cloud.auth.feign.AccountFeignController: com.mall4j.cloud.common.response.ServerResponseEntity getMerchantInfoByTenantId(java.lang.Long)>[1@L154] $r3 = invokeinterface $r2.getMerchantInfoByTenantId(tenantId)/0}
TaintFlow{<com.mall4j.cloud.multishop.controller.app.ShopDetailController: com.mall4j.cloud.common.response.ServerResponseEntity getShopHeadInfo(java.lang.Long)>/0 -> <com.mall4j.cloud.multishop.service.impl.ShopDetailServiceImpl: com.mall4j.cloud.api.multishop.vo.ShopDetailVO getByShopId(java.lang.Long)>[13@L84] $r7 = invokeinterface $r6.getByShopId(shopId)/0}
TaintFlow{<com.mall4j.cloud.multishop.controller.multishop.ShopUserController: com.mall4j.cloud.common.response.ServerResponseEntity delete(java.lang.Long)>/0 -> <com.mall4j.cloud.multishop.service.impl.ShopUserServiceImpl: com.mall4j.cloud.multishop.vo.ShopUserVO getByUserId(java.lang.Long)>[1@L49] $r3 = invokeinterface $r2.getByUserId(userId)/0}
TaintFlow{<com.mall4j.cloud.multishop.controller.multishop.ShopUserController: com.mall4j.cloud.common.response.ServerResponseEntity delete(java.lang.Long)>/0 -> <com.mall4j.cloud.multishop.service.impl.ShopUserServiceImpl: void deleteById(java.lang.Long)>[6@L86] invokeinterface $r4.deleteById(shopUserId)/0}
TaintFlow{<com.mall4j.cloud.multishop.controller.multishop.ShopUserController: com.mall4j.cloud.common.response.ServerResponseEntity delete(java.lang.Long)>/0 -> <com.mall4j.cloud.rbac.service.impl.UserRoleFeignController: com.mall4j.cloud.common.response.ServerResponseEntity deleteByUserIdAndSysType(java.lang.Long)>[1@L62] invokeinterface $r2.deleteByUserId(userId)/0}
TaintFlow{<com.mall4j.cloud.multishop.controller.multishop.ShopUserController: com.mall4j.cloud.common.response.ServerResponseEntity detail(java.lang.Long)>/0 -> <com.mall4j.cloud.multishop.service.impl.ShopUserServiceImpl: com.mall4j.cloud.multishop.vo.ShopUserVO getByUserId(java.lang.Long)>[1@L49] $r3 = invokeinterface $r2.getByUserId(userId)/0}
TaintFlow{<com.mall4j.cloud.multishop.controller.platform.ShopDetailController: com.mall4j.cloud.common.response.ServerResponseEntity getInfo(java.lang.Long)>/0 -> <com.mall4j.cloud.auth.feign.AccountFeignController: com.mall4j.cloud.common.response.ServerResponseEntity getMerchantInfoByTenantId(java.lang.Long)>[1@L154] $r3 = invokeinterface $r2.getMerchantInfoByTenantId(tenantId)/0}
TaintFlow{<com.mall4j.cloud.multishop.controller.platform.ShopDetailController: com.mall4j.cloud.common.response.ServerResponseEntity getInfo(java.lang.Long)>/0 -> <com.mall4j.cloud.multishop.service.impl.ShopDetailServiceImpl: com.mall4j.cloud.api.multishop.vo.ShopDetailVO getByShopId(java.lang.Long)>[13@L84] $r7 = invokeinterface $r6.getByShopId(shopId)/0}
TaintFlow{<com.mall4j.cloud.order.controller.app.MyOrderController: com.mall4j.cloud.common.response.ServerResponseEntity orderDetail(java.lang.Long)>/0 -> <com.mall4j.cloud.order.service.impl.OrderItemServiceImpl: java.util.List listOrderItemsByOrderId(java.lang.Long)>[1@L42] $r3 = invokeinterface $r2.listOrderItemsByOrderId(orderId)/0}
TaintFlow{<com.mall4j.cloud.order.controller.app.MyOrderController: com.mall4j.cloud.common.response.ServerResponseEntity receipt(java.lang.Long)>/0 -> <com.mall4j.cloud.order.service.impl.OrderItemServiceImpl: java.util.List listOrderItemsByOrderId(java.lang.Long)>[1@L42] $r3 = invokeinterface $r2.listOrderItemsByOrderId(orderId)/0}
TaintFlow{<com.mall4j.cloud.order.controller.multishop.OrderController: com.mall4j.cloud.common.response.ServerResponseEntity getOrderAddr(java.lang.Long)>/0 -> <com.mall4j.cloud.order.service.impl.OrderAddrServiceImpl: com.mall4j.cloud.order.model.OrderAddr getByOrderAddrId(java.lang.Long)>[1@L31] $r3 = invokeinterface $r2.getByOrderAddrId(orderAddrId)/0}
TaintFlow{<com.mall4j.cloud.payment.controller.PayController: org.springframework.http.ResponseEntity isPay(java.lang.String)>/0 -> <com.mall4j.cloud.payment.service.impl.PayInfoServiceImpl: java.lang.Integer getPayStatusByOrderIds(java.lang.String)>[1@L113] $r3 = invokeinterface $r2.getPayStatusByOrderIds(orderIds)/0}
TaintFlow{<com.mall4j.cloud.payment.controller.PayNoticeController: org.springframework.http.ResponseEntity submit(java.lang.Long)>/0 -> <com.mall4j.cloud.payment.service.impl.PayInfoServiceImpl: com.mall4j.cloud.payment.model.PayInfo getByPayId(java.lang.Long)>[1@L89] $r3 = invokeinterface $r2.getByPayId(payId)/0}
TaintFlow{<com.mall4j.cloud.platform.controller.SysConfigController: com.mall4j.cloud.common.response.ServerResponseEntity info(java.lang.String)>/0 -> <com.mall4j.cloud.platform.service.impl.SysConfigServiceImpl: java.lang.String getValue(java.lang.String)>[1@L46] $r3 = invokeinterface $r2.queryByKey(key)/0}
TaintFlow{<com.mall4j.cloud.platform.controller.SysConfigController: com.mall4j.cloud.common.response.ServerResponseEntity save(com.mall4j.cloud.platform.model.SysConfig)>/0 -> <com.mall4j.cloud.platform.service.impl.SysConfigServiceImpl: void saveOrUpdateSysConfig(com.mall4j.cloud.platform.model.SysConfig)>[6@L65] invokeinterface $r5.update(sysConfig)/0}
TaintFlow{<com.mall4j.cloud.platform.controller.SysConfigController: com.mall4j.cloud.common.response.ServerResponseEntity save(com.mall4j.cloud.platform.model.SysConfig)>/0 -> <com.mall4j.cloud.platform.service.impl.SysConfigServiceImpl: void saveOrUpdateSysConfig(com.mall4j.cloud.platform.model.SysConfig)>[9@L67] invokeinterface $r4.save(sysConfig)/0}
TaintFlow{<com.mall4j.cloud.platform.controller.SysUserController: com.mall4j.cloud.common.response.ServerResponseEntity delete(java.lang.Long)>/0 -> <com.mall4j.cloud.platform.service.impl.SysUserServiceImpl: void deleteById(java.lang.Long)>[5@L91] invokeinterface $r4.deleteById(sysUserId)/0}
TaintFlow{<com.mall4j.cloud.platform.controller.SysUserController: com.mall4j.cloud.common.response.ServerResponseEntity delete(java.lang.Long)>/0 -> <com.mall4j.cloud.rbac.service.impl.UserRoleFeignController: com.mall4j.cloud.common.response.ServerResponseEntity deleteByUserIdAndSysType(java.lang.Long)>[1@L62] invokeinterface $r2.deleteByUserId(userId)/0}
TaintFlow{<com.mall4j.cloud.platform.controller.SysUserController: com.mall4j.cloud.common.response.ServerResponseEntity detail(java.lang.Long)>/0 -> <com.mall4j.cloud.platform.service.impl.SysUserServiceImpl: com.mall4j.cloud.platform.vo.SysUserVO getByUserId(java.lang.Long)>[1@L55] $r3 = invokeinterface $r2.getByUserId(userId)/0}
TaintFlow{<com.mall4j.cloud.product.controller.admin.AttrController: com.mall4j.cloud.common.response.ServerResponseEntity delete(java.lang.Long)>/0 -> <com.mall4j.cloud.product.service.impl.AttrCategoryServiceImpl: java.util.List listByAttrId(java.lang.Long)>[1@L52] $r3 = invokeinterface $r2.listByAttrId(attrId)/0}
TaintFlow{<com.mall4j.cloud.product.controller.admin.AttrController: com.mall4j.cloud.common.response.ServerResponseEntity delete(java.lang.Long)>/0 -> <com.mall4j.cloud.product.service.impl.AttrServiceImpl: com.mall4j.cloud.api.product.vo.AttrVO getByAttrId(java.lang.Long)>[1@L59] $r3 = invokeinterface $r2.getByAttrId(attrId)/0}
TaintFlow{<com.mall4j.cloud.product.controller.admin.AttrController: com.mall4j.cloud.common.response.ServerResponseEntity delete(java.lang.Long)>/0 -> <com.mall4j.cloud.product.service.impl.AttrServiceImpl: void deleteById(java.lang.Long)>[24@L116] invokeinterface $r6.deleteById(attrId)/0}
TaintFlow{<com.mall4j.cloud.product.controller.admin.AttrController: com.mall4j.cloud.common.response.ServerResponseEntity delete(java.lang.Long)>/0 -> <com.mall4j.cloud.product.service.impl.AttrServiceImpl: java.util.List getAttrOfCategoryIdByAttrId(java.lang.Long)>[1@L127] $r3 = invokeinterface $r2.getByAttrId(attrId)/0}
TaintFlow{<com.mall4j.cloud.product.controller.admin.AttrController: com.mall4j.cloud.common.response.ServerResponseEntity getAttrsByCategoryId(java.lang.Long)>/0 -> <com.mall4j.cloud.product.service.impl.AttrServiceImpl: java.util.List getAttrsByCategoryIdAndAttrType(java.lang.Long)>[1@L122] $r3 = invokeinterface $r2.getAttrsByCategoryIdAndAttrType(categoryId)/0}
TaintFlow{<com.mall4j.cloud.product.controller.admin.AttrController: com.mall4j.cloud.common.response.ServerResponseEntity getByAttrId(java.lang.Long)>/0 -> <com.mall4j.cloud.product.service.impl.AttrCategoryServiceImpl: java.util.List listByAttrId(java.lang.Long)>[1@L52] $r3 = invokeinterface $r2.listByAttrId(attrId)/0}
TaintFlow{<com.mall4j.cloud.product.controller.admin.AttrController: com.mall4j.cloud.common.response.ServerResponseEntity getByAttrId(java.lang.Long)>/0 -> <com.mall4j.cloud.product.service.impl.AttrServiceImpl: com.mall4j.cloud.api.product.vo.AttrVO getByAttrId(java.lang.Long)>[1@L59] $r3 = invokeinterface $r2.getByAttrId(attrId)/0}
TaintFlow{<com.mall4j.cloud.product.controller.admin.AttrController: com.mall4j.cloud.common.response.ServerResponseEntity page(com.mall4j.cloud.common.database.dto.PageDTO,com.mall4j.cloud.product.dto.AttrDTO)>/1 -> <com.mall4j.cloud.product.service.impl.AttrServiceImpl: com.mall4j.cloud.common.database.vo.PageVO page(com.mall4j.cloud.common.database.dto.PageDTO,com.mall4j.cloud.product.dto.AttrDTO)>[11@L52] $r10 = invokeinterface $r9.countAttr(attrDTO)/0}
TaintFlow{<com.mall4j.cloud.product.controller.admin.BrandController: com.mall4j.cloud.common.response.ServerResponseEntity getBrandByCategoryId(java.lang.Long)>/0 -> <com.mall4j.cloud.product.service.impl.BrandServiceImpl: java.util.List getBrandByCategoryId(java.lang.Long)>[1@L76] $r3 = invokeinterface $r2.getBrandByCategoryId(categoryId)/0}
TaintFlow{<com.mall4j.cloud.product.controller.admin.CategoryController: com.mall4j.cloud.common.response.ServerResponseEntity delete(java.lang.Long)>/0 -> <com.mall4j.cloud.product.service.impl.CategoryServiceImpl: com.mall4j.cloud.api.product.vo.CategoryVO getById(java.lang.Long)>[1@L44] $r3 = invokeinterface $r2.getById(categoryId)/0}
TaintFlow{<com.mall4j.cloud.product.controller.admin.CategoryController: com.mall4j.cloud.common.response.ServerResponseEntity delete(java.lang.Long)>/0 -> <com.mall4j.cloud.product.service.impl.CategoryServiceImpl: void deleteById(java.lang.Long)>[1@L85] $i0 = invokeinterface $r2.getCategoryUseNum(categoryId)/0}
TaintFlow{<com.mall4j.cloud.product.controller.admin.CategoryController: com.mall4j.cloud.common.response.ServerResponseEntity delete(java.lang.Long)>/0 -> <com.mall4j.cloud.product.service.impl.CategoryServiceImpl: void deleteById(java.lang.Long)>[10@L89] invokeinterface $r3.deleteById(categoryId)/0}
TaintFlow{<com.mall4j.cloud.product.controller.admin.CategoryController: com.mall4j.cloud.common.response.ServerResponseEntity getByCategoryId(java.lang.Long)>/0 -> <com.mall4j.cloud.product.service.impl.CategoryServiceImpl: com.mall4j.cloud.api.product.vo.CategoryVO getById(java.lang.Long)>[1@L44] $r3 = invokeinterface $r2.getById(categoryId)/0}
TaintFlow{<com.mall4j.cloud.product.controller.admin.SkuStockLockController: com.mall4j.cloud.common.response.ServerResponseEntity delete(java.lang.Long)>/0 -> <com.mall4j.cloud.product.service.impl.SkuStockLockServiceImpl: void deleteById(java.lang.Long)>[1@L80] invokeinterface $r2.deleteById(id)/0}
TaintFlow{<com.mall4j.cloud.product.controller.admin.SkuStockLockController: com.mall4j.cloud.common.response.ServerResponseEntity getById(java.lang.Long)>/0 -> <com.mall4j.cloud.product.service.impl.SkuStockLockServiceImpl: com.mall4j.cloud.product.model.SkuStockLock getById(java.lang.Long)>[1@L65] $r3 = invokeinterface $r2.getById(id)/0}
TaintFlow{<com.mall4j.cloud.product.controller.admin.SpuController: com.mall4j.cloud.common.response.ServerResponseEntity delete(java.lang.Long)>/0 -> <com.mall4j.cloud.multishop.service.impl.IndexImgServiceImpl: void deleteBySpuId(java.lang.Long,java.lang.Long)>[1@L74] invokeinterface $r2.clearSpuIdBySpuId(spuId)/0}
TaintFlow{<com.mall4j.cloud.product.controller.admin.SpuController: com.mall4j.cloud.common.response.ServerResponseEntity delete(java.lang.Long)>/0 -> <com.mall4j.cloud.product.service.impl.SkuServiceImpl: void deleteBySpuId(java.lang.Long)>[1@L143] invokeinterface $r2.updateBySpuId(spuId)/0}
TaintFlow{<com.mall4j.cloud.product.controller.admin.SpuController: com.mall4j.cloud.common.response.ServerResponseEntity delete(java.lang.Long)>/0 -> <com.mall4j.cloud.product.service.impl.SpuServiceImpl: com.mall4j.cloud.api.product.vo.SpuVO getBySpuId(java.lang.Long)>[1@L91] $r3 = invokeinterface $r2.getBySpuId(spuId)/0}
TaintFlow{<com.mall4j.cloud.product.controller.admin.SpuController: com.mall4j.cloud.common.response.ServerResponseEntity delete(java.lang.Long)>/0 -> <com.mall4j.cloud.product.service.impl.SpuServiceImpl: void deleteById(java.lang.Long)>[15@L198] invokeinterface $r7.updateStatusBySpuId(spuId)/0}
TaintFlow{<com.mall4j.cloud.product.controller.admin.SpuController: com.mall4j.cloud.common.response.ServerResponseEntity getBySpuId(java.lang.Long)>/0 -> <com.mall4j.cloud.product.service.impl.SkuServiceImpl: java.util.List listBySpuIdAndExtendInfo(java.lang.Long)>[1@L148] $r3 = invokeinterface $r2.listBySpuIdAndExtendInfo(spuId)/0}
TaintFlow{<com.mall4j.cloud.product.controller.admin.SpuController: com.mall4j.cloud.common.response.ServerResponseEntity getBySpuId(java.lang.Long)>/0 -> <com.mall4j.cloud.product.service.impl.SpuExtensionServiceImpl: com.mall4j.cloud.product.model.SpuExtension getBySpuId(java.lang.Long)>[1@L52] $r3 = invokeinterface $r2.getBySpuId(spuId)/0}
TaintFlow{<com.mall4j.cloud.product.controller.admin.SpuController: com.mall4j.cloud.common.response.ServerResponseEntity getBySpuId(java.lang.Long)>/0 -> <com.mall4j.cloud.product.service.impl.SpuServiceImpl: com.mall4j.cloud.api.product.vo.SpuVO getBySpuId(java.lang.Long)>[1@L91] $r3 = invokeinterface $r2.getBySpuId(spuId)/0}
TaintFlow{<com.mall4j.cloud.product.controller.app.AttrController: com.mall4j.cloud.common.response.ServerResponseEntity getByAttrId(java.lang.Long)>/0 -> <com.mall4j.cloud.product.service.impl.AttrCategoryServiceImpl: java.util.List listByAttrId(java.lang.Long)>[1@L52] $r3 = invokeinterface $r2.listByAttrId(attrId)/0}
TaintFlow{<com.mall4j.cloud.product.controller.app.AttrController: com.mall4j.cloud.common.response.ServerResponseEntity getByAttrId(java.lang.Long)>/0 -> <com.mall4j.cloud.product.service.impl.AttrServiceImpl: com.mall4j.cloud.api.product.vo.AttrVO getByAttrId(java.lang.Long)>[1@L59] $r3 = invokeinterface $r2.getByAttrId(attrId)/0}
TaintFlow{<com.mall4j.cloud.product.controller.app.BrandController: com.mall4j.cloud.common.response.ServerResponseEntity getTopBrandList(java.lang.Long)>/0 -> <com.mall4j.cloud.product.service.impl.BrandServiceImpl: java.util.List listByCategory(java.lang.Long)>[1@L94] $r3 = invokeinterface $r2.listByCategory(categoryId)/0}
TaintFlow{<com.mall4j.cloud.product.controller.app.SkuStockLockController: com.mall4j.cloud.common.response.ServerResponseEntity delete(java.lang.Long)>/0 -> <com.mall4j.cloud.product.service.impl.SkuStockLockServiceImpl: void deleteById(java.lang.Long)>[1@L80] invokeinterface $r2.deleteById(id)/0}
TaintFlow{<com.mall4j.cloud.product.controller.app.SkuStockLockController: com.mall4j.cloud.common.response.ServerResponseEntity getById(java.lang.Long)>/0 -> <com.mall4j.cloud.product.service.impl.SkuStockLockServiceImpl: com.mall4j.cloud.product.model.SkuStockLock getById(java.lang.Long)>[1@L65] $r3 = invokeinterface $r2.getById(id)/0}
TaintFlow{<com.mall4j.cloud.product.controller.app.SpuController: com.mall4j.cloud.common.response.ServerResponseEntity prodInfo(java.lang.Long)>/0 -> <com.mall4j.cloud.product.service.impl.SpuExtensionServiceImpl: com.mall4j.cloud.product.model.SpuExtension getBySpuId(java.lang.Long)>[1@L52] $r3 = invokeinterface $r2.getBySpuId(spuId)/0}
TaintFlow{<com.mall4j.cloud.product.controller.app.SpuController: com.mall4j.cloud.common.response.ServerResponseEntity prodInfo(java.lang.Long)>/0 -> <com.mall4j.cloud.product.service.impl.SpuServiceImpl: com.mall4j.cloud.api.product.vo.SpuVO getBySpuId(java.lang.Long)>[1@L91] $r3 = invokeinterface $r2.getBySpuId(spuId)/0}
TaintFlow{<com.mall4j.cloud.product.controller.platform.BrandController: com.mall4j.cloud.common.response.ServerResponseEntity delete(java.lang.Long)>/0 -> <com.mall4j.cloud.product.service.impl.BrandServiceImpl: void deleteById(java.lang.Long)>[9@L70] invokeinterface $r2.deleteById(brandId)/0}
TaintFlow{<com.mall4j.cloud.product.controller.platform.BrandController: com.mall4j.cloud.common.response.ServerResponseEntity delete(java.lang.Long)>/0 -> <com.mall4j.cloud.product.service.impl.BrandServiceImpl: int getUseNum(java.lang.Long)>[1@L114] $i0 = invokeinterface $r2.getUseNum(brandId)/0}
TaintFlow{<com.mall4j.cloud.product.controller.platform.BrandController: com.mall4j.cloud.common.response.ServerResponseEntity delete(java.lang.Long)>/0 -> <com.mall4j.cloud.product.service.impl.CategoryBrandServiceImpl: void deleteByBrandId(java.lang.Long)>[1@L28] invokeinterface $r2.deleteByBrandId(brandId)/0}
TaintFlow{<com.mall4j.cloud.product.controller.platform.BrandController: com.mall4j.cloud.common.response.ServerResponseEntity delete(java.lang.Long)>/0 -> <com.mall4j.cloud.product.service.impl.CategoryBrandServiceImpl: java.util.List getCategoryIdBrandId(java.lang.Long)>[1@L69] $r3 = invokeinterface $r2.getCategoryIdsByBrandId(brandId)/0}
TaintFlow{<com.mall4j.cloud.product.controller.platform.BrandController: com.mall4j.cloud.common.response.ServerResponseEntity getByBrandId(java.lang.Long)>/0 -> <com.mall4j.cloud.product.service.impl.BrandServiceImpl: com.mall4j.cloud.api.product.vo.BrandVO getByBrandId(java.lang.Long)>[1@L46] $r3 = invokeinterface $r2.getByBrandId(brandId)/0}
TaintFlow{<com.mall4j.cloud.product.controller.platform.BrandController: com.mall4j.cloud.common.response.ServerResponseEntity updateBrandStatus(com.mall4j.cloud.product.dto.BrandDTO)>/0 -> <com.mall4j.cloud.product.service.impl.BrandServiceImpl: void updateBrandStatus(com.mall4j.cloud.product.dto.BrandDTO)>[11@L87] invokeinterface $r6.updateBrandStatus(brandDTO)/0}
TaintFlow{<com.mall4j.cloud.rbac.controller.MenuController: com.mall4j.cloud.common.response.ServerResponseEntity getByMenuId(java.lang.Long)>/0 -> <com.mall4j.cloud.rbac.service.impl.MenuServiceImpl: com.mall4j.cloud.rbac.vo.MenuVO getByMenuId(java.lang.Long)>[1@L30] $r3 = invokeinterface $r2.getByMenuId(menuId)/0}
TaintFlow{<com.mall4j.cloud.rbac.controller.MenuController: com.mall4j.cloud.common.response.ServerResponseEntity route(java.lang.Integer)>/0 -> <com.mall4j.cloud.rbac.service.impl.MenuServiceImpl: java.util.List listBySysType(java.lang.Integer)>[1@L54] $r3 = invokeinterface $r2.listBySysType(sysType)/0}
TaintFlow{<com.mall4j.cloud.rbac.controller.MenuPermissionController: com.mall4j.cloud.common.response.ServerResponseEntity getByMenuPermissionId(java.lang.Long)>/0 -> <com.mall4j.cloud.rbac.service.impl.MenuPermissionServiceImpl: com.mall4j.cloud.rbac.vo.MenuPermissionVO getByMenuPermissionId(java.lang.Long)>[1@L47] $r3 = invokeinterface $r2.getByMenuPermissionId(menuPermissionId)/0}
TaintFlow{<com.mall4j.cloud.rbac.controller.MenuPermissionController: com.mall4j.cloud.common.response.ServerResponseEntity listByMenuId(java.lang.Long)>/0 -> <com.mall4j.cloud.rbac.service.impl.MenuPermissionServiceImpl: java.util.List listByMenuId(java.lang.Long)>[1@L110] $r3 = invokeinterface $r2.listByMenuId(menuId)/0}
TaintFlow{<com.mall4j.cloud.rbac.controller.RoleController: com.mall4j.cloud.common.response.ServerResponseEntity delete(java.lang.Long)>/0 -> <com.mall4j.cloud.rbac.service.impl.RoleServiceImpl: com.mall4j.cloud.rbac.vo.RoleVO getByRoleId(java.lang.Long)>[1@L52] $r3 = invokeinterface $r2.getByRoleId(roleId)/0}
TaintFlow{<com.mall4j.cloud.rbac.controller.RoleController: com.mall4j.cloud.common.response.ServerResponseEntity delete(java.lang.Long)>/0 -> <com.mall4j.cloud.rbac.service.impl.RoleServiceImpl: com.mall4j.cloud.rbac.vo.RoleVO getByRoleId(java.lang.Long)>[3@L53] $r5 = invokeinterface $r4.getByRoleId(roleId)/0}
TaintFlow{<com.mall4j.cloud.rbac.controller.RoleController: com.mall4j.cloud.common.response.ServerResponseEntity delete(java.lang.Long)>/0 -> <com.mall4j.cloud.rbac.service.impl.RoleServiceImpl: void deleteById(java.lang.Long,java.lang.Integer)>[3@L99] invokeinterface $r4.deleteByRoleId(roleId)/0}
TaintFlow{<com.mall4j.cloud.rbac.controller.RoleController: com.mall4j.cloud.common.response.ServerResponseEntity delete(java.lang.Long)>/0 -> <com.mall4j.cloud.rbac.service.impl.RoleServiceImpl: void deleteById(java.lang.Long,java.lang.Integer)>[5@L100] invokeinterface $r5.deleteByRoleId(roleId)/0}
TaintFlow{<com.mall4j.cloud.rbac.controller.RoleController: com.mall4j.cloud.common.response.ServerResponseEntity getByRoleId(java.lang.Long)>/0 -> <com.mall4j.cloud.rbac.service.impl.RoleServiceImpl: com.mall4j.cloud.rbac.vo.RoleVO getByRoleId(java.lang.Long)>[1@L52] $r3 = invokeinterface $r2.getByRoleId(roleId)/0}
TaintFlow{<com.mall4j.cloud.rbac.controller.RoleController: com.mall4j.cloud.common.response.ServerResponseEntity getByRoleId(java.lang.Long)>/0 -> <com.mall4j.cloud.rbac.service.impl.RoleServiceImpl: com.mall4j.cloud.rbac.vo.RoleVO getByRoleId(java.lang.Long)>[3@L53] $r5 = invokeinterface $r4.getByRoleId(roleId)/0}
TaintFlow{<com.mall4j.cloud.user.controller.app.AreaController: com.mall4j.cloud.common.response.ServerResponseEntity listByPid(java.lang.Long)>/0 -> <com.mall4j.cloud.user.service.impl.AreaServiceImpl: java.util.List listByPid(java.lang.Long)>[1@L87] $r3 = invokeinterface $r2.listByPid(pid)/0}
TaintFlow{<com.mall4j.cloud.user.controller.multishop.UserController: com.mall4j.cloud.common.response.ServerResponseEntity getByUserId(java.lang.Long)>/0 -> <com.mall4j.cloud.user.service.impl.UserServiceImpl: com.mall4j.cloud.api.user.vo.UserApiVO getByUserId(java.lang.Long)>[1@L61] $r3 = invokeinterface $r2.getByUserId(userId)/0}
TFGDumper starts ...
Source nodes:
VarNode{<com.mall4j.cloud.user.controller.app.UserAddrController: com.mall4j.cloud.common.response.ServerResponseEntity getByAddrId(java.lang.Long)>/addrId}
VarNode{<com.mall4j.cloud.product.controller.admin.AttrController: com.mall4j.cloud.common.response.ServerResponseEntity page(com.mall4j.cloud.common.database.dto.PageDTO,com.mall4j.cloud.product.dto.AttrDTO)>/pageDTO}
VarNode{<com.mall4j.cloud.product.controller.admin.SpuController: com.mall4j.cloud.common.response.ServerResponseEntity page(com.mall4j.cloud.common.database.dto.PageDTO,com.mall4j.cloud.product.dto.SpuPageSearchDTO)>/spuDTO}
VarNode{<com.mall4j.cloud.product.controller.admin.SpuController: com.mall4j.cloud.common.response.ServerResponseEntity save(com.mall4j.cloud.product.dto.SpuDTO)>/spuDTO}
VarNode{<com.mall4j.cloud.multishop.controller.app.IndexImgController: com.mall4j.cloud.common.response.ServerResponseEntity getList(java.lang.Long)>/shopId}
VarNode{<com.mall4j.cloud.payment.controller.PayController: com.mall4j.cloud.common.response.ServerResponseEntity pay(javax.servlet.http.HttpServletRequest,com.mall4j.cloud.payment.dto.PayInfoDTO)>/payParam}
VarNode{<com.mall4j.cloud.product.controller.admin.AttrController: com.mall4j.cloud.common.response.ServerResponseEntity getAttrsByCategoryId(java.lang.Long)>/categoryId}
VarNode{<com.mall4j.cloud.order.controller.multishop.OrderController: com.mall4j.cloud.common.response.ServerResponseEntity page(com.mall4j.cloud.common.dto.OrderSearchDTO)>/orderSearchDTO}
VarNode{<com.mall4j.cloud.biz.controller.multishop.AttachFileController: com.mall4j.cloud.common.response.ServerResponseEntity updateFileName(com.mall4j.cloud.biz.dto.AttachFileDTO)>/attachFileDto}
VarNode{<com.mall4j.cloud.multishop.controller.multishop.ShopUserController: com.mall4j.cloud.common.response.ServerResponseEntity delete(java.lang.Long)>/shopUserId}
VarNode{<com.mall4j.cloud.user.controller.multishop.UserController: com.mall4j.cloud.common.response.ServerResponseEntity page(com.mall4j.cloud.common.database.dto.PageDTO)>/pageDTO}
VarNode{<com.mall4j.cloud.biz.controller.multishop.AttachFileController: com.mall4j.cloud.common.response.ServerResponseEntity page(com.mall4j.cloud.common.database.dto.PageDTO,java.lang.String,java.lang.Long)>/fileName}
VarNode{<com.mall4j.cloud.product.controller.admin.BrandController: com.mall4j.cloud.common.response.ServerResponseEntity getBrandByCategoryId(java.lang.Long)>/categoryId}
VarNode{<com.mall4j.cloud.search.controller.app.ProductSearchController: com.mall4j.cloud.common.response.ServerResponseEntity page(com.mall4j.cloud.api.dto.EsPageDTO,com.mall4j.cloud.api.dto.ProductSearchDTO)>/productSearchDTO}
VarNode{<com.mall4j.cloud.rbac.controller.RoleController: com.mall4j.cloud.common.response.ServerResponseEntity getByRoleId(java.lang.Long)>/roleId}
VarNode{<com.mall4j.cloud.product.controller.app.AttrController: com.mall4j.cloud.common.response.ServerResponseEntity getByAttrId(java.lang.Long)>/attrId}
VarNode{<com.mall4j.cloud.product.controller.platform.BrandController: com.mall4j.cloud.common.response.ServerResponseEntity page(com.mall4j.cloud.common.database.dto.PageDTO,com.mall4j.cloud.product.dto.BrandDTO)>/brandDTO}
VarNode{<com.mall4j.cloud.product.controller.admin.SkuStockLockController: com.mall4j.cloud.common.response.ServerResponseEntity delete(java.lang.Long)>/id}
VarNode{<com.mall4j.cloud.payment.controller.PayNoticeController: org.springframework.http.ResponseEntity submit(java.lang.Long)>/payId}
VarNode{<com.mall4j.cloud.user.controller.app.UserController: com.mall4j.cloud.common.response.ServerResponseEntity updateUser(com.mall4j.cloud.api.user.vo.UserApiVO)>/userApiVO}
VarNode{<com.mall4j.cloud.product.controller.admin.AttrController: com.mall4j.cloud.common.response.ServerResponseEntity page(com.mall4j.cloud.common.database.dto.PageDTO,com.mall4j.cloud.product.dto.AttrDTO)>/attrDTO}
VarNode{<com.mall4j.cloud.product.controller.admin.SpuController: com.mall4j.cloud.common.response.ServerResponseEntity page(com.mall4j.cloud.common.database.dto.PageDTO,com.mall4j.cloud.product.dto.SpuPageSearchDTO)>/pageDTO}
VarNode{<com.mall4j.cloud.biz.controller.multishop.AttachFileController: com.mall4j.cloud.common.response.ServerResponseEntity page(com.mall4j.cloud.common.database.dto.PageDTO,java.lang.String,java.lang.Long)>/pageDTO}
VarNode{<com.mall4j.cloud.multishop.controller.multishop.ShopUserController: com.mall4j.cloud.common.response.ServerResponseEntity update(com.mall4j.cloud.multishop.dto.ShopUserDTO)>/shopUserDTO}
VarNode{<com.mall4j.cloud.product.controller.app.SpuController: com.mall4j.cloud.common.response.ServerResponseEntity prodInfo(java.lang.Long)>/spuId}
VarNode{<com.mall4j.cloud.rbac.controller.MenuController: com.mall4j.cloud.common.response.ServerResponseEntity delete(java.lang.Long,java.lang.Integer)>/sysType}
VarNode{<com.mall4j.cloud.order.controller.app.MyOrderController: com.mall4j.cloud.common.response.ServerResponseEntity orderDetail(java.lang.Long)>/orderId}
VarNode{<com.mall4j.cloud.user.controller.app.UserAddrController: com.mall4j.cloud.common.response.ServerResponseEntity save(com.mall4j.cloud.user.dto.UserAddrDTO)>/userAddrDTO}
VarNode{<com.mall4j.cloud.multishop.controller.admin.IndexImgController: com.mall4j.cloud.common.response.ServerResponseEntity update(com.mall4j.cloud.multishop.dto.IndexImgDTO)>/indexImgDTO}
VarNode{<com.mall4j.cloud.order.controller.multishop.OrderController: com.mall4j.cloud.common.response.ServerResponseEntity getOrderAddr(java.lang.Long)>/orderAddrId}
VarNode{<com.mall4j.cloud.product.controller.admin.AttrController: com.mall4j.cloud.common.response.ServerResponseEntity getByAttrId(java.lang.Long)>/attrId}
VarNode{<com.mall4j.cloud.product.controller.app.ShopCartController: com.mall4j.cloud.common.response.ServerResponseEntity checkItems(java.util.List)>/params}
VarNode{<com.mall4j.cloud.product.controller.app.ShopCartController: com.mall4j.cloud.common.response.ServerResponseEntity deleteItem(java.util.List)>/shopCartItemIds}
VarNode{<com.mall4j.cloud.product.controller.admin.SpuController: com.mall4j.cloud.common.response.ServerResponseEntity updateSpuData(com.mall4j.cloud.product.dto.SpuDTO)>/spuDTO}
VarNode{<com.mall4j.cloud.product.controller.admin.CategoryController: com.mall4j.cloud.common.response.ServerResponseEntity categoryEnableOrDisable(com.mall4j.cloud.product.dto.CategoryDTO)>/categoryDTO}
VarNode{<com.mall4j.cloud.multishop.controller.ShopUserAccountController: com.mall4j.cloud.common.response.ServerResponseEntity updateAccount(com.mall4j.cloud.multishop.dto.ChangeAccountDTO)>/changeAccountDTO}
VarNode{<com.mall4j.cloud.product.controller.app.SkuStockLockController: com.mall4j.cloud.common.response.ServerResponseEntity update(com.mall4j.cloud.product.dto.SkuStockLockDTO)>/skuStockLockDTO}
VarNode{<com.mall4j.cloud.rbac.controller.MenuController: com.mall4j.cloud.common.response.ServerResponseEntity delete(java.lang.Long,java.lang.Integer)>/menuId}
VarNode{<com.mall4j.cloud.order.controller.app.MyOrderController: com.mall4j.cloud.common.response.ServerResponseEntity delete(java.lang.Long)>/orderId}
VarNode{<com.mall4j.cloud.product.controller.platform.BrandController: com.mall4j.cloud.common.response.ServerResponseEntity updateBrandStatus(com.mall4j.cloud.product.dto.BrandDTO)>/brandDTO}
VarNode{<com.mall4j.cloud.product.controller.admin.CategoryController: com.mall4j.cloud.common.response.ServerResponseEntity save(com.mall4j.cloud.product.dto.CategoryDTO)>/categoryDTO}
VarNode{<com.mall4j.cloud.rbac.controller.MenuController: com.mall4j.cloud.common.response.ServerResponseEntity route(java.lang.Integer)>/sysType}
VarNode{<com.mall4j.cloud.multishop.controller.admin.IndexImgController: com.mall4j.cloud.common.response.ServerResponseEntity getByImgId(java.lang.Long)>/imgId}
VarNode{<com.mall4j.cloud.product.controller.admin.SpuController: com.mall4j.cloud.common.response.ServerResponseEntity delete(java.lang.Long)>/spuId}
VarNode{<com.mall4j.cloud.biz.controller.multishop.AttachFileGroupController: com.mall4j.cloud.common.response.ServerResponseEntity delete(java.lang.Long)>/attachFileGroupId}
VarNode{<com.mall4j.cloud.product.controller.admin.AttrController: com.mall4j.cloud.common.response.ServerResponseEntity save(com.mall4j.cloud.product.dto.AttrDTO)>/attrDTO}
VarNode{<com.mall4j.cloud.product.controller.admin.SpuController: com.mall4j.cloud.common.response.ServerResponseEntity update(com.mall4j.cloud.product.dto.SpuDTO)>/spuDTO}
VarNode{<com.mall4j.cloud.rbac.controller.RoleController: com.mall4j.cloud.common.response.ServerResponseEntity update(com.mall4j.cloud.rbac.dto.RoleDTO)>/roleDTO}
VarNode{<com.mall4j.cloud.multishop.controller.multishop.ShopUserController: com.mall4j.cloud.common.response.ServerResponseEntity save(com.mall4j.cloud.multishop.dto.ShopUserDTO)>/shopUserDTO}
VarNode{<com.mall4j.cloud.multishop.controller.admin.IndexImgController: com.mall4j.cloud.common.response.ServerResponseEntity save(com.mall4j.cloud.multishop.dto.IndexImgDTO)>/indexImgDTO}
VarNode{<com.mall4j.cloud.platform.controller.SysUserAccountController: com.mall4j.cloud.common.response.ServerResponseEntity getAccount(java.lang.Long)>/userId}
VarNode{<com.mall4j.cloud.biz.controller.multishop.AttachFileController: com.mall4j.cloud.common.response.ServerResponseEntity page(com.mall4j.cloud.common.database.dto.PageDTO,java.lang.String,java.lang.Long)>/fileGroupId}
VarNode{<com.mall4j.cloud.multishop.controller.multishop.ShopUserController: com.mall4j.cloud.common.response.ServerResponseEntity page(com.mall4j.cloud.common.database.dto.PageDTO,java.lang.String)>/pageDTO}
VarNode{<com.mall4j.cloud.platform.controller.SysUserController: com.mall4j.cloud.common.response.ServerResponseEntity save(com.mall4j.cloud.platform.dto.SysUserDTO)>/sysUserDTO}
VarNode{<com.mall4j.cloud.multishop.controller.admin.HotSearchController: com.mall4j.cloud.common.response.ServerResponseEntity delete(java.lang.Long)>/hotSearchId}
VarNode{<com.mall4j.cloud.product.controller.admin.SkuStockLockController: com.mall4j.cloud.common.response.ServerResponseEntity update(com.mall4j.cloud.product.dto.SkuStockLockDTO)>/skuStockLockDTO}
VarNode{<com.mall4j.cloud.rbac.controller.MenuPermissionController: com.mall4j.cloud.common.response.ServerResponseEntity delete(java.lang.Long)>/menuPermissionId}
VarNode{<com.mall4j.cloud.platform.controller.SysUserController: com.mall4j.cloud.common.response.ServerResponseEntity page(com.mall4j.cloud.common.database.dto.PageDTO,java.lang.String)>/nickName}
VarNode{<com.mall4j.cloud.order.controller.app.MyOrderController: com.mall4j.cloud.common.response.ServerResponseEntity searchOrder(com.mall4j.cloud.common.dto.OrderSearchDTO)>/orderSearchDTO}
VarNode{<com.mall4j.cloud.multishop.controller.platform.ShopDetailController: com.mall4j.cloud.common.response.ServerResponseEntity getShopAuditingPage(com.mall4j.cloud.common.database.dto.PageDTO,com.mall4j.cloud.multishop.dto.ShopDetailDTO)>/shopDetailDTO}
VarNode{<com.mall4j.cloud.product.controller.admin.AttrController: com.mall4j.cloud.common.response.ServerResponseEntity delete(java.lang.Long)>/attrId}
VarNode{<com.mall4j.cloud.product.controller.admin.SpuController: com.mall4j.cloud.common.response.ServerResponseEntity platformPage(com.mall4j.cloud.common.database.dto.PageDTO,com.mall4j.cloud.product.dto.SpuPageSearchDTO)>/pageDTO}
VarNode{<com.mall4j.cloud.product.controller.app.SkuStockLockController: com.mall4j.cloud.common.response.ServerResponseEntity delete(java.lang.Long)>/id}
VarNode{<com.mall4j.cloud.multishop.controller.platform.ShopDetailController: com.mall4j.cloud.common.response.ServerResponseEntity getShopAuditingPage(com.mall4j.cloud.common.database.dto.PageDTO,com.mall4j.cloud.multishop.dto.ShopDetailDTO)>/pageDTO}
VarNode{<com.mall4j.cloud.rbac.controller.RoleController: com.mall4j.cloud.common.response.ServerResponseEntity page(com.mall4j.cloud.common.database.dto.PageDTO)>/pageDTO}
VarNode{<com.mall4j.cloud.multishop.controller.ShopUserAccountController: com.mall4j.cloud.common.response.ServerResponseEntity getAccount(java.lang.Long)>/shopUserId}
VarNode{<com.mall4j.cloud.product.controller.app.BrandController: com.mall4j.cloud.common.response.ServerResponseEntity page(com.mall4j.cloud.common.database.dto.PageDTO,com.mall4j.cloud.product.dto.BrandDTO)>/brandDTO}
VarNode{<com.mall4j.cloud.order.controller.multishop.OrderController: com.mall4j.cloud.common.response.ServerResponseEntity info(java.lang.Long)>/orderId}
VarNode{<com.mall4j.cloud.multishop.controller.app.ShopDetailController: com.mall4j.cloud.common.response.ServerResponseEntity checkShopName(java.lang.String)>/shopName}
VarNode{<com.mall4j.cloud.search.controller.platform.ProductSearchController: com.mall4j.cloud.common.response.ServerResponseEntity adminPage(com.mall4j.cloud.api.dto.EsPageDTO,com.mall4j.cloud.api.dto.ProductSearchDTO)>/pageDTO}
VarNode{<com.mall4j.cloud.product.controller.app.CategoryController: com.mall4j.cloud.common.response.ServerResponseEntity categoryList(java.lang.Long,java.lang.Long)>/parentId}
VarNode{<com.mall4j.cloud.product.controller.admin.SpuController: com.mall4j.cloud.common.response.ServerResponseEntity spuChangeStatus(com.mall4j.cloud.product.dto.SpuDTO)>/spuDTO}
VarNode{<com.mall4j.cloud.product.controller.admin.SkuStockLockController: com.mall4j.cloud.common.response.ServerResponseEntity save(com.mall4j.cloud.product.dto.SkuStockLockDTO)>/skuStockLockDTO}
VarNode{<com.mall4j.cloud.user.controller.app.UserAddrController: com.mall4j.cloud.common.response.ServerResponseEntity update(com.mall4j.cloud.user.dto.UserAddrDTO)>/userAddrDTO}
VarNode{<com.mall4j.cloud.auth.controller.PasswordController: com.mall4j.cloud.common.response.ServerResponseEntity updatePassword(com.mall4j.cloud.auth.dto.UpdatePasswordDTO)>/updatePasswordDTO}
VarNode{<com.mall4j.cloud.search.controller.multishop.ProductSearchController: com.mall4j.cloud.common.response.ServerResponseEntity page(com.mall4j.cloud.api.dto.EsPageDTO,com.mall4j.cloud.api.dto.ProductSearchDTO)>/pageDTO}
VarNode{<com.mall4j.cloud.product.controller.app.CategoryController: com.mall4j.cloud.common.response.ServerResponseEntity categoryList(java.lang.Long,java.lang.Long)>/shopId}
VarNode{<com.mall4j.cloud.biz.controller.multishop.AttachFileGroupController: com.mall4j.cloud.common.response.ServerResponseEntity save(com.mall4j.cloud.biz.dto.AttachFileGroupDTO)>/attachFileGroupDTO}
VarNode{<com.mall4j.cloud.product.controller.platform.BrandController: com.mall4j.cloud.common.response.ServerResponseEntity getByBrandId(java.lang.Long)>/brandId}
VarNode{<com.mall4j.cloud.auth.controller.TokenController: com.mall4j.cloud.common.response.ServerResponseEntity refreshToken(com.mall4j.cloud.auth.dto.RefreshTokenDTO)>/refreshTokenDTO}
VarNode{<com.mall4j.cloud.search.controller.app.ProductSearchController: com.mall4j.cloud.common.response.ServerResponseEntity simplePage(com.mall4j.cloud.api.dto.EsPageDTO,com.mall4j.cloud.api.dto.ProductSearchDTO)>/productSearchDTO}
VarNode{<com.mall4j.cloud.auth.controller.CaptchaController: com.mall4j.cloud.common.response.ServerResponseEntity get(com.anji.captcha.model.vo.CaptchaVO)>/captchaVO}
VarNode{<com.mall4j.cloud.product.controller.app.BrandController: com.mall4j.cloud.common.response.ServerResponseEntity getTopBrandList(java.lang.Long)>/categoryId}
VarNode{<com.mall4j.cloud.search.controller.platform.ProductSearchController: com.mall4j.cloud.common.response.ServerResponseEntity adminPage(com.mall4j.cloud.api.dto.EsPageDTO,com.mall4j.cloud.api.dto.ProductSearchDTO)>/productSearchDTO}
VarNode{<com.mall4j.cloud.search.controller.multishop.ProductSearchController: com.mall4j.cloud.common.response.ServerResponseEntity page(com.mall4j.cloud.api.dto.EsPageDTO,com.mall4j.cloud.api.dto.ProductSearchDTO)>/productSearchDTO}
VarNode{<com.mall4j.cloud.platform.controller.SysUserController: com.mall4j.cloud.common.response.ServerResponseEntity update(com.mall4j.cloud.platform.dto.SysUserDTO)>/sysUserDTO}
VarNode{<com.mall4j.cloud.product.controller.admin.CategoryController: com.mall4j.cloud.common.response.ServerResponseEntity delete(java.lang.Long)>/categoryId}
VarNode{<com.mall4j.cloud.multishop.controller.multishop.ShopUserController: com.mall4j.cloud.common.response.ServerResponseEntity detail(java.lang.Long)>/shopUserId}
VarNode{<com.mall4j.cloud.search.controller.app.ProductSearchController: com.mall4j.cloud.common.response.ServerResponseEntity page(com.mall4j.cloud.api.dto.EsPageDTO,com.mall4j.cloud.api.dto.ProductSearchDTO)>/pageDTO}
VarNode{<com.mall4j.cloud.order.controller.app.OrderController: com.mall4j.cloud.common.response.ServerResponseEntity confirm(com.mall4j.cloud.order.dto.app.OrderDTO)>/orderParam}
VarNode{<com.mall4j.cloud.multishop.controller.admin.HotSearchController: com.mall4j.cloud.common.response.ServerResponseEntity getByHotSearchId(java.lang.Long)>/hotSearchId}
VarNode{<com.mall4j.cloud.biz.controller.multishop.AttachFileController: com.mall4j.cloud.common.response.ServerResponseEntity delete(java.lang.Long)>/fileId}
VarNode{<com.mall4j.cloud.platform.controller.SysUserAccountController: com.mall4j.cloud.common.response.ServerResponseEntity updateAccount(com.mall4j.cloud.platform.dto.ChangeAccountDTO)>/changeAccountDTO}
VarNode{<com.mall4j.cloud.rbac.controller.RoleController: com.mall4j.cloud.common.response.ServerResponseEntity save(com.mall4j.cloud.rbac.dto.RoleDTO)>/roleDTO}
VarNode{<com.mall4j.cloud.multishop.controller.app.HotSearchController: com.mall4j.cloud.common.response.ServerResponseEntity listByShopId(java.lang.Long)>/shopId}
VarNode{<com.mall4j.cloud.multishop.controller.app.ShopDetailController: com.mall4j.cloud.common.response.ServerResponseEntity getShopHeadInfo(java.lang.Long)>/shopId}
VarNode{<com.mall4j.cloud.rbac.controller.MenuPermissionController: com.mall4j.cloud.common.response.ServerResponseEntity listByMenuId(java.lang.Long)>/menuId}
VarNode{<com.mall4j.cloud.product.controller.admin.SkuStockLockController: com.mall4j.cloud.common.response.ServerResponseEntity getById(java.lang.Long)>/id}
VarNode{<com.mall4j.cloud.product.controller.admin.CategoryController: com.mall4j.cloud.common.response.ServerResponseEntity getByCategoryId(java.lang.Long)>/categoryId}
VarNode{<com.mall4j.cloud.rbac.controller.MenuController: com.mall4j.cloud.common.response.ServerResponseEntity save(com.mall4j.cloud.rbac.dto.MenuDTO)>/menuDTO}
VarNode{<com.mall4j.cloud.multishop.controller.ShopUserAccountController: com.mall4j.cloud.common.response.ServerResponseEntity addAccount(com.mall4j.cloud.multishop.dto.ChangeAccountDTO)>/changeAccountDTO}
VarNode{<com.mall4j.cloud.order.controller.app.MyOrderController: com.mall4j.cloud.common.response.ServerResponseEntity receipt(java.lang.Long)>/orderId}
VarNode{<com.mall4j.cloud.multishop.controller.multishop.ShopUserController: com.mall4j.cloud.common.response.ServerResponseEntity page(com.mall4j.cloud.common.database.dto.PageDTO,java.lang.String)>/nickName}
VarNode{<com.mall4j.cloud.rbac.controller.MenuController: com.mall4j.cloud.common.response.ServerResponseEntity getByMenuId(java.lang.Long)>/menuId}
VarNode{<com.mall4j.cloud.biz.controller.OssController: com.mall4j.cloud.common.response.ServerResponseEntity info(java.lang.Integer)>/fileNum}
VarNode{<com.mall4j.cloud.biz.controller.multishop.AttachFileGroupController: com.mall4j.cloud.common.response.ServerResponseEntity getByAttachFileGroupId(java.lang.Long)>/attachFileGroupId}
VarNode{<com.mall4j.cloud.multishop.controller.app.MyShopDetailController: com.mall4j.cloud.common.response.ServerResponseEntity create(com.mall4j.cloud.multishop.dto.ShopDetailDTO)>/shopDetailDTO}
VarNode{<com.mall4j.cloud.product.controller.app.CategoryController: com.mall4j.cloud.common.response.ServerResponseEntity shopCategoryList(java.lang.Long)>/shopId}
VarNode{<com.mall4j.cloud.user.controller.app.AreaController: com.mall4j.cloud.common.response.ServerResponseEntity listByPid(java.lang.Long)>/pid}
VarNode{<com.mall4j.cloud.rbac.controller.RoleController: com.mall4j.cloud.common.response.ServerResponseEntity delete(java.lang.Long)>/roleId}
VarNode{<com.mall4j.cloud.multishop.controller.admin.IndexImgController: com.mall4j.cloud.common.response.ServerResponseEntity delete(java.lang.Long)>/imgId}
VarNode{<com.mall4j.cloud.platform.controller.SysUserController: com.mall4j.cloud.common.response.ServerResponseEntity page(com.mall4j.cloud.common.database.dto.PageDTO,java.lang.String)>/pageDTO}
VarNode{<com.mall4j.cloud.product.controller.admin.SpuController: com.mall4j.cloud.common.response.ServerResponseEntity platformPage(com.mall4j.cloud.common.database.dto.PageDTO,com.mall4j.cloud.product.dto.SpuPageSearchDTO)>/spuDTO}
VarNode{<com.mall4j.cloud.multishop.controller.platform.ShopDetailController: com.mall4j.cloud.common.response.ServerResponseEntity createShop(com.mall4j.cloud.multishop.dto.ShopDetailDTO)>/shopDetailDTO}
VarNode{<com.mall4j.cloud.multishop.controller.admin.IndexImgController: com.mall4j.cloud.common.response.ServerResponseEntity page(com.mall4j.cloud.common.database.dto.PageDTO,com.mall4j.cloud.multishop.dto.IndexImgDTO)>/indexImgDTO}
VarNode{<com.mall4j.cloud.platform.controller.SysConfigController: com.mall4j.cloud.common.response.ServerResponseEntity info(java.lang.String)>/key}
VarNode{<com.mall4j.cloud.product.controller.app.SkuStockLockController: com.mall4j.cloud.common.response.ServerResponseEntity getById(java.lang.Long)>/id}
VarNode{<com.mall4j.cloud.multishop.controller.admin.HotSearchController: com.mall4j.cloud.common.response.ServerResponseEntity save(com.mall4j.cloud.multishop.dto.HotSearchDTO)>/hotSearchDTO}
VarNode{<com.mall4j.cloud.user.controller.multishop.UserController: com.mall4j.cloud.common.response.ServerResponseEntity getByUserId(java.lang.Long)>/userId}
VarNode{<com.mall4j.cloud.rbac.controller.MenuPermissionController: com.mall4j.cloud.common.response.ServerResponseEntity save(com.mall4j.cloud.rbac.dto.MenuPermissionDTO)>/menuPermissionDTO}
VarNode{<com.mall4j.cloud.product.controller.platform.BrandController: com.mall4j.cloud.common.response.ServerResponseEntity save(com.mall4j.cloud.product.dto.BrandDTO)>/brandDTO}
VarNode{<com.mall4j.cloud.rbac.controller.MenuController: com.mall4j.cloud.common.response.ServerResponseEntity update(com.mall4j.cloud.rbac.dto.MenuDTO)>/menuDTO}
VarNode{<com.mall4j.cloud.order.controller.multishop.OrderController: com.mall4j.cloud.common.response.ServerResponseEntity getOrderItemAndAddress(java.lang.Long)>/orderId}
VarNode{<com.mall4j.cloud.rbac.controller.MenuPermissionController: com.mall4j.cloud.common.response.ServerResponseEntity pagePermissions(com.mall4j.cloud.common.database.dto.PageDTO)>/pageDTO}
VarNode{<com.mall4j.cloud.product.controller.admin.SkuStockLockController: com.mall4j.cloud.common.response.ServerResponseEntity page(com.mall4j.cloud.common.database.dto.PageDTO)>/pageDTO}
VarNode{<com.mall4j.cloud.product.controller.app.BrandController: com.mall4j.cloud.common.response.ServerResponseEntity page(com.mall4j.cloud.common.database.dto.PageDTO,com.mall4j.cloud.product.dto.BrandDTO)>/pageDTO}
VarNode{<com.mall4j.cloud.order.controller.app.MyOrderController: com.mall4j.cloud.common.response.ServerResponseEntity cancel(java.lang.Long)>/orderId}
VarNode{<com.mall4j.cloud.product.controller.admin.SpuController: com.mall4j.cloud.common.response.ServerResponseEntity getBySpuId(java.lang.Long)>/spuId}
VarNode{<com.mall4j.cloud.product.controller.admin.CategoryController: com.mall4j.cloud.common.response.ServerResponseEntity getListByParentId(java.lang.Long)>/parentId}
VarNode{<com.mall4j.cloud.user.controller.app.UserRegisterController: com.mall4j.cloud.common.response.ServerResponseEntity register(com.mall4j.cloud.user.dto.UserRegisterDTO)>/param}
VarNode{<com.mall4j.cloud.product.controller.admin.CategoryController: com.mall4j.cloud.common.response.ServerResponseEntity update(com.mall4j.cloud.product.dto.CategoryDTO)>/categoryDTO}
VarNode{<com.mall4j.cloud.multishop.controller.platform.ShopDetailController: com.mall4j.cloud.common.response.ServerResponseEntity updateShop(com.mall4j.cloud.multishop.dto.ShopDetailDTO)>/shopDetailDTO}
VarNode{<com.mall4j.cloud.user.controller.app.UserAddrController: com.mall4j.cloud.common.response.ServerResponseEntity delete(java.lang.Long)>/addrId}
VarNode{<com.mall4j.cloud.product.controller.platform.BrandController: com.mall4j.cloud.common.response.ServerResponseEntity page(com.mall4j.cloud.common.database.dto.PageDTO,com.mall4j.cloud.product.dto.BrandDTO)>/pageDTO}
VarNode{<com.mall4j.cloud.multishop.controller.admin.HotSearchController: com.mall4j.cloud.common.response.ServerResponseEntity page(com.mall4j.cloud.common.database.dto.PageDTO,com.mall4j.cloud.multishop.dto.HotSearchDTO)>/pageDTO}
VarNode{<com.mall4j.cloud.multishop.controller.platform.ShopDetailController: com.mall4j.cloud.common.response.ServerResponseEntity getInfo(java.lang.Long)>/shopId}
VarNode{<com.mall4j.cloud.platform.controller.SysUserAccountController: com.mall4j.cloud.common.response.ServerResponseEntity addAccount(com.mall4j.cloud.platform.dto.ChangeAccountDTO)>/changeAccountDTO}
VarNode{<com.mall4j.cloud.multishop.controller.admin.HotSearchController: com.mall4j.cloud.common.response.ServerResponseEntity update(com.mall4j.cloud.multishop.dto.HotSearchDTO)>/hotSearchDTO}
VarNode{<com.mall4j.cloud.product.controller.app.ShopCartController: com.mall4j.cloud.common.response.ServerResponseEntity addItem(com.mall4j.cloud.product.dto.shopcart.ChangeShopCartItemDTO)>/param}
VarNode{<com.mall4j.cloud.platform.controller.SysConfigController: com.mall4j.cloud.common.response.ServerResponseEntity save(com.mall4j.cloud.platform.model.SysConfig)>/sysConfig}
VarNode{<com.mall4j.cloud.auth.controller.CaptchaController: com.mall4j.cloud.common.response.ServerResponseEntity check(com.anji.captcha.model.vo.CaptchaVO)>/captchaVO}
VarNode{<com.mall4j.cloud.order.controller.app.OrderController: com.mall4j.cloud.common.response.ServerResponseEntity getOrderPayInfoByOrderNumber(java.lang.String)>/orderIds}
VarNode{<com.mall4j.cloud.rbac.controller.MenuPermissionController: com.mall4j.cloud.common.response.ServerResponseEntity getByMenuPermissionId(java.lang.Long)>/menuPermissionId}
VarNode{<com.mall4j.cloud.platform.controller.SysUserController: com.mall4j.cloud.common.response.ServerResponseEntity detail(java.lang.Long)>/sysUserId}
VarNode{<com.mall4j.cloud.payment.controller.PayController: org.springframework.http.ResponseEntity isPay(java.lang.String)>/orderIds}
VarNode{<com.mall4j.cloud.multishop.controller.admin.IndexImgController: com.mall4j.cloud.common.response.ServerResponseEntity page(com.mall4j.cloud.common.database.dto.PageDTO,com.mall4j.cloud.multishop.dto.IndexImgDTO)>/pageDTO}
VarNode{<com.mall4j.cloud.platform.controller.SysUserController: com.mall4j.cloud.common.response.ServerResponseEntity delete(java.lang.Long)>/sysUserId}
VarNode{<com.mall4j.cloud.biz.controller.multishop.AttachFileController: com.mall4j.cloud.common.response.ServerResponseEntity save(java.util.List)>/attachFileDtos}
VarNode{<com.mall4j.cloud.biz.controller.multishop.AttachFileGroupController: com.mall4j.cloud.common.response.ServerResponseEntity update(com.mall4j.cloud.biz.dto.AttachFileGroupDTO)>/attachFileGroupDTO}
VarNode{<com.mall4j.cloud.product.controller.platform.BrandController: com.mall4j.cloud.common.response.ServerResponseEntity update(com.mall4j.cloud.product.dto.BrandDTO)>/brandDTO}
VarNode{<com.mall4j.cloud.user.controller.multishop.UserController: com.mall4j.cloud.common.response.ServerResponseEntity update(com.mall4j.cloud.user.dto.UserDTO)>/userDTO}
VarNode{<com.mall4j.cloud.product.controller.app.SkuStockLockController: com.mall4j.cloud.common.response.ServerResponseEntity page(com.mall4j.cloud.common.database.dto.PageDTO)>/pageDTO}
VarNode{<com.mall4j.cloud.rbac.controller.MenuPermissionController: com.mall4j.cloud.common.response.ServerResponseEntity update(com.mall4j.cloud.rbac.dto.MenuPermissionDTO)>/menuPermissionDTO}
VarNode{<com.mall4j.cloud.multishop.controller.admin.HotSearchController: com.mall4j.cloud.common.response.ServerResponseEntity page(com.mall4j.cloud.common.database.dto.PageDTO,com.mall4j.cloud.multishop.dto.HotSearchDTO)>/hotSearchDTO}
VarNode{<com.mall4j.cloud.search.controller.app.ProductSearchController: com.mall4j.cloud.common.response.ServerResponseEntity simplePage(com.mall4j.cloud.api.dto.EsPageDTO,com.mall4j.cloud.api.dto.ProductSearchDTO)>/pageDTO}
VarNode{<com.mall4j.cloud.auth.controller.LoginController: com.mall4j.cloud.common.response.ServerResponseEntity login(com.mall4j.cloud.auth.dto.AuthenticationDTO)>/authenticationDTO}
VarNode{<com.mall4j.cloud.product.controller.platform.BrandController: com.mall4j.cloud.common.response.ServerResponseEntity delete(java.lang.Long)>/brandId}
VarNode{<com.mall4j.cloud.product.controller.admin.AttrController: com.mall4j.cloud.common.response.ServerResponseEntity update(com.mall4j.cloud.product.dto.AttrDTO)>/attrDTO}
VarNode{<com.mall4j.cloud.product.controller.app.SkuStockLockController: com.mall4j.cloud.common.response.ServerResponseEntity save(com.mall4j.cloud.product.dto.SkuStockLockDTO)>/skuStockLockDTO}
VarNode{<com.mall4j.cloud.order.controller.multishop.OrderController: com.mall4j.cloud.common.response.ServerResponseEntity delivery(com.mall4j.cloud.api.order.dto.DeliveryOrderDTO)>/deliveryOrderParam}
Sink nodes:
VarNode{<com.mall4j.cloud.multishop.service.impl.ShopUserServiceImpl: void deleteById(java.lang.Long)>/shopUserId}
VarNode{<com.mall4j.cloud.platform.service.impl.SysConfigServiceImpl: java.lang.String getValue(java.lang.String)>/key}
VarNode{<com.mall4j.cloud.payment.service.impl.PayInfoServiceImpl: java.lang.Integer getPayStatusByOrderIds(java.lang.String)>/orderIds}
VarNode{<com.mall4j.cloud.rbac.service.impl.MenuServiceImpl: java.util.List listBySysType(java.lang.Integer)>/sysType}
VarNode{<com.mall4j.cloud.rbac.service.impl.MenuPermissionServiceImpl: java.util.List listByMenuId(java.lang.Long)>/menuId}
VarNode{<com.mall4j.cloud.product.service.impl.CategoryBrandServiceImpl: java.util.List getCategoryIdBrandId(java.lang.Long)>/brandId}
VarNode{<com.mall4j.cloud.product.service.impl.AttrServiceImpl: java.util.List getAttrsByCategoryIdAndAttrType(java.lang.Long)>/categoryId}
VarNode{<com.mall4j.cloud.product.service.impl.BrandServiceImpl: com.mall4j.cloud.api.product.vo.BrandVO getByBrandId(java.lang.Long)>/brandId}
VarNode{<com.mall4j.cloud.rbac.service.impl.MenuPermissionServiceImpl: com.mall4j.cloud.rbac.vo.MenuPermissionVO getByMenuPermissionId(java.lang.Long)>/menuPermissionId}
VarNode{<com.mall4j.cloud.biz.service.impl.AttachFileServiceImpl: void deleteById(java.lang.Long)>/fileId}
VarNode{<com.mall4j.cloud.product.service.impl.AttrServiceImpl: com.mall4j.cloud.common.database.vo.PageVO page(com.mall4j.cloud.common.database.dto.PageDTO,com.mall4j.cloud.product.dto.AttrDTO)>/attrDTO}
VarNode{<com.mall4j.cloud.biz.service.impl.AttachFileGroupServiceImpl: void deleteById(java.lang.Long)>/attachFileGroupId}
VarNode{<com.mall4j.cloud.product.service.impl.SpuServiceImpl: com.mall4j.cloud.api.product.vo.SpuVO getBySpuId(java.lang.Long)>/spuId}
VarNode{<com.mall4j.cloud.product.service.impl.AttrServiceImpl: void deleteById(java.lang.Long)>/attrId}
VarNode{<com.mall4j.cloud.product.service.impl.CategoryBrandServiceImpl: void deleteByBrandId(java.lang.Long)>/brandId}
VarNode{<com.mall4j.cloud.product.service.impl.BrandServiceImpl: int getUseNum(java.lang.Long)>/brandId}
VarNode{<com.mall4j.cloud.product.service.impl.BrandServiceImpl: void updateBrandStatus(com.mall4j.cloud.product.dto.BrandDTO)>/brandDTO}
VarNode{<com.mall4j.cloud.platform.service.impl.SysUserServiceImpl: void deleteById(java.lang.Long)>/sysUserId}
VarNode{<com.mall4j.cloud.user.service.impl.UserServiceImpl: com.mall4j.cloud.api.user.vo.UserApiVO getByUserId(java.lang.Long)>/userId}
VarNode{<com.mall4j.cloud.multishop.service.impl.IndexImgServiceImpl: com.mall4j.cloud.multishop.vo.IndexImgVO getByImgId(java.lang.Long)>/imgId}
VarNode{<com.mall4j.cloud.platform.service.impl.SysConfigServiceImpl: void saveOrUpdateSysConfig(com.mall4j.cloud.platform.model.SysConfig)>/sysConfig}
VarNode{<com.mall4j.cloud.platform.service.impl.SysUserServiceImpl: com.mall4j.cloud.platform.vo.SysUserVO getByUserId(java.lang.Long)>/userId}
VarNode{<com.mall4j.cloud.product.service.impl.SkuServiceImpl: java.util.List listBySpuIdAndExtendInfo(java.lang.Long)>/spuId}
VarNode{<com.mall4j.cloud.payment.service.impl.PayInfoServiceImpl: com.mall4j.cloud.payment.model.PayInfo getByPayId(java.lang.Long)>/payId}
VarNode{<com.mall4j.cloud.product.service.impl.SpuServiceImpl: void deleteById(java.lang.Long)>/spuId}
VarNode{<com.mall4j.cloud.product.service.impl.BrandServiceImpl: java.util.List getBrandByCategoryId(java.lang.Long)>/categoryId}
VarNode{<com.mall4j.cloud.product.service.impl.CategoryServiceImpl: void deleteById(java.lang.Long)>/categoryId}
VarNode{<com.mall4j.cloud.multishop.service.impl.ShopUserServiceImpl: com.mall4j.cloud.multishop.vo.ShopUserVO getByUserId(java.lang.Long)>/userId}
VarNode{<com.mall4j.cloud.product.service.impl.AttrServiceImpl: java.util.List getAttrOfCategoryIdByAttrId(java.lang.Long)>/attrId}
VarNode{<com.mall4j.cloud.product.service.impl.CategoryServiceImpl: com.mall4j.cloud.api.product.vo.CategoryVO getById(java.lang.Long)>/categoryId}
VarNode{<com.mall4j.cloud.product.service.impl.SkuStockLockServiceImpl: void deleteById(java.lang.Long)>/id}
VarNode{<com.mall4j.cloud.product.service.impl.SpuExtensionServiceImpl: com.mall4j.cloud.product.model.SpuExtension getBySpuId(java.lang.Long)>/spuId}
VarNode{<com.mall4j.cloud.order.service.impl.OrderItemServiceImpl: java.util.List listOrderItemsByOrderId(java.lang.Long)>/orderId}
VarNode{<com.mall4j.cloud.rbac.service.impl.RoleServiceImpl: com.mall4j.cloud.rbac.vo.RoleVO getByRoleId(java.lang.Long)>/roleId}
VarNode{<com.mall4j.cloud.product.service.impl.SkuServiceImpl: void deleteBySpuId(java.lang.Long)>/spuId}
VarNode{<com.mall4j.cloud.order.service.impl.OrderAddrServiceImpl: com.mall4j.cloud.order.model.OrderAddr getByOrderAddrId(java.lang.Long)>/orderAddrId}
VarNode{<com.mall4j.cloud.product.service.impl.BrandServiceImpl: void deleteById(java.lang.Long)>/brandId}
VarNode{<com.mall4j.cloud.product.service.impl.BrandServiceImpl: java.util.List listByCategory(java.lang.Long)>/categoryId}
VarNode{<com.mall4j.cloud.product.service.impl.AttrServiceImpl: com.mall4j.cloud.api.product.vo.AttrVO getByAttrId(java.lang.Long)>/attrId}
VarNode{<com.mall4j.cloud.product.service.impl.SkuStockLockServiceImpl: com.mall4j.cloud.product.model.SkuStockLock getById(java.lang.Long)>/id}
VarNode{<com.mall4j.cloud.multishop.service.impl.IndexImgServiceImpl: java.util.List getListByShopId(java.lang.Long)>/shopId}
VarNode{<com.mall4j.cloud.multishop.service.impl.ShopDetailServiceImpl: com.mall4j.cloud.api.multishop.vo.ShopDetailVO getByShopId(java.lang.Long)>/shopId}
VarNode{<com.mall4j.cloud.user.service.impl.AreaServiceImpl: java.util.List listByPid(java.lang.Long)>/pid}
VarNode{<com.mall4j.cloud.rbac.service.impl.RoleServiceImpl: void deleteById(java.lang.Long,java.lang.Integer)>/roleId}
VarNode{<com.mall4j.cloud.auth.feign.AccountFeignController: com.mall4j.cloud.common.response.ServerResponseEntity getMerchantInfoByTenantId(java.lang.Long)>/tenantId}
VarNode{<com.mall4j.cloud.rbac.service.impl.MenuServiceImpl: com.mall4j.cloud.rbac.vo.MenuVO getByMenuId(java.lang.Long)>/menuId}
VarNode{<com.mall4j.cloud.biz.service.impl.AttachFileGroupServiceImpl: com.mall4j.cloud.biz.vo.AttachFileGroupVO getByAttachFileGroupId(java.lang.Long)>/attachFileGroupId}
VarNode{<com.mall4j.cloud.rbac.service.impl.UserRoleFeignController: com.mall4j.cloud.common.response.ServerResponseEntity deleteByUserIdAndSysType(java.lang.Long)>/userId}
VarNode{<com.mall4j.cloud.multishop.service.impl.IndexImgServiceImpl: void deleteBySpuId(java.lang.Long,java.lang.Long)>/spuId}
VarNode{<com.mall4j.cloud.multishop.service.impl.HotSearchServiceImpl: java.util.List listByShopId(java.lang.Long)>/shopId}
VarNode{<com.mall4j.cloud.multishop.service.impl.HotSearchServiceImpl: com.mall4j.cloud.multishop.vo.HotSearchVO getByHotSearchId(java.lang.Long)>/hotSearchId}
VarNode{<com.mall4j.cloud.product.service.impl.AttrCategoryServiceImpl: java.util.List listByAttrId(java.lang.Long)>/attrId}
Dumping /Users/yuntsy/My/Projects/Java/WebAnalyzer/output/taint-flow-graph.dot
TFGDumper finishes, elapsed time: 0.04s
-------------- Pointer analysis statistics: --------------
#var pointers:                5382 (insens) / 5382 (sens)
#objects:                     1667 (insens) / 1667 (sens)
#var points-to:               4258 (insens) / 4258 (sens)
#static field points-to:      80 (sens)
#instance field points-to:    780 (sens)
#array points-to:             48 (sens)
#reachable methods:           1035 (insens) / 1035 (sens)
#call graph edges:            1688 (insens) / 1688 (sens)
----------------------------------------
pta finishes, elapsed time: 0.32s
cg starts ...
Call graph has 1035 reachable methods and 1688 edges
Dumping call graph to /Users/yuntsy/My/Projects/Java/WebAnalyzer/output/call-graph.dot
Dumping reachable methods to /Users/yuntsy/My/Projects/Java/WebAnalyzer/output/reachable-methods.txt
Dumping call edges to /Users/yuntsy/My/Projects/Java/WebAnalyzer/output/call-edges.txt
cg finishes, elapsed time: 0.09s
Tai-e finishes, elapsed time: 3.98s
